timestamp,best_bid,best_ask
2025-02-06 16:18:46.097742,2.4038,2.4039
2025-02-06 16:18:47.400022,2.4037,2.4038
2025-02-06 16:18:48.685797,2.4037,2.4038
2025-02-06 16:18:49.972260,2.404,2.4041
2025-02-06 16:18:51.255797,2.4035,2.4036
2025-02-06 16:18:52.600225,2.4035,2.4036
2025-02-06 16:18:53.887210,2.4039,2.404
2025-02-06 16:18:55.173657,2.4037,2.4038
2025-02-06 16:18:56.456883,2.4043,2.4044
2025-02-06 16:18:57.740682,2.4039,2.404
2025-02-06 16:18:59.025730,2.4038,2.4039
2025-02-06 16:19:00.763091,2.4034,2.4035
2025-02-06 16:19:02.047915,2.403,2.4031
2025-02-06 16:19:03.333820,2.4025,2.4026
2025-02-06 16:19:04.622277,2.4028,2.4029
2025-02-06 16:19:05.909652,2.4019,2.402
2025-02-06 16:19:07.199773,2.4011,2.4012
2025-02-06 16:19:08.484333,2.4009,2.401
2025-02-06 16:19:09.769339,2.4006,2.4007
2025-02-06 16:19:11.053568,2.4011,2.4012
2025-02-06 16:19:12.339883,2.4005,2.4006
2025-02-06 16:19:13.624295,2.4011,2.4012
2025-02-06 16:19:14.908705,2.4016,2.4017
2025-02-06 16:19:16.192151,2.4023,2.4024
2025-02-06 16:19:17.477813,2.4023,2.4024
2025-02-06 16:19:18.760328,2.4017,2.4018
2025-02-06 16:19:20.045722,2.4022,2.4023
2025-02-06 16:19:21.329754,2.4015,2.4016
2025-02-06 16:19:22.614492,2.4009,2.401
2025-02-06 16:19:23.897921,2.4009,2.401
2025-02-06 16:19:25.181051,2.4015,2.4016
2025-02-06 16:19:26.464644,2.4019,2.402
2025-02-06 16:19:27.753051,2.4029,2.403
2025-02-06 16:19:29.038427,2.4029,2.403
2025-02-06 16:19:30.322454,2.4017,2.4018
2025-02-06 16:19:31.607564,2.4014,2.4015
2025-02-06 16:19:32.890700,2.4006,2.4007
2025-02-06 16:19:34.175349,2.4006,2.4007
2025-02-06 16:19:35.459143,2.4019,2.402
2025-02-06 16:19:36.745607,2.4027,2.4028
2025-02-06 16:19:38.028133,2.4027,2.4028
2025-02-06 16:19:39.312089,2.4031,2.4032
2025-02-06 16:19:40.595721,2.4031,2.4032
2025-02-06 16:19:41.878446,2.4031,2.4032
2025-02-06 16:19:43.163056,2.4027,2.4028
2025-02-06 16:19:44.447632,2.4027,2.4028
2025-02-06 16:19:45.730218,2.4022,2.4023
2025-02-06 16:19:47.014141,2.4026,2.4027
2025-02-06 16:19:48.298517,2.4019,2.402
2025-02-06 16:19:49.584256,2.4019,2.402
2025-02-06 16:19:50.866953,2.4019,2.402
2025-02-06 16:19:52.150228,2.4019,2.402
2025-02-06 16:19:53.437341,2.4027,2.4028
2025-02-06 16:19:54.719885,2.4023,2.4024
2025-02-06 16:19:56.004123,2.4022,2.4023
2025-02-06 16:19:57.290467,2.4024,2.4025
2025-02-06 16:19:58.577812,2.4024,2.4025
2025-02-06 16:19:59.864907,2.4029,2.403
2025-02-06 16:20:01.149931,2.4032,2.4033
2025-02-06 16:20:02.434351,2.4029,2.403
2025-02-06 16:20:03.723681,2.4024,2.4025
2025-02-06 16:20:05.009251,2.4023,2.4024
2025-02-06 16:20:06.294105,2.4032,2.4033
2025-02-06 16:20:07.578560,2.4044,2.4045
2025-02-06 16:20:08.861619,2.4041,2.4042
2025-02-06 16:20:10.144445,2.4044,2.4045
2025-02-06 16:20:11.427526,2.4047,2.4048
2025-02-06 16:20:12.712609,2.4046,2.4047
2025-02-06 16:20:13.996439,2.4056,2.4057
2025-02-06 16:20:15.281301,2.4068,2.4069
2025-02-06 16:20:16.567492,2.407,2.4071
2025-02-06 16:20:17.851422,2.4071,2.4072
2025-02-06 16:20:19.137310,2.4071,2.4072
2025-02-06 16:20:20.421588,2.4067,2.4068
2025-02-06 16:20:21.705835,2.4069,2.407
2025-02-06 16:20:22.989313,2.4066,2.4067
2025-02-06 16:20:24.273729,2.4065,2.4066
2025-02-06 16:20:25.560452,2.4073,2.4074
2025-02-06 16:20:26.844577,2.4079,2.408
2025-02-06 16:20:28.130571,2.4081,2.4082
2025-02-06 16:20:29.417495,2.408,2.4081
2025-02-06 16:20:30.703472,2.4069,2.407
2025-02-06 16:20:31.987573,2.4066,2.4067
2025-02-06 16:20:33.272770,2.407,2.4071
2025-02-06 16:20:34.558076,2.4068,2.4069
2025-02-06 16:20:35.842284,2.4065,2.4066
2025-02-06 16:20:37.133940,2.4065,2.4066
2025-02-06 16:20:38.420201,2.4065,2.4066
2025-02-06 16:20:39.704306,2.4067,2.4068
2025-02-06 16:20:40.987265,2.4067,2.4068
2025-02-06 16:20:42.274270,2.4061,2.4062
2025-02-06 16:20:43.558826,2.4065,2.4066
2025-02-06 16:20:44.842373,2.4057,2.4058
2025-02-06 16:20:46.126430,2.405,2.4051
2025-02-06 16:20:47.410923,2.405,2.4051
2025-02-06 16:20:48.695275,2.4056,2.4057
2025-02-06 16:20:49.979444,2.405,2.4051
2025-02-06 16:20:51.266216,2.405,2.4051
2025-02-06 16:20:52.550469,2.4044,2.4045
2025-02-06 16:20:53.834155,2.4044,2.4045
2025-02-06 16:20:55.121622,2.4041,2.4042
2025-02-06 16:20:56.405499,2.403,2.4031
2025-02-06 16:20:57.694182,2.4029,2.403
2025-02-06 16:20:58.978180,2.4028,2.4029
2025-02-06 16:21:00.263912,2.4029,2.403
2025-02-06 16:21:02.000526,2.4026,2.4027
2025-02-06 16:21:03.316978,2.403,2.4031
2025-02-06 16:21:04.602600,2.4031,2.4032
2025-02-06 16:21:05.885727,2.4033,2.4034
2025-02-06 16:21:07.171066,2.4039,2.404
2025-02-06 16:21:08.456202,2.4045,2.4046
2025-02-06 16:21:09.741842,2.4046,2.4047
2025-02-06 16:21:11.027781,2.4054,2.4055
2025-02-06 16:21:12.313727,2.4054,2.4055
2025-02-06 16:21:13.598456,2.4057,2.4058
2025-02-06 16:21:14.883948,2.4057,2.4058
2025-02-06 16:21:16.171114,2.4059,2.406
2025-02-06 16:21:17.457366,2.4064,2.4065
2025-02-06 16:21:18.741425,2.4061,2.4062
2025-02-06 16:21:20.026953,2.4055,2.4056
2025-02-06 16:21:21.314044,2.4055,2.4056
2025-02-06 16:21:22.599297,2.4054,2.4055
2025-02-06 16:21:23.884830,2.4057,2.4058
2025-02-06 16:21:25.169921,2.4056,2.4057
2025-02-06 16:21:26.454204,2.4062,2.4063
2025-02-06 16:21:27.739580,2.4069,2.407
2025-02-06 16:21:29.023549,2.407,2.4071
2025-02-06 16:21:30.308510,2.4072,2.4073
2025-02-06 16:21:31.593989,2.4072,2.4073
2025-02-06 16:21:32.879998,2.4072,2.4073
2025-02-06 16:21:34.164297,2.407,2.4071
2025-02-06 16:21:35.448949,2.4061,2.4062
2025-02-06 16:21:36.732739,2.4057,2.4058
2025-02-06 16:21:38.016204,2.4067,2.4068
2025-02-06 16:21:39.299415,2.4065,2.4066
2025-02-06 16:21:40.587060,2.406,2.4061
2025-02-06 16:21:41.870167,2.406,2.4061
2025-02-06 16:21:43.152433,2.405,2.4051
2025-02-06 16:21:44.439188,2.4041,2.4042
2025-02-06 16:21:45.725429,2.4041,2.4042
2025-02-06 16:21:47.010294,2.4043,2.4044
2025-02-06 16:21:48.299440,2.4043,2.4044
2025-02-06 16:21:49.584210,2.4044,2.4045
2025-02-06 16:21:50.867224,2.4049,2.405
2025-02-06 16:21:52.151134,2.4054,2.4055
2025-02-06 16:21:53.434099,2.4055,2.4056
2025-02-06 16:21:54.720240,2.4055,2.4056
2025-02-06 16:21:56.006918,2.4059,2.406
2025-02-06 16:21:57.290195,2.4059,2.406
2025-02-06 16:21:58.573932,2.4064,2.4065
2025-02-06 16:21:59.858628,2.4057,2.4058
2025-02-06 16:22:01.143938,2.4049,2.405
2025-02-06 16:22:02.879023,2.4047,2.4048
2025-02-06 16:22:04.165987,2.4047,2.4048
2025-02-06 16:22:05.453886,2.4051,2.4052
2025-02-06 16:22:06.735623,2.4037,2.4038
2025-02-06 16:22:08.022272,2.4037,2.4038
2025-02-06 16:22:09.305109,2.4037,2.4038
2025-02-06 16:22:10.589754,2.4039,2.404
2025-02-06 16:22:11.874162,2.4031,2.4032
2025-02-06 16:22:13.158625,2.4031,2.4032
2025-02-06 16:22:14.440896,2.4027,2.4028
2025-02-06 16:22:15.727437,2.4027,2.4028
2025-02-06 16:22:17.012233,2.4038,2.4039
2025-02-06 16:22:18.300911,2.4039,2.404
2025-02-06 16:22:19.586553,2.4031,2.4032
2025-02-06 16:22:20.871764,2.4029,2.403
2025-02-06 16:22:22.156827,2.4025,2.4026
2025-02-06 16:22:23.439454,2.4025,2.4026
2025-02-06 16:22:24.723775,2.4019,2.402
2025-02-06 16:22:26.008147,2.4019,2.402
2025-02-06 16:22:27.293281,2.4024,2.4025
2025-02-06 16:22:28.576829,2.4025,2.4026
2025-02-06 16:22:29.863427,2.4021,2.4022
2025-02-06 16:22:31.146435,2.4014,2.4015
2025-02-06 16:22:32.430280,2.401,2.4011
2025-02-06 16:22:33.714994,2.4019,2.402
2025-02-06 16:22:35.000474,2.4026,2.4027
2025-02-06 16:22:36.285032,2.4027,2.4028
2025-02-06 16:22:37.568904,2.4029,2.403
2025-02-06 16:22:38.856241,2.4032,2.4033
2025-02-06 16:22:40.139267,2.403,2.4031
2025-02-06 16:22:41.424115,2.4037,2.4038
2025-02-06 16:22:42.709857,2.4037,2.4038
2025-02-06 16:22:43.993574,2.4038,2.4039
2025-02-06 16:22:45.302832,2.4037,2.4038
2025-02-06 16:22:46.586975,2.4032,2.4033
2025-02-06 16:22:47.870676,2.4038,2.4039
2025-02-06 16:22:49.154209,2.4038,2.4039
2025-02-06 16:22:50.437366,2.4034,2.4035
2025-02-06 16:22:51.724645,2.4033,2.4034
2025-02-06 16:22:53.009056,2.4032,2.4033
2025-02-06 16:22:54.293876,2.4024,2.4025
2025-02-06 16:22:55.579336,2.4029,2.403
2025-02-06 16:22:56.864013,2.4029,2.403
2025-02-06 16:22:58.145472,2.4031,2.4032
2025-02-06 16:22:59.429588,2.4031,2.4032
2025-02-06 16:23:00.713044,2.4028,2.4029
2025-02-06 16:23:01.999118,2.4031,2.4032
2025-02-06 16:23:03.775222,2.4036,2.4037
2025-02-06 16:23:05.057736,2.4037,2.4038
2025-02-06 16:23:06.341420,2.4041,2.4042
2025-02-06 16:23:07.625017,2.4013,2.4014
2025-02-06 16:23:08.908226,2.4002,2.4003
2025-02-06 16:23:10.193811,2.3996,2.3997
2025-02-06 16:23:11.479438,2.3999,2.4
2025-02-06 16:23:12.768748,2.3999,2.4
2025-02-06 16:23:14.053587,2.4002,2.4003
2025-02-06 16:23:15.348004,2.4011,2.4012
2025-02-06 16:23:16.633460,2.4019,2.402
2025-02-06 16:23:17.915833,2.4016,2.4017
2025-02-06 16:23:19.200132,2.4019,2.402
2025-02-06 16:23:20.484782,2.4023,2.4024
2025-02-06 16:23:21.768476,2.4011,2.4012
2025-02-06 16:23:23.051715,2.4009,2.401
2025-02-06 16:23:24.335482,2.4011,2.4012
2025-02-06 16:23:25.618092,2.4012,2.4013
2025-02-06 16:23:26.903688,2.4015,2.4016
2025-02-06 16:23:28.190329,2.4015,2.4016
2025-02-06 16:23:29.475375,2.4014,2.4015
2025-02-06 16:23:30.759333,2.4016,2.4017
2025-02-06 16:23:32.041654,2.4026,2.4027
2025-02-06 16:23:33.326925,2.403,2.4031
2025-02-06 16:23:34.609801,2.403,2.4031
2025-02-06 16:23:35.895470,2.4038,2.4039
2025-02-06 16:23:37.182298,2.4038,2.4039
2025-02-06 16:23:38.465218,2.4044,2.4045
2025-02-06 16:23:39.749678,2.4046,2.4047
2025-02-06 16:23:41.031222,2.4045,2.4046
2025-02-06 16:23:42.316200,2.4035,2.4036
2025-02-06 16:23:43.601219,2.4038,2.4039
2025-02-06 16:23:44.886850,2.4031,2.4032
2025-02-06 16:23:46.173425,2.4031,2.4032
2025-02-06 16:23:47.458156,2.4027,2.4028
2025-02-06 16:23:48.742790,2.4027,2.4028
2025-02-06 16:23:50.025292,2.4019,2.402
2025-02-06 16:23:51.310768,2.4022,2.4023
2025-02-06 16:23:52.593286,2.4025,2.4026
2025-02-06 16:23:53.878239,2.4032,2.4033
2025-02-06 16:23:55.160782,2.4032,2.4033
2025-02-06 16:23:56.444074,2.4035,2.4036
2025-02-06 16:23:57.728394,2.4029,2.403
2025-02-06 16:23:59.011540,2.4017,2.4018
2025-02-06 16:24:00.293984,2.4014,2.4015
2025-02-06 16:24:01.576771,2.401,2.4011
2025-02-06 16:24:02.860019,2.4007,2.4008
2025-02-06 16:24:04.144706,2.4,2.4001
2025-02-06 16:24:05.884822,2.4,2.4001
2025-02-06 16:24:07.169679,2.3996,2.3997
2025-02-06 16:24:08.453921,2.3996,2.3997
2025-02-06 16:24:09.738148,2.3996,2.3997
2025-02-06 16:24:11.021700,2.3996,2.3997
2025-02-06 16:24:12.308403,2.3996,2.3997
2025-02-06 16:24:13.591686,2.3997,2.3998
2025-02-06 16:24:14.876024,2.3997,2.3998
2025-02-06 16:24:16.159771,2.3997,2.3998
2025-02-06 16:24:17.444600,2.4003,2.4004
2025-02-06 16:24:18.729990,2.4003,2.4004
2025-02-06 16:24:20.012972,2.4003,2.4004
2025-02-06 16:24:21.298369,2.3998,2.3999
2025-02-06 16:24:22.582090,2.3998,2.3999
2025-02-06 16:24:23.869357,2.3996,2.3997
2025-02-06 16:24:25.154606,2.3987,2.3988
2025-02-06 16:24:26.439638,2.3986,2.3987
2025-02-06 16:24:27.724399,2.3988,2.3989
2025-02-06 16:24:29.007097,2.3993,2.3994
2025-02-06 16:24:30.292486,2.3988,2.3989
2025-02-06 16:24:31.577643,2.3981,2.3982
2025-02-06 16:24:32.861035,2.3979,2.398
2025-02-06 16:24:34.146662,2.3973,2.3974
2025-02-06 16:24:35.429479,2.3974,2.3975
2025-02-06 16:24:36.718452,2.3981,2.3982
2025-02-06 16:24:38.003364,2.3983,2.3984
2025-02-06 16:24:39.287547,2.3985,2.3986
2025-02-06 16:24:40.570988,2.3973,2.3974
2025-02-06 16:24:41.857015,2.3972,2.3973
2025-02-06 16:24:43.140665,2.3983,2.3984
2025-02-06 16:24:44.425393,2.3974,2.3975
2025-02-06 16:24:45.716752,2.3966,2.3967
2025-02-06 16:24:47.002132,2.3965,2.3966
2025-02-06 16:24:48.286393,2.3968,2.3969
2025-02-06 16:24:49.569411,2.3971,2.3972
2025-02-06 16:24:50.852766,2.3971,2.3972
2025-02-06 16:24:52.139646,2.397,2.3971
2025-02-06 16:24:53.423483,2.3974,2.3975
2025-02-06 16:24:54.708045,2.3974,2.3975
2025-02-06 16:24:55.995663,2.3978,2.3979
2025-02-06 16:24:57.282110,2.3978,2.3979
2025-02-06 16:24:58.566781,2.3977,2.3978
2025-02-06 16:24:59.850497,2.3977,2.3978
2025-02-06 16:25:01.134706,2.3975,2.3976
2025-02-06 16:25:02.421766,2.398,2.3981
2025-02-06 16:25:03.705885,2.3979,2.398
2025-02-06 16:25:04.989960,2.3979,2.398
2025-02-06 16:25:06.273150,2.3987,2.3988
2025-02-06 16:25:07.564727,2.3959,2.396
2025-02-06 16:25:08.850185,2.3959,2.396
2025-02-06 16:25:10.135629,2.3964,2.3965
2025-02-06 16:25:11.422159,2.3958,2.3959
2025-02-06 16:25:12.708784,2.3959,2.396
2025-02-06 16:25:13.993943,2.3952,2.3953
2025-02-06 16:25:15.279747,2.395,2.3951
2025-02-06 16:25:16.563775,2.3944,2.3945
2025-02-06 16:25:17.848193,2.3943,2.3944
2025-02-06 16:25:19.134499,2.3941,2.3942
2025-02-06 16:25:20.421176,2.3944,2.3945
2025-02-06 16:25:21.707952,2.3945,2.3946
2025-02-06 16:25:22.991968,2.3943,2.3944
2025-02-06 16:25:24.282344,2.3949,2.395
2025-02-06 16:25:25.569379,2.3953,2.3954
2025-02-06 16:25:26.852513,2.3951,2.3952
2025-02-06 16:25:28.134906,2.3958,2.3959
2025-02-06 16:25:29.422668,2.3958,2.3959
2025-02-06 16:25:30.706763,2.3958,2.3959
2025-02-06 16:25:31.991381,2.3959,2.396
2025-02-06 16:25:33.275662,2.396,2.3961
2025-02-06 16:25:34.561439,2.396,2.3961
2025-02-06 16:25:35.845541,2.3961,2.3962
2025-02-06 16:25:37.130019,2.3952,2.3953
2025-02-06 16:25:38.413834,2.3958,2.3959
2025-02-06 16:25:39.701887,2.3965,2.3966
2025-02-06 16:25:40.983945,2.3965,2.3966
2025-02-06 16:25:42.268879,2.3969,2.397
2025-02-06 16:25:43.552141,2.3976,2.3977
2025-02-06 16:25:44.837016,2.3976,2.3977
2025-02-06 16:25:46.120122,2.3976,2.3977
2025-02-06 16:25:47.403314,2.3977,2.3978
2025-02-06 16:25:48.686637,2.3984,2.3985
2025-02-06 16:25:49.971177,2.3981,2.3982
2025-02-06 16:25:51.253431,2.398,2.3981
2025-02-06 16:25:52.537281,2.398,2.3981
2025-02-06 16:25:53.821393,2.3983,2.3984
2025-02-06 16:25:55.104664,2.3983,2.3984
2025-02-06 16:25:56.387124,2.3978,2.3979
2025-02-06 16:25:57.668779,2.3984,2.3985
2025-02-06 16:25:58.952923,2.3985,2.3986
2025-02-06 16:26:00.241274,2.3985,2.3986
2025-02-06 16:26:01.525297,2.3987,2.3988
2025-02-06 16:26:02.808705,2.3993,2.3994
2025-02-06 16:26:04.096149,2.4009,2.401
2025-02-06 16:26:05.380471,2.4007,2.4008
2025-02-06 16:26:07.114272,2.4002,2.4003
2025-02-06 16:26:08.401685,2.4003,2.4004
2025-02-06 16:26:09.685612,2.4007,2.4008
2025-02-06 16:26:10.967725,2.4009,2.401
2025-02-06 16:26:12.252619,2.401,2.4011
2025-02-06 16:26:13.536581,2.4015,2.4016
2025-02-06 16:26:14.821384,2.4016,2.4017
2025-02-06 16:26:16.106744,2.4019,2.402
2025-02-06 16:26:17.393001,2.4023,2.4024
2025-02-06 16:26:18.675706,2.4023,2.4024
2025-02-06 16:26:19.959443,2.4017,2.4018
2025-02-06 16:26:21.244342,2.4017,2.4018
2025-02-06 16:26:22.529502,2.4021,2.4022
2025-02-06 16:26:23.813419,2.4017,2.4018
2025-02-06 16:26:25.097232,2.4018,2.4019
2025-02-06 16:26:26.381254,2.4018,2.4019
2025-02-06 16:26:27.665262,2.4021,2.4022
2025-02-06 16:26:28.950555,2.4022,2.4023
2025-02-06 16:26:30.234295,2.4024,2.4025
2025-02-06 16:26:31.518285,2.403,2.4031
2025-02-06 16:26:32.802495,2.4031,2.4032
2025-02-06 16:26:34.085194,2.4031,2.4032
2025-02-06 16:26:35.369212,2.4031,2.4032
2025-02-06 16:26:36.652495,2.4025,2.4026
2025-02-06 16:26:37.936113,2.4018,2.4019
2025-02-06 16:26:39.219920,2.4025,2.4026
2025-02-06 16:26:40.507644,2.4031,2.4032
2025-02-06 16:26:41.791467,2.403,2.4031
2025-02-06 16:26:43.075015,2.4032,2.4033
2025-02-06 16:26:44.359443,2.4026,2.4027
2025-02-06 16:26:45.644664,2.4024,2.4025
2025-02-06 16:26:46.929918,2.4027,2.4028
2025-02-06 16:26:48.213748,2.4032,2.4033
2025-02-06 16:26:49.498057,2.4036,2.4037
2025-02-06 16:26:50.781470,2.4037,2.4038
2025-02-06 16:26:52.067060,2.4038,2.4039
2025-02-06 16:26:53.348706,2.4038,2.4039
2025-02-06 16:26:54.636329,2.4045,2.4046
2025-02-06 16:26:56.083037,2.404,2.4041
2025-02-06 16:26:57.365975,2.4039,2.404
2025-02-06 16:26:58.661014,2.4034,2.4035
2025-02-06 16:26:59.947015,2.4035,2.4036
2025-02-06 16:27:01.230826,2.4042,2.4043
2025-02-06 16:27:02.515730,2.4045,2.4046
2025-02-06 16:27:03.811204,2.4051,2.4052
2025-02-06 16:27:05.097234,2.4054,2.4055
2025-02-06 16:27:06.381669,2.4054,2.4055
2025-02-06 16:27:07.667260,2.4054,2.4055
2025-02-06 16:27:08.951059,2.4059,2.406
2025-02-06 16:27:10.238368,2.4059,2.406
2025-02-06 16:27:11.521230,2.4059,2.406
2025-02-06 16:27:12.807312,2.4066,2.4067
2025-02-06 16:27:14.092476,2.4067,2.4068
2025-02-06 16:27:15.378308,2.4065,2.4066
2025-02-06 16:27:16.660290,2.4064,2.4065
2025-02-06 16:27:17.945178,2.4064,2.4065
2025-02-06 16:27:19.229059,2.4064,2.4065
2025-02-06 16:27:20.512054,2.406,2.4061
2025-02-06 16:27:21.795354,2.4057,2.4058
2025-02-06 16:27:23.079769,2.4057,2.4058
2025-02-06 16:27:24.363973,2.4044,2.4045
2025-02-06 16:27:25.652084,2.4049,2.405
2025-02-06 16:27:26.938722,2.4052,2.4053
2025-02-06 16:27:28.220747,2.4055,2.4056
2025-02-06 16:27:29.506087,2.4052,2.4053
2025-02-06 16:27:30.793109,2.4057,2.4058
2025-02-06 16:27:32.075307,2.4057,2.4058
2025-02-06 16:27:33.359583,2.4056,2.4057
2025-02-06 16:27:34.643107,2.4055,2.4056
2025-02-06 16:27:35.927362,2.4049,2.405
2025-02-06 16:27:37.211664,2.4047,2.4048
2025-02-06 16:27:38.496621,2.4046,2.4047
2025-02-06 16:27:39.783199,2.4048,2.4049
2025-02-06 16:27:41.066776,2.4048,2.4049
2025-02-06 16:27:42.352779,2.4046,2.4047
2025-02-06 16:27:43.717074,2.4048,2.4049
2025-02-06 16:27:45.002116,2.4048,2.4049
2025-02-06 16:27:46.286629,2.4048,2.4049
2025-02-06 16:27:47.571889,2.4048,2.4049
2025-02-06 16:27:48.856724,2.4046,2.4047
2025-02-06 16:27:50.141284,2.4046,2.4047
2025-02-06 16:27:51.423489,2.4046,2.4047
2025-02-06 16:27:52.707042,2.4045,2.4046
2025-02-06 16:27:53.991362,2.4047,2.4048
2025-02-06 16:27:55.275055,2.4052,2.4053
2025-02-06 16:27:56.560138,2.405,2.4051
2025-02-06 16:27:57.845654,2.4046,2.4047
2025-02-06 16:27:59.130691,2.4046,2.4047
2025-02-06 16:28:00.414416,2.4049,2.405
2025-02-06 16:28:01.698771,2.4053,2.4054
2025-02-06 16:28:02.985187,2.4054,2.4055
2025-02-06 16:28:04.270068,2.4054,2.4055
2025-02-06 16:28:05.557430,2.4056,2.4057
2025-02-06 16:28:06.840915,2.4054,2.4055
2025-02-06 16:28:08.580690,2.4059,2.406
2025-02-06 16:28:09.950272,2.4056,2.4057
2025-02-06 16:28:11.234564,2.4057,2.4058
2025-02-06 16:28:12.519783,2.4059,2.406
2025-02-06 16:28:13.803359,2.4059,2.406
2025-02-06 16:28:15.090229,2.405,2.4051
2025-02-06 16:28:16.374518,2.405,2.4051
2025-02-06 16:28:17.663240,2.4054,2.4055
2025-02-06 16:28:18.946742,2.4055,2.4056
2025-02-06 16:28:20.238361,2.4055,2.4056
2025-02-06 16:28:21.525562,2.4055,2.4056
2025-02-06 16:28:22.809443,2.4055,2.4056
2025-02-06 16:28:24.096869,2.4048,2.4049
2025-02-06 16:28:25.381570,2.4048,2.4049
2025-02-06 16:28:26.664343,2.4045,2.4046
2025-02-06 16:28:27.949907,2.4044,2.4045
2025-02-06 16:28:29.238142,2.4043,2.4044
2025-02-06 16:28:30.523733,2.4042,2.4043
2025-02-06 16:28:31.808027,2.4034,2.4035
2025-02-06 16:28:33.091117,2.4038,2.4039
2025-02-06 16:28:34.397894,2.4038,2.4039
2025-02-06 16:28:35.683456,2.4037,2.4038
2025-02-06 16:28:36.966842,2.4033,2.4034
2025-02-06 16:28:38.252552,2.4033,2.4034
2025-02-06 16:28:39.535015,2.4033,2.4034
2025-02-06 16:28:40.818176,2.4028,2.4029
2025-02-06 16:28:42.102414,2.4028,2.4029
2025-02-06 16:28:43.385988,2.4031,2.4032
2025-02-06 16:28:44.670350,2.4022,2.4023
2025-02-06 16:28:45.957308,2.4027,2.4028
2025-02-06 16:28:47.246313,2.4024,2.4025
2025-02-06 16:28:48.530318,2.4024,2.4025
2025-02-06 16:28:49.813652,2.4022,2.4023
2025-02-06 16:28:51.096856,2.4021,2.4022
2025-02-06 16:28:52.387462,2.4022,2.4023
2025-02-06 16:28:53.698955,2.4023,2.4024
2025-02-06 16:28:54.982775,2.4023,2.4024
2025-02-06 16:28:56.267652,2.402,2.4021
2025-02-06 16:28:57.553325,2.4018,2.4019
2025-02-06 16:28:58.837121,2.4021,2.4022
2025-02-06 16:29:00.121227,2.4021,2.4022
2025-02-06 16:29:01.405065,2.4023,2.4024
2025-02-06 16:29:02.689193,2.4023,2.4024
2025-02-06 16:29:03.977508,2.4019,2.402
2025-02-06 16:29:05.265628,2.4018,2.4019
2025-02-06 16:29:06.548431,2.4018,2.4019
2025-02-06 16:29:07.831992,2.4018,2.4019
2025-02-06 16:29:09.114551,2.4021,2.4022
2025-02-06 16:29:10.399400,2.4021,2.4022
2025-02-06 16:29:11.683818,2.4012,2.4013
2025-02-06 16:29:12.967749,2.4011,2.4012
2025-02-06 16:29:14.252062,2.4012,2.4013
2025-02-06 16:29:15.536545,2.4011,2.4012
2025-02-06 16:29:16.820395,2.4011,2.4012
2025-02-06 16:29:18.105130,2.4011,2.4012
2025-02-06 16:29:19.394168,2.4011,2.4012
2025-02-06 16:29:20.676713,2.4013,2.4014
2025-02-06 16:29:21.963262,2.4013,2.4014
2025-02-06 16:29:23.250005,2.4013,2.4014
2025-02-06 16:29:24.532921,2.4013,2.4014
2025-02-06 16:29:25.832246,2.4013,2.4014
2025-02-06 16:29:27.115963,2.4013,2.4014
2025-02-06 16:29:28.401364,2.4012,2.4013
2025-02-06 16:29:29.687399,2.4006,2.4007
2025-02-06 16:29:30.972816,2.4002,2.4003
2025-02-06 16:29:32.256533,2.4013,2.4014
2025-02-06 16:29:33.541695,2.4011,2.4012
2025-02-06 16:29:34.827516,2.401,2.4011
2025-02-06 16:29:36.112361,2.401,2.4011
2025-02-06 16:29:37.395705,2.401,2.4011
2025-02-06 16:29:38.682051,2.4014,2.4015
2025-02-06 16:29:39.978278,2.4017,2.4018
2025-02-06 16:29:41.259272,2.4017,2.4018
2025-02-06 16:29:42.544581,2.4004,2.4005
2025-02-06 16:29:43.827358,2.4002,2.4003
2025-02-06 16:29:45.111683,2.3994,2.3995
2025-02-06 16:29:46.394860,2.3987,2.3988
2025-02-06 16:29:47.678317,2.3987,2.3988
2025-02-06 16:29:48.961161,2.3983,2.3984
2025-02-06 16:29:50.245132,2.3982,2.3983
2025-02-06 16:29:51.528699,2.3984,2.3985
2025-02-06 16:29:52.813077,2.3982,2.3983
2025-02-06 16:29:54.098193,2.3982,2.3983
2025-02-06 16:29:55.387317,2.398,2.3981
2025-02-06 16:29:56.672797,2.3982,2.3983
2025-02-06 16:29:57.958338,2.3982,2.3983
2025-02-06 16:29:59.241552,2.3982,2.3983
2025-02-06 16:30:00.524916,2.3982,2.3983
2025-02-06 16:30:01.809695,2.3982,2.3983
2025-02-06 16:30:03.096134,2.3987,2.3988
2025-02-06 16:30:04.381981,2.399,2.3991
2025-02-06 16:30:05.667637,2.4001,2.4002
2025-02-06 16:30:06.951966,2.4005,2.4006
2025-02-06 16:30:08.238224,2.4005,2.4006
2025-02-06 16:30:09.523138,2.3999,2.4
2025-02-06 16:30:10.807364,2.3998,2.3999
2025-02-06 16:30:12.092217,2.4001,2.4002
2025-02-06 16:30:13.376780,2.3994,2.3995
2025-02-06 16:30:14.660642,2.3993,2.3994
2025-02-06 16:30:15.945506,2.3995,2.3996
2025-02-06 16:30:17.230332,2.3997,2.3998
2025-02-06 16:30:18.515760,2.3998,2.3999
2025-02-06 16:30:19.801993,2.4004,2.4005
2025-02-06 16:30:21.088239,2.4001,2.4002
2025-02-06 16:30:22.370332,2.4,2.4001
2025-02-06 16:30:23.654530,2.3991,2.3992
2025-02-06 16:30:24.939170,2.3978,2.3979
2025-02-06 16:30:26.224513,2.3991,2.3992
2025-02-06 16:30:27.511583,2.3995,2.3996
2025-02-06 16:30:28.797002,2.3995,2.3996
2025-02-06 16:30:30.083009,2.3998,2.3999
2025-02-06 16:30:31.366457,2.4,2.4001
2025-02-06 16:30:32.650662,2.4,2.4001
2025-02-06 16:30:33.935908,2.4,2.4001
2025-02-06 16:30:35.221062,2.4009,2.4011
2025-02-06 16:30:36.505621,2.4007,2.4008
2025-02-06 16:30:37.790772,2.4009,2.401
2025-02-06 16:30:39.076105,2.4011,2.4012
2025-02-06 16:30:40.358583,2.4019,2.402
2025-02-06 16:30:41.643582,2.4025,2.4026
2025-02-06 16:30:42.928362,2.4025,2.4026
2025-02-06 16:30:44.216497,2.4025,2.4026
2025-02-06 16:30:45.499738,2.4022,2.4023
2025-02-06 16:30:46.785262,2.4018,2.4019
2025-02-06 16:30:48.072391,2.4015,2.4016
2025-02-06 16:30:49.357302,2.4024,2.4025
2025-02-06 16:30:50.641806,2.4032,2.4033
2025-02-06 16:30:51.924929,2.4045,2.4046
2025-02-06 16:30:53.208372,2.4053,2.4054
2025-02-06 16:30:54.493007,2.4054,2.4055
2025-02-06 16:30:55.776109,2.4055,2.4056
2025-02-06 16:30:57.069440,2.4065,2.4066
2025-02-06 16:30:58.355523,2.4067,2.4068
2025-02-06 16:30:59.640881,2.4074,2.4075
2025-02-06 16:31:00.924485,2.4081,2.4082
2025-02-06 16:31:02.208024,2.4092,2.4093
2025-02-06 16:31:03.491743,2.413,2.4131
2025-02-06 16:31:04.776240,2.4145,2.4146
2025-02-06 16:31:06.061393,2.4172,2.4173
2025-02-06 16:31:07.344378,2.4178,2.4179
2025-02-06 16:31:08.629151,2.4172,2.4173
2025-02-06 16:31:09.912004,2.4148,2.4149
2025-02-06 16:31:11.195389,2.4171,2.4172
2025-02-06 16:31:12.936562,2.4152,2.4153
2025-02-06 16:31:14.218111,2.4151,2.4152
2025-02-06 16:31:15.504732,2.4141,2.4142
2025-02-06 16:31:16.791172,2.4157,2.4158
2025-02-06 16:31:18.073343,2.4157,2.4158
2025-02-06 16:31:19.360006,2.4159,2.416
2025-02-06 16:31:20.643487,2.4167,2.4168
2025-02-06 16:31:21.926633,2.416,2.4161
2025-02-06 16:31:23.211454,2.4162,2.4163
2025-02-06 16:31:24.495656,2.4171,2.4172
2025-02-06 16:31:25.781431,2.4175,2.4176
2025-02-06 16:31:27.064814,2.4175,2.4176
2025-02-06 16:31:28.350558,2.4191,2.4192
2025-02-06 16:31:29.635002,2.4186,2.4187
2025-02-06 16:31:30.920428,2.4192,2.4193
2025-02-06 16:31:32.203942,2.4192,2.4193
2025-02-06 16:31:33.487636,2.4192,2.4193
2025-02-06 16:31:34.771708,2.4199,2.42
2025-02-06 16:31:36.058583,2.4194,2.4195
2025-02-06 16:31:37.342169,2.4209,2.421
2025-02-06 16:31:38.630227,2.4209,2.421
2025-02-06 16:31:39.914959,2.4209,2.421
2025-02-06 16:31:41.200967,2.4212,2.4213
2025-02-06 16:31:42.483014,2.4217,2.4218
2025-02-06 16:31:43.765482,2.4216,2.4217
2025-02-06 16:31:45.050421,2.4223,2.4224
2025-02-06 16:31:46.334957,2.4218,2.4219
2025-02-06 16:31:47.619256,2.4218,2.4219
2025-02-06 16:31:48.905546,2.4228,2.4229
2025-02-06 16:31:50.191822,2.4206,2.4207
2025-02-06 16:31:51.479045,2.421,2.4211
2025-02-06 16:31:52.761606,2.4205,2.4206
2025-02-06 16:31:54.046578,2.4207,2.4208
2025-02-06 16:31:55.332118,2.4207,2.4208
2025-02-06 16:31:56.616051,2.4213,2.4214
2025-02-06 16:31:57.898307,2.4213,2.4214
2025-02-06 16:31:59.181564,2.4206,2.4207
2025-02-06 16:32:00.466359,2.4209,2.421
2025-02-06 16:32:01.750250,2.4223,2.4224
2025-02-06 16:32:03.034377,2.4216,2.4217
2025-02-06 16:32:04.319267,2.4222,2.4223
2025-02-06 16:32:05.601652,2.4214,2.4215
2025-02-06 16:32:06.885167,2.4214,2.4215
2025-02-06 16:32:08.168336,2.4204,2.4206
2025-02-06 16:32:09.452736,2.42,2.4201
2025-02-06 16:32:10.737683,2.4193,2.4194
2025-02-06 16:32:12.023316,2.419,2.4191
2025-02-06 16:32:13.308535,2.4189,2.419
2025-02-06 16:32:14.593053,2.4202,2.4203
2025-02-06 16:32:15.882069,2.4208,2.4209
2025-02-06 16:32:17.166678,2.422,2.4221
2025-02-06 16:32:18.451973,2.4214,2.4215
2025-02-06 16:32:19.737433,2.422,2.4221
2025-02-06 16:32:21.020968,2.422,2.4221
2025-02-06 16:32:22.305938,2.4209,2.421
2025-02-06 16:32:23.596723,2.4209,2.421
2025-02-06 16:32:24.882259,2.4208,2.4209
2025-02-06 16:32:26.171801,2.4206,2.4207
2025-02-06 16:32:27.453971,2.4211,2.4212
2025-02-06 16:32:28.739670,2.4203,2.4204
2025-02-06 16:32:30.024663,2.4203,2.4204
2025-02-06 16:32:31.309081,2.4211,2.4212
2025-02-06 16:32:32.594653,2.4219,2.422
2025-02-06 16:32:33.879786,2.4238,2.4239
2025-02-06 16:32:35.163854,2.4232,2.4233
2025-02-06 16:32:36.447243,2.4242,2.4243
2025-02-06 16:32:37.731911,2.4242,2.4243
2025-02-06 16:32:39.015892,2.4244,2.4245
2025-02-06 16:32:40.298833,2.4241,2.4242
2025-02-06 16:32:41.582331,2.4232,2.4233
2025-02-06 16:32:42.868803,2.4222,2.4223
2025-02-06 16:32:44.151900,2.4223,2.4224
2025-02-06 16:32:45.436619,2.4231,2.4232
2025-02-06 16:32:46.720381,2.4231,2.4232
2025-02-06 16:32:48.007734,2.422,2.4221
2025-02-06 16:32:49.291700,2.4218,2.4219
2025-02-06 16:32:50.577646,2.4217,2.4218
2025-02-06 16:32:51.861767,2.4236,2.4237
2025-02-06 16:32:53.145766,2.4241,2.4242
2025-02-06 16:32:54.429266,2.4262,2.4263
2025-02-06 16:32:55.714309,2.4282,2.4283
2025-02-06 16:32:56.997493,2.4279,2.428
2025-02-06 16:32:58.281025,2.4283,2.4284
2025-02-06 16:32:59.566757,2.4276,2.4277
2025-02-06 16:33:00.849760,2.4276,2.4277
2025-02-06 16:33:02.143050,2.4275,2.4276
2025-02-06 16:33:03.426192,2.4283,2.4284
2025-02-06 16:33:04.710641,2.4281,2.4282
2025-02-06 16:33:05.995464,2.4281,2.4282
2025-02-06 16:33:07.280182,2.4276,2.4277
2025-02-06 16:33:08.562849,2.4287,2.4288
2025-02-06 16:33:09.845680,2.429,2.4291
2025-02-06 16:33:11.130280,2.4293,2.4294
2025-02-06 16:33:12.415386,2.4296,2.4297
2025-02-06 16:33:13.698998,2.4302,2.4303
2025-02-06 16:33:14.982743,2.4296,2.4297
2025-02-06 16:33:16.266003,2.4299,2.43
2025-02-06 16:33:17.551198,2.4303,2.4304
2025-02-06 16:33:18.833745,2.432,2.4321
2025-02-06 16:33:20.118759,2.4308,2.4309
2025-02-06 16:33:21.405606,2.4309,2.431
2025-02-06 16:33:22.688140,2.4304,2.4305
2025-02-06 16:33:23.972157,2.4307,2.4308
2025-02-06 16:33:25.255578,2.4302,2.4303
2025-02-06 16:33:26.539066,2.4318,2.4319
2025-02-06 16:33:27.823635,2.4331,2.4332
2025-02-06 16:33:29.107449,2.4328,2.4329
2025-02-06 16:33:30.395969,2.4339,2.434
2025-02-06 16:33:31.678780,2.4349,2.435
2025-02-06 16:33:32.962732,2.4346,2.4347
2025-02-06 16:33:34.246423,2.4353,2.4354
2025-02-06 16:33:35.530177,2.4382,2.4383
2025-02-06 16:33:36.814125,2.4379,2.438
2025-02-06 16:33:38.100273,2.4378,2.4379
2025-02-06 16:33:39.382327,2.4372,2.4373
2025-02-06 16:33:40.664987,2.4374,2.4375
2025-02-06 16:33:41.949283,2.436,2.4361
2025-02-06 16:33:43.235755,2.436,2.4361
2025-02-06 16:33:44.519234,2.4357,2.4358
2025-02-06 16:33:45.804273,2.4342,2.4343
2025-02-06 16:33:47.093142,2.4339,2.434
2025-02-06 16:33:48.374436,2.4332,2.4333
2025-02-06 16:33:49.660612,2.4323,2.4324
2025-02-06 16:33:50.944503,2.4334,2.4335
2025-02-06 16:33:52.227759,2.4334,2.4335
2025-02-06 16:33:53.511889,2.4313,2.4314
2025-02-06 16:33:54.796171,2.4313,2.4314
2025-02-06 16:33:56.080761,2.4317,2.4318
2025-02-06 16:33:57.364318,2.4339,2.434
2025-02-06 16:33:58.649155,2.4337,2.4338
2025-02-06 16:33:59.935966,2.4337,2.4338
2025-02-06 16:34:01.219917,2.4332,2.4333
2025-02-06 16:34:02.504174,2.4321,2.4322
2025-02-06 16:34:03.791117,2.4321,2.4322
2025-02-06 16:34:05.080707,2.4312,2.4313
2025-02-06 16:34:06.367824,2.4297,2.4298
2025-02-06 16:34:07.652181,2.4288,2.4289
2025-02-06 16:34:08.937447,2.4277,2.4278
2025-02-06 16:34:10.224968,2.4298,2.4299
2025-02-06 16:34:11.508567,2.4317,2.4318
2025-02-06 16:34:12.792501,2.4335,2.4336
2025-02-06 16:34:14.077079,2.4338,2.4339
2025-02-06 16:34:15.363264,2.4338,2.4339
2025-02-06 16:34:16.647165,2.4339,2.434
2025-02-06 16:34:17.930511,2.4342,2.4343
2025-02-06 16:34:19.213141,2.434,2.4341
2025-02-06 16:34:20.496296,2.4337,2.4338
2025-02-06 16:34:21.779224,2.4334,2.4335
2025-02-06 16:34:23.062615,2.4342,2.4343
2025-02-06 16:34:24.346747,2.4337,2.4338
2025-02-06 16:34:25.631282,2.4343,2.4344
2025-02-06 16:34:26.921996,2.4332,2.4333
2025-02-06 16:34:28.206888,2.4323,2.4324
2025-02-06 16:34:29.490930,2.4317,2.4318
2025-02-06 16:34:30.775025,2.4311,2.4312
2025-02-06 16:34:32.059213,2.433,2.4331
2025-02-06 16:34:33.353218,2.4336,2.4337
2025-02-06 16:34:34.637383,2.4332,2.4333
2025-02-06 16:34:35.921570,2.4327,2.4328
2025-02-06 16:34:37.206636,2.4322,2.4323
2025-02-06 16:34:38.490904,2.4318,2.4319
2025-02-06 16:34:39.778745,2.4315,2.4316
2025-02-06 16:34:41.063803,2.4302,2.4303
2025-02-06 16:34:42.347832,2.4297,2.4298
2025-02-06 16:34:43.631199,2.4287,2.4288
2025-02-06 16:34:44.915896,2.4301,2.4302
2025-02-06 16:34:46.199202,2.4309,2.431
2025-02-06 16:34:47.484011,2.4308,2.4309
2025-02-06 16:34:48.770017,2.4309,2.431
2025-02-06 16:34:50.052592,2.431,2.4311
2025-02-06 16:34:51.337640,2.4313,2.4314
2025-02-06 16:34:52.620383,2.4313,2.4314
2025-02-06 16:34:53.906821,2.4305,2.4306
2025-02-06 16:34:55.190125,2.4296,2.4297
2025-02-06 16:34:56.474398,2.4293,2.4294
2025-02-06 16:34:57.757701,2.4292,2.4293
2025-02-06 16:34:59.043147,2.4296,2.4297
2025-02-06 16:35:00.327739,2.4296,2.4297
2025-02-06 16:35:01.611881,2.4301,2.4302
2025-02-06 16:35:02.897984,2.4284,2.4285
2025-02-06 16:35:04.181144,2.4292,2.4293
2025-02-06 16:35:05.465645,2.4286,2.4287
2025-02-06 16:35:06.747083,2.4267,2.4268
2025-02-06 16:35:08.031430,2.4267,2.4268
2025-02-06 16:35:09.316850,2.4273,2.4274
2025-02-06 16:35:10.603614,2.4257,2.4258
2025-02-06 16:35:11.887124,2.4242,2.4243
2025-02-06 16:35:13.172852,2.4249,2.425
2025-02-06 16:35:14.457728,2.4233,2.4234
2025-02-06 16:35:16.196679,2.4236,2.4237
2025-02-06 16:35:17.481405,2.4233,2.4234
2025-02-06 16:35:18.764405,2.4219,2.422
2025-02-06 16:35:20.053325,2.424,2.4241
2025-02-06 16:35:21.340352,2.4242,2.4243
2025-02-06 16:35:22.625310,2.4245,2.4246
2025-02-06 16:35:23.911047,2.4252,2.4253
2025-02-06 16:35:25.195310,2.4242,2.4243
2025-02-06 16:35:26.485616,2.4241,2.4242
2025-02-06 16:35:27.770395,2.4244,2.4245
2025-02-06 16:35:29.054620,2.4238,2.4239
2025-02-06 16:35:30.339507,2.4237,2.4238
2025-02-06 16:35:31.623307,2.4244,2.4245
2025-02-06 16:35:32.908963,2.4244,2.4245
2025-02-06 16:35:34.193022,2.4237,2.4238
2025-02-06 16:35:35.479438,2.4254,2.4255
2025-02-06 16:35:36.764554,2.4251,2.4252
2025-02-06 16:35:38.047833,2.4244,2.4245
2025-02-06 16:35:39.332478,2.4235,2.4236
2025-02-06 16:35:40.616573,2.4232,2.4233
2025-02-06 16:35:41.899586,2.4237,2.4238
2025-02-06 16:35:43.183763,2.4227,2.4228
2025-02-06 16:35:44.468516,2.4216,2.4217
2025-02-06 16:35:45.752490,2.4224,2.4225
2025-02-06 16:35:47.037532,2.4229,2.423
2025-02-06 16:35:48.324916,2.4224,2.4225
2025-02-06 16:35:49.610928,2.4224,2.4225
2025-02-06 16:35:50.893567,2.4224,2.4225
2025-02-06 16:35:52.178969,2.4226,2.4227
2025-02-06 16:35:53.462480,2.4226,2.4227
2025-02-06 16:35:54.744900,2.4234,2.4235
2025-02-06 16:35:56.031456,2.4227,2.4228
2025-02-06 16:35:57.314298,2.4222,2.4223
2025-02-06 16:35:58.598039,2.422,2.4221
2025-02-06 16:35:59.882598,2.4229,2.423
2025-02-06 16:36:01.165670,2.4233,2.4234
2025-02-06 16:36:02.448779,2.4264,2.4265
2025-02-06 16:36:03.734336,2.4256,2.4257
2025-02-06 16:36:05.017691,2.425,2.4251
2025-02-06 16:36:06.303270,2.4255,2.4256
2025-02-06 16:36:07.587309,2.4254,2.4255
2025-02-06 16:36:08.871364,2.426,2.4261
2025-02-06 16:36:10.158386,2.4257,2.4258
2025-02-06 16:36:11.441975,2.426,2.4261
2025-02-06 16:36:12.727470,2.4253,2.4254
2025-02-06 16:36:14.012244,2.4258,2.4259
2025-02-06 16:36:15.294603,2.4267,2.4268
2025-02-06 16:36:16.579364,2.426,2.4261
2025-02-06 16:36:17.863421,2.4258,2.4259
2025-02-06 16:36:19.146355,2.4262,2.4263
2025-02-06 16:36:20.428531,2.4254,2.4255
2025-02-06 16:36:21.711527,2.4261,2.4262
2025-02-06 16:36:22.994197,2.4258,2.4259
2025-02-06 16:36:24.278527,2.4251,2.4252
2025-02-06 16:36:25.562726,2.4251,2.4252
2025-02-06 16:36:26.848225,2.4247,2.4248
2025-02-06 16:36:28.133806,2.4251,2.4252
2025-02-06 16:36:29.419795,2.4255,2.4256
2025-02-06 16:36:30.704413,2.4257,2.4258
2025-02-06 16:36:31.986908,2.4264,2.4265
2025-02-06 16:36:33.270505,2.4266,2.4267
2025-02-06 16:36:34.553864,2.4254,2.4255
2025-02-06 16:36:35.836286,2.425,2.4251
2025-02-06 16:36:37.125016,2.425,2.4251
2025-02-06 16:36:38.408316,2.4247,2.4248
2025-02-06 16:36:39.693241,2.4239,2.424
2025-02-06 16:36:40.976540,2.4254,2.4255
2025-02-06 16:36:42.263736,2.4254,2.4255
2025-02-06 16:36:43.546346,2.4274,2.4275
2025-02-06 16:36:44.831911,2.4272,2.4273
2025-02-06 16:36:46.118179,2.4261,2.4262
2025-02-06 16:36:47.400689,2.426,2.4261
2025-02-06 16:36:48.685148,2.426,2.4261
2025-02-06 16:36:49.968580,2.4251,2.4252
2025-02-06 16:36:51.252829,2.4259,2.426
2025-02-06 16:36:52.537461,2.4248,2.4249
2025-02-06 16:36:53.819900,2.4238,2.4239
2025-02-06 16:36:55.107833,2.4238,2.4239
2025-02-06 16:36:56.392784,2.4228,2.4229
2025-02-06 16:36:57.677251,2.4224,2.4225
2025-02-06 16:36:58.961441,2.4233,2.4234
2025-02-06 16:37:00.245799,2.4234,2.4235
2025-02-06 16:37:01.528289,2.4227,2.4228
2025-02-06 16:37:02.811971,2.4233,2.4234
2025-02-06 16:37:04.097824,2.4229,2.423
2025-02-06 16:37:05.382571,2.4224,2.4225
2025-02-06 16:37:06.665816,2.4221,2.4222
2025-02-06 16:37:07.950220,2.4219,2.422
2025-02-06 16:37:09.235622,2.4215,2.4216
2025-02-06 16:37:10.518095,2.422,2.4221
2025-02-06 16:37:11.804942,2.4223,2.4224
2025-02-06 16:37:13.088380,2.4225,2.4226
2025-02-06 16:37:14.371942,2.424,2.4241
2025-02-06 16:37:15.658268,2.4242,2.4243
2025-02-06 16:37:16.942687,2.4249,2.425
2025-02-06 16:37:18.678231,2.4261,2.4262
2025-02-06 16:37:19.962152,2.4252,2.4253
2025-02-06 16:37:21.247179,2.4251,2.4252
2025-02-06 16:37:22.532688,2.4251,2.4252
2025-02-06 16:37:23.816347,2.4243,2.4244
2025-02-06 16:37:25.104842,2.4241,2.4242
2025-02-06 16:37:26.388552,2.4242,2.4243
2025-02-06 16:37:27.674653,2.4253,2.4254
2025-02-06 16:37:28.961488,2.4257,2.4258
2025-02-06 16:37:30.247071,2.4263,2.4264
2025-02-06 16:37:31.532041,2.4261,2.4262
2025-02-06 16:37:32.818190,2.4265,2.4266
2025-02-06 16:37:34.100933,2.4256,2.4257
2025-02-06 16:37:35.384806,2.4251,2.4252
2025-02-06 16:37:36.667494,2.4246,2.4247
2025-02-06 16:37:37.953135,2.4238,2.4239
2025-02-06 16:37:39.239988,2.427,2.4271
2025-02-06 16:37:40.524627,2.4289,2.429
2025-02-06 16:37:41.810695,2.4291,2.4292
2025-02-06 16:37:43.097384,2.4299,2.43
2025-02-06 16:37:44.385726,2.4297,2.4298
2025-02-06 16:37:45.672190,2.4303,2.4304
2025-02-06 16:37:46.956467,2.4311,2.4312
2025-02-06 16:37:48.241708,2.431,2.4311
2025-02-06 16:37:49.527409,2.4315,2.4316
2025-02-06 16:37:50.811026,2.4321,2.4322
2025-02-06 16:37:52.094662,2.4332,2.4333
2025-02-06 16:37:53.393530,2.4328,2.4329
2025-02-06 16:37:54.677747,2.4331,2.4332
2025-02-06 16:37:55.961716,2.4334,2.4335
2025-02-06 16:37:57.246492,2.4344,2.4345
2025-02-06 16:37:58.533866,2.4346,2.4347
2025-02-06 16:37:59.818459,2.4343,2.4344
2025-02-06 16:38:01.102594,2.4341,2.4342
2025-02-06 16:38:02.386101,2.4335,2.4336
2025-02-06 16:38:03.671869,2.4332,2.4333
2025-02-06 16:38:04.956026,2.4328,2.4329
2025-02-06 16:38:06.242128,2.4323,2.4324
2025-02-06 16:38:07.525460,2.432,2.4321
2025-02-06 16:38:08.809140,2.4314,2.4315
2025-02-06 16:38:10.094255,2.4318,2.4319
2025-02-06 16:38:11.377382,2.4315,2.4316
2025-02-06 16:38:12.661332,2.4315,2.4316
2025-02-06 16:38:13.946978,2.4321,2.4322
2025-02-06 16:38:15.231958,2.4322,2.4323
2025-02-06 16:38:16.517224,2.4322,2.4323
2025-02-06 16:38:17.800815,2.4316,2.4317
2025-02-06 16:38:19.085118,2.4315,2.4316
2025-02-06 16:38:20.371583,2.4319,2.432
2025-02-06 16:38:21.654827,2.4315,2.4316
2025-02-06 16:38:22.941593,2.4312,2.4313
2025-02-06 16:38:24.224187,2.4312,2.4313
2025-02-06 16:38:25.506888,2.4312,2.4313
2025-02-06 16:38:26.790462,2.4308,2.4309
2025-02-06 16:38:28.073721,2.431,2.4311
2025-02-06 16:38:29.359188,2.4299,2.43
2025-02-06 16:38:30.641641,2.4301,2.4302
2025-02-06 16:38:31.927358,2.4299,2.43
2025-02-06 16:38:33.209330,2.4295,2.4296
2025-02-06 16:38:34.501003,2.429,2.4291
2025-02-06 16:38:35.784313,2.4285,2.4286
2025-02-06 16:38:37.068767,2.4276,2.4277
2025-02-06 16:38:38.356376,2.4276,2.4277
2025-02-06 16:38:39.641062,2.4274,2.4275
2025-02-06 16:38:40.922841,2.4281,2.4282
2025-02-06 16:38:42.208496,2.4287,2.4288
2025-02-06 16:38:43.493366,2.4286,2.4287
2025-02-06 16:38:44.776773,2.4282,2.4283
2025-02-06 16:38:46.061135,2.4289,2.429
2025-02-06 16:38:47.346153,2.4294,2.4295
2025-02-06 16:38:48.632965,2.4298,2.4299
2025-02-06 16:38:49.925812,2.4296,2.4297
2025-02-06 16:38:51.209599,2.4285,2.4286
2025-02-06 16:38:52.493640,2.4275,2.4276
2025-02-06 16:38:53.778472,2.4272,2.4273
2025-02-06 16:38:55.064317,2.4268,2.4269
2025-02-06 16:38:56.348527,2.427,2.4271
2025-02-06 16:38:57.633013,2.4271,2.4272
2025-02-06 16:38:58.919339,2.4268,2.4269
2025-02-06 16:39:00.204960,2.427,2.4271
2025-02-06 16:39:01.490507,2.4265,2.4266
2025-02-06 16:39:02.773601,2.4268,2.4269
2025-02-06 16:39:04.058146,2.4265,2.4266
2025-02-06 16:39:05.340727,2.4267,2.4268
2025-02-06 16:39:06.625598,2.4283,2.4284
2025-02-06 16:39:07.910128,2.429,2.4291
2025-02-06 16:39:09.196176,2.4292,2.4293
2025-02-06 16:39:10.480348,2.4295,2.4296
2025-02-06 16:39:11.764161,2.4294,2.4295
2025-02-06 16:39:13.046670,2.4282,2.4283
2025-02-06 16:39:14.331393,2.4279,2.428
2025-02-06 16:39:15.615327,2.4272,2.4273
2025-02-06 16:39:16.900711,2.4278,2.4279
2025-02-06 16:39:18.187067,2.4269,2.427
2025-02-06 16:39:19.469327,2.4266,2.4267
2025-02-06 16:39:20.753670,2.4259,2.426
2025-02-06 16:39:22.036095,2.425,2.4251
2025-02-06 16:39:23.320942,2.4253,2.4254
2025-02-06 16:39:24.603698,2.4253,2.4254
2025-02-06 16:39:25.889502,2.4259,2.426
2025-02-06 16:39:27.172408,2.426,2.4261
2025-02-06 16:39:28.458428,2.4266,2.4267
2025-02-06 16:39:29.743352,2.4281,2.4282
2025-02-06 16:39:31.031055,2.4274,2.4275
2025-02-06 16:39:32.318426,2.4274,2.4275
2025-02-06 16:39:33.605060,2.4273,2.4274
2025-02-06 16:39:34.892343,2.4267,2.4268
2025-02-06 16:39:36.174884,2.4269,2.427
2025-02-06 16:39:37.460269,2.4263,2.4264
2025-02-06 16:39:38.746691,2.426,2.4261
2025-02-06 16:39:40.029759,2.4269,2.427
2025-02-06 16:39:41.314254,2.4268,2.4269
2025-02-06 16:39:42.601163,2.4262,2.4263
2025-02-06 16:39:43.884681,2.4262,2.4263
2025-02-06 16:39:45.179392,2.427,2.4271
2025-02-06 16:39:46.466274,2.4282,2.4283
2025-02-06 16:39:47.750710,2.4285,2.4286
2025-02-06 16:39:49.035400,2.4283,2.4284
2025-02-06 16:39:50.320644,2.4278,2.4279
2025-02-06 16:39:51.616828,2.4277,2.4278
2025-02-06 16:39:52.903198,2.4276,2.4277
2025-02-06 16:39:54.188161,2.4279,2.428
2025-02-06 16:39:55.471316,2.4275,2.4276
2025-02-06 16:39:56.756236,2.4266,2.4267
2025-02-06 16:39:58.041308,2.4265,2.4266
2025-02-06 16:39:59.326382,2.4257,2.4258
2025-02-06 16:40:00.621069,2.4261,2.4262
2025-02-06 16:40:01.904325,2.4257,2.4258
2025-02-06 16:40:03.188993,2.4247,2.4248
2025-02-06 16:40:04.474255,2.423,2.4231
2025-02-06 16:40:05.759751,2.4232,2.4233
2025-02-06 16:40:07.046438,2.4232,2.4233
2025-02-06 16:40:08.330138,2.4223,2.4224
2025-02-06 16:40:09.616566,2.4227,2.4228
2025-02-06 16:40:10.900771,2.4214,2.4215
2025-02-06 16:40:12.185524,2.4217,2.4218
2025-02-06 16:40:13.471700,2.421,2.4211
2025-02-06 16:40:14.756168,2.4209,2.421
2025-02-06 16:40:16.040843,2.4207,2.4208
2025-02-06 16:40:17.326736,2.4216,2.4217
2025-02-06 16:40:18.608810,2.4221,2.4222
2025-02-06 16:40:19.893966,2.4225,2.4226
2025-02-06 16:40:21.179338,2.4219,2.422
2025-02-06 16:40:22.464837,2.4213,2.4214
2025-02-06 16:40:23.749488,2.4209,2.421
2025-02-06 16:40:25.034502,2.4201,2.4202
2025-02-06 16:40:26.323602,2.4198,2.4199
2025-02-06 16:40:27.607263,2.4194,2.4195
2025-02-06 16:40:28.890750,2.4197,2.4198
2025-02-06 16:40:30.179024,2.4203,2.4204
2025-02-06 16:40:31.465051,2.4204,2.4205
2025-02-06 16:40:32.749527,2.4182,2.4183
2025-02-06 16:40:34.036970,2.4183,2.4184
2025-02-06 16:40:35.319768,2.4196,2.4197
2025-02-06 16:40:36.605433,2.4202,2.4203
2025-02-06 16:40:37.891309,2.4201,2.4202
2025-02-06 16:40:39.174131,2.4193,2.4194
2025-02-06 16:40:40.458295,2.419,2.4191
2025-02-06 16:40:41.755861,2.4193,2.4194
2025-02-06 16:40:43.040976,2.419,2.4191
2025-02-06 16:40:44.327379,2.4186,2.4187
2025-02-06 16:40:45.610788,2.4184,2.4185
2025-02-06 16:40:46.894439,2.4184,2.4185
2025-02-06 16:40:48.177698,2.4185,2.4186
2025-02-06 16:40:49.461263,2.4189,2.419
2025-02-06 16:40:50.746930,2.4189,2.419
2025-02-06 16:40:52.030089,2.418,2.4181
2025-02-06 16:40:53.314727,2.4181,2.4182
2025-02-06 16:40:54.597865,2.4183,2.4184
2025-02-06 16:40:55.881377,2.4183,2.4184
2025-02-06 16:40:57.167739,2.4189,2.419
2025-02-06 16:40:58.450987,2.4189,2.419
2025-02-06 16:40:59.734453,2.419,2.4191
2025-02-06 16:41:01.019313,2.4192,2.4193
2025-02-06 16:41:02.305906,2.4194,2.4195
2025-02-06 16:41:03.592912,2.4194,2.4195
2025-02-06 16:41:04.877712,2.4196,2.4197
2025-02-06 16:41:06.163512,2.4199,2.42
2025-02-06 16:41:07.448601,2.4205,2.4206
2025-02-06 16:41:08.742602,2.4202,2.4203
2025-02-06 16:41:10.027035,2.4212,2.4213
2025-02-06 16:41:11.313237,2.4202,2.4203
2025-02-06 16:41:12.598532,2.4193,2.4194
2025-02-06 16:41:13.881878,2.4191,2.4192
2025-02-06 16:41:15.167174,2.4194,2.4195
2025-02-06 16:41:16.452034,2.4201,2.4202
2025-02-06 16:41:17.734812,2.4195,2.4196
2025-02-06 16:41:19.020029,2.4196,2.4197
2025-02-06 16:41:20.305584,2.4203,2.4204
2025-02-06 16:41:21.592590,2.4204,2.4205
2025-02-06 16:41:22.878280,2.4204,2.4205
2025-02-06 16:41:24.163229,2.4203,2.4204
2025-02-06 16:41:25.451377,2.4191,2.4192
2025-02-06 16:41:26.735486,2.4185,2.4186
2025-02-06 16:41:28.020593,2.4186,2.4187
2025-02-06 16:41:29.305272,2.4189,2.419
2025-02-06 16:41:30.589570,2.4192,2.4193
2025-02-06 16:41:31.873695,2.4183,2.4184
2025-02-06 16:41:33.158040,2.4182,2.4183
2025-02-06 16:41:34.442011,2.4179,2.418
2025-02-06 16:41:35.728672,2.4179,2.418
2025-02-06 16:41:37.027649,2.4172,2.4173
2025-02-06 16:41:38.313732,2.4172,2.4173
2025-02-06 16:41:39.596929,2.4172,2.4173
2025-02-06 16:41:40.885873,2.417,2.4171
2025-02-06 16:41:42.171408,2.417,2.4171
2025-02-06 16:41:43.456248,2.4167,2.4168
2025-02-06 16:41:44.753328,2.4164,2.4165
2025-02-06 16:41:46.036823,2.4165,2.4166
2025-02-06 16:41:47.322167,2.4176,2.4177
2025-02-06 16:41:48.609184,2.4174,2.4175
2025-02-06 16:41:49.897289,2.4181,2.4182
2025-02-06 16:41:51.184628,2.4181,2.4182
2025-02-06 16:41:52.469282,2.4182,2.4183
2025-02-06 16:41:53.754102,2.4182,2.4183
2025-02-06 16:41:55.038024,2.4186,2.4187
2025-02-06 16:41:56.323556,2.4186,2.4187
2025-02-06 16:41:57.615396,2.4181,2.4182
2025-02-06 16:41:58.900306,2.4177,2.4178
2025-02-06 16:42:00.184521,2.4183,2.4184
2025-02-06 16:42:01.468326,2.4181,2.4182
2025-02-06 16:42:02.755357,2.4178,2.4179
2025-02-06 16:42:04.039506,2.4176,2.4177
2025-02-06 16:42:05.332645,2.4168,2.4169
2025-02-06 16:42:06.639953,2.4164,2.4165
2025-02-06 16:42:07.925838,2.4165,2.4166
2025-02-06 16:42:09.212852,2.4164,2.4165
2025-02-06 16:42:10.500451,2.4158,2.4159
2025-02-06 16:42:11.783081,2.4158,2.4159
2025-02-06 16:42:13.069324,2.4158,2.4159
2025-02-06 16:42:14.352828,2.4151,2.4152
2025-02-06 16:42:15.638348,2.4139,2.414
2025-02-06 16:42:16.922609,2.4137,2.4138
2025-02-06 16:42:18.208442,2.4135,2.4136
2025-02-06 16:42:19.493495,2.4149,2.415
2025-02-06 16:42:20.778691,2.4153,2.4154
2025-02-06 16:42:22.066813,2.4158,2.4159
2025-02-06 16:42:23.350122,2.4154,2.4155
2025-02-06 16:42:24.635300,2.416,2.4161
2025-02-06 16:42:25.920721,2.4156,2.4157
2025-02-06 16:42:27.203224,2.4144,2.4145
2025-02-06 16:42:28.487459,2.4145,2.4146
2025-02-06 16:42:30.235760,2.415,2.4151
2025-02-06 16:42:31.521068,2.4149,2.415
2025-02-06 16:42:32.809133,2.4146,2.4147
2025-02-06 16:42:34.092998,2.4152,2.4153
2025-02-06 16:42:35.377955,2.4152,2.4153
2025-02-06 16:42:36.663558,2.4153,2.4154
2025-02-06 16:42:37.947130,2.416,2.4161
2025-02-06 16:42:39.231812,2.416,2.4161
2025-02-06 16:42:40.518200,2.416,2.4161
2025-02-06 16:42:41.800991,2.4153,2.4154
2025-02-06 16:42:43.085456,2.4153,2.4154
2025-02-06 16:42:44.369587,2.4156,2.4157
2025-02-06 16:42:45.657039,2.4156,2.4157
2025-02-06 16:42:46.942036,2.4156,2.4157
2025-02-06 16:42:48.227390,2.4161,2.4162
2025-02-06 16:42:49.512540,2.4156,2.4157
2025-02-06 16:42:50.797117,2.4156,2.4157
2025-02-06 16:42:52.081730,2.4156,2.4157
2025-02-06 16:42:53.369350,2.4161,2.4162
2025-02-06 16:42:54.653907,2.4156,2.4157
2025-02-06 16:42:55.936597,2.4163,2.4164
2025-02-06 16:42:57.221619,2.4163,2.4164
2025-02-06 16:42:58.509411,2.4169,2.417
2025-02-06 16:42:59.791991,2.4163,2.4164
2025-02-06 16:43:01.082939,2.4163,2.4164
2025-02-06 16:43:02.367995,2.4162,2.4163
2025-02-06 16:43:03.653882,2.4162,2.4163
2025-02-06 16:43:04.936985,2.416,2.4161
2025-02-06 16:43:06.222034,2.4151,2.4152
2025-02-06 16:43:07.505651,2.4153,2.4154
2025-02-06 16:43:08.793702,2.4161,2.4162
2025-02-06 16:43:10.078962,2.4169,2.417
2025-02-06 16:43:11.365092,2.4166,2.4167
2025-02-06 16:43:12.651228,2.4165,2.4166
2025-02-06 16:43:13.937662,2.4164,2.4165
2025-02-06 16:43:15.221621,2.4161,2.4162
2025-02-06 16:43:16.507138,2.4159,2.416
2025-02-06 16:43:17.791803,2.4162,2.4163
2025-02-06 16:43:19.074772,2.4163,2.4164
2025-02-06 16:43:20.357492,2.4163,2.4164
2025-02-06 16:43:21.642290,2.4156,2.4157
2025-02-06 16:43:22.928751,2.4154,2.4155
2025-02-06 16:43:24.212953,2.4155,2.4156
2025-02-06 16:43:25.495712,2.4158,2.4159
2025-02-06 16:43:26.783668,2.415,2.4151
2025-02-06 16:43:28.068447,2.415,2.4151
2025-02-06 16:43:29.353013,2.4147,2.4148
2025-02-06 16:43:30.636308,2.4147,2.4148
2025-02-06 16:43:31.922533,2.4148,2.4149
2025-02-06 16:43:33.211459,2.4149,2.415
2025-02-06 16:43:34.496656,2.414,2.4141
2025-02-06 16:43:35.780966,2.4136,2.4137
2025-02-06 16:43:37.066668,2.4143,2.4144
2025-02-06 16:43:38.350802,2.4151,2.4152
2025-02-06 16:43:39.640022,2.4151,2.4152
2025-02-06 16:43:40.924257,2.4151,2.4152
2025-02-06 16:43:42.209621,2.4141,2.4142
2025-02-06 16:43:43.495146,2.414,2.4141
2025-02-06 16:43:44.780471,2.4141,2.4142
2025-02-06 16:43:46.064797,2.4143,2.4144
2025-02-06 16:43:47.351375,2.4135,2.4136
2025-02-06 16:43:48.636567,2.4132,2.4133
2025-02-06 16:43:49.923127,2.413,2.4131
2025-02-06 16:43:51.206980,2.4137,2.4138
2025-02-06 16:43:52.494086,2.4137,2.4138
2025-02-06 16:43:53.776913,2.4137,2.4138
2025-02-06 16:43:55.061387,2.4143,2.4144
2025-02-06 16:43:56.347575,2.4146,2.4147
2025-02-06 16:43:57.631801,2.4146,2.4147
2025-02-06 16:43:58.917595,2.4146,2.4147
2025-02-06 16:44:00.202256,2.4146,2.4147
2025-02-06 16:44:01.487241,2.4146,2.4147
2025-02-06 16:44:02.770382,2.4146,2.4147
2025-02-06 16:44:04.055307,2.4133,2.4134
2025-02-06 16:44:05.339430,2.4129,2.413
2025-02-06 16:44:06.622657,2.4116,2.4117
2025-02-06 16:44:07.912787,2.4118,2.4119
2025-02-06 16:44:09.196686,2.4121,2.4122
2025-02-06 16:44:10.483361,2.4119,2.412
2025-02-06 16:44:11.768030,2.4115,2.4116
2025-02-06 16:44:13.053534,2.4116,2.4117
2025-02-06 16:44:14.337149,2.4109,2.411
2025-02-06 16:44:15.626298,2.4101,2.4102
2025-02-06 16:44:16.910100,2.4101,2.4102
2025-02-06 16:44:18.195906,2.4103,2.4104
2025-02-06 16:44:19.478791,2.4103,2.4104
2025-02-06 16:44:20.766216,2.4097,2.4098
2025-02-06 16:44:22.050704,2.4083,2.4084
2025-02-06 16:44:23.334916,2.4084,2.4085
2025-02-06 16:44:24.622767,2.4078,2.4079
2025-02-06 16:44:25.907783,2.4096,2.4097
2025-02-06 16:44:27.191835,2.4091,2.4092
2025-02-06 16:44:28.935212,2.4095,2.4096
2025-02-06 16:44:30.219782,2.409,2.4091
2025-02-06 16:44:31.504427,2.4093,2.4094
2025-02-06 16:44:32.799610,2.4105,2.4106
2025-02-06 16:44:34.085493,2.4109,2.411
2025-02-06 16:44:35.373955,2.4102,2.4103
2025-02-06 16:44:36.658179,2.4097,2.4098
2025-02-06 16:44:37.942835,2.4095,2.4096
2025-02-06 16:44:39.230579,2.4095,2.4096
2025-02-06 16:44:40.514877,2.4095,2.4096
2025-02-06 16:44:41.797449,2.409,2.4091
2025-02-06 16:44:43.082436,2.41,2.4101
2025-02-06 16:44:44.367893,2.4101,2.4102
2025-02-06 16:44:45.652470,2.4101,2.4102
2025-02-06 16:44:46.938605,2.4102,2.4103
2025-02-06 16:44:48.226075,2.4107,2.4108
2025-02-06 16:44:49.509663,2.4111,2.4112
2025-02-06 16:44:50.794488,2.411,2.4111
2025-02-06 16:44:52.082250,2.4121,2.4122
2025-02-06 16:44:53.367334,2.4126,2.4127
2025-02-06 16:44:54.652247,2.4119,2.412
2025-02-06 16:44:55.936633,2.4114,2.4115
2025-02-06 16:44:57.221341,2.4108,2.4109
2025-02-06 16:44:58.507036,2.4108,2.4109
2025-02-06 16:44:59.792598,2.4108,2.4109
2025-02-06 16:45:01.075840,2.4108,2.4109
2025-02-06 16:45:02.360953,2.4112,2.4113
2025-02-06 16:45:03.648136,2.4108,2.4109
2025-02-06 16:45:04.932868,2.4098,2.4099
2025-02-06 16:45:06.218122,2.4101,2.4102
2025-02-06 16:45:07.505452,2.4098,2.4099
2025-02-06 16:45:08.788734,2.4096,2.4097
2025-02-06 16:45:10.073992,2.4099,2.41
2025-02-06 16:45:11.357565,2.4083,2.4084
2025-02-06 16:45:12.644340,2.4092,2.4093
2025-02-06 16:45:13.934251,2.4099,2.41
2025-02-06 16:45:15.219050,2.4098,2.4099
2025-02-06 16:45:16.507667,2.4094,2.4095
2025-02-06 16:45:17.793156,2.4094,2.4095
2025-02-06 16:45:19.092013,2.41,2.4101
2025-02-06 16:45:20.378601,2.4104,2.4105
2025-02-06 16:45:21.665005,2.411,2.4111
2025-02-06 16:45:22.950801,2.4115,2.4116
2025-02-06 16:45:24.236785,2.4121,2.4122
2025-02-06 16:45:25.523876,2.4129,2.413
2025-02-06 16:45:26.821015,2.4133,2.4134
2025-02-06 16:45:28.107120,2.4133,2.4134
2025-02-06 16:45:29.391762,2.4132,2.4133
2025-02-06 16:45:30.676765,2.4132,2.4133
2025-02-06 16:45:31.961344,2.4129,2.413
2025-02-06 16:45:33.246639,2.4127,2.4128
2025-02-06 16:45:34.530747,2.4121,2.4122
2025-02-06 16:45:35.820252,2.4112,2.4113
2025-02-06 16:45:37.103970,2.4109,2.411
2025-02-06 16:45:38.390489,2.4111,2.4112
2025-02-06 16:45:39.674679,2.4116,2.4117
2025-02-06 16:45:40.956754,2.4116,2.4117
2025-02-06 16:45:42.242950,2.4117,2.4118
2025-02-06 16:45:43.538937,2.4116,2.4117
2025-02-06 16:45:44.828614,2.4124,2.4125
2025-02-06 16:45:46.120592,2.4121,2.4122
2025-02-06 16:45:47.403192,2.4118,2.4119
2025-02-06 16:45:48.689722,2.4125,2.4126
2025-02-06 16:45:49.977760,2.4128,2.4129
2025-02-06 16:45:51.263147,2.4135,2.4136
2025-02-06 16:45:52.547564,2.4133,2.4134
2025-02-06 16:45:53.833585,2.4139,2.414
2025-02-06 16:45:55.146230,2.4144,2.4145
2025-02-06 16:45:56.429498,2.4145,2.4146
2025-02-06 16:45:57.713881,2.4146,2.4147
2025-02-06 16:45:58.998242,2.4147,2.4148
2025-02-06 16:46:00.282880,2.4146,2.4147
2025-02-06 16:46:01.565955,2.4146,2.4147
2025-02-06 16:46:02.858508,2.4139,2.414
2025-02-06 16:46:04.142618,2.4144,2.4145
2025-02-06 16:46:05.428358,2.4142,2.4143
2025-02-06 16:46:06.715124,2.4148,2.4149
2025-02-06 16:46:08.001415,2.4152,2.4153
2025-02-06 16:46:09.285991,2.4144,2.4145
2025-02-06 16:46:10.571497,2.4143,2.4144
2025-02-06 16:46:11.855945,2.4148,2.4149
2025-02-06 16:46:13.139771,2.4152,2.4153
2025-02-06 16:46:14.424472,2.4144,2.4145
2025-02-06 16:46:15.708969,2.4147,2.4148
2025-02-06 16:46:16.991748,2.4143,2.4144
2025-02-06 16:46:18.275843,2.4142,2.4143
2025-02-06 16:46:19.561972,2.4142,2.4143
2025-02-06 16:46:20.847598,2.4138,2.4139
2025-02-06 16:46:22.135071,2.4142,2.4143
2025-02-06 16:46:23.419278,2.4142,2.4143
2025-02-06 16:46:24.706015,2.4142,2.4143
2025-02-06 16:46:25.996493,2.414,2.4141
2025-02-06 16:46:27.734252,2.4142,2.4143
2025-02-06 16:46:29.019741,2.4145,2.4146
2025-02-06 16:46:30.303702,2.4147,2.4148
2025-02-06 16:46:31.586443,2.4153,2.4154
2025-02-06 16:46:32.874504,2.4159,2.416
2025-02-06 16:46:34.158007,2.4159,2.416
2025-02-06 16:46:35.443839,2.4165,2.4166
2025-02-06 16:46:36.729680,2.4167,2.4168
2025-02-06 16:46:38.013854,2.4171,2.4172
2025-02-06 16:46:39.299454,2.4178,2.4179
2025-02-06 16:46:40.583355,2.4178,2.4179
2025-02-06 16:46:41.866790,2.4173,2.4174
2025-02-06 16:46:43.151570,2.4167,2.4168
2025-02-06 16:46:44.436674,2.4169,2.417
2025-02-06 16:46:45.723273,2.4169,2.417
2025-02-06 16:46:47.010250,2.4167,2.4168
2025-02-06 16:46:48.294688,2.417,2.4171
2025-02-06 16:46:49.579538,2.4175,2.4176
2025-02-06 16:46:50.863701,2.4177,2.4178
2025-02-06 16:46:52.149193,2.4174,2.4175
2025-02-06 16:46:53.435588,2.4177,2.4178
2025-02-06 16:46:54.719785,2.4181,2.4182
2025-02-06 16:46:56.007886,2.4182,2.4183
2025-02-06 16:46:57.291732,2.418,2.4181
2025-02-06 16:46:58.579981,2.4181,2.4182
2025-02-06 16:46:59.865684,2.4185,2.4186
2025-02-06 16:47:01.148917,2.4181,2.4182
2025-02-06 16:47:02.437730,2.4179,2.418
2025-02-06 16:47:03.724276,2.4187,2.4188
2025-02-06 16:47:05.007928,2.4187,2.4188
2025-02-06 16:47:06.293612,2.4182,2.4183
2025-02-06 16:47:07.585109,2.4181,2.4182
2025-02-06 16:47:08.871205,2.4177,2.4178
2025-02-06 16:47:10.155943,2.4169,2.417
2025-02-06 16:47:11.441462,2.4164,2.4165
2025-02-06 16:47:12.726798,2.4162,2.4163
2025-02-06 16:47:14.012622,2.4169,2.417
2025-02-06 16:47:15.299424,2.4163,2.4164
2025-02-06 16:47:16.585369,2.4163,2.4164
2025-02-06 16:47:17.871341,2.4165,2.4166
2025-02-06 16:47:19.157967,2.4163,2.4164
2025-02-06 16:47:20.446612,2.4157,2.4158
2025-02-06 16:47:21.730793,2.4153,2.4154
2025-02-06 16:47:23.017640,2.4154,2.4155
2025-02-06 16:47:24.305445,2.4147,2.4148
2025-02-06 16:47:25.594335,2.4143,2.4144
2025-02-06 16:47:26.885915,2.4141,2.4142
2025-02-06 16:47:28.169107,2.4133,2.4134
2025-02-06 16:47:29.455601,2.4132,2.4133
2025-02-06 16:47:30.742608,2.4131,2.4132
2025-02-06 16:47:32.030026,2.4134,2.4135
2025-02-06 16:47:33.314510,2.4133,2.4134
2025-02-06 16:47:34.600806,2.412,2.4121
2025-02-06 16:47:35.886218,2.4115,2.4116
2025-02-06 16:47:37.171441,2.4113,2.4114
2025-02-06 16:47:38.455998,2.4116,2.4117
2025-02-06 16:47:39.741859,2.4117,2.4118
2025-02-06 16:47:41.026499,2.411,2.4111
2025-02-06 16:47:42.313725,2.4108,2.4109
2025-02-06 16:47:43.598747,2.4105,2.4106
2025-02-06 16:47:44.883401,2.4098,2.4099
2025-02-06 16:47:46.168814,2.4095,2.4096
2025-02-06 16:47:47.454068,2.4092,2.4093
2025-02-06 16:47:48.740902,2.4096,2.4097
2025-02-06 16:47:50.024923,2.41,2.4101
2025-02-06 16:47:51.308426,2.4102,2.4103
2025-02-06 16:47:52.592604,2.4102,2.4103
2025-02-06 16:47:53.880331,2.4103,2.4104
2025-02-06 16:47:55.165913,2.4095,2.4096
2025-02-06 16:47:56.452900,2.4095,2.4096
2025-02-06 16:47:57.740379,2.4086,2.4087
2025-02-06 16:47:59.023940,2.4087,2.4088
2025-02-06 16:48:00.315438,2.4084,2.4085
2025-02-06 16:48:01.600936,2.4089,2.409
2025-02-06 16:48:02.900722,2.4088,2.4089
2025-02-06 16:48:04.186792,2.4078,2.4079
2025-02-06 16:48:05.470580,2.406,2.4061
2025-02-06 16:48:06.758151,2.4057,2.4058
2025-02-06 16:48:08.044124,2.4051,2.4052
2025-02-06 16:48:09.328630,2.405,2.4051
2025-02-06 16:48:10.615897,2.4044,2.4045
2025-02-06 16:48:11.901080,2.4045,2.4046
2025-02-06 16:48:13.185422,2.404,2.4041
2025-02-06 16:48:14.470700,2.4035,2.4036
2025-02-06 16:48:15.755176,2.4036,2.4037
2025-02-06 16:48:17.040390,2.4036,2.4037
2025-02-06 16:48:18.325407,2.4053,2.4054
2025-02-06 16:48:19.610326,2.4057,2.4058
2025-02-06 16:48:20.906000,2.4049,2.405
2025-02-06 16:48:22.189988,2.4049,2.405
2025-02-06 16:48:23.475172,2.4039,2.404
2025-02-06 16:48:24.760932,2.4036,2.4037
2025-02-06 16:48:26.043648,2.4036,2.4037
2025-02-06 16:48:27.329824,2.4035,2.4036
2025-02-06 16:48:28.614780,2.4042,2.4043
2025-02-06 16:48:29.899498,2.4041,2.4042
2025-02-06 16:48:31.183185,2.4044,2.4045
2025-02-06 16:48:32.468504,2.4047,2.4048
2025-02-06 16:48:33.753016,2.4052,2.4053
2025-02-06 16:48:35.037283,2.4049,2.405
2025-02-06 16:48:36.322647,2.4058,2.4059
2025-02-06 16:48:37.607997,2.4057,2.4058
2025-02-06 16:48:38.890759,2.4065,2.4066
2025-02-06 16:48:40.175845,2.4062,2.4063
2025-02-06 16:48:41.462081,2.4064,2.4065
2025-02-06 16:48:42.746497,2.406,2.4061
2025-02-06 16:48:44.030684,2.406,2.4061
2025-02-06 16:48:45.315369,2.4062,2.4063
2025-02-06 16:48:46.602683,2.4063,2.4064
2025-02-06 16:48:47.886093,2.4064,2.4065
2025-02-06 16:48:49.170346,2.407,2.4071
2025-02-06 16:48:50.455645,2.4074,2.4075
2025-02-06 16:48:51.743696,2.4082,2.4083
2025-02-06 16:48:53.027090,2.4092,2.4093
2025-02-06 16:48:54.310126,2.4091,2.4092
2025-02-06 16:48:55.600605,2.4087,2.4088
2025-02-06 16:48:56.885917,2.4087,2.4088
2025-02-06 16:48:58.172768,2.4084,2.4085
2025-02-06 16:48:59.455350,2.4084,2.4085
2025-02-06 16:49:00.740503,2.4079,2.408
2025-02-06 16:49:02.024376,2.4078,2.4079
2025-02-06 16:49:03.309365,2.4081,2.4082
2025-02-06 16:49:04.593812,2.4065,2.4066
2025-02-06 16:49:05.877665,2.4069,2.407
2025-02-06 16:49:07.162554,2.4063,2.4064
2025-02-06 16:49:08.447019,2.4063,2.4064
2025-02-06 16:49:09.737364,2.4068,2.4069
2025-02-06 16:49:11.022923,2.4067,2.4068
2025-02-06 16:49:12.306005,2.4065,2.4066
2025-02-06 16:49:13.591120,2.4058,2.4059
2025-02-06 16:49:14.875123,2.4059,2.406
2025-02-06 16:49:16.163291,2.4056,2.4057
2025-02-06 16:49:17.448711,2.4056,2.4057
2025-02-06 16:49:18.733600,2.405,2.4051
2025-02-06 16:49:20.025820,2.4051,2.4052
2025-02-06 16:49:21.310632,2.4044,2.4045
2025-02-06 16:49:22.593632,2.4046,2.4047
2025-02-06 16:49:23.881024,2.4046,2.4047
2025-02-06 16:49:25.165116,2.4056,2.4057
2025-02-06 16:49:26.450265,2.4068,2.4069
2025-02-06 16:49:27.734613,2.4075,2.4076
2025-02-06 16:49:29.017549,2.4081,2.4082
2025-02-06 16:49:30.304262,2.4089,2.409
2025-02-06 16:49:32.041495,2.4091,2.4092
2025-02-06 16:49:33.327713,2.4083,2.4084
2025-02-06 16:49:35.067114,2.4079,2.408
2025-02-06 16:49:36.352174,2.4082,2.4083
2025-02-06 16:49:37.636586,2.408,2.4081
2025-02-06 16:49:38.921228,2.4083,2.4084
2025-02-06 16:49:40.204623,2.4097,2.4098
2025-02-06 16:49:41.489863,2.4106,2.4107
2025-02-06 16:49:42.776680,2.4109,2.411
2025-02-06 16:49:44.059525,2.4108,2.4109
2025-02-06 16:49:45.346173,2.4104,2.4105
2025-02-06 16:49:46.632102,2.4106,2.4107
2025-02-06 16:49:47.917077,2.4102,2.4103
2025-02-06 16:49:49.217664,2.4102,2.4103
2025-02-06 16:49:50.502068,2.4101,2.4102
2025-02-06 16:49:51.785507,2.4101,2.4102
2025-02-06 16:49:53.068860,2.4101,2.4102
2025-02-06 16:49:54.352230,2.4101,2.4102
2025-02-06 16:49:55.641121,2.4101,2.4102
2025-02-06 16:49:56.929518,2.4101,2.4102
2025-02-06 16:49:58.213327,2.4118,2.4119
2025-02-06 16:49:59.502091,2.4121,2.4122
2025-02-06 16:50:00.788141,2.4117,2.4118
2025-02-06 16:50:02.073500,2.4117,2.4118
2025-02-06 16:50:03.358205,2.4117,2.4118
2025-02-06 16:50:04.644842,2.4129,2.413
2025-02-06 16:50:05.931836,2.4134,2.4135
2025-02-06 16:50:07.217804,2.4134,2.4135
2025-02-06 16:50:08.503638,2.4126,2.4127
2025-02-06 16:50:09.789249,2.4126,2.4127
2025-02-06 16:50:11.073919,2.4126,2.4127
2025-02-06 16:50:12.359777,2.4118,2.4119
2025-02-06 16:50:13.644121,2.411,2.4111
2025-02-06 16:50:14.927759,2.4109,2.411
2025-02-06 16:50:16.212443,2.4103,2.4104
2025-02-06 16:50:17.497949,2.4102,2.4103
2025-02-06 16:50:18.783017,2.4112,2.4113
2025-02-06 16:50:20.069070,2.4112,2.4113
2025-02-06 16:50:21.353814,2.4112,2.4113
2025-02-06 16:50:22.639435,2.4113,2.4114
2025-02-06 16:50:23.924690,2.4114,2.4115
2025-02-06 16:50:25.209371,2.4124,2.4125
2025-02-06 16:50:26.494244,2.4116,2.4117
2025-02-06 16:50:27.779473,2.4112,2.4113
2025-02-06 16:50:29.063662,2.4112,2.4113
2025-02-06 16:50:30.348947,2.4112,2.4113
2025-02-06 16:50:31.633468,2.4108,2.4109
2025-02-06 16:50:32.916445,2.411,2.4111
2025-02-06 16:50:34.200225,2.4107,2.4108
2025-02-06 16:50:35.486209,2.4097,2.4098
2025-02-06 16:50:36.775335,2.4097,2.4098
2025-02-06 16:50:38.062003,2.4098,2.4099
2025-02-06 16:50:39.347337,2.409,2.4091
2025-02-06 16:50:40.635273,2.4091,2.4092
2025-02-06 16:50:41.918534,2.4086,2.4087
2025-02-06 16:50:43.212003,2.4087,2.4088
2025-02-06 16:50:44.497211,2.4086,2.4087
2025-02-06 16:50:45.781986,2.4086,2.4087
2025-02-06 16:50:47.065686,2.4089,2.409
2025-02-06 16:50:48.350154,2.4093,2.4094
2025-02-06 16:50:49.635285,2.4102,2.4103
2025-02-06 16:50:50.920509,2.4102,2.4103
2025-02-06 16:50:52.204819,2.4101,2.4102
2025-02-06 16:50:53.494798,2.4102,2.4103
2025-02-06 16:50:54.778511,2.4102,2.4103
2025-02-06 16:50:56.062034,2.4101,2.4102
2025-02-06 16:50:57.346875,2.4105,2.4106
2025-02-06 16:50:58.631065,2.4107,2.4108
2025-02-06 16:50:59.915317,2.4114,2.4115
2025-02-06 16:51:01.199331,2.4114,2.4115
2025-02-06 16:51:02.499059,2.4106,2.4107
2025-02-06 16:51:03.789065,2.4099,2.41
2025-02-06 16:51:05.082932,2.4096,2.4097
2025-02-06 16:51:06.365366,2.4105,2.4106
2025-02-06 16:51:07.650293,2.4103,2.4104
2025-02-06 16:51:08.934183,2.4098,2.4099
2025-02-06 16:51:10.218782,2.4095,2.4096
2025-02-06 16:51:11.503516,2.4096,2.4097
2025-02-06 16:51:12.788102,2.4109,2.411
2025-02-06 16:51:14.074154,2.4109,2.411
2025-02-06 16:51:15.357749,2.4107,2.4108
2025-02-06 16:51:16.641944,2.412,2.4121
2025-02-06 16:51:17.928055,2.4119,2.412
2025-02-06 16:51:19.211983,2.4121,2.4122
2025-02-06 16:51:20.496788,2.4121,2.4122
2025-02-06 16:51:21.780557,2.4115,2.4116
2025-02-06 16:51:23.065919,2.4121,2.4122
2025-02-06 16:51:24.348171,2.4117,2.4118
2025-02-06 16:51:25.638535,2.4118,2.4119
2025-02-06 16:51:26.926750,2.4118,2.4119
2025-02-06 16:51:28.216725,2.4126,2.4127
2025-02-06 16:51:29.501313,2.4126,2.4127
2025-02-06 16:51:30.788616,2.4126,2.4127
2025-02-06 16:51:32.072199,2.4133,2.4134
2025-02-06 16:51:33.359621,2.4127,2.4128
2025-02-06 16:51:34.644344,2.4127,2.4128
2025-02-06 16:51:35.927265,2.4132,2.4133
2025-02-06 16:51:37.210944,2.4136,2.4137
2025-02-06 16:51:38.496107,2.4137,2.4138
2025-02-06 16:51:39.779871,2.4122,2.4123
2025-02-06 16:51:41.064244,2.4123,2.4124
2025-02-06 16:51:42.348119,2.4126,2.4127
2025-02-06 16:51:43.631928,2.4129,2.413
2025-02-06 16:51:44.916191,2.4129,2.413
2025-02-06 16:51:46.201119,2.4133,2.4134
2025-02-06 16:51:47.484092,2.4133,2.4134
2025-02-06 16:51:48.767238,2.4133,2.4134
2025-02-06 16:51:50.051377,2.4137,2.4138
2025-02-06 16:51:51.335379,2.4138,2.4139
2025-02-06 16:51:52.617123,2.4138,2.4139
2025-02-06 16:51:53.900147,2.4134,2.4135
2025-02-06 16:51:55.183351,2.4137,2.4138
2025-02-06 16:51:56.466999,2.4137,2.4138
2025-02-06 16:51:57.751542,2.4137,2.4138
2025-02-06 16:51:59.034671,2.4137,2.4138
2025-02-06 16:52:00.324280,2.4137,2.4138
2025-02-06 16:52:01.609237,2.4133,2.4134
2025-02-06 16:52:02.892726,2.4132,2.4133
2025-02-06 16:52:04.176447,2.413,2.4131
2025-02-06 16:52:05.462851,2.4128,2.4129
2025-02-06 16:52:06.748012,2.4124,2.4125
2025-02-06 16:52:08.032747,2.4128,2.4129
2025-02-06 16:52:09.316713,2.4123,2.4124
2025-02-06 16:52:10.601749,2.412,2.4121
2025-02-06 16:52:11.886371,2.4121,2.4122
2025-02-06 16:52:13.171202,2.4118,2.4119
2025-02-06 16:52:14.454111,2.412,2.4121
2025-02-06 16:52:15.741001,2.412,2.4121
2025-02-06 16:52:17.040868,2.4123,2.4124
2025-02-06 16:52:18.326839,2.4118,2.4119
2025-02-06 16:52:19.608846,2.4118,2.4119
2025-02-06 16:52:20.892568,2.4118,2.4119
2025-02-06 16:52:22.175097,2.4116,2.4117
2025-02-06 16:52:23.460117,2.4122,2.4123
2025-02-06 16:52:24.744379,2.4132,2.4133
2025-02-06 16:52:26.028829,2.4127,2.4128
2025-02-06 16:52:27.313927,2.4123,2.4124
2025-02-06 16:52:28.596967,2.4123,2.4124
2025-02-06 16:52:29.883569,2.4123,2.4124
2025-02-06 16:52:31.168587,2.4125,2.4126
2025-02-06 16:52:32.452955,2.4126,2.4127
2025-02-06 16:52:33.737366,2.413,2.4131
2025-02-06 16:52:35.020212,2.4142,2.4143
2025-02-06 16:52:36.304064,2.4142,2.4143
2025-02-06 16:52:37.588349,2.4142,2.4143
2025-02-06 16:52:38.873490,2.4149,2.415
2025-02-06 16:52:40.157379,2.4155,2.4156
2025-02-06 16:52:41.441680,2.4155,2.4156
2025-02-06 16:52:42.725366,2.4153,2.4154
2025-02-06 16:52:44.010051,2.4152,2.4153
2025-02-06 16:52:45.294531,2.4151,2.4152
2025-02-06 16:52:46.578692,2.4151,2.4152
2025-02-06 16:52:47.862168,2.4153,2.4154
2025-02-06 16:52:49.145835,2.4152,2.4153
2025-02-06 16:52:50.431308,2.4155,2.4156
2025-02-06 16:52:51.714624,2.4157,2.4158
2025-02-06 16:52:52.997390,2.4159,2.416
2025-02-06 16:52:54.279800,2.4163,2.4164
2025-02-06 16:52:55.564159,2.4163,2.4164
2025-02-06 16:52:56.854376,2.4163,2.4164
2025-02-06 16:52:58.139153,2.4162,2.4163
2025-02-06 16:52:59.422500,2.416,2.4161
2025-02-06 16:53:00.706839,2.4153,2.4154
2025-02-06 16:53:01.991155,2.4153,2.4154
2025-02-06 16:53:03.275444,2.4153,2.4154
2025-02-06 16:53:04.561485,2.4148,2.4149
2025-02-06 16:53:05.847921,2.4156,2.4157
2025-02-06 16:53:07.132245,2.4157,2.4158
2025-02-06 16:53:08.419581,2.416,2.4161
2025-02-06 16:53:09.704711,2.4159,2.416
2025-02-06 16:53:10.988595,2.4158,2.4159
2025-02-06 16:53:12.271803,2.4163,2.4164
2025-02-06 16:53:13.555759,2.4163,2.4164
2025-02-06 16:53:14.841634,2.4163,2.4164
2025-02-06 16:53:16.124758,2.4164,2.4165
2025-02-06 16:53:17.408767,2.4164,2.4165
2025-02-06 16:53:18.692433,2.4162,2.4163
2025-02-06 16:53:19.975405,2.416,2.4161
2025-02-06 16:53:21.260275,2.4162,2.4163
2025-02-06 16:53:22.544543,2.4162,2.4163
2025-02-06 16:53:23.829272,2.4155,2.4156
2025-02-06 16:53:25.112945,2.4158,2.4159
2025-02-06 16:53:26.395765,2.4158,2.4159
2025-02-06 16:53:27.679317,2.4156,2.4157
2025-02-06 16:53:28.961959,2.4157,2.4158
2025-02-06 16:53:30.246810,2.4158,2.4159
2025-02-06 16:53:31.529684,2.4158,2.4159
2025-02-06 16:53:32.814879,2.4158,2.4159
2025-02-06 16:53:34.100638,2.4156,2.4157
2025-02-06 16:53:35.383807,2.415,2.4151
2025-02-06 16:53:36.668350,2.4146,2.4147
2025-02-06 16:53:37.953158,2.4147,2.4148
2025-02-06 16:53:39.236221,2.4139,2.414
2025-02-06 16:53:40.519947,2.4143,2.4144
2025-02-06 16:53:41.805839,2.415,2.4151
2025-02-06 16:53:43.087477,2.4145,2.4146
2025-02-06 16:53:44.371753,2.4145,2.4146
2025-02-06 16:53:45.656747,2.4146,2.4147
2025-02-06 16:53:46.941986,2.4146,2.4147
2025-02-06 16:53:48.228355,2.4147,2.4148
2025-02-06 16:53:49.511862,2.4148,2.4149
2025-02-06 16:53:50.797000,2.4151,2.4152
2025-02-06 16:53:52.079491,2.4152,2.4153
2025-02-06 16:53:53.368415,2.4152,2.4153
2025-02-06 16:53:54.660524,2.4151,2.4152
2025-02-06 16:53:55.944769,2.4148,2.4149
2025-02-06 16:53:57.227534,2.4151,2.4152
2025-02-06 16:53:58.512122,2.4151,2.4152
2025-02-06 16:53:59.796711,2.4159,2.416
2025-02-06 16:54:01.082970,2.4159,2.416
2025-02-06 16:54:02.368474,2.4158,2.4159
2025-02-06 16:54:03.653145,2.4164,2.4165
2025-02-06 16:54:04.935485,2.4157,2.4158
2025-02-06 16:54:06.219701,2.4162,2.4163
2025-02-06 16:54:07.503939,2.4168,2.4169
2025-02-06 16:54:08.788644,2.4178,2.4179
2025-02-06 16:54:10.071974,2.4182,2.4183
2025-02-06 16:54:11.357347,2.4181,2.4182
2025-02-06 16:54:12.642652,2.4182,2.4183
2025-02-06 16:54:13.928345,2.4182,2.4183
2025-02-06 16:54:15.211615,2.4181,2.4182
2025-02-06 16:54:16.496488,2.4181,2.4182
2025-02-06 16:54:17.779850,2.4181,2.4182
2025-02-06 16:54:19.064669,2.418,2.4181
2025-02-06 16:54:20.349441,2.4179,2.418
2025-02-06 16:54:21.632872,2.4175,2.4176
2025-02-06 16:54:22.917373,2.4175,2.4176
2025-02-06 16:54:24.203045,2.4175,2.4176
2025-02-06 16:54:25.487416,2.418,2.4181
2025-02-06 16:54:26.769973,2.418,2.4181
2025-02-06 16:54:28.055214,2.418,2.4181
2025-02-06 16:54:29.346360,2.4173,2.4174
2025-02-06 16:54:30.629906,2.4174,2.4175
2025-02-06 16:54:31.913318,2.4172,2.4173
2025-02-06 16:54:33.197192,2.4171,2.4172
2025-02-06 16:54:34.931872,2.4175,2.4176
2025-02-06 16:54:36.218254,2.4174,2.4175
2025-02-06 16:54:37.504422,2.4172,2.4173
2025-02-06 16:54:38.786237,2.4171,2.4172
2025-02-06 16:54:40.071406,2.4171,2.4172
2025-02-06 16:54:41.356923,2.4171,2.4172
2025-02-06 16:54:42.642569,2.4173,2.4174
2025-02-06 16:54:43.926556,2.4175,2.4176
2025-02-06 16:54:45.210945,2.4179,2.418
2025-02-06 16:54:46.494727,2.4179,2.418
2025-02-06 16:54:47.780643,2.4179,2.418
2025-02-06 16:54:49.065659,2.4189,2.419
2025-02-06 16:54:50.355787,2.4199,2.42
2025-02-06 16:54:51.639100,2.4203,2.4204
2025-02-06 16:54:52.923857,2.4205,2.4206
2025-02-06 16:54:54.211467,2.4205,2.4206
2025-02-06 16:54:55.494029,2.4205,2.4206
2025-02-06 16:54:56.776940,2.4205,2.4206
2025-02-06 16:54:58.061909,2.4203,2.4204
2025-02-06 16:54:59.345920,2.4202,2.4203
2025-02-06 16:55:00.629400,2.4202,2.4203
2025-02-06 16:55:01.914295,2.4205,2.4206
2025-02-06 16:55:03.199640,2.4207,2.4208
2025-02-06 16:55:04.483762,2.4225,2.4226
2025-02-06 16:55:05.767175,2.4236,2.4237
2025-02-06 16:55:07.052720,2.4234,2.4235
2025-02-06 16:55:08.340779,2.4231,2.4232
2025-02-06 16:55:09.625644,2.4228,2.4229
2025-02-06 16:55:10.908857,2.4241,2.4242
2025-02-06 16:55:12.192562,2.4257,2.4258
2025-02-06 16:55:13.475866,2.4262,2.4263
2025-02-06 16:55:14.762083,2.4256,2.4257
2025-02-06 16:55:16.046156,2.4258,2.4259
2025-02-06 16:55:17.330586,2.4253,2.4254
2025-02-06 16:55:18.616314,2.4253,2.4254
2025-02-06 16:55:19.899781,2.4253,2.4254
2025-02-06 16:55:21.185873,2.4248,2.4249
2025-02-06 16:55:22.469232,2.4246,2.4247
2025-02-06 16:55:23.754768,2.4251,2.4252
2025-02-06 16:55:25.038801,2.4251,2.4252
2025-02-06 16:55:26.322011,2.4248,2.4249
2025-02-06 16:55:27.606690,2.4246,2.4247
2025-02-06 16:55:28.891577,2.4246,2.4247
2025-02-06 16:55:30.175328,2.4246,2.4247
2025-02-06 16:55:31.459064,2.4243,2.4244
2025-02-06 16:55:32.745173,2.4257,2.4258
2025-02-06 16:55:34.030074,2.4257,2.4258
2025-02-06 16:55:35.316278,2.4257,2.4258
2025-02-06 16:55:36.600616,2.4257,2.4258
2025-02-06 16:55:37.884800,2.4255,2.4256
2025-02-06 16:55:39.168124,2.4257,2.4258
2025-02-06 16:55:40.452719,2.4257,2.4258
2025-02-06 16:55:41.739259,2.426,2.4261
2025-02-06 16:55:43.022029,2.4263,2.4264
2025-02-06 16:55:44.306868,2.4258,2.4259
2025-02-06 16:55:45.599540,2.4259,2.426
2025-02-06 16:55:46.882295,2.4263,2.4264
2025-02-06 16:55:48.165933,2.4263,2.4264
2025-02-06 16:55:49.450338,2.4265,2.4266
2025-02-06 16:55:50.735822,2.427,2.4271
2025-02-06 16:55:52.020027,2.4273,2.4274
2025-02-06 16:55:53.305490,2.4273,2.4274
2025-02-06 16:55:54.588868,2.427,2.4271
2025-02-06 16:55:55.871413,2.4273,2.4274
2025-02-06 16:55:57.154946,2.4266,2.4267
2025-02-06 16:55:58.437912,2.4259,2.426
2025-02-06 16:55:59.721920,2.4258,2.4259
2025-02-06 16:56:01.007239,2.4258,2.4259
2025-02-06 16:56:02.294007,2.4254,2.4255
2025-02-06 16:56:03.577573,2.4272,2.4273
2025-02-06 16:56:04.862344,2.4271,2.4272
2025-02-06 16:56:06.151553,2.4267,2.4268
2025-02-06 16:56:07.437267,2.4269,2.427
2025-02-06 16:56:08.719853,2.4258,2.4259
2025-02-06 16:56:10.002258,2.4257,2.4258
2025-02-06 16:56:11.286807,2.4258,2.4259
2025-02-06 16:56:12.574607,2.4253,2.4254
2025-02-06 16:56:13.858027,2.4253,2.4254
2025-02-06 16:56:15.141276,2.4251,2.4252
2025-02-06 16:56:16.426154,2.4244,2.4245
2025-02-06 16:56:17.711976,2.4236,2.4237
2025-02-06 16:56:18.999687,2.4236,2.4237
2025-02-06 16:56:20.282806,2.4234,2.4235
2025-02-06 16:56:21.568675,2.4229,2.423
2025-02-06 16:56:22.852875,2.4232,2.4233
2025-02-06 16:56:24.137572,2.4222,2.4223
2025-02-06 16:56:25.421645,2.422,2.4221
2025-02-06 16:56:26.705374,2.422,2.4221
2025-02-06 16:56:27.990783,2.4213,2.4214
2025-02-06 16:56:29.273168,2.4213,2.4214
2025-02-06 16:56:30.560518,2.4214,2.4215
2025-02-06 16:56:31.844370,2.4209,2.421
2025-02-06 16:56:33.127845,2.4207,2.4208
2025-02-06 16:56:34.410456,2.4206,2.4207
2025-02-06 16:56:35.699514,2.4209,2.421
2025-02-06 16:56:37.432562,2.4216,2.4217
2025-02-06 16:56:38.715887,2.4219,2.422
2025-02-06 16:56:40.000690,2.4219,2.422
2025-02-06 16:56:41.284859,2.4212,2.4213
2025-02-06 16:56:42.569144,2.421,2.4211
2025-02-06 16:56:43.857231,2.421,2.4211
2025-02-06 16:56:45.138683,2.4213,2.4214
2025-02-06 16:56:46.424350,2.4212,2.4213
2025-02-06 16:56:47.711925,2.4211,2.4212
2025-02-06 16:56:48.997307,2.4215,2.4216
2025-02-06 16:56:50.282775,2.4208,2.4209
2025-02-06 16:56:51.567227,2.421,2.4211
2025-02-06 16:56:52.849922,2.421,2.4211
2025-02-06 16:56:54.136896,2.4211,2.4212
2025-02-06 16:56:55.421511,2.4211,2.4212
2025-02-06 16:56:56.707349,2.4211,2.4212
2025-02-06 16:56:57.993888,2.4211,2.4212
2025-02-06 16:56:59.277940,2.4206,2.4207
2025-02-06 16:57:00.561800,2.4207,2.4208
2025-02-06 16:57:01.846614,2.4207,2.4208
2025-02-06 16:57:03.131755,2.4213,2.4214
2025-02-06 16:57:04.416929,2.4212,2.4213
2025-02-06 16:57:05.700199,2.4208,2.4209
2025-02-06 16:57:06.983817,2.4203,2.4204
2025-02-06 16:57:08.267849,2.4206,2.4207
2025-02-06 16:57:09.552104,2.4206,2.4207
2025-02-06 16:57:10.836813,2.4206,2.4207
2025-02-06 16:57:12.122041,2.4213,2.4214
2025-02-06 16:57:13.406765,2.4213,2.4214
2025-02-06 16:57:14.691595,2.4216,2.4217
2025-02-06 16:57:15.976243,2.4214,2.4215
2025-02-06 16:57:17.261634,2.4216,2.4217
2025-02-06 16:57:18.546141,2.422,2.4221
2025-02-06 16:57:19.833300,2.4227,2.4228
2025-02-06 16:57:21.119125,2.423,2.4231
2025-02-06 16:57:22.405753,2.4236,2.4237
2025-02-06 16:57:23.689135,2.4239,2.424
2025-02-06 16:57:24.973489,2.4241,2.4242
2025-02-06 16:57:26.265314,2.4241,2.4242
2025-02-06 16:57:27.549893,2.4238,2.4239
2025-02-06 16:57:28.835026,2.4239,2.424
2025-02-06 16:57:30.118461,2.4239,2.424
2025-02-06 16:57:31.401054,2.4242,2.4243
2025-02-06 16:57:32.684089,2.4245,2.4246
2025-02-06 16:57:33.968488,2.4243,2.4244
2025-02-06 16:57:35.252021,2.4249,2.425
2025-02-06 16:57:36.539110,2.4244,2.4245
2025-02-06 16:57:37.821805,2.4241,2.4242
2025-02-06 16:57:39.105101,2.4241,2.4242
2025-02-06 16:57:40.390913,2.4233,2.4234
2025-02-06 16:57:41.674236,2.4228,2.4229
2025-02-06 16:57:42.958241,2.4228,2.4229
2025-02-06 16:57:44.242357,2.4228,2.4229
2025-02-06 16:57:45.525812,2.4223,2.4224
2025-02-06 16:57:46.979474,2.422,2.4221
2025-02-06 16:57:48.275705,2.422,2.4221
2025-02-06 16:57:49.559754,2.422,2.4221
2025-02-06 16:57:50.842709,2.4224,2.4225
2025-02-06 16:57:52.129049,2.4222,2.4223
2025-02-06 16:57:53.414973,2.4223,2.4224
2025-02-06 16:57:54.701185,2.4227,2.4228
2025-02-06 16:57:55.988482,2.4227,2.4228
2025-02-06 16:57:57.272227,2.4224,2.4225
2025-02-06 16:57:58.555955,2.4224,2.4225
2025-02-06 16:57:59.840356,2.4219,2.422
2025-02-06 16:58:01.123975,2.422,2.4221
2025-02-06 16:58:02.409066,2.4225,2.4226
2025-02-06 16:58:03.691222,2.4235,2.4236
2025-02-06 16:58:04.975288,2.4228,2.4229
2025-02-06 16:58:06.259910,2.4226,2.4227
2025-02-06 16:58:07.545601,2.4229,2.423
2025-02-06 16:58:08.830231,2.4229,2.423
2025-02-06 16:58:10.115020,2.4231,2.4232
2025-02-06 16:58:11.399728,2.4234,2.4235
2025-02-06 16:58:12.684947,2.4234,2.4235
2025-02-06 16:58:13.971654,2.4234,2.4235
2025-02-06 16:58:15.255837,2.4226,2.4227
2025-02-06 16:58:16.541188,2.4239,2.424
2025-02-06 16:58:17.827224,2.4239,2.424
2025-02-06 16:58:19.110909,2.4238,2.4239
2025-02-06 16:58:20.394733,2.4234,2.4235
2025-02-06 16:58:21.680701,2.4238,2.4239
2025-02-06 16:58:22.967747,2.4233,2.4234
2025-02-06 16:58:24.255553,2.4233,2.4234
2025-02-06 16:58:25.539951,2.4216,2.4217
2025-02-06 16:58:26.824862,2.4217,2.4218
2025-02-06 16:58:28.107913,2.4217,2.4218
2025-02-06 16:58:29.395118,2.4216,2.4217
2025-02-06 16:58:30.678209,2.4209,2.421
2025-02-06 16:58:31.961060,2.4205,2.4206
2025-02-06 16:58:33.245642,2.4205,2.4206
2025-02-06 16:58:34.531623,2.4203,2.4204
2025-02-06 16:58:35.818220,2.4204,2.4205
2025-02-06 16:58:37.102936,2.42,2.4201
2025-02-06 16:58:38.843376,2.4201,2.4202
2025-02-06 16:58:40.128632,2.4202,2.4203
2025-02-06 16:58:41.411599,2.4202,2.4203
2025-02-06 16:58:42.694556,2.4204,2.4205
2025-02-06 16:58:43.978964,2.4204,2.4205
2025-02-06 16:58:45.262117,2.42,2.4201
2025-02-06 16:58:46.551172,2.4198,2.4199
2025-02-06 16:58:47.834162,2.4198,2.4199
2025-02-06 16:58:49.118514,2.4198,2.4199
2025-02-06 16:58:50.403116,2.4198,2.4199
2025-02-06 16:58:51.688206,2.4198,2.4199
2025-02-06 16:58:52.975197,2.4197,2.4198
2025-02-06 16:58:54.260607,2.4197,2.4198
2025-02-06 16:58:55.545122,2.4197,2.4198
2025-02-06 16:58:56.827984,2.419,2.4191
2025-02-06 16:58:58.111134,2.4188,2.4189
2025-02-06 16:58:59.409131,2.4188,2.4189
2025-02-06 16:59:00.693124,2.4183,2.4184
2025-02-06 16:59:01.979570,2.4183,2.4184
2025-02-06 16:59:03.263558,2.4181,2.4182
2025-02-06 16:59:04.548981,2.4172,2.4173
2025-02-06 16:59:05.834981,2.4167,2.4168
2025-02-06 16:59:07.120676,2.4168,2.4169
2025-02-06 16:59:08.410651,2.4168,2.4169
2025-02-06 16:59:09.695318,2.4173,2.4174
2025-02-06 16:59:10.979379,2.4171,2.4172
2025-02-06 16:59:12.263124,2.417,2.4171
2025-02-06 16:59:13.546986,2.4174,2.4175
2025-02-06 16:59:14.831940,2.4175,2.4176
2025-02-06 16:59:16.115632,2.4177,2.4178
2025-02-06 16:59:17.399469,2.4178,2.4179
2025-02-06 16:59:18.684605,2.418,2.4181
2025-02-06 16:59:19.969245,2.4187,2.4188
2025-02-06 16:59:21.253131,2.4186,2.4187
2025-02-06 16:59:22.538448,2.4187,2.4188
2025-02-06 16:59:23.821443,2.4187,2.4188
2025-02-06 16:59:25.109452,2.4184,2.4185
2025-02-06 16:59:26.393723,2.4179,2.418
2025-02-06 16:59:27.676290,2.418,2.4181
2025-02-06 16:59:28.963341,2.4182,2.4183
2025-02-06 16:59:30.246774,2.4178,2.4179
2025-02-06 16:59:31.531012,2.4177,2.4178
2025-02-06 16:59:32.817762,2.4174,2.4175
2025-02-06 16:59:34.101423,2.4177,2.4178
2025-02-06 16:59:35.385947,2.4181,2.4182
2025-02-06 16:59:36.670354,2.4178,2.4179
2025-02-06 16:59:37.963065,2.4179,2.418
2025-02-06 16:59:39.249590,2.4179,2.418
2025-02-06 16:59:40.534495,2.418,2.4181
2025-02-06 16:59:41.819102,2.418,2.4181
2025-02-06 16:59:43.105779,2.4181,2.4182
2025-02-06 16:59:44.389368,2.4181,2.4182
2025-02-06 16:59:45.673035,2.4184,2.4185
2025-02-06 16:59:46.960278,2.4184,2.4185
2025-02-06 16:59:48.246721,2.4184,2.4185
2025-02-06 16:59:49.531096,2.4184,2.4185
2025-02-06 16:59:50.816408,2.4184,2.4185
2025-02-06 16:59:52.104540,2.4183,2.4184
2025-02-06 16:59:53.389481,2.4183,2.4184
2025-02-06 16:59:54.674052,2.4183,2.4184
2025-02-06 16:59:55.962799,2.4183,2.4184
2025-02-06 16:59:57.248410,2.4183,2.4184
2025-02-06 16:59:58.532191,2.4198,2.4199
2025-02-06 16:59:59.814605,2.4195,2.4196
2025-02-06 17:00:01.099222,2.4195,2.4196
2025-02-06 17:00:02.387188,2.4203,2.4204
2025-02-06 17:00:04.858690,2.4204,2.4205
2025-02-06 17:00:06.146702,2.4205,2.4206
2025-02-06 17:00:07.432451,2.4205,2.4206
2025-02-06 17:00:08.717915,2.4206,2.4207
2025-02-06 17:00:10.006497,2.4211,2.4212
2025-02-06 17:00:11.289996,2.4215,2.4216
2025-02-06 17:00:12.575495,2.4215,2.4216
2025-02-06 17:00:13.859098,2.4219,2.422
2025-02-06 17:00:15.143774,2.4219,2.422
2025-02-06 17:00:16.427111,2.4221,2.4222
2025-02-06 17:00:17.711925,2.4221,2.4222
2025-02-06 17:00:18.997833,2.4229,2.423
2025-02-06 17:00:20.284484,2.4233,2.4234
2025-02-06 17:00:21.567035,2.4233,2.4234
2025-02-06 17:00:22.851249,2.4237,2.4238
2025-02-06 17:00:24.138375,2.4238,2.4239
2025-02-06 17:00:25.421781,2.4241,2.4242
2025-02-06 17:00:26.704298,2.424,2.4241
2025-02-06 17:00:27.989402,2.4236,2.4237
2025-02-06 17:00:29.274334,2.4235,2.4236
2025-02-06 17:00:30.560852,2.4236,2.4237
2025-02-06 17:00:31.850526,2.4243,2.4244
2025-02-06 17:00:33.136704,2.4259,2.426
2025-02-06 17:00:34.422979,2.4255,2.4256
2025-02-06 17:00:35.709169,2.4258,2.4259
2025-02-06 17:00:36.993943,2.4255,2.4256
2025-02-06 17:00:38.278595,2.4252,2.4253
2025-02-06 17:00:39.561755,2.4256,2.4257
2025-02-06 17:00:40.846469,2.4257,2.4258
2025-02-06 17:00:42.129103,2.4257,2.4258
2025-02-06 17:00:43.414528,2.4264,2.4265
2025-02-06 17:00:44.699162,2.4271,2.4272
2025-02-06 17:00:45.981137,2.4273,2.4274
2025-02-06 17:00:47.265212,2.4273,2.4274
2025-02-06 17:00:48.549537,2.4259,2.426
2025-02-06 17:00:49.833119,2.4259,2.426
2025-02-06 17:00:51.116848,2.4254,2.4255
2025-02-06 17:00:52.401958,2.4249,2.425
2025-02-06 17:00:53.690546,2.4249,2.425
2025-02-06 17:00:54.974670,2.4242,2.4243
2025-02-06 17:00:56.257110,2.4238,2.4239
2025-02-06 17:00:57.542540,2.4238,2.4239
2025-02-06 17:00:58.826837,2.4242,2.4243
2025-02-06 17:01:00.111066,2.4241,2.4242
2025-02-06 17:01:01.397562,2.4241,2.4242
2025-02-06 17:01:02.685539,2.424,2.4241
2025-02-06 17:01:03.970476,2.4238,2.4239
2025-02-06 17:01:05.257530,2.422,2.4221
2025-02-06 17:01:06.542471,2.4217,2.4218
2025-02-06 17:01:07.827334,2.4217,2.4218
2025-02-06 17:01:09.113027,2.422,2.4221
2025-02-06 17:01:10.405558,2.4221,2.4222
2025-02-06 17:01:11.690308,2.4225,2.4226
2025-02-06 17:01:12.974689,2.4218,2.4219
2025-02-06 17:01:14.260089,2.4208,2.4209
2025-02-06 17:01:15.546766,2.4203,2.4204
2025-02-06 17:01:16.831679,2.4203,2.4204
2025-02-06 17:01:18.116622,2.4202,2.4203
2025-02-06 17:01:19.402673,2.42,2.4201
2025-02-06 17:01:20.687841,2.4204,2.4205
2025-02-06 17:01:21.973583,2.4199,2.42
2025-02-06 17:01:23.258331,2.4201,2.4202
2025-02-06 17:01:24.543353,2.4208,2.4209
2025-02-06 17:01:25.831822,2.4217,2.4218
2025-02-06 17:01:27.115473,2.4222,2.4223
2025-02-06 17:01:28.401606,2.4223,2.4224
2025-02-06 17:01:29.697346,2.422,2.4221
2025-02-06 17:01:30.983392,2.4221,2.4222
2025-02-06 17:01:32.270000,2.4232,2.4233
2025-02-06 17:01:33.560195,2.4231,2.4232
2025-02-06 17:01:34.846135,2.4231,2.4232
2025-02-06 17:01:36.130830,2.4232,2.4233
2025-02-06 17:01:37.414749,2.4233,2.4234
2025-02-06 17:01:38.700694,2.4238,2.4239
2025-02-06 17:01:39.985923,2.4235,2.4236
2025-02-06 17:01:41.721130,2.4237,2.4238
2025-02-06 17:01:43.005592,2.4238,2.4239
2025-02-06 17:01:44.290574,2.4238,2.4239
2025-02-06 17:01:45.576134,2.4238,2.4239
2025-02-06 17:01:46.861959,2.4249,2.425
2025-02-06 17:01:48.148801,2.4249,2.425
2025-02-06 17:01:49.433143,2.4251,2.4252
2025-02-06 17:01:50.721552,2.4264,2.4265
2025-02-06 17:01:52.008522,2.4269,2.427
2025-02-06 17:01:53.293135,2.4269,2.427
2025-02-06 17:01:54.577760,2.4269,2.427
2025-02-06 17:01:55.859596,2.4268,2.4269
2025-02-06 17:01:57.143609,2.4268,2.4269
2025-02-06 17:01:58.428231,2.4272,2.4273
2025-02-06 17:01:59.712727,2.4265,2.4266
2025-02-06 17:02:00.995263,2.4264,2.4265
2025-02-06 17:02:02.280435,2.4263,2.4264
2025-02-06 17:02:03.562616,2.4271,2.4272
2025-02-06 17:02:04.851020,2.4279,2.428
2025-02-06 17:02:06.136584,2.4276,2.4277
2025-02-06 17:02:07.420899,2.428,2.4281
2025-02-06 17:02:08.706061,2.4288,2.4289
2025-02-06 17:02:09.992356,2.4283,2.4284
2025-02-06 17:02:11.275862,2.4282,2.4283
2025-02-06 17:02:12.564927,2.4285,2.4286
2025-02-06 17:02:13.852890,2.4287,2.4288
2025-02-06 17:02:15.139905,2.4283,2.4284
2025-02-06 17:02:16.422206,2.4282,2.4283
2025-02-06 17:02:17.715118,2.4276,2.4277
2025-02-06 17:02:18.999561,2.4275,2.4276
2025-02-06 17:02:20.284406,2.4274,2.4275
2025-02-06 17:02:21.571115,2.4257,2.4258
2025-02-06 17:02:22.855485,2.4245,2.4246
2025-02-06 17:02:24.139846,2.4243,2.4244
2025-02-06 17:02:25.423704,2.4241,2.4242
2025-02-06 17:02:26.713114,2.4243,2.4244
2025-02-06 17:02:27.996841,2.4243,2.4244
2025-02-06 17:02:29.280552,2.4243,2.4244
2025-02-06 17:02:30.565803,2.4234,2.4235
2025-02-06 17:02:31.881904,2.4237,2.4238
2025-02-06 17:02:33.163985,2.4236,2.4237
2025-02-06 17:02:34.450661,2.4231,2.4232
2025-02-06 17:02:35.735173,2.4217,2.4218
2025-02-06 17:02:37.019269,2.4221,2.4222
2025-02-06 17:02:38.306292,2.4232,2.4233
2025-02-06 17:02:39.598597,2.4232,2.4233
2025-02-06 17:02:40.894716,2.424,2.4241
2025-02-06 17:02:42.631521,2.4241,2.4242
2025-02-06 17:02:43.914729,2.4246,2.4247
2025-02-06 17:02:45.197919,2.4256,2.4257
2025-02-06 17:02:46.480992,2.4251,2.4252
2025-02-06 17:02:47.766399,2.4246,2.4247
2025-02-06 17:02:49.052652,2.4244,2.4245
2025-02-06 17:02:50.337815,2.424,2.4241
2025-02-06 17:02:51.621058,2.4243,2.4244
2025-02-06 17:02:52.905984,2.4245,2.4246
2025-02-06 17:02:54.190825,2.4247,2.4248
2025-02-06 17:02:55.476170,2.4247,2.4248
2025-02-06 17:02:56.759916,2.4254,2.4255
2025-02-06 17:02:58.045088,2.4256,2.4257
2025-02-06 17:02:59.329959,2.4256,2.4257
2025-02-06 17:03:00.613153,2.425,2.4251
2025-02-06 17:03:01.898456,2.4246,2.4247
2025-02-06 17:03:03.181512,2.423,2.4231
2025-02-06 17:03:04.467570,2.4233,2.4234
2025-02-06 17:03:05.751317,2.4242,2.4243
2025-02-06 17:03:07.035527,2.4237,2.4238
2025-02-06 17:03:08.318777,2.4229,2.423
2025-02-06 17:03:09.604903,2.4233,2.4234
2025-02-06 17:03:10.891803,2.4229,2.423
2025-02-06 17:03:12.182454,2.4224,2.4225
2025-02-06 17:03:13.466120,2.4218,2.4219
2025-02-06 17:03:14.869624,2.422,2.4221
2025-02-06 17:03:16.154808,2.4224,2.4225
2025-02-06 17:03:17.439119,2.423,2.4231
2025-02-06 17:03:18.723758,2.4233,2.4234
2025-02-06 17:03:20.008483,2.424,2.4241
2025-02-06 17:03:21.293791,2.424,2.4241
2025-02-06 17:03:22.577670,2.424,2.4241
2025-02-06 17:03:23.868536,2.4233,2.4234
2025-02-06 17:03:25.152195,2.4232,2.4233
2025-02-06 17:03:26.439506,2.4222,2.4223
2025-02-06 17:03:27.722839,2.4219,2.422
2025-02-06 17:03:29.005546,2.4218,2.4219
2025-02-06 17:03:30.290544,2.4225,2.4226
2025-02-06 17:03:31.576238,2.4228,2.4229
2025-02-06 17:03:32.860871,2.4227,2.4228
2025-02-06 17:03:34.145802,2.422,2.4221
2025-02-06 17:03:35.429393,2.4218,2.4219
2025-02-06 17:03:36.714177,2.4213,2.4214
2025-02-06 17:03:37.996505,2.4214,2.4215
2025-02-06 17:03:39.278497,2.4214,2.4215
2025-02-06 17:03:40.562751,2.4208,2.4209
2025-02-06 17:03:41.848978,2.4209,2.421
2025-02-06 17:03:43.584796,2.421,2.4211
2025-02-06 17:03:44.869439,2.4216,2.4217
2025-02-06 17:03:46.152855,2.4224,2.4225
2025-02-06 17:03:47.440263,2.4219,2.422
2025-02-06 17:03:48.738018,2.4214,2.4215
2025-02-06 17:03:50.023876,2.4212,2.4213
2025-02-06 17:03:51.309095,2.4212,2.4213
2025-02-06 17:03:52.593958,2.4212,2.4213
2025-02-06 17:03:53.886645,2.4213,2.4214
2025-02-06 17:03:55.172222,2.4214,2.4215
2025-02-06 17:03:56.455468,2.4218,2.4219
2025-02-06 17:03:57.738141,2.4221,2.4222
2025-02-06 17:03:59.023146,2.4217,2.4218
2025-02-06 17:04:00.306013,2.421,2.4211
2025-02-06 17:04:01.593027,2.421,2.4211
2025-02-06 17:04:02.875900,2.4199,2.42
2025-02-06 17:04:04.158537,2.4205,2.4206
2025-02-06 17:04:05.442842,2.4197,2.4198
2025-02-06 17:04:06.728886,2.4193,2.4194
2025-02-06 17:04:08.012484,2.4184,2.4185
2025-02-06 17:04:09.296289,2.4175,2.4176
2025-02-06 17:04:10.580174,2.4175,2.4176
2025-02-06 17:04:11.867409,2.4178,2.4179
2025-02-06 17:04:13.149948,2.4185,2.4186
2025-02-06 17:04:14.439368,2.4183,2.4184
2025-02-06 17:04:15.724020,2.4178,2.4179
2025-02-06 17:04:17.007087,2.4178,2.4179
2025-02-06 17:04:18.291562,2.4182,2.4183
2025-02-06 17:04:19.575842,2.419,2.4191
2025-02-06 17:04:20.857767,2.419,2.4191
2025-02-06 17:04:22.141097,2.4189,2.419
2025-02-06 17:04:23.426258,2.4183,2.4184
2025-02-06 17:04:24.709454,2.4181,2.4182
2025-02-06 17:04:25.994993,2.4182,2.4183
2025-02-06 17:04:27.279521,2.4182,2.4183
2025-02-06 17:04:28.564755,2.4183,2.4184
2025-02-06 17:04:29.848886,2.4195,2.4196
2025-02-06 17:04:31.131785,2.4205,2.4206
2025-02-06 17:04:32.413626,2.4203,2.4204
2025-02-06 17:04:33.696955,2.4195,2.4196
2025-02-06 17:04:34.980049,2.4191,2.4192
2025-02-06 17:04:36.264790,2.4187,2.4188
2025-02-06 17:04:37.551509,2.4181,2.4182
2025-02-06 17:04:38.836420,2.418,2.4181
2025-02-06 17:04:40.118174,2.4181,2.4182
2025-02-06 17:04:41.402917,2.418,2.4181
2025-02-06 17:04:42.685401,2.4184,2.4185
2025-02-06 17:04:43.970232,2.4189,2.419
2025-02-06 17:04:45.253976,2.4192,2.4193
2025-02-06 17:04:46.538233,2.4189,2.419
2025-02-06 17:04:47.823799,2.4189,2.419
2025-02-06 17:04:49.106965,2.418,2.4181
2025-02-06 17:04:50.393759,2.4176,2.4177
2025-02-06 17:04:51.678119,2.4166,2.4167
2025-02-06 17:04:52.962044,2.4168,2.4169
2025-02-06 17:04:54.246227,2.4168,2.4169
2025-02-06 17:04:55.530597,2.4161,2.4162
2025-02-06 17:04:56.818116,2.4161,2.4162
2025-02-06 17:04:58.103561,2.416,2.4161
2025-02-06 17:04:59.386465,2.4163,2.4164
2025-02-06 17:05:00.673642,2.4163,2.4164
2025-02-06 17:05:01.957397,2.416,2.4161
2025-02-06 17:05:03.244520,2.4152,2.4153
2025-02-06 17:05:04.530890,2.4151,2.4152
2025-02-06 17:05:05.817880,2.4152,2.4153
2025-02-06 17:05:07.101072,2.416,2.4161
2025-02-06 17:05:08.385263,2.4153,2.4154
2025-02-06 17:05:09.671542,2.4151,2.4152
2025-02-06 17:05:10.957276,2.4143,2.4144
2025-02-06 17:05:12.243540,2.4134,2.4135
2025-02-06 17:05:13.527997,2.4137,2.4138
2025-02-06 17:05:14.813625,2.4132,2.4133
2025-02-06 17:05:16.099415,2.4133,2.4134
2025-02-06 17:05:17.386265,2.4129,2.413
2025-02-06 17:05:18.670379,2.4131,2.4132
2025-02-06 17:05:19.957260,2.4135,2.4136
2025-02-06 17:05:21.242123,2.4132,2.4133
2025-02-06 17:05:22.529156,2.4136,2.4137
2025-02-06 17:05:23.815290,2.4139,2.414
2025-02-06 17:05:25.100681,2.4146,2.4147
2025-02-06 17:05:26.388130,2.4149,2.415
2025-02-06 17:05:27.673972,2.4146,2.4147
2025-02-06 17:05:28.961685,2.4144,2.4145
2025-02-06 17:05:30.250500,2.4144,2.4145
2025-02-06 17:05:31.539714,2.4147,2.4148
2025-02-06 17:05:32.839779,2.4147,2.4148
2025-02-06 17:05:34.128087,2.4142,2.4143
2025-02-06 17:05:35.416369,2.4145,2.4146
2025-02-06 17:05:36.710090,2.4139,2.414
2025-02-06 17:05:37.995537,2.414,2.4141
2025-02-06 17:05:39.304823,2.4141,2.4142
2025-02-06 17:05:40.604138,2.4141,2.4142
2025-02-06 17:05:41.891552,2.4141,2.4142
2025-02-06 17:05:43.183755,2.4143,2.4144
2025-02-06 17:05:44.466807,2.4141,2.4142
2025-02-06 17:05:45.749405,2.4129,2.413
2025-02-06 17:05:47.033194,2.4129,2.413
2025-02-06 17:05:48.320146,2.4128,2.4129
2025-02-06 17:05:49.604993,2.4128,2.4129
2025-02-06 17:05:50.890055,2.4127,2.4128
2025-02-06 17:05:52.186380,2.413,2.4131
2025-02-06 17:05:53.473112,2.413,2.4131
2025-02-06 17:05:54.760331,2.4129,2.413
2025-02-06 17:05:56.057395,2.4129,2.413
2025-02-06 17:05:57.340668,2.4126,2.4127
2025-02-06 17:05:58.625678,2.4133,2.4134
2025-02-06 17:05:59.911319,2.4134,2.4135
2025-02-06 17:06:01.196903,2.4135,2.4136
2025-02-06 17:06:02.484049,2.4135,2.4136
2025-02-06 17:06:03.773499,2.4135,2.4136
2025-02-06 17:06:05.058664,2.4131,2.4132
2025-02-06 17:06:06.341998,2.413,2.4131
2025-02-06 17:06:07.626210,2.4123,2.4124
2025-02-06 17:06:08.909772,2.4123,2.4124
2025-02-06 17:06:10.196454,2.4123,2.4124
2025-02-06 17:06:11.482815,2.4128,2.4129
2025-02-06 17:06:12.766478,2.4133,2.4134
2025-02-06 17:06:14.054290,2.4133,2.4134
2025-02-06 17:06:15.341174,2.4139,2.414
2025-02-06 17:06:16.625765,2.4141,2.4142
2025-02-06 17:06:17.928163,2.4139,2.414
2025-02-06 17:06:19.227045,2.4124,2.4125
2025-02-06 17:06:20.514831,2.412,2.4121
2025-02-06 17:06:21.800736,2.412,2.4121
2025-02-06 17:06:23.094667,2.4119,2.412
2025-02-06 17:06:24.380498,2.4118,2.4119
2025-02-06 17:06:25.677747,2.4118,2.4119
2025-02-06 17:06:26.971802,2.4118,2.4119
2025-02-06 17:06:28.257441,2.4124,2.4125
2025-02-06 17:06:29.544550,2.4126,2.4127
2025-02-06 17:06:30.833297,2.4131,2.4132
2025-02-06 17:06:32.119435,2.4131,2.4132
2025-02-06 17:06:33.402775,2.4133,2.4134
2025-02-06 17:06:34.688577,2.4133,2.4134
2025-02-06 17:06:35.973939,2.4133,2.4134
2025-02-06 17:06:37.267065,2.4133,2.4134
2025-02-06 17:06:38.555904,2.414,2.4141
2025-02-06 17:06:39.862418,2.4143,2.4144
2025-02-06 17:06:41.148292,2.415,2.4151
2025-02-06 17:06:42.436800,2.4142,2.4143
2025-02-06 17:06:43.724330,2.4146,2.4147
2025-02-06 17:06:45.009572,2.4146,2.4147
2025-02-06 17:06:46.299972,2.4144,2.4145
2025-02-06 17:06:48.046301,2.4144,2.4145
2025-02-06 17:06:49.333636,2.4142,2.4143
2025-02-06 17:06:50.619667,2.4136,2.4137
2025-02-06 17:06:51.906497,2.4127,2.4128
2025-02-06 17:06:53.197415,2.4126,2.4127
2025-02-06 17:06:54.482731,2.4122,2.4123
2025-02-06 17:06:55.770259,2.412,2.4121
2025-02-06 17:06:57.058492,2.412,2.4121
2025-02-06 17:06:58.347074,2.4118,2.4119
2025-02-06 17:06:59.634010,2.4112,2.4113
2025-02-06 17:07:00.919880,2.411,2.4111
2025-02-06 17:07:02.206561,2.4107,2.4108
2025-02-06 17:07:03.494900,2.4095,2.4096
2025-02-06 17:07:04.796999,2.409,2.4091
2025-02-06 17:07:06.092796,2.4088,2.4089
2025-02-06 17:07:07.376436,2.4086,2.4087
2025-02-06 17:07:08.662659,2.4077,2.4078
2025-02-06 17:07:09.945754,2.408,2.4081
2025-02-06 17:07:11.229820,2.4081,2.4082
2025-02-06 17:07:12.517928,2.408,2.4081
2025-02-06 17:07:13.802844,2.4067,2.4068
2025-02-06 17:07:15.087263,2.4062,2.4063
2025-02-06 17:07:16.373229,2.4061,2.4062
2025-02-06 17:07:17.666258,2.4056,2.4057
2025-02-06 17:07:18.951209,2.4051,2.4052
2025-02-06 17:07:20.237064,2.4053,2.4054
2025-02-06 17:07:21.523519,2.4043,2.4044
2025-02-06 17:07:22.810744,2.4045,2.4046
2025-02-06 17:07:24.096588,2.4055,2.4056
2025-02-06 17:07:25.381168,2.4048,2.4049
2025-02-06 17:07:26.670256,2.4032,2.4033
2025-02-06 17:07:27.955253,2.4029,2.403
2025-02-06 17:07:29.240151,2.4038,2.4039
2025-02-06 17:07:30.525902,2.4044,2.4045
2025-02-06 17:07:31.809990,2.4046,2.4047
2025-02-06 17:07:33.096728,2.4048,2.4049
2025-02-06 17:07:34.381266,2.406,2.4061
2025-02-06 17:07:35.666911,2.4053,2.4054
2025-02-06 17:07:36.956432,2.4053,2.4054
2025-02-06 17:07:38.241489,2.4047,2.4048
2025-02-06 17:07:39.526274,2.4046,2.4047
2025-02-06 17:07:40.810809,2.4057,2.4058
2025-02-06 17:07:42.096139,2.4058,2.4059
2025-02-06 17:07:43.380020,2.4055,2.4056
2025-02-06 17:07:44.664518,2.4051,2.4052
2025-02-06 17:07:45.950380,2.4051,2.4052
2025-02-06 17:07:47.236194,2.4051,2.4052
2025-02-06 17:07:48.521428,2.4048,2.4049
2025-02-06 17:07:49.810448,2.4048,2.4049
2025-02-06 17:07:51.097728,2.405,2.4051
2025-02-06 17:07:52.383777,2.405,2.4051
2025-02-06 17:07:53.677568,2.4051,2.4052
2025-02-06 17:07:54.964687,2.4056,2.4057
2025-02-06 17:07:56.253470,2.4057,2.4058
2025-02-06 17:07:57.539442,2.4051,2.4052
2025-02-06 17:07:58.827769,2.4044,2.4045
2025-02-06 17:08:00.113427,2.4042,2.4043
2025-02-06 17:08:01.397381,2.4035,2.4036
2025-02-06 17:08:02.682190,2.4034,2.4035
2025-02-06 17:08:03.979654,2.4035,2.4036
2025-02-06 17:08:05.266310,2.4026,2.4027
2025-02-06 17:08:06.550295,2.4023,2.4024
2025-02-06 17:08:07.840687,2.4021,2.4022
2025-02-06 17:08:09.128121,2.4021,2.4022
2025-02-06 17:08:10.413382,2.4018,2.4019
2025-02-06 17:08:11.697754,2.402,2.4021
2025-02-06 17:08:12.983171,2.402,2.4021
2025-02-06 17:08:14.279143,2.4012,2.4013
2025-02-06 17:08:15.568586,2.401,2.4011
2025-02-06 17:08:16.856140,2.4008,2.4009
2025-02-06 17:08:18.173077,2.4006,2.4007
2025-02-06 17:08:19.463101,2.4011,2.4012
2025-02-06 17:08:20.751544,2.4011,2.4012
2025-02-06 17:08:22.041471,2.4015,2.4016
2025-02-06 17:08:23.331108,2.4015,2.4016
2025-02-06 17:08:24.616217,2.4013,2.4014
2025-02-06 17:08:25.911328,2.4013,2.4014
2025-02-06 17:08:27.196609,2.4008,2.4009
2025-02-06 17:08:28.485660,2.4008,2.4009
2025-02-06 17:08:29.779355,2.4015,2.4016
2025-02-06 17:08:31.072915,2.4016,2.4017
2025-02-06 17:08:32.359074,2.4018,2.4019
2025-02-06 17:08:33.647988,2.4012,2.4013
2025-02-06 17:08:34.939383,2.4012,2.4013
2025-02-06 17:08:36.228675,2.4013,2.4014
2025-02-06 17:08:37.524796,2.4014,2.4015
2025-02-06 17:08:38.811386,2.4014,2.4015
2025-02-06 17:08:40.100106,2.4012,2.4013
2025-02-06 17:08:41.391630,2.4012,2.4013
2025-02-06 17:08:42.682025,2.4,2.4001
2025-02-06 17:08:43.969262,2.4001,2.4002
2025-02-06 17:08:45.257875,2.4005,2.4006
2025-02-06 17:08:46.546184,2.4027,2.4028
2025-02-06 17:08:47.837690,2.4023,2.4024
2025-02-06 17:08:49.121748,2.4022,2.4023
2025-02-06 17:08:50.901851,2.4032,2.4033
2025-02-06 17:08:52.642409,2.4046,2.4047
2025-02-06 17:08:53.935531,2.4038,2.4039
2025-02-06 17:08:55.222616,2.4035,2.4036
2025-02-06 17:08:56.508074,2.4034,2.4035
2025-02-06 17:08:57.792328,2.4029,2.403
2025-02-06 17:08:59.077538,2.4026,2.4027
2025-02-06 17:09:00.372213,2.4029,2.403
2025-02-06 17:09:01.655652,2.4036,2.4037
2025-02-06 17:09:02.942566,2.4041,2.4042
2025-02-06 17:09:04.229029,2.4058,2.4059
2025-02-06 17:09:05.519876,2.4058,2.4059
2025-02-06 17:09:06.811769,2.4074,2.4075
2025-02-06 17:09:08.100932,2.4072,2.4073
2025-02-06 17:09:09.387034,2.4075,2.4076
2025-02-06 17:09:10.672628,2.407,2.4071
2025-02-06 17:09:11.965486,2.4069,2.407
2025-02-06 17:09:13.251117,2.4069,2.407
2025-02-06 17:09:14.544532,2.4069,2.407
2025-02-06 17:09:15.829968,2.4059,2.406
2025-02-06 17:09:17.118033,2.4053,2.4054
2025-02-06 17:09:18.407774,2.4059,2.406
2025-02-06 17:09:19.693251,2.4065,2.4066
2025-02-06 17:09:20.979189,2.4066,2.4067
2025-02-06 17:09:22.280102,2.4068,2.4069
2025-02-06 17:09:23.563422,2.4073,2.4074
2025-02-06 17:09:24.851177,2.4075,2.4076
2025-02-06 17:09:26.145167,2.4085,2.4086
2025-02-06 17:09:27.429793,2.4085,2.4086
2025-02-06 17:09:28.716813,2.4086,2.4087
2025-02-06 17:09:30.001634,2.4088,2.4089
2025-02-06 17:09:31.315691,2.4097,2.4098
2025-02-06 17:09:32.602200,2.4095,2.4096
2025-02-06 17:09:33.888533,2.4097,2.4098
2025-02-06 17:09:35.176302,2.4092,2.4093
2025-02-06 17:09:36.461474,2.4083,2.4084
2025-02-06 17:09:37.749018,2.4075,2.4076
2025-02-06 17:09:39.039239,2.4064,2.4065
2025-02-06 17:09:40.324233,2.4056,2.4057
2025-02-06 17:09:41.609382,2.4054,2.4055
2025-02-06 17:09:42.899014,2.4055,2.4056
2025-02-06 17:09:44.184406,2.4065,2.4066
2025-02-06 17:09:45.481020,2.4074,2.4075
2025-02-06 17:09:46.765830,2.4074,2.4075
2025-02-06 17:09:48.049488,2.4073,2.4074
2025-02-06 17:09:49.334264,2.4074,2.4075
2025-02-06 17:09:50.618834,2.4074,2.4075
2025-02-06 17:09:51.902859,2.407,2.4071
2025-02-06 17:09:53.188924,2.4076,2.4077
2025-02-06 17:09:54.477678,2.4084,2.4085
2025-02-06 17:09:55.761027,2.4086,2.4087
2025-02-06 17:09:57.045825,2.4086,2.4087
2025-02-06 17:09:58.332476,2.4078,2.4079
2025-02-06 17:09:59.616527,2.4076,2.4077
2025-02-06 17:10:00.902802,2.4076,2.4077
2025-02-06 17:10:02.185943,2.4093,2.4094
2025-02-06 17:10:03.486008,2.4089,2.409
2025-02-06 17:10:04.772616,2.4084,2.4085
2025-02-06 17:10:06.059039,2.4086,2.4087
2025-02-06 17:10:07.344384,2.4085,2.4086
2025-02-06 17:10:08.630310,2.4086,2.4087
2025-02-06 17:10:09.914575,2.4081,2.4082
2025-02-06 17:10:11.198116,2.4076,2.4077
2025-02-06 17:10:12.484477,2.4077,2.4078
2025-02-06 17:10:13.768630,2.4076,2.4077
2025-02-06 17:10:15.054532,2.4072,2.4073
2025-02-06 17:10:16.340084,2.4069,2.407
2025-02-06 17:10:17.622246,2.4067,2.4068
2025-02-06 17:10:18.908846,2.4064,2.4065
2025-02-06 17:10:20.196009,2.4063,2.4064
2025-02-06 17:10:21.479581,2.4063,2.4064
2025-02-06 17:10:22.771691,2.4064,2.4065
2025-02-06 17:10:24.055426,2.4065,2.4066
2025-02-06 17:10:25.340353,2.4056,2.4057
2025-02-06 17:10:26.626918,2.4056,2.4057
2025-02-06 17:10:27.914234,2.4053,2.4054
2025-02-06 17:10:29.197623,2.4065,2.4066
2025-02-06 17:10:30.485077,2.4055,2.4056
2025-02-06 17:10:31.773007,2.4052,2.4053
2025-02-06 17:10:33.062433,2.4046,2.4047
2025-02-06 17:10:34.350536,2.4039,2.404
2025-02-06 17:10:35.633077,2.4039,2.404
2025-02-06 17:10:36.920337,2.4033,2.4034
2025-02-06 17:10:38.203844,2.4032,2.4033
2025-02-06 17:10:39.490186,2.4033,2.4034
2025-02-06 17:10:40.776747,2.404,2.4041
2025-02-06 17:10:42.061002,2.4037,2.4038
2025-02-06 17:10:43.351185,2.4037,2.4038
2025-02-06 17:10:44.637897,2.404,2.4041
2025-02-06 17:10:45.925936,2.4039,2.404
2025-02-06 17:10:47.212588,2.4039,2.404
2025-02-06 17:10:48.498699,2.4038,2.4039
2025-02-06 17:10:49.782348,2.404,2.4041
2025-02-06 17:10:51.069162,2.4043,2.4044
2025-02-06 17:10:52.354896,2.4043,2.4044
2025-02-06 17:10:53.641413,2.4043,2.4044
2025-02-06 17:10:54.929655,2.4058,2.4059
2025-02-06 17:10:56.216819,2.4062,2.4063
2025-02-06 17:10:57.502508,2.4065,2.4066
2025-02-06 17:10:58.791710,2.4064,2.4065
2025-02-06 17:11:00.077349,2.4058,2.4059
2025-02-06 17:11:01.361837,2.4058,2.4059
2025-02-06 17:11:02.646748,2.4056,2.4057
2025-02-06 17:11:03.931266,2.406,2.4061
2025-02-06 17:11:05.216982,2.4058,2.4059
2025-02-06 17:11:06.500446,2.4058,2.4059
2025-02-06 17:11:07.786845,2.4047,2.4048
2025-02-06 17:11:09.072422,2.4044,2.4045
2025-02-06 17:11:10.357351,2.4046,2.4047
2025-02-06 17:11:11.640444,2.4051,2.4052
2025-02-06 17:11:12.927904,2.4051,2.4052
2025-02-06 17:11:14.213090,2.4056,2.4057
2025-02-06 17:11:15.497736,2.4063,2.4064
2025-02-06 17:11:16.782995,2.4056,2.4057
2025-02-06 17:11:18.069125,2.4056,2.4057
2025-02-06 17:11:19.355272,2.4065,2.4066
2025-02-06 17:11:20.640896,2.4069,2.407
2025-02-06 17:11:21.925788,2.4055,2.4056
2025-02-06 17:11:23.210106,2.4053,2.4054
2025-02-06 17:11:24.495320,2.4054,2.4055
2025-02-06 17:11:25.780514,2.4056,2.4057
2025-02-06 17:11:27.067909,2.4051,2.4052
2025-02-06 17:11:28.352809,2.4055,2.4056
2025-02-06 17:11:29.638922,2.4055,2.4056
2025-02-06 17:11:30.922009,2.4055,2.4056
2025-02-06 17:11:32.208629,2.4063,2.4064
2025-02-06 17:11:33.499859,2.4061,2.4062
2025-02-06 17:11:34.796316,2.4059,2.406
2025-02-06 17:11:36.079678,2.4053,2.4054
2025-02-06 17:11:37.362394,2.4051,2.4052
2025-02-06 17:11:38.645623,2.4059,2.406
2025-02-06 17:11:39.930563,2.406,2.4061
2025-02-06 17:11:41.215328,2.406,2.4061
2025-02-06 17:11:42.499309,2.406,2.4061
2025-02-06 17:11:43.781327,2.406,2.4061
2025-02-06 17:11:45.066685,2.4057,2.4058
2025-02-06 17:11:46.350152,2.4047,2.4048
2025-02-06 17:11:47.634630,2.4047,2.4048
2025-02-06 17:11:48.919719,2.4049,2.405
2025-02-06 17:11:50.209652,2.4058,2.4059
2025-02-06 17:11:51.493397,2.4059,2.406
2025-02-06 17:11:52.778119,2.4058,2.4059
2025-02-06 17:11:54.064830,2.4058,2.4059
2025-02-06 17:11:55.349886,2.4058,2.4059
2025-02-06 17:11:56.634431,2.4058,2.4059
2025-02-06 17:11:57.920231,2.4052,2.4053
2025-02-06 17:11:59.205233,2.4061,2.4062
2025-02-06 17:12:00.490939,2.4052,2.4053
2025-02-06 17:12:01.774170,2.4052,2.4053
2025-02-06 17:12:03.059098,2.4057,2.4058
2025-02-06 17:12:04.348451,2.4058,2.4059
2025-02-06 17:12:05.635388,2.4053,2.4054
2025-02-06 17:12:06.922385,2.4054,2.4055
2025-02-06 17:12:08.207245,2.4052,2.4053
2025-02-06 17:12:09.492133,2.4052,2.4053
2025-02-06 17:12:10.775578,2.4052,2.4053
2025-02-06 17:12:12.068883,2.4044,2.4045
2025-02-06 17:12:13.355509,2.4046,2.4047
2025-02-06 17:12:14.641602,2.404,2.4041
2025-02-06 17:12:15.928245,2.404,2.4041
2025-02-06 17:12:17.233789,2.4038,2.4039
2025-02-06 17:12:18.517616,2.4034,2.4035
2025-02-06 17:12:19.812132,2.4034,2.4035
2025-02-06 17:12:21.097806,2.4034,2.4035
2025-02-06 17:12:22.384522,2.4034,2.4035
2025-02-06 17:12:23.686658,2.4037,2.4038
2025-02-06 17:12:24.971356,2.4034,2.4035
2025-02-06 17:12:26.255594,2.4028,2.4029
2025-02-06 17:12:27.540006,2.4027,2.4028
2025-02-06 17:12:28.823038,2.4029,2.403
2025-02-06 17:12:30.107134,2.4041,2.4042
2025-02-06 17:12:31.390986,2.4042,2.4043
2025-02-06 17:12:32.675334,2.4036,2.4037
2025-02-06 17:12:33.962457,2.4036,2.4037
2025-02-06 17:12:35.248219,2.4041,2.4042
2025-02-06 17:12:36.533279,2.4054,2.4055
2025-02-06 17:12:37.818807,2.4056,2.4057
2025-02-06 17:12:39.103135,2.4063,2.4064
2025-02-06 17:12:40.389392,2.4065,2.4066
2025-02-06 17:12:41.674373,2.4069,2.407
2025-02-06 17:12:42.962178,2.4069,2.407
2025-02-06 17:12:44.247403,2.4072,2.4073
2025-02-06 17:12:45.531970,2.406,2.4061
2025-02-06 17:12:46.817739,2.406,2.4061
2025-02-06 17:12:48.105074,2.4062,2.4063
2025-02-06 17:12:49.388252,2.4062,2.4063
2025-02-06 17:12:50.674012,2.4063,2.4064
2025-02-06 17:12:51.961383,2.4063,2.4064
2025-02-06 17:12:53.697361,2.4054,2.4055
2025-02-06 17:12:54.981775,2.4056,2.4057
2025-02-06 17:12:56.268173,2.4051,2.4052
2025-02-06 17:12:57.552079,2.4051,2.4052
2025-02-06 17:12:59.291537,2.4046,2.4047
2025-02-06 17:13:00.577960,2.4046,2.4047
2025-02-06 17:13:01.863848,2.4046,2.4047
2025-02-06 17:13:03.148590,2.4055,2.4056
2025-02-06 17:13:04.436814,2.4056,2.4057
2025-02-06 17:13:05.725244,2.4066,2.4067
2025-02-06 17:13:07.010407,2.4066,2.4067
2025-02-06 17:13:08.295527,2.4065,2.4066
2025-02-06 17:13:09.638778,2.4065,2.4066
2025-02-06 17:13:10.922300,2.4065,2.4066
2025-02-06 17:13:12.207960,2.4061,2.4062
2025-02-06 17:13:13.492150,2.4058,2.4059
2025-02-06 17:13:14.778453,2.4063,2.4064
2025-02-06 17:13:16.064101,2.4068,2.4069
2025-02-06 17:13:17.349992,2.4063,2.4064
2025-02-06 17:13:18.633829,2.407,2.4071
2025-02-06 17:13:19.921764,2.4073,2.4074
2025-02-06 17:13:21.210240,2.4075,2.4076
2025-02-06 17:13:22.494810,2.4086,2.4087
2025-02-06 17:13:23.780892,2.4086,2.4087
2025-02-06 17:13:25.064849,2.4086,2.4087
2025-02-06 17:13:26.347486,2.4083,2.4084
2025-02-06 17:13:27.632914,2.4079,2.408
2025-02-06 17:13:28.917578,2.407,2.4071
2025-02-06 17:13:30.202693,2.4067,2.4068
2025-02-06 17:13:31.494316,2.4066,2.4067
2025-02-06 17:13:32.782843,2.4062,2.4063
2025-02-06 17:13:34.065887,2.4065,2.4066
2025-02-06 17:13:35.350804,2.4062,2.4063
2025-02-06 17:13:36.634963,2.4062,2.4063
2025-02-06 17:13:37.922483,2.4066,2.4067
2025-02-06 17:13:39.209096,2.4062,2.4063
2025-02-06 17:13:40.496144,2.4063,2.4064
2025-02-06 17:13:41.789035,2.4066,2.4067
2025-02-06 17:13:43.075016,2.4079,2.408
2025-02-06 17:13:44.360862,2.4079,2.408
2025-02-06 17:13:45.645926,2.4079,2.408
2025-02-06 17:13:46.931596,2.4078,2.4079
2025-02-06 17:13:48.217170,2.407,2.4071
2025-02-06 17:13:49.502270,2.4068,2.4069
2025-02-06 17:13:50.792232,2.4066,2.4067
2025-02-06 17:13:52.078843,2.406,2.4061
2025-02-06 17:13:53.362434,2.4056,2.4057
2025-02-06 17:13:54.646981,2.4056,2.4057
2025-02-06 17:13:55.930657,2.4053,2.4054
2025-02-06 17:13:57.215237,2.4052,2.4053
2025-02-06 17:13:58.501277,2.4052,2.4053
2025-02-06 17:14:00.240617,2.4046,2.4047
2025-02-06 17:14:01.526917,2.4046,2.4047
2025-02-06 17:14:02.811749,2.4039,2.404
2025-02-06 17:14:04.097242,2.4039,2.404
2025-02-06 17:14:05.382722,2.4041,2.4042
2025-02-06 17:14:06.666476,2.4045,2.4046
2025-02-06 17:14:07.960197,2.4045,2.4046
2025-02-06 17:14:09.246060,2.4039,2.404
2025-02-06 17:14:10.536859,2.4044,2.4045
2025-02-06 17:14:11.820441,2.4045,2.4046
2025-02-06 17:14:13.104655,2.404,2.4041
2025-02-06 17:14:14.392332,2.4039,2.404
2025-02-06 17:14:15.674931,2.4039,2.404
2025-02-06 17:14:16.958590,2.4039,2.404
2025-02-06 17:14:18.245268,2.4047,2.4048
2025-02-06 17:14:19.530175,2.405,2.4051
2025-02-06 17:14:20.818644,2.4057,2.4058
2025-02-06 17:14:22.103491,2.4057,2.4058
2025-02-06 17:14:23.387312,2.4056,2.4057
2025-02-06 17:14:24.674083,2.4055,2.4056
2025-02-06 17:14:25.958234,2.4054,2.4055
2025-02-06 17:14:27.242909,2.4063,2.4064
2025-02-06 17:14:28.526036,2.4066,2.4067
2025-02-06 17:14:29.809211,2.4062,2.4063
2025-02-06 17:14:31.092100,2.4059,2.406
2025-02-06 17:14:32.375606,2.4054,2.4055
2025-02-06 17:14:33.660997,2.4058,2.4059
2025-02-06 17:14:34.944873,2.4058,2.4059
2025-02-06 17:14:36.229740,2.4058,2.4059
2025-02-06 17:14:37.516943,2.4063,2.4064
2025-02-06 17:14:38.799997,2.4063,2.4064
2025-02-06 17:14:40.087127,2.4063,2.4064
2025-02-06 17:14:41.373166,2.4066,2.4067
2025-02-06 17:14:42.657614,2.4065,2.4066
2025-02-06 17:14:43.941080,2.406,2.4061
2025-02-06 17:14:45.225002,2.406,2.4061
2025-02-06 17:14:46.510726,2.4058,2.4059
2025-02-06 17:14:47.794975,2.4051,2.4052
2025-02-06 17:14:49.080187,2.4054,2.4055
2025-02-06 17:14:50.365500,2.4054,2.4055
2025-02-06 17:14:51.649606,2.4058,2.4059
2025-02-06 17:14:52.934515,2.4061,2.4062
2025-02-06 17:14:54.219739,2.4061,2.4062
2025-02-06 17:14:55.504319,2.4076,2.4077
2025-02-06 17:14:56.790252,2.4083,2.4084
2025-02-06 17:14:58.078143,2.4081,2.4082
2025-02-06 17:14:59.363414,2.4081,2.4082
2025-02-06 17:15:00.648763,2.4078,2.4079
2025-02-06 17:15:01.933422,2.4064,2.4065
2025-02-06 17:15:03.220832,2.4056,2.4057
2025-02-06 17:15:04.504938,2.406,2.4061
2025-02-06 17:15:05.789581,2.4076,2.4077
2025-02-06 17:15:07.074379,2.4074,2.4075
2025-02-06 17:15:08.356988,2.4075,2.4076
2025-02-06 17:15:09.638794,2.4075,2.4076
2025-02-06 17:15:10.924023,2.4072,2.4073
2025-02-06 17:15:12.211319,2.4073,2.4074
2025-02-06 17:15:13.496878,2.4056,2.4057
2025-02-06 17:15:14.784180,2.4051,2.4052
2025-02-06 17:15:16.082516,2.4051,2.4052
2025-02-06 17:15:17.367623,2.4051,2.4052
2025-02-06 17:15:18.652974,2.4039,2.404
2025-02-06 17:15:19.936994,2.4033,2.4034
2025-02-06 17:15:21.222665,2.4031,2.4032
2025-02-06 17:15:22.509093,2.4036,2.4037
2025-02-06 17:15:23.795430,2.403,2.4031
2025-02-06 17:15:25.080366,2.4024,2.4025
2025-02-06 17:15:26.365751,2.4025,2.4026
2025-02-06 17:15:27.651259,2.4025,2.4026
2025-02-06 17:15:28.937834,2.4023,2.4024
2025-02-06 17:15:30.222775,2.4015,2.4016
2025-02-06 17:15:31.511044,2.4017,2.4018
2025-02-06 17:15:32.799667,2.401,2.4011
2025-02-06 17:15:34.087977,2.4015,2.4016
2025-02-06 17:15:35.372883,2.4015,2.4016
2025-02-06 17:15:36.658752,2.4016,2.4017
2025-02-06 17:15:37.975144,2.4012,2.4013
2025-02-06 17:15:39.263045,2.4008,2.4009
2025-02-06 17:15:40.546507,2.401,2.4011
2025-02-06 17:15:41.830854,2.4008,2.4009
2025-02-06 17:15:43.114013,2.401,2.4011
2025-02-06 17:15:44.400733,2.4006,2.4007
2025-02-06 17:15:45.685874,2.4005,2.4006
2025-02-06 17:15:46.978836,2.4004,2.4005
2025-02-06 17:15:48.263151,2.3995,2.3996
2025-02-06 17:15:49.546154,2.3996,2.3997
2025-02-06 17:15:50.830157,2.3996,2.3997
2025-02-06 17:15:52.114068,2.4004,2.4005
2025-02-06 17:15:53.405006,2.4015,2.4016
2025-02-06 17:15:54.688505,2.4009,2.401
2025-02-06 17:15:55.973487,2.4006,2.4007
2025-02-06 17:15:57.263843,2.4,2.4001
2025-02-06 17:15:58.549221,2.3999,2.4
2025-02-06 17:15:59.835017,2.3999,2.4
2025-02-06 17:16:01.118051,2.3999,2.4
2025-02-06 17:16:02.404294,2.3991,2.3992
2025-02-06 17:16:03.689829,2.3965,2.3967
2025-02-06 17:16:04.974420,2.3965,2.3966
2025-02-06 17:16:06.262576,2.3959,2.396
2025-02-06 17:16:07.546647,2.395,2.3951
2025-02-06 17:16:08.831750,2.3931,2.3932
2025-02-06 17:16:10.117029,2.3929,2.393
2025-02-06 17:16:11.406079,2.3938,2.3939
2025-02-06 17:16:12.691564,2.3945,2.3946
2025-02-06 17:16:13.975551,2.3957,2.3958
2025-02-06 17:16:15.263011,2.3965,2.3966
2025-02-06 17:16:16.547517,2.3957,2.3958
2025-02-06 17:16:17.833014,2.3954,2.3955
2025-02-06 17:16:19.120286,2.3953,2.3954
2025-02-06 17:16:20.405214,2.3948,2.3949
2025-02-06 17:16:21.688513,2.3949,2.395
2025-02-06 17:16:22.974906,2.3951,2.3952
2025-02-06 17:16:24.259616,2.3949,2.395
2025-02-06 17:16:25.544434,2.3955,2.3956
2025-02-06 17:16:26.829888,2.3958,2.3959
2025-02-06 17:16:28.113850,2.3958,2.3959
2025-02-06 17:16:29.399656,2.3952,2.3953
2025-02-06 17:16:30.685721,2.3952,2.3953
2025-02-06 17:16:31.968661,2.3956,2.3957
2025-02-06 17:16:33.256609,2.3952,2.3953
2025-02-06 17:16:34.538934,2.3956,2.3957
2025-02-06 17:16:35.824273,2.3953,2.3954
2025-02-06 17:16:37.109366,2.394,2.3941
2025-02-06 17:16:38.399532,2.3937,2.3938
2025-02-06 17:16:39.685217,2.3937,2.3938
2025-02-06 17:16:40.975447,2.3931,2.3932
2025-02-06 17:16:42.257896,2.3937,2.3938
2025-02-06 17:16:43.540858,2.3945,2.3946
2025-02-06 17:16:44.824009,2.395,2.3951
2025-02-06 17:16:46.108652,2.3953,2.3954
2025-02-06 17:16:47.392468,2.3949,2.395
2025-02-06 17:16:48.676448,2.3944,2.3945
2025-02-06 17:16:49.961575,2.3935,2.3936
2025-02-06 17:16:51.246820,2.3941,2.3942
2025-02-06 17:16:52.532145,2.3943,2.3944
2025-02-06 17:16:53.818838,2.3939,2.394
2025-02-06 17:16:55.103163,2.3937,2.3938
2025-02-06 17:16:56.400991,2.3937,2.3938
2025-02-06 17:16:57.684332,2.3936,2.3937
2025-02-06 17:16:58.971151,2.3937,2.3938
2025-02-06 17:17:00.254233,2.3935,2.3936
2025-02-06 17:17:01.538907,2.393,2.3931
2025-02-06 17:17:02.823881,2.393,2.3931
2025-02-06 17:17:04.107630,2.393,2.3931
2025-02-06 17:17:05.392521,2.393,2.3931
2025-02-06 17:17:06.677010,2.3945,2.3946
2025-02-06 17:17:07.962180,2.3945,2.3946
2025-02-06 17:17:09.246310,2.3943,2.3944
2025-02-06 17:17:10.529881,2.393,2.3931
2025-02-06 17:17:11.813972,2.3941,2.3942
2025-02-06 17:17:13.097942,2.3923,2.3924
2025-02-06 17:17:14.385056,2.3913,2.3914
2025-02-06 17:17:15.669677,2.3914,2.3915
2025-02-06 17:17:17.410448,2.3887,2.3891
2025-02-06 17:17:18.693969,2.3889,2.389
2025-02-06 17:17:19.978409,2.3877,2.3878
2025-02-06 17:17:21.262592,2.3861,2.3862
2025-02-06 17:17:22.547769,2.385,2.3851
2025-02-06 17:17:23.832754,2.3831,2.3832
2025-02-06 17:17:25.117238,2.3831,2.3832
2025-02-06 17:17:26.402859,2.3815,2.3816
2025-02-06 17:17:27.688064,2.384,2.3841
2025-02-06 17:17:28.973370,2.3846,2.3847
2025-02-06 17:17:30.262582,2.385,2.3851
2025-02-06 17:17:31.546193,2.3874,2.3875
2025-02-06 17:17:32.840943,2.3878,2.3879
2025-02-06 17:17:34.124577,2.3867,2.3868
2025-02-06 17:17:35.409611,2.3869,2.387
2025-02-06 17:17:36.694344,2.3868,2.3869
2025-02-06 17:17:37.980285,2.3866,2.3867
2025-02-06 17:17:39.270076,2.387,2.3871
2025-02-06 17:17:40.553985,2.3893,2.3894
2025-02-06 17:17:41.838087,2.388,2.3881
2025-02-06 17:17:43.136165,2.3875,2.3876
2025-02-06 17:17:44.422030,2.3868,2.3869
2025-02-06 17:17:45.705095,2.3866,2.3867
2025-02-06 17:17:46.987942,2.3866,2.3867
2025-02-06 17:17:48.272102,2.3859,2.386
2025-02-06 17:17:49.557617,2.387,2.3871
2025-02-06 17:17:50.840801,2.3879,2.388
2025-02-06 17:17:52.125590,2.3887,2.3888
2025-02-06 17:17:53.410405,2.3886,2.3887
2025-02-06 17:17:54.696325,2.3882,2.3883
2025-02-06 17:17:55.980517,2.3889,2.389
2025-02-06 17:17:57.266762,2.3888,2.3889
2025-02-06 17:17:58.551337,2.3895,2.3896
2025-02-06 17:17:59.835430,2.3901,2.3902
2025-02-06 17:18:01.123914,2.3911,2.3912
2025-02-06 17:18:02.409167,2.3902,2.3903
2025-02-06 17:18:03.696183,2.39,2.3901
2025-02-06 17:18:04.980320,2.3888,2.3889
2025-02-06 17:18:06.277104,2.3884,2.3885
2025-02-06 17:18:07.560660,2.3887,2.3888
2025-02-06 17:18:09.295549,2.3892,2.3893
2025-02-06 17:18:10.581805,2.3886,2.3887
2025-02-06 17:18:11.877876,2.3882,2.3883
2025-02-06 17:18:13.162192,2.3882,2.3883
2025-02-06 17:18:14.445348,2.3877,2.3878
2025-02-06 17:18:15.729228,2.388,2.3881
2025-02-06 17:18:17.014160,2.3873,2.3874
2025-02-06 17:18:18.297651,2.3888,2.3889
2025-02-06 17:18:19.583057,2.3882,2.3883
2025-02-06 17:18:20.864559,2.3881,2.3882
2025-02-06 17:18:22.149875,2.3884,2.3885
2025-02-06 17:18:23.435280,2.3878,2.3879
2025-02-06 17:18:24.720520,2.3891,2.3892
2025-02-06 17:18:26.005151,2.39,2.3901
2025-02-06 17:18:27.292226,2.391,2.3911
2025-02-06 17:18:28.575483,2.3898,2.3899
2025-02-06 17:18:29.856966,2.3892,2.3893
2025-02-06 17:18:31.142704,2.3891,2.3892
2025-02-06 17:18:32.426884,2.3897,2.3898
2025-02-06 17:18:33.710873,2.389,2.3891
2025-02-06 17:18:34.993829,2.3886,2.3887
2025-02-06 17:18:36.277045,2.3886,2.3887
2025-02-06 17:18:37.561202,2.3881,2.3882
2025-02-06 17:18:38.844244,2.3875,2.3876
2025-02-06 17:18:40.130573,2.3883,2.3884
2025-02-06 17:18:41.415452,2.3891,2.3892
2025-02-06 17:18:42.698920,2.3879,2.388
2025-02-06 17:18:43.983555,2.3881,2.3882
2025-02-06 17:18:45.267571,2.3878,2.3879
2025-02-06 17:18:46.555080,2.3874,2.3875
2025-02-06 17:18:47.841776,2.3883,2.3884
2025-02-06 17:18:49.126930,2.3882,2.3883
2025-02-06 17:18:50.410296,2.3878,2.3879
2025-02-06 17:18:51.697992,2.3884,2.3885
2025-02-06 17:18:52.982782,2.3897,2.3898
2025-02-06 17:18:54.268997,2.3905,2.3906
2025-02-06 17:18:55.556218,2.3913,2.3914
2025-02-06 17:18:56.839060,2.3898,2.3899
2025-02-06 17:18:58.123557,2.3902,2.3903
2025-02-06 17:18:59.857498,2.3898,2.3899
2025-02-06 17:19:01.143077,2.3888,2.3889
2025-02-06 17:19:02.427346,2.3891,2.3892
2025-02-06 17:19:03.719212,2.3903,2.3904
2025-02-06 17:19:05.007755,2.3924,2.3925
2025-02-06 17:19:06.294455,2.3926,2.3927
2025-02-06 17:19:07.581826,2.3919,2.392
2025-02-06 17:19:08.866348,2.3911,2.3912
2025-02-06 17:19:10.152922,2.39,2.3901
2025-02-06 17:19:11.437198,2.3907,2.3908
2025-02-06 17:19:12.721533,2.3903,2.3904
2025-02-06 17:19:14.006108,2.3911,2.3912
2025-02-06 17:19:15.291095,2.3923,2.3924
2025-02-06 17:19:16.577094,2.3918,2.3919
2025-02-06 17:19:17.858989,2.3928,2.3929
2025-02-06 17:19:19.145697,2.3932,2.3933
2025-02-06 17:19:20.429287,2.394,2.3941
2025-02-06 17:19:21.713524,2.3938,2.3939
2025-02-06 17:19:22.999718,2.3936,2.3937
2025-02-06 17:19:24.283803,2.394,2.3941
2025-02-06 17:19:25.567303,2.3944,2.3945
2025-02-06 17:19:26.851919,2.3941,2.3942
2025-02-06 17:19:28.135012,2.395,2.3951
2025-02-06 17:19:29.419310,2.3947,2.3948
2025-02-06 17:19:30.704491,2.3945,2.3946
2025-02-06 17:19:31.991557,2.3934,2.3935
2025-02-06 17:19:33.275687,2.3931,2.3932
2025-02-06 17:19:34.559449,2.3926,2.3927
2025-02-06 17:19:35.842967,2.3923,2.3924
2025-02-06 17:19:37.128310,2.3928,2.3929
2025-02-06 17:19:38.414177,2.393,2.3931
2025-02-06 17:19:39.698419,2.3927,2.3928
2025-02-06 17:19:40.982133,2.3919,2.392
2025-02-06 17:19:42.266125,2.3918,2.3919
2025-02-06 17:19:43.550306,2.3929,2.393
2025-02-06 17:19:44.835277,2.3917,2.3918
2025-02-06 17:19:46.123780,2.3925,2.3926
2025-02-06 17:19:47.407923,2.3928,2.3929
2025-02-06 17:19:48.693000,2.3932,2.3933
2025-02-06 17:19:49.977699,2.3941,2.3942
2025-02-06 17:19:51.262076,2.3932,2.3933
2025-02-06 17:19:52.546498,2.3934,2.3935
2025-02-06 17:19:53.829340,2.3934,2.3935
2025-02-06 17:19:55.114051,2.393,2.3931
2025-02-06 17:19:56.397319,2.3942,2.3943
2025-02-06 17:19:57.681710,2.3935,2.3936
2025-02-06 17:19:58.964976,2.3922,2.3923
2025-02-06 17:20:00.700212,2.3922,2.3923
2025-02-06 17:20:01.986099,2.3926,2.3927
2025-02-06 17:20:03.269915,2.392,2.3921
2025-02-06 17:20:04.556980,2.3933,2.3934
2025-02-06 17:20:05.840914,2.393,2.3931
2025-02-06 17:20:07.125834,2.3929,2.393
2025-02-06 17:20:08.411584,2.3927,2.3928
2025-02-06 17:20:09.694713,2.3922,2.3923
2025-02-06 17:20:10.979033,2.3932,2.3933
2025-02-06 17:20:12.270045,2.394,2.3941
2025-02-06 17:20:13.554009,2.3932,2.3933
2025-02-06 17:20:14.841924,2.3932,2.3933
2025-02-06 17:20:16.129095,2.3933,2.3934
2025-02-06 17:20:17.415200,2.393,2.3931
2025-02-06 17:20:18.701836,2.3938,2.3939
2025-02-06 17:20:19.989670,2.3928,2.3929
2025-02-06 17:20:21.277136,2.3929,2.393
2025-02-06 17:20:22.566346,2.3936,2.3937
2025-02-06 17:20:23.850910,2.3931,2.3932
2025-02-06 17:20:25.139985,2.3933,2.3934
2025-02-06 17:20:26.425388,2.3934,2.3935
2025-02-06 17:20:27.709568,2.3921,2.3922
2025-02-06 17:20:28.993154,2.393,2.3931
2025-02-06 17:20:30.282989,2.393,2.3931
2025-02-06 17:20:31.567485,2.3955,2.3956
2025-02-06 17:20:32.854337,2.3949,2.395
2025-02-06 17:20:34.141105,2.3938,2.3939
2025-02-06 17:20:35.426346,2.3956,2.3957
2025-02-06 17:20:36.716190,2.3957,2.3958
2025-02-06 17:20:38.002484,2.3948,2.3949
2025-02-06 17:20:39.295548,2.3938,2.3939
2025-02-06 17:20:40.579907,2.3961,2.3962
2025-02-06 17:20:41.864849,2.3956,2.3957
2025-02-06 17:20:43.151880,2.3955,2.3956
2025-02-06 17:20:44.437001,2.3948,2.3949
2025-02-06 17:20:45.723511,2.3948,2.3949
2025-02-06 17:20:47.008661,2.3946,2.3947
2025-02-06 17:20:48.292361,2.3938,2.3939
2025-02-06 17:20:49.575603,2.3935,2.3936
2025-02-06 17:20:50.860385,2.3936,2.3937
2025-02-06 17:20:52.146685,2.3936,2.3937
2025-02-06 17:20:53.432696,2.3937,2.3938
2025-02-06 17:20:54.718551,2.3945,2.3946
2025-02-06 17:20:56.003293,2.395,2.3951
2025-02-06 17:20:57.289899,2.3959,2.396
2025-02-06 17:20:58.574766,2.3964,2.3965
2025-02-06 17:20:59.859421,2.3966,2.3967
2025-02-06 17:21:01.145412,2.3963,2.3964
2025-02-06 17:21:02.430909,2.3956,2.3957
2025-02-06 17:21:03.716699,2.3958,2.3959
2025-02-06 17:21:05.003283,2.3965,2.3966
2025-02-06 17:21:06.287565,2.3947,2.3948
2025-02-06 17:21:07.574941,2.3946,2.3947
2025-02-06 17:21:08.861615,2.3942,2.3943
2025-02-06 17:21:10.147320,2.3941,2.3942
2025-02-06 17:21:11.431854,2.394,2.3941
2025-02-06 17:21:12.718450,2.3946,2.3947
2025-02-06 17:21:14.003670,2.3948,2.3949
2025-02-06 17:21:15.289005,2.3947,2.3948
2025-02-06 17:21:16.573993,2.3946,2.3947
2025-02-06 17:21:17.857333,2.3951,2.3952
2025-02-06 17:21:19.141635,2.3965,2.3966
2025-02-06 17:21:20.427711,2.397,2.3971
2025-02-06 17:21:21.712839,2.3978,2.3979
2025-02-06 17:21:23.000556,2.3976,2.3977
2025-02-06 17:21:24.285907,2.3966,2.3967
2025-02-06 17:21:25.569504,2.396,2.3961
2025-02-06 17:21:26.854972,2.3958,2.3959
2025-02-06 17:21:28.140488,2.3953,2.3954
2025-02-06 17:21:29.427448,2.3949,2.395
2025-02-06 17:21:30.713516,2.3951,2.3952
2025-02-06 17:21:32.001134,2.3961,2.3962
2025-02-06 17:21:33.287622,2.3961,2.3962
2025-02-06 17:21:34.572009,2.396,2.3961
2025-02-06 17:21:35.856113,2.3954,2.3955
2025-02-06 17:21:37.139213,2.3949,2.395
2025-02-06 17:21:38.424314,2.3949,2.395
2025-02-06 17:21:39.707856,2.3953,2.3954
2025-02-06 17:21:41.052569,2.3945,2.3946
2025-02-06 17:21:42.337253,2.3945,2.3946
2025-02-06 17:21:43.620718,2.3945,2.3946
2025-02-06 17:21:44.905525,2.3938,2.3939
2025-02-06 17:21:46.189809,2.3936,2.3937
2025-02-06 17:21:47.474850,2.3936,2.3937
2025-02-06 17:21:48.759536,2.3944,2.3945
2025-02-06 17:21:50.043677,2.3945,2.3946
2025-02-06 17:21:51.329674,2.3941,2.3942
2025-02-06 17:21:52.619446,2.3955,2.3956
2025-02-06 17:21:53.902819,2.3959,2.396
2025-02-06 17:21:55.187802,2.3962,2.3963
2025-02-06 17:21:56.476622,2.3964,2.3965
2025-02-06 17:21:57.759524,2.3969,2.397
2025-02-06 17:21:59.043282,2.3966,2.3967
2025-02-06 17:22:00.329388,2.3971,2.3972
2025-02-06 17:22:01.613791,2.3975,2.3976
2025-02-06 17:22:02.899507,2.3977,2.3978
2025-02-06 17:22:04.185000,2.3972,2.3973
2025-02-06 17:22:05.471928,2.3962,2.3963
2025-02-06 17:22:06.755110,2.3958,2.3959
2025-02-06 17:22:08.039230,2.3952,2.3953
2025-02-06 17:22:09.323678,2.395,2.3951
2025-02-06 17:22:10.607783,2.3951,2.3952
2025-02-06 17:22:11.892450,2.3951,2.3952
2025-02-06 17:22:13.177283,2.3936,2.3937
2025-02-06 17:22:14.463524,2.3935,2.3936
2025-02-06 17:22:15.749754,2.3934,2.3935
2025-02-06 17:22:17.038285,2.3934,2.3935
2025-02-06 17:22:18.322605,2.3935,2.3936
2025-02-06 17:22:19.606265,2.3927,2.3928
2025-02-06 17:22:20.892144,2.3925,2.3926
2025-02-06 17:22:22.175961,2.3924,2.3925
2025-02-06 17:22:23.463032,2.3924,2.3925
2025-02-06 17:22:24.756021,2.3919,2.392
2025-02-06 17:22:26.041713,2.3913,2.3914
2025-02-06 17:22:27.326496,2.3915,2.3916
2025-02-06 17:22:28.611615,2.3917,2.3918
2025-02-06 17:22:29.933220,2.3918,2.3919
2025-02-06 17:22:31.218518,2.391,2.3911
2025-02-06 17:22:32.514900,2.3913,2.3914
2025-02-06 17:22:33.800397,2.3922,2.3923
2025-02-06 17:22:35.085142,2.3921,2.3922
2025-02-06 17:22:36.369626,2.3923,2.3924
2025-02-06 17:22:37.655544,2.3922,2.3923
2025-02-06 17:22:38.940590,2.3922,2.3923
2025-02-06 17:22:40.228596,2.3928,2.3929
2025-02-06 17:22:41.512627,2.3929,2.393
2025-02-06 17:22:42.796981,2.3928,2.3929
2025-02-06 17:22:44.081706,2.3936,2.3937
2025-02-06 17:22:45.366164,2.3938,2.3939
2025-02-06 17:22:46.653173,2.3938,2.3939
2025-02-06 17:22:47.941653,2.3922,2.3923
2025-02-06 17:22:49.225021,2.3928,2.3929
2025-02-06 17:22:50.510677,2.3925,2.3926
2025-02-06 17:22:51.798585,2.3925,2.3926
2025-02-06 17:22:53.082117,2.3925,2.3926
2025-02-06 17:22:54.368316,2.3927,2.3928
2025-02-06 17:22:55.654682,2.3928,2.3929
2025-02-06 17:22:56.940567,2.3928,2.3929
2025-02-06 17:22:58.224843,2.3928,2.3929
2025-02-06 17:22:59.509874,2.3925,2.3926
2025-02-06 17:23:00.795429,2.3928,2.3929
2025-02-06 17:23:02.094211,2.3928,2.3929
2025-02-06 17:23:03.836016,2.3934,2.3935
2025-02-06 17:23:05.119850,2.3941,2.3942
2025-02-06 17:23:06.404804,2.3946,2.3947
2025-02-06 17:23:07.688803,2.3936,2.3937
2025-02-06 17:23:08.973666,2.3939,2.394
2025-02-06 17:23:10.263071,2.3947,2.3948
2025-02-06 17:23:11.553560,2.3945,2.3946
2025-02-06 17:23:12.839677,2.3944,2.3945
2025-02-06 17:23:14.123540,2.3941,2.3942
2025-02-06 17:23:15.415884,2.3933,2.3934
2025-02-06 17:23:16.700591,2.393,2.3931
2025-02-06 17:23:17.985367,2.3926,2.3927
2025-02-06 17:23:19.270677,2.3918,2.3919
2025-02-06 17:23:20.557978,2.3913,2.3914
2025-02-06 17:23:21.844651,2.3913,2.3914
2025-02-06 17:23:23.132105,2.3908,2.3909
2025-02-06 17:23:24.415946,2.3908,2.3909
2025-02-06 17:23:25.699924,2.3914,2.3915
2025-02-06 17:23:26.983873,2.3914,2.3915
2025-02-06 17:23:28.267964,2.3916,2.3917
2025-02-06 17:23:29.553193,2.3911,2.3912
2025-02-06 17:23:30.838971,2.3909,2.391
2025-02-06 17:23:32.123700,2.3911,2.3912
2025-02-06 17:23:33.411329,2.3919,2.392
2025-02-06 17:23:34.700250,2.3919,2.392
2025-02-06 17:23:35.987610,2.3925,2.3926
2025-02-06 17:23:37.274446,2.3925,2.3926
2025-02-06 17:23:38.560633,2.3923,2.3924
2025-02-06 17:23:39.848723,2.3923,2.3924
2025-02-06 17:23:41.133807,2.3914,2.3915
2025-02-06 17:23:42.417150,2.3913,2.3914
2025-02-06 17:23:43.700815,2.391,2.3911
2025-02-06 17:23:44.984325,2.3911,2.3912
2025-02-06 17:23:46.269767,2.3912,2.3913
2025-02-06 17:23:47.554940,2.392,2.3921
2025-02-06 17:23:48.838826,2.3922,2.3923
2025-02-06 17:23:50.123979,2.3918,2.3919
2025-02-06 17:23:51.408591,2.3917,2.3918
2025-02-06 17:23:52.694474,2.3917,2.3918
2025-02-06 17:23:53.979119,2.3919,2.392
2025-02-06 17:23:55.265278,2.3911,2.3912
2025-02-06 17:23:56.550522,2.3911,2.3912
2025-02-06 17:23:57.836430,2.3915,2.3916
2025-02-06 17:23:59.121468,2.3914,2.3915
2025-02-06 17:24:00.418480,2.3909,2.391
2025-02-06 17:24:01.702755,2.3909,2.391
2025-02-06 17:24:02.987352,2.3905,2.3906
2025-02-06 17:24:04.275428,2.3903,2.3904
2025-02-06 17:24:05.560554,2.3904,2.3905
2025-02-06 17:24:06.845535,2.3901,2.3902
2025-02-06 17:24:08.129756,2.3895,2.3896
2025-02-06 17:24:09.417010,2.3895,2.3896
2025-02-06 17:24:10.703624,2.3899,2.39
2025-02-06 17:24:11.992219,2.39,2.3901
2025-02-06 17:24:13.289538,2.3892,2.3893
2025-02-06 17:24:14.573332,2.3892,2.3893
2025-02-06 17:24:15.857401,2.3896,2.3897
2025-02-06 17:24:17.144104,2.3897,2.3898
2025-02-06 17:24:18.431028,2.3892,2.3893
2025-02-06 17:24:19.715503,2.3887,2.3888
2025-02-06 17:24:21.000958,2.3885,2.3886
2025-02-06 17:24:22.285098,2.3884,2.3885
2025-02-06 17:24:23.570211,2.3886,2.3887
2025-02-06 17:24:24.858259,2.3887,2.3888
2025-02-06 17:24:26.143097,2.3899,2.39
2025-02-06 17:24:27.428796,2.3902,2.3903
2025-02-06 17:24:28.715210,2.3903,2.3904
2025-02-06 17:24:30.009900,2.3903,2.3904
2025-02-06 17:24:31.291741,2.3903,2.3904
2025-02-06 17:24:32.578149,2.3903,2.3904
2025-02-06 17:24:33.863762,2.3902,2.3903
2025-02-06 17:24:35.155750,2.3919,2.392
2025-02-06 17:24:36.441026,2.3916,2.3917
2025-02-06 17:24:37.724489,2.3916,2.3917
2025-02-06 17:24:39.007441,2.391,2.3911
2025-02-06 17:24:40.296414,2.3908,2.3909
2025-02-06 17:24:41.585281,2.3906,2.3907
2025-02-06 17:24:42.871657,2.391,2.3911
2025-02-06 17:24:44.155909,2.3905,2.3906
2025-02-06 17:24:45.442653,2.3901,2.3902
2025-02-06 17:24:46.728128,2.3902,2.3903
2025-02-06 17:24:48.015500,2.39,2.3901
2025-02-06 17:24:49.302707,2.3901,2.3902
2025-02-06 17:24:50.590758,2.3906,2.3907
2025-02-06 17:24:51.877344,2.3906,2.3907
2025-02-06 17:24:53.159691,2.3903,2.3904
2025-02-06 17:24:54.445040,2.3903,2.3904
2025-02-06 17:24:55.727429,2.3906,2.3907
2025-02-06 17:24:57.011821,2.39,2.3901
2025-02-06 17:24:58.296789,2.39,2.3901
2025-02-06 17:24:59.581961,2.3892,2.3893
2025-02-06 17:25:00.876536,2.3891,2.3892
2025-02-06 17:25:02.161245,2.3891,2.3892
2025-02-06 17:25:03.446311,2.3895,2.3896
2025-02-06 17:25:05.186548,2.3897,2.3898
2025-02-06 17:25:06.471726,2.3899,2.39
2025-02-06 17:25:07.768024,2.3899,2.39
2025-02-06 17:25:09.053692,2.3898,2.3899
2025-02-06 17:25:10.341283,2.3898,2.3899
2025-02-06 17:25:11.627077,2.3905,2.3906
2025-02-06 17:25:12.911606,2.3901,2.3902
2025-02-06 17:25:14.193924,2.3901,2.3902
2025-02-06 17:25:15.483029,2.3902,2.3903
2025-02-06 17:25:16.767518,2.3902,2.3903
2025-02-06 17:25:18.051305,2.39,2.3901
2025-02-06 17:25:19.335833,2.3903,2.3904
2025-02-06 17:25:20.620905,2.3903,2.3904
2025-02-06 17:25:21.903661,2.3903,2.3904
2025-02-06 17:25:23.186523,2.3901,2.3902
2025-02-06 17:25:24.472208,2.3915,2.3916
2025-02-06 17:25:25.754964,2.3925,2.3926
2025-02-06 17:25:27.036942,2.3919,2.392
2025-02-06 17:25:28.322587,2.3928,2.3929
2025-02-06 17:25:29.609419,2.3928,2.3929
2025-02-06 17:25:30.893714,2.3928,2.3929
2025-02-06 17:25:32.178857,2.3915,2.3916
2025-02-06 17:25:33.473758,2.3913,2.3914
2025-02-06 17:25:34.757312,2.3917,2.3918
2025-02-06 17:25:36.042279,2.3918,2.3919
2025-02-06 17:25:37.326401,2.3919,2.392
2025-02-06 17:25:38.610846,2.3919,2.392
2025-02-06 17:25:39.895711,2.3919,2.392
2025-02-06 17:25:41.179133,2.3917,2.3918
2025-02-06 17:25:42.465301,2.3909,2.391
2025-02-06 17:25:43.752462,2.3908,2.3909
2025-02-06 17:25:45.035921,2.3911,2.3912
2025-02-06 17:25:46.320649,2.3918,2.3919
2025-02-06 17:25:47.608254,2.3921,2.3922
2025-02-06 17:25:48.893553,2.3921,2.3922
2025-02-06 17:25:50.177033,2.3923,2.3924
2025-02-06 17:25:51.460559,2.3921,2.3922
2025-02-06 17:25:52.747354,2.3915,2.3916
2025-02-06 17:25:54.030017,2.3915,2.3916
2025-02-06 17:25:55.315056,2.3915,2.3916
2025-02-06 17:25:56.601213,2.3915,2.3916
2025-02-06 17:25:57.886787,2.3915,2.3916
2025-02-06 17:25:59.169859,2.3925,2.3926
2025-02-06 17:26:00.454293,2.3932,2.3933
2025-02-06 17:26:01.739219,2.3928,2.3929
2025-02-06 17:26:03.024786,2.3929,2.393
2025-02-06 17:26:04.308834,2.3925,2.3926
2025-02-06 17:26:06.043959,2.3916,2.3917
2025-02-06 17:26:07.336076,2.3912,2.3913
2025-02-06 17:26:08.621136,2.3922,2.3923
2025-02-06 17:26:09.905038,2.3924,2.3925
2025-02-06 17:26:11.188572,2.3929,2.393
2025-02-06 17:26:12.473558,2.3929,2.393
2025-02-06 17:26:13.758985,2.3927,2.3928
2025-02-06 17:26:15.042694,2.3929,2.393
2025-02-06 17:26:16.329506,2.394,2.3941
2025-02-06 17:26:17.614941,2.3946,2.3947
2025-02-06 17:26:18.900346,2.394,2.3941
2025-02-06 17:26:20.185595,2.3935,2.3936
2025-02-06 17:26:21.470451,2.3938,2.3939
2025-02-06 17:26:22.755515,2.3939,2.394
2025-02-06 17:26:24.040608,2.3934,2.3935
2025-02-06 17:26:25.326227,2.3933,2.3934
2025-02-06 17:26:26.610639,2.3931,2.3932
2025-02-06 17:26:27.894577,2.3937,2.3938
2025-02-06 17:26:29.181094,2.3941,2.3942
2025-02-06 17:26:30.464883,2.3942,2.3943
2025-02-06 17:26:31.749313,2.3944,2.3945
2025-02-06 17:26:33.033507,2.3944,2.3945
2025-02-06 17:26:34.322528,2.3949,2.395
2025-02-06 17:26:35.611382,2.3949,2.395
2025-02-06 17:26:36.898376,2.396,2.3961
2025-02-06 17:26:38.184121,2.3962,2.3963
2025-02-06 17:26:39.469643,2.3953,2.3954
2025-02-06 17:26:40.755129,2.3948,2.3949
2025-02-06 17:26:42.039928,2.3946,2.3947
2025-02-06 17:26:43.324765,2.3949,2.395
2025-02-06 17:26:44.609882,2.3956,2.3957
2025-02-06 17:26:45.894694,2.3959,2.396
2025-02-06 17:26:47.180769,2.3959,2.396
2025-02-06 17:26:48.467122,2.396,2.3961
2025-02-06 17:26:49.750516,2.3958,2.3959
2025-02-06 17:26:51.033891,2.395,2.3951
2025-02-06 17:26:52.322183,2.395,2.3951
2025-02-06 17:26:53.609382,2.3942,2.3943
2025-02-06 17:26:54.892406,2.3947,2.3948
2025-02-06 17:26:56.177085,2.3948,2.3949
2025-02-06 17:26:57.462197,2.395,2.3951
2025-02-06 17:26:59.197923,2.3957,2.3958
2025-02-06 17:27:00.482296,2.3956,2.3957
2025-02-06 17:27:01.766946,2.3959,2.396
2025-02-06 17:27:03.053195,2.3966,2.3967
2025-02-06 17:27:04.339834,2.3981,2.3982
2025-02-06 17:27:05.627923,2.3978,2.3979
2025-02-06 17:27:06.912623,2.3977,2.3978
2025-02-06 17:27:08.198721,2.3978,2.3979
2025-02-06 17:27:09.482931,2.3974,2.3975
2025-02-06 17:27:10.767958,2.3976,2.3977
2025-02-06 17:27:12.050752,2.3972,2.3973
2025-02-06 17:27:13.333587,2.3966,2.3967
2025-02-06 17:27:14.618929,2.3965,2.3966
2025-02-06 17:27:15.902424,2.3965,2.3966
2025-02-06 17:27:17.188219,2.3965,2.3966
2025-02-06 17:27:18.472135,2.3974,2.3975
2025-02-06 17:27:19.756686,2.3976,2.3977
2025-02-06 17:27:21.041089,2.3964,2.3965
2025-02-06 17:27:22.325757,2.3962,2.3963
2025-02-06 17:27:23.611246,2.395,2.3951
2025-02-06 17:27:24.897478,2.3946,2.3947
2025-02-06 17:27:26.180339,2.3952,2.3953
2025-02-06 17:27:27.463786,2.3951,2.3952
2025-02-06 17:27:28.748875,2.3947,2.3948
2025-02-06 17:27:30.033864,2.395,2.3951
2025-02-06 17:27:31.317059,2.3949,2.395
2025-02-06 17:27:32.600966,2.394,2.3941
2025-02-06 17:27:33.884777,2.3937,2.3938
2025-02-06 17:27:35.168882,2.3932,2.3933
2025-02-06 17:27:36.452745,2.3929,2.393
2025-02-06 17:27:37.738697,2.393,2.3931
2025-02-06 17:27:39.022849,2.3936,2.3937
2025-02-06 17:27:40.308079,2.3936,2.3937
2025-02-06 17:27:41.593516,2.3934,2.3935
2025-02-06 17:27:42.878190,2.3934,2.3935
2025-02-06 17:27:44.161710,2.392,2.3921
2025-02-06 17:27:45.450122,2.392,2.3921
2025-02-06 17:27:46.734684,2.392,2.3921
2025-02-06 17:27:48.020102,2.3918,2.3919
2025-02-06 17:27:49.304998,2.3918,2.3919
2025-02-06 17:27:50.588566,2.3917,2.3918
2025-02-06 17:27:51.872467,2.3922,2.3923
2025-02-06 17:27:53.157965,2.3923,2.3924
2025-02-06 17:27:54.441972,2.3924,2.3925
2025-02-06 17:27:55.726082,2.3925,2.3926
2025-02-06 17:27:57.010467,2.3927,2.3928
2025-02-06 17:27:58.293792,2.393,2.3931
2025-02-06 17:28:00.029657,2.3929,2.393
2025-02-06 17:28:01.316969,2.3932,2.3933
2025-02-06 17:28:02.600723,2.3929,2.393
2025-02-06 17:28:03.884381,2.3934,2.3935
2025-02-06 17:28:05.170457,2.3937,2.3938
2025-02-06 17:28:06.454709,2.3937,2.3938
2025-02-06 17:28:07.740654,2.3935,2.3936
2025-02-06 17:28:09.478250,2.3938,2.3939
2025-02-06 17:28:10.763743,2.3936,2.3937
2025-02-06 17:28:12.047748,2.3939,2.394
2025-02-06 17:28:13.332568,2.3949,2.395
2025-02-06 17:28:14.620500,2.3954,2.3955
2025-02-06 17:28:15.904524,2.3958,2.3959
2025-02-06 17:28:17.190801,2.3958,2.3959
2025-02-06 17:28:18.473724,2.3952,2.3953
2025-02-06 17:28:19.758672,2.3959,2.396
2025-02-06 17:28:21.041994,2.3952,2.3953
2025-02-06 17:28:22.328512,2.3952,2.3953
2025-02-06 17:28:23.614264,2.3949,2.395
2025-02-06 17:28:24.899258,2.3948,2.3949
2025-02-06 17:28:26.184796,2.395,2.3951
2025-02-06 17:28:27.471332,2.395,2.3951
2025-02-06 17:28:28.756710,2.395,2.3951
2025-02-06 17:28:30.045896,2.3949,2.395
2025-02-06 17:28:31.330082,2.3952,2.3953
2025-02-06 17:28:32.615917,2.3952,2.3953
2025-02-06 17:28:33.901470,2.394,2.3941
2025-02-06 17:28:35.189387,2.3945,2.3946
2025-02-06 17:28:36.479362,2.3946,2.3947
2025-02-06 17:28:37.766232,2.3946,2.3947
2025-02-06 17:28:39.049235,2.3947,2.3948
2025-02-06 17:28:40.334741,2.3943,2.3944
2025-02-06 17:28:41.619026,2.3943,2.3944
2025-02-06 17:28:42.906208,2.3943,2.3944
2025-02-06 17:28:44.191606,2.3943,2.3944
2025-02-06 17:28:45.483499,2.3947,2.3948
2025-02-06 17:28:46.776834,2.3949,2.395
2025-02-06 17:28:48.062699,2.3952,2.3953
2025-02-06 17:28:49.348378,2.3949,2.395
2025-02-06 17:28:50.631712,2.3949,2.395
2025-02-06 17:28:51.918386,2.3947,2.3948
2025-02-06 17:28:53.204057,2.3947,2.3948
2025-02-06 17:28:54.490223,2.3963,2.3964
2025-02-06 17:28:55.774234,2.3963,2.3964
2025-02-06 17:28:57.058365,2.3962,2.3963
2025-02-06 17:28:58.341570,2.3962,2.3963
2025-02-06 17:28:59.625474,2.3959,2.396
2025-02-06 17:29:00.910376,2.3959,2.396
2025-02-06 17:29:02.193910,2.3958,2.3959
2025-02-06 17:29:03.481081,2.3955,2.3956
2025-02-06 17:29:04.766969,2.3955,2.3956
2025-02-06 17:29:06.059658,2.3946,2.3947
2025-02-06 17:29:07.343821,2.3948,2.3949
2025-02-06 17:29:08.630314,2.3957,2.3958
2025-02-06 17:29:09.914972,2.3952,2.3953
2025-02-06 17:29:11.199493,2.3949,2.395
2025-02-06 17:29:12.485522,2.3946,2.3947
2025-02-06 17:29:13.770348,2.3938,2.3939
2025-02-06 17:29:15.056929,2.3934,2.3935
2025-02-06 17:29:16.343190,2.393,2.3931
2025-02-06 17:29:17.629808,2.3939,2.394
2025-02-06 17:29:18.915811,2.3939,2.394
2025-02-06 17:29:20.200102,2.3938,2.3939
2025-02-06 17:29:21.486876,2.3934,2.3935
2025-02-06 17:29:22.774661,2.3946,2.3947
2025-02-06 17:29:24.061644,2.3953,2.3954
2025-02-06 17:29:25.346914,2.3955,2.3956
2025-02-06 17:29:26.630679,2.396,2.3961
2025-02-06 17:29:27.917480,2.3963,2.3964
2025-02-06 17:29:29.203558,2.3954,2.3955
2025-02-06 17:29:30.487608,2.3952,2.3953
2025-02-06 17:29:31.772628,2.3958,2.3959
2025-02-06 17:29:33.056805,2.3969,2.397
2025-02-06 17:29:34.341865,2.3969,2.397
2025-02-06 17:29:35.624374,2.3973,2.3974
2025-02-06 17:29:36.911384,2.3975,2.3976
2025-02-06 17:29:38.196693,2.397,2.3971
2025-02-06 17:29:39.482760,2.397,2.3971
2025-02-06 17:29:40.771815,2.3971,2.3972
2025-02-06 17:29:42.058100,2.3971,2.3972
2025-02-06 17:29:43.343696,2.3969,2.397
2025-02-06 17:29:44.631658,2.3964,2.3965
2025-02-06 17:29:45.914210,2.3967,2.3968
2025-02-06 17:29:47.200292,2.397,2.3971
2025-02-06 17:29:48.486967,2.3979,2.398
2025-02-06 17:29:49.773033,2.3977,2.3978
2025-02-06 17:29:51.057244,2.3977,2.3978
2025-02-06 17:29:52.344510,2.3977,2.3978
2025-02-06 17:29:53.627496,2.3977,2.3978
2025-02-06 17:29:54.914111,2.3976,2.3977
2025-02-06 17:29:56.198735,2.3969,2.397
2025-02-06 17:29:57.484267,2.3966,2.3967
2025-02-06 17:29:58.769139,2.3968,2.3969
2025-02-06 17:30:00.058016,2.397,2.3971
2025-02-06 17:30:01.342991,2.3971,2.3972
2025-02-06 17:30:02.628209,2.3985,2.3986
2025-02-06 17:30:03.920507,2.3981,2.3982
2025-02-06 17:30:05.206643,2.3987,2.3988
2025-02-06 17:30:06.491789,2.3984,2.3985
2025-02-06 17:30:07.776037,2.399,2.3991
2025-02-06 17:30:09.060215,2.399,2.3991
2025-02-06 17:30:10.345385,2.3985,2.3986
2025-02-06 17:30:11.630667,2.3977,2.3978
2025-02-06 17:30:12.915644,2.3968,2.3969
2025-02-06 17:30:14.200502,2.3971,2.3972
2025-02-06 17:30:15.483974,2.3976,2.3977
2025-02-06 17:30:16.774580,2.3978,2.3979
2025-02-06 17:30:18.059782,2.3965,2.3966
2025-02-06 17:30:19.343824,2.3965,2.3966
2025-02-06 17:30:20.628308,2.395,2.3951
2025-02-06 17:30:21.910373,2.3944,2.3945
2025-02-06 17:30:23.194877,2.3936,2.3937
2025-02-06 17:30:24.480073,2.3932,2.3933
2025-02-06 17:30:25.763640,2.3927,2.3928
2025-02-06 17:30:27.050757,2.3929,2.393
2025-02-06 17:30:28.337591,2.393,2.3931
2025-02-06 17:30:29.622144,2.3932,2.3933
2025-02-06 17:30:30.905397,2.3927,2.3928
2025-02-06 17:30:32.190071,2.3917,2.3918
2025-02-06 17:30:33.473417,2.3919,2.392
2025-02-06 17:30:34.758760,2.3913,2.3914
2025-02-06 17:30:36.046079,2.3908,2.3909
2025-02-06 17:30:37.332235,2.3905,2.3906
2025-02-06 17:30:38.617321,2.3898,2.3899
2025-02-06 17:30:39.902297,2.3901,2.3902
2025-02-06 17:30:41.185966,2.3898,2.3899
2025-02-06 17:30:42.471062,2.3896,2.3897
2025-02-06 17:30:43.757089,2.3893,2.3894
2025-02-06 17:30:45.041010,2.3889,2.389
2025-02-06 17:30:46.325028,2.3887,2.3888
2025-02-06 17:30:47.610028,2.3895,2.3896
2025-02-06 17:30:48.892168,2.3894,2.3895
2025-02-06 17:30:50.176929,2.3892,2.3893
2025-02-06 17:30:51.463592,2.389,2.3891
2025-02-06 17:30:52.760653,2.3893,2.3894
2025-02-06 17:30:54.044406,2.3889,2.389
2025-02-06 17:30:55.329785,2.3894,2.3895
2025-02-06 17:30:56.614925,2.3882,2.3883
2025-02-06 17:30:57.898623,2.3884,2.3885
2025-02-06 17:30:59.191809,2.3884,2.3885
2025-02-06 17:31:00.475090,2.3878,2.3879
2025-02-06 17:31:01.760983,2.3875,2.3876
2025-02-06 17:31:03.047511,2.3873,2.3874
2025-02-06 17:31:04.332330,2.3857,2.3858
2025-02-06 17:31:05.616679,2.3854,2.3855
2025-02-06 17:31:06.901653,2.3847,2.3848
2025-02-06 17:31:08.186761,2.3838,2.3839
2025-02-06 17:31:09.472041,2.3832,2.3833
2025-02-06 17:31:11.204255,2.3823,2.3824
2025-02-06 17:31:12.492306,2.3814,2.3815
2025-02-06 17:31:13.779536,2.3816,2.3817
2025-02-06 17:31:15.061251,2.3794,2.3795
2025-02-06 17:31:16.346197,2.3802,2.3803
2025-02-06 17:31:17.629561,2.3804,2.3805
2025-02-06 17:31:18.917511,2.3819,2.382
2025-02-06 17:31:20.200581,2.3819,2.382
2025-02-06 17:31:21.488930,2.38,2.3801
2025-02-06 17:31:23.225045,2.3803,2.3804
2025-02-06 17:31:24.517529,2.3827,2.3828
2025-02-06 17:31:25.808664,2.3841,2.3842
2025-02-06 17:31:27.096447,2.3825,2.3826
2025-02-06 17:31:28.381614,2.3826,2.3827
2025-02-06 17:31:29.668218,2.3816,2.3817
2025-02-06 17:31:30.953125,2.3827,2.3828
2025-02-06 17:31:32.236201,2.3836,2.3837
2025-02-06 17:31:33.519593,2.3828,2.3829
2025-02-06 17:31:34.812713,2.3828,2.3829
2025-02-06 17:31:36.094458,2.3826,2.3827
2025-02-06 17:31:37.377664,2.3825,2.3826
2025-02-06 17:31:38.662249,2.3826,2.3827
2025-02-06 17:31:39.947768,2.3823,2.3824
2025-02-06 17:31:41.231603,2.3813,2.3814
2025-02-06 17:31:42.520021,2.3811,2.3812
2025-02-06 17:31:43.805719,2.3815,2.3816
2025-02-06 17:31:45.091303,2.3819,2.382
2025-02-06 17:31:46.377282,2.3818,2.3819
2025-02-06 17:31:47.660805,2.3818,2.3819
2025-02-06 17:31:48.944956,2.3839,2.384
2025-02-06 17:31:50.231082,2.3826,2.3827
2025-02-06 17:31:51.517175,2.3818,2.3819
2025-02-06 17:31:52.802224,2.3813,2.3814
2025-02-06 17:31:54.090008,2.3823,2.3824
2025-02-06 17:31:55.382548,2.3829,2.383
2025-02-06 17:31:56.665173,2.3846,2.3847
2025-02-06 17:31:57.949454,2.3841,2.3842
2025-02-06 17:31:59.233621,2.3827,2.3828
2025-02-06 17:32:00.519627,2.3827,2.3828
2025-02-06 17:32:01.803192,2.3834,2.3835
2025-02-06 17:32:03.090046,2.3842,2.3843
2025-02-06 17:32:04.374466,2.3846,2.3847
2025-02-06 17:32:05.661431,2.3875,2.3876
2025-02-06 17:32:06.946366,2.3879,2.388
2025-02-06 17:32:08.230330,2.3862,2.3863
2025-02-06 17:32:09.519702,2.3859,2.386
2025-02-06 17:32:10.803496,2.3886,2.3887
2025-02-06 17:32:12.088191,2.389,2.3891
2025-02-06 17:32:13.373523,2.3891,2.3892
2025-02-06 17:32:14.657217,2.3886,2.3887
2025-02-06 17:32:15.942226,2.3877,2.3878
2025-02-06 17:32:17.231206,2.3899,2.39
2025-02-06 17:32:18.514684,2.3888,2.3889
2025-02-06 17:32:19.798472,2.3898,2.3899
2025-02-06 17:32:21.084368,2.3899,2.39
2025-02-06 17:32:22.369033,2.3892,2.3893
2025-02-06 17:32:23.654787,2.3891,2.3892
2025-02-06 17:32:24.939288,2.3896,2.3897
2025-02-06 17:32:26.226115,2.3898,2.3899
2025-02-06 17:32:27.512290,2.3899,2.39
2025-02-06 17:32:28.797413,2.3907,2.3908
2025-02-06 17:32:30.080370,2.3908,2.3909
2025-02-06 17:32:31.366462,2.391,2.3911
2025-02-06 17:32:32.658482,2.3912,2.3913
2025-02-06 17:32:33.952286,2.3921,2.3922
2025-02-06 17:32:35.235383,2.3934,2.3935
2025-02-06 17:32:36.519433,2.3936,2.3937
2025-02-06 17:32:37.804129,2.3926,2.3927
2025-02-06 17:32:39.098059,2.3939,2.394
2025-02-06 17:32:40.384103,2.3921,2.3922
2025-02-06 17:32:41.671198,2.3927,2.3928
2025-02-06 17:32:42.955504,2.3934,2.3935
2025-02-06 17:32:44.240345,2.3925,2.3926
2025-02-06 17:32:45.524074,2.3913,2.3914
2025-02-06 17:32:46.810760,2.3922,2.3923
2025-02-06 17:32:48.094857,2.3923,2.3924
2025-02-06 17:32:49.379008,2.3923,2.3924
2025-02-06 17:32:50.671323,2.3923,2.3924
2025-02-06 17:32:51.956649,2.3915,2.3916
2025-02-06 17:32:53.240924,2.3924,2.3925
2025-02-06 17:32:54.525648,2.3923,2.3924
2025-02-06 17:32:55.812108,2.3938,2.3939
2025-02-06 17:32:57.103770,2.3933,2.3934
2025-02-06 17:32:58.416950,2.3937,2.3938
2025-02-06 17:32:59.713886,2.3943,2.3944
2025-02-06 17:33:00.999117,2.394,2.3941
2025-02-06 17:33:02.284234,2.3937,2.3938
2025-02-06 17:33:03.591034,2.3956,2.3957
2025-02-06 17:33:04.876500,2.3954,2.3955
2025-02-06 17:33:06.161541,2.3953,2.3954
2025-02-06 17:33:07.446253,2.3951,2.3952
2025-02-06 17:33:08.730170,2.3958,2.3959
2025-02-06 17:33:10.015745,2.396,2.3961
2025-02-06 17:33:11.302425,2.3966,2.3967
2025-02-06 17:33:13.042607,2.3981,2.3982
2025-02-06 17:33:14.326670,2.3983,2.3984
2025-02-06 17:33:15.610797,2.3993,2.3994
2025-02-06 17:33:16.899817,2.3993,2.3994
2025-02-06 17:33:18.196970,2.3997,2.3998
2025-02-06 17:33:19.482609,2.3981,2.3982
2025-02-06 17:33:20.767683,2.4006,2.4007
2025-02-06 17:33:22.053291,2.4016,2.4017
2025-02-06 17:33:23.346894,2.3997,2.3998
2025-02-06 17:33:24.630900,2.4001,2.4002
2025-02-06 17:33:25.913365,2.4004,2.4005
2025-02-06 17:33:27.201396,2.4008,2.4009
2025-02-06 17:33:28.486476,2.401,2.4011
2025-02-06 17:33:29.771350,2.4027,2.4028
2025-02-06 17:33:31.056424,2.4015,2.4016
2025-02-06 17:33:32.342108,2.4004,2.4005
2025-02-06 17:33:33.632920,2.401,2.4011
2025-02-06 17:33:34.917786,2.4036,2.4037
2025-02-06 17:33:36.208480,2.4021,2.4022
2025-02-06 17:33:37.496058,2.4024,2.4025
2025-02-06 17:33:38.778650,2.4011,2.4012
2025-02-06 17:33:40.062111,2.4012,2.4013
2025-02-06 17:33:41.347423,2.4007,2.4008
2025-02-06 17:33:42.633079,2.4013,2.4014
2025-02-06 17:33:43.915753,2.4018,2.4019
2025-02-06 17:33:45.201665,2.4022,2.4023
2025-02-06 17:33:46.486082,2.4025,2.4026
2025-02-06 17:33:47.770462,2.4027,2.4028
2025-02-06 17:33:49.056355,2.4031,2.4032
2025-02-06 17:33:50.342114,2.4026,2.4027
2025-02-06 17:33:51.633499,2.4027,2.4028
2025-02-06 17:33:52.918212,2.4013,2.4014
2025-02-06 17:33:54.204161,2.4019,2.402
2025-02-06 17:33:55.491848,2.4016,2.4017
2025-02-06 17:33:56.775165,2.4015,2.4016
2025-02-06 17:33:58.057568,2.4014,2.4015
2025-02-06 17:33:59.340356,2.4015,2.4016
2025-02-06 17:34:00.628096,2.401,2.4011
2025-02-06 17:34:01.914470,2.3994,2.3995
2025-02-06 17:34:03.200785,2.4,2.4001
2025-02-06 17:34:04.485445,2.3996,2.3997
2025-02-06 17:34:05.775300,2.3999,2.4
2025-02-06 17:34:07.058465,2.4007,2.4008
2025-02-06 17:34:08.344592,2.4019,2.402
2025-02-06 17:34:09.627995,2.4027,2.4028
2025-02-06 17:34:10.916011,2.4019,2.402
2025-02-06 17:34:12.203518,2.4026,2.4027
2025-02-06 17:34:13.936608,2.4021,2.4022
2025-02-06 17:34:15.222372,2.4037,2.4038
2025-02-06 17:34:16.508160,2.4045,2.4046
2025-02-06 17:34:17.791426,2.4055,2.4056
2025-02-06 17:34:19.076488,2.4054,2.4055
2025-02-06 17:34:20.359750,2.4051,2.4052
2025-02-06 17:34:21.642123,2.4067,2.4068
2025-02-06 17:34:22.926322,2.4077,2.4078
2025-02-06 17:34:24.214557,2.4085,2.4086
2025-02-06 17:34:25.499654,2.4089,2.409
2025-02-06 17:34:26.783100,2.4089,2.409
2025-02-06 17:34:28.065959,2.4089,2.409
2025-02-06 17:34:29.350451,2.4088,2.4089
2025-02-06 17:34:30.634854,2.4093,2.4094
2025-02-06 17:34:31.920805,2.4094,2.4095
2025-02-06 17:34:33.210422,2.4107,2.4108
2025-02-06 17:34:34.495196,2.4088,2.4089
2025-02-06 17:34:35.780138,2.4085,2.4086
2025-02-06 17:34:37.064752,2.4092,2.4093
2025-02-06 17:34:38.350874,2.4089,2.409
2025-02-06 17:34:39.636844,2.4095,2.4096
2025-02-06 17:34:40.920643,2.4085,2.4086
2025-02-06 17:34:42.205491,2.4079,2.408
2025-02-06 17:34:43.490324,2.4073,2.4074
2025-02-06 17:34:44.774605,2.4087,2.4088
2025-02-06 17:34:46.061370,2.4087,2.4088
2025-02-06 17:34:47.347754,2.4083,2.4084
2025-02-06 17:34:48.636441,2.4069,2.407
2025-02-06 17:34:49.921564,2.407,2.4071
2025-02-06 17:34:51.205802,2.4082,2.4083
2025-02-06 17:34:52.491836,2.4079,2.408
2025-02-06 17:34:53.779481,2.408,2.4081
2025-02-06 17:34:55.061712,2.4089,2.409
2025-02-06 17:34:56.346552,2.408,2.4081
2025-02-06 17:34:57.631116,2.4082,2.4083
2025-02-06 17:34:58.916963,2.408,2.4081
2025-02-06 17:35:00.200644,2.409,2.4091
2025-02-06 17:35:01.488850,2.4088,2.4089
2025-02-06 17:35:02.771982,2.4085,2.4086
2025-02-06 17:35:04.064045,2.4099,2.41
2025-02-06 17:35:05.347999,2.4116,2.4117
2025-02-06 17:35:06.630561,2.4115,2.4116
2025-02-06 17:35:07.913437,2.4116,2.4117
2025-02-06 17:35:09.197638,2.4113,2.4114
2025-02-06 17:35:10.480985,2.4114,2.4115
2025-02-06 17:35:11.764370,2.4115,2.4116
2025-02-06 17:35:13.047392,2.4087,2.4088
2025-02-06 17:35:14.785570,2.4074,2.4075
2025-02-06 17:35:16.071880,2.409,2.4091
2025-02-06 17:35:17.355600,2.41,2.4101
2025-02-06 17:35:18.647037,2.4112,2.4113
2025-02-06 17:35:19.931522,2.4096,2.4097
2025-02-06 17:35:21.215611,2.4084,2.4085
2025-02-06 17:35:22.499500,2.4082,2.4083
2025-02-06 17:35:23.784978,2.4081,2.4082
2025-02-06 17:35:25.077700,2.4084,2.4085
2025-02-06 17:35:26.364793,2.407,2.4071
2025-02-06 17:35:27.650690,2.4062,2.4063
2025-02-06 17:35:28.935334,2.4064,2.4065
2025-02-06 17:35:30.222629,2.4048,2.4049
2025-02-06 17:35:31.509636,2.404,2.4041
2025-02-06 17:35:32.793566,2.4047,2.4048
2025-02-06 17:35:34.079081,2.405,2.4051
2025-02-06 17:35:35.363447,2.4058,2.4059
2025-02-06 17:35:36.647946,2.4068,2.4069
2025-02-06 17:35:37.933136,2.4087,2.4088
2025-02-06 17:35:39.227831,2.4083,2.4084
2025-02-06 17:35:40.512154,2.4093,2.4094
2025-02-06 17:35:41.796185,2.4099,2.41
2025-02-06 17:35:43.082435,2.4108,2.4109
2025-02-06 17:35:44.369563,2.4112,2.4113
2025-02-06 17:35:45.655107,2.4112,2.4113
2025-02-06 17:35:46.938998,2.4108,2.4109
2025-02-06 17:35:48.222150,2.4109,2.411
2025-02-06 17:35:49.507147,2.4121,2.4122
2025-02-06 17:35:50.791277,2.4118,2.4119
2025-02-06 17:35:52.075608,2.4124,2.4125
2025-02-06 17:35:53.362081,2.4126,2.4127
2025-02-06 17:35:54.648930,2.4133,2.4134
2025-02-06 17:35:55.932227,2.412,2.4121
2025-02-06 17:35:57.217033,2.4123,2.4124
2025-02-06 17:35:58.501765,2.4099,2.41
2025-02-06 17:35:59.787066,2.4091,2.4092
2025-02-06 17:36:01.071705,2.4084,2.4085
2025-02-06 17:36:02.355107,2.4093,2.4094
2025-02-06 17:36:03.640938,2.4109,2.411
2025-02-06 17:36:04.925466,2.4114,2.4115
2025-02-06 17:36:06.209205,2.4105,2.4106
2025-02-06 17:36:07.494996,2.4112,2.4113
2025-02-06 17:36:08.778571,2.4103,2.4104
2025-02-06 17:36:10.063786,2.4104,2.4105
2025-02-06 17:36:11.798910,2.4088,2.4089
2025-02-06 17:36:13.085641,2.4079,2.408
2025-02-06 17:36:14.370705,2.4066,2.4067
2025-02-06 17:36:16.106087,2.406,2.4061
2025-02-06 17:36:17.389877,2.4052,2.4053
2025-02-06 17:36:18.675686,2.4048,2.4049
2025-02-06 17:36:19.959818,2.4058,2.4059
2025-02-06 17:36:21.248133,2.4054,2.4055
2025-02-06 17:36:22.538502,2.4062,2.4063
2025-02-06 17:36:23.823125,2.4076,2.4077
2025-02-06 17:36:25.107415,2.407,2.4071
2025-02-06 17:36:26.392499,2.408,2.4081
2025-02-06 17:36:27.675292,2.4068,2.4069
2025-02-06 17:36:28.962480,2.4074,2.4075
2025-02-06 17:36:30.251560,2.4058,2.4059
2025-02-06 17:36:31.536818,2.406,2.4061
2025-02-06 17:36:32.822297,2.4072,2.4073
2025-02-06 17:36:34.110248,2.4072,2.4073
2025-02-06 17:36:35.394022,2.4069,2.407
2025-02-06 17:36:36.678343,2.4068,2.4069
2025-02-06 17:36:37.963834,2.4068,2.4069
2025-02-06 17:36:39.251218,2.4062,2.4063
2025-02-06 17:36:40.537971,2.4065,2.4066
2025-02-06 17:36:41.823504,2.4082,2.4083
2025-02-06 17:36:43.108189,2.4078,2.4079
2025-02-06 17:36:44.393384,2.4082,2.4083
2025-02-06 17:36:45.678720,2.4081,2.4082
2025-02-06 17:36:46.963225,2.4098,2.4099
2025-02-06 17:36:48.249211,2.4108,2.4109
2025-02-06 17:36:49.532477,2.4101,2.4102
2025-02-06 17:36:50.818569,2.4104,2.4105
2025-02-06 17:36:52.103263,2.41,2.4101
2025-02-06 17:36:53.387465,2.4095,2.4096
2025-02-06 17:36:54.672675,2.4078,2.4079
2025-02-06 17:36:55.965275,2.4083,2.4084
2025-02-06 17:36:57.252347,2.4078,2.4079
2025-02-06 17:36:58.538743,2.4091,2.4093
2025-02-06 17:36:59.823363,2.4102,2.4103
2025-02-06 17:37:01.109915,2.4128,2.4129
2025-02-06 17:37:02.394318,2.4134,2.4135
2025-02-06 17:37:03.679415,2.4165,2.4166
2025-02-06 17:37:04.963500,2.4161,2.4162
2025-02-06 17:37:06.247730,2.4164,2.4165
2025-02-06 17:37:07.535700,2.4149,2.415
2025-02-06 17:37:08.818708,2.4146,2.4147
2025-02-06 17:37:10.102203,2.4152,2.4153
2025-02-06 17:37:11.388322,2.415,2.4151
2025-02-06 17:37:12.671925,2.415,2.4151
2025-02-06 17:37:13.955946,2.4134,2.4135
2025-02-06 17:37:15.244694,2.413,2.4131
2025-02-06 17:37:16.529442,2.4124,2.4125
2025-02-06 17:37:17.813973,2.4128,2.4129
2025-02-06 17:37:19.098436,2.4149,2.415
2025-02-06 17:37:20.382621,2.4155,2.4156
2025-02-06 17:37:21.667414,2.4149,2.415
2025-02-06 17:37:22.952805,2.4158,2.4159
2025-02-06 17:37:24.245253,2.4165,2.4166
2025-02-06 17:37:25.530470,2.4159,2.416
2025-02-06 17:37:26.815405,2.4156,2.4157
2025-02-06 17:37:28.100292,2.4158,2.4159
2025-02-06 17:37:29.385731,2.4154,2.4155
2025-02-06 17:37:30.669981,2.4154,2.4155
2025-02-06 17:37:31.956625,2.4155,2.4156
2025-02-06 17:37:33.242776,2.4153,2.4154
2025-02-06 17:37:34.531317,2.4144,2.4145
2025-02-06 17:37:35.817750,2.4137,2.4138
2025-02-06 17:37:37.103632,2.4144,2.4145
2025-02-06 17:37:38.390795,2.4131,2.4132
2025-02-06 17:37:39.676951,2.4135,2.4136
2025-02-06 17:37:40.962172,2.4132,2.4133
2025-02-06 17:37:42.246318,2.4109,2.411
2025-02-06 17:37:43.532248,2.4112,2.4113
2025-02-06 17:37:45.268449,2.4115,2.4116
2025-02-06 17:37:46.551443,2.412,2.4121
2025-02-06 17:37:47.835006,2.4121,2.4122
2025-02-06 17:37:49.119778,2.412,2.4121
2025-02-06 17:37:50.406018,2.4123,2.4124
2025-02-06 17:37:51.690937,2.4129,2.413
2025-02-06 17:37:52.978522,2.4124,2.4125
2025-02-06 17:37:54.262910,2.4119,2.412
2025-02-06 17:37:55.545970,2.4106,2.4107
2025-02-06 17:37:56.831779,2.4115,2.4116
2025-02-06 17:37:58.116647,2.4107,2.4108
2025-02-06 17:37:59.402267,2.4098,2.4099
2025-02-06 17:38:00.686889,2.4099,2.41
2025-02-06 17:38:01.969739,2.4093,2.4094
2025-02-06 17:38:03.252844,2.4079,2.408
2025-02-06 17:38:04.538414,2.4081,2.4082
2025-02-06 17:38:05.823763,2.4097,2.4098
2025-02-06 17:38:07.112444,2.4075,2.4076
2025-02-06 17:38:08.397624,2.407,2.4071
2025-02-06 17:38:09.684632,2.4064,2.4065
2025-02-06 17:38:10.968820,2.4065,2.4066
2025-02-06 17:38:12.253703,2.4059,2.406
2025-02-06 17:38:13.536645,2.4058,2.4059
2025-02-06 17:38:14.823751,2.4052,2.4053
2025-02-06 17:38:16.108151,2.4048,2.4049
2025-02-06 17:38:17.394544,2.4055,2.4056
2025-02-06 17:38:18.677567,2.4046,2.4047
2025-02-06 17:38:19.968303,2.4049,2.405
2025-02-06 17:38:21.253783,2.4048,2.4049
2025-02-06 17:38:22.538197,2.4049,2.405
2025-02-06 17:38:23.821469,2.4052,2.4053
2025-02-06 17:38:25.107227,2.4054,2.4055
2025-02-06 17:38:26.391092,2.4058,2.4059
2025-02-06 17:38:27.676744,2.4074,2.4075
2025-02-06 17:38:28.965087,2.4073,2.4074
2025-02-06 17:38:30.248087,2.4059,2.406
2025-02-06 17:38:31.532973,2.4057,2.4058
2025-02-06 17:38:32.819187,2.4057,2.4058
2025-02-06 17:38:34.103198,2.406,2.4061
2025-02-06 17:38:35.387695,2.4059,2.406
2025-02-06 17:38:36.671712,2.406,2.4061
2025-02-06 17:38:37.955666,2.4049,2.405
2025-02-06 17:38:39.242525,2.4053,2.4054
2025-02-06 17:38:40.527433,2.4058,2.4059
2025-02-06 17:38:41.812176,2.4063,2.4064
2025-02-06 17:38:43.098464,2.4062,2.4063
2025-02-06 17:38:44.381786,2.4056,2.4057
2025-02-06 17:38:45.665646,2.4051,2.4052
2025-02-06 17:38:46.950162,2.4046,2.4047
2025-02-06 17:38:48.235297,2.404,2.4041
2025-02-06 17:38:49.518863,2.4043,2.4044
2025-02-06 17:38:50.802769,2.4034,2.4035
2025-02-06 17:38:52.086817,2.403,2.4031
2025-02-06 17:38:53.373184,2.403,2.4031
2025-02-06 17:38:54.658490,2.4027,2.4028
2025-02-06 17:38:55.942950,2.4039,2.404
2025-02-06 17:38:57.232170,2.4035,2.4036
2025-02-06 17:38:58.515494,2.4042,2.4043
2025-02-06 17:38:59.800539,2.4039,2.404
2025-02-06 17:39:01.084058,2.4045,2.4046
2025-02-06 17:39:02.367870,2.4057,2.4058
2025-02-06 17:39:03.655042,2.405,2.4051
2025-02-06 17:39:04.942309,2.4034,2.4035
2025-02-06 17:39:06.227471,2.4029,2.403
2025-02-06 17:39:07.513848,2.4028,2.4029
2025-02-06 17:39:08.799212,2.4022,2.4023
2025-02-06 17:39:10.082790,2.4012,2.4013
2025-02-06 17:39:11.366757,2.4007,2.4008
2025-02-06 17:39:12.650116,2.4011,2.4012
2025-02-06 17:39:13.935441,2.4009,2.401
2025-02-06 17:39:15.219680,2.4009,2.401
2025-02-06 17:39:16.502981,2.4013,2.4014
2025-02-06 17:39:17.787778,2.4016,2.4017
2025-02-06 17:39:19.523730,2.4018,2.4019
2025-02-06 17:39:21.264021,2.4015,2.4016
2025-02-06 17:39:22.547686,2.4011,2.4012
2025-02-06 17:39:23.832335,2.4004,2.4005
2025-02-06 17:39:25.117681,2.4001,2.4002
2025-02-06 17:39:26.405069,2.3998,2.3999
2025-02-06 17:39:27.690882,2.3996,2.3997
2025-02-06 17:39:28.975493,2.3996,2.3997
2025-02-06 17:39:30.262355,2.3982,2.3983
2025-02-06 17:39:31.552123,2.3972,2.3973
2025-02-06 17:39:32.837014,2.3957,2.3958
2025-02-06 17:39:34.121170,2.3962,2.3963
2025-02-06 17:39:35.404242,2.3966,2.3967
2025-02-06 17:39:36.688493,2.3968,2.3969
2025-02-06 17:39:37.975194,2.3975,2.3976
2025-02-06 17:39:39.260896,2.3982,2.3983
2025-02-06 17:39:40.547855,2.3987,2.3988
2025-02-06 17:39:41.834304,2.398,2.3981
2025-02-06 17:39:43.119990,2.3977,2.3978
2025-02-06 17:39:44.403702,2.3974,2.3975
2025-02-06 17:39:45.689397,2.398,2.3981
2025-02-06 17:39:46.975542,2.3976,2.3977
2025-02-06 17:39:48.261156,2.3979,2.398
2025-02-06 17:39:49.545562,2.3995,2.3996
2025-02-06 17:39:50.832250,2.3999,2.4
2025-02-06 17:39:52.117181,2.3999,2.4
2025-02-06 17:39:53.400863,2.4002,2.4003
2025-02-06 17:39:54.685388,2.3999,2.4
2025-02-06 17:39:55.970535,2.3999,2.4
2025-02-06 17:39:57.256455,2.3997,2.3998
2025-02-06 17:39:58.541349,2.3989,2.399
2025-02-06 17:39:59.829285,2.3993,2.3994
2025-02-06 17:40:01.116907,2.3985,2.3986
2025-02-06 17:40:02.405722,2.3979,2.398
2025-02-06 17:40:03.690454,2.3983,2.3984
2025-02-06 17:40:04.976724,2.3981,2.3982
2025-02-06 17:40:06.262929,2.3963,2.3964
2025-02-06 17:40:07.549966,2.3962,2.3963
2025-02-06 17:40:08.833941,2.3963,2.3964
2025-02-06 17:40:10.118399,2.3966,2.3967
2025-02-06 17:40:11.407338,2.3954,2.3955
2025-02-06 17:40:12.694612,2.3956,2.3957
2025-02-06 17:40:13.980382,2.3956,2.3957
2025-02-06 17:40:15.267930,2.3958,2.3959
2025-02-06 17:40:16.551801,2.3956,2.3957
2025-02-06 17:40:17.837570,2.3959,2.396
2025-02-06 17:40:19.122502,2.3965,2.3966
2025-02-06 17:40:20.861498,2.3963,2.3964
2025-02-06 17:40:22.146074,2.3969,2.397
2025-02-06 17:40:23.431550,2.3975,2.3976
2025-02-06 17:40:24.717612,2.3974,2.3975
2025-02-06 17:40:26.002046,2.3994,2.3995
2025-02-06 17:40:27.286888,2.3997,2.3998
2025-02-06 17:40:28.572345,2.4007,2.4008
2025-02-06 17:40:29.859203,2.4008,2.4009
2025-02-06 17:40:31.160650,2.4006,2.4007
2025-02-06 17:40:32.448035,2.4013,2.4014
2025-02-06 17:40:33.737620,2.4011,2.4012
2025-02-06 17:40:35.030362,2.4009,2.401
2025-02-06 17:40:36.313871,2.4002,2.4003
2025-02-06 17:40:37.599348,2.3998,2.3999
2025-02-06 17:40:38.884433,2.3984,2.3985
2025-02-06 17:40:40.176732,2.3974,2.3975
2025-02-06 17:40:41.462025,2.397,2.3971
2025-02-06 17:40:42.747201,2.3977,2.3978
2025-02-06 17:40:44.044163,2.3972,2.3973
2025-02-06 17:40:45.333768,2.3958,2.3959
2025-02-06 17:40:46.630620,2.3957,2.3958
2025-02-06 17:40:47.927106,2.3962,2.3963
2025-02-06 17:40:49.210835,2.3962,2.3963
2025-02-06 17:40:50.505982,2.3967,2.3968
2025-02-06 17:40:51.791419,2.396,2.3961
2025-02-06 17:40:53.076587,2.3958,2.3959
2025-02-06 17:40:54.366288,2.3942,2.3943
2025-02-06 17:40:55.652592,2.3949,2.395
2025-02-06 17:40:56.937237,2.395,2.3951
2025-02-06 17:40:58.220673,2.3953,2.3954
2025-02-06 17:40:59.505647,2.3946,2.3947
2025-02-06 17:41:00.790057,2.3947,2.3948
2025-02-06 17:41:02.083953,2.3944,2.3945
2025-02-06 17:41:03.371725,2.3935,2.3936
2025-02-06 17:41:04.658128,2.3933,2.3934
2025-02-06 17:41:05.944407,2.3924,2.3925
2025-02-06 17:41:07.229824,2.3914,2.3915
2025-02-06 17:41:08.517481,2.3918,2.3919
2025-02-06 17:41:09.804812,2.393,2.3931
2025-02-06 17:41:11.088450,2.3924,2.3925
2025-02-06 17:41:12.377525,2.3914,2.3915
2025-02-06 17:41:13.664041,2.3933,2.3934
2025-02-06 17:41:14.948668,2.3926,2.3927
2025-02-06 17:41:16.235207,2.3927,2.3928
2025-02-06 17:41:17.523565,2.3944,2.3945
2025-02-06 17:41:18.816805,2.3934,2.3935
2025-02-06 17:41:20.106286,2.3938,2.3939
2025-02-06 17:41:21.839317,2.3933,2.3934
2025-02-06 17:41:23.129478,2.3933,2.3934
2025-02-06 17:41:24.414902,2.392,2.3921
2025-02-06 17:41:26.152485,2.3921,2.3922
2025-02-06 17:41:27.437464,2.3921,2.3922
2025-02-06 17:41:28.722250,2.3911,2.3912
2025-02-06 17:41:30.009366,2.3909,2.391
2025-02-06 17:41:31.295685,2.3921,2.3922
2025-02-06 17:41:32.579333,2.3913,2.3914
2025-02-06 17:41:33.868161,2.3907,2.3908
2025-02-06 17:41:35.154684,2.3897,2.3898
2025-02-06 17:41:36.439244,2.3892,2.3893
2025-02-06 17:41:37.725396,2.3893,2.3894
2025-02-06 17:41:39.009638,2.3895,2.3896
2025-02-06 17:41:40.293245,2.3892,2.3893
2025-02-06 17:41:41.580205,2.3885,2.3886
2025-02-06 17:41:42.864259,2.3875,2.3876
2025-02-06 17:41:44.148800,2.3861,2.3862
2025-02-06 17:41:45.432670,2.3856,2.3857
2025-02-06 17:41:46.716346,2.3847,2.3848
2025-02-06 17:41:48.000750,2.3849,2.385
2025-02-06 17:41:49.285960,2.3836,2.3837
2025-02-06 17:41:50.571549,2.3836,2.3837
2025-02-06 17:41:51.857221,2.3831,2.3832
2025-02-06 17:41:53.141868,2.3821,2.3822
2025-02-06 17:41:54.430241,2.3817,2.3818
2025-02-06 17:41:55.715039,2.3812,2.3813
2025-02-06 17:41:56.999668,2.3816,2.3817
2025-02-06 17:41:58.285122,2.3812,2.3813
2025-02-06 17:41:59.571373,2.3821,2.3822
2025-02-06 17:42:00.858064,2.3815,2.3816
2025-02-06 17:42:02.141635,2.3806,2.3807
2025-02-06 17:42:03.428509,2.3806,2.3807
2025-02-06 17:42:04.711008,2.3801,2.3802
2025-02-06 17:42:05.996002,2.3786,2.3787
2025-02-06 17:42:07.281076,2.3805,2.3806
2025-02-06 17:42:08.565450,2.3815,2.3816
2025-02-06 17:42:09.849286,2.3793,2.3794
2025-02-06 17:42:11.134025,2.3799,2.38
2025-02-06 17:42:12.430849,2.3806,2.3807
2025-02-06 17:42:13.717703,2.3796,2.3797
2025-02-06 17:42:15.001003,2.3797,2.3798
2025-02-06 17:42:16.286548,2.3792,2.3793
2025-02-06 17:42:17.572083,2.3788,2.3789
2025-02-06 17:42:18.862330,2.3778,2.3779
2025-02-06 17:42:20.145605,2.376,2.3761
2025-02-06 17:42:21.429362,2.3742,2.3743
2025-02-06 17:42:23.168176,2.3745,2.3746
2025-02-06 17:42:24.453246,2.3745,2.3746
2025-02-06 17:42:25.736870,2.3744,2.3745
2025-02-06 17:42:27.020652,2.3756,2.3757
2025-02-06 17:42:28.305472,2.3767,2.3768
2025-02-06 17:42:29.589881,2.3764,2.3765
2025-02-06 17:42:30.873393,2.3769,2.377
2025-02-06 17:42:32.157974,2.3758,2.3759
2025-02-06 17:42:33.441866,2.375,2.3751
2025-02-06 17:42:34.730658,2.3735,2.3736
2025-02-06 17:42:36.018433,2.3752,2.3753
2025-02-06 17:42:37.302521,2.3748,2.3749
2025-02-06 17:42:38.585613,2.376,2.3761
2025-02-06 17:42:39.870206,2.3756,2.3757
2025-02-06 17:42:41.185304,2.3754,2.3755
2025-02-06 17:42:42.469790,2.3755,2.3756
2025-02-06 17:42:43.754408,2.3759,2.376
2025-02-06 17:42:45.039103,2.3754,2.3755
2025-02-06 17:42:46.325904,2.377,2.3771
2025-02-06 17:42:47.618647,2.3766,2.3767
2025-02-06 17:42:48.902729,2.3767,2.3768
2025-02-06 17:42:50.188179,2.3762,2.3763
2025-02-06 17:42:51.486801,2.3764,2.3765
2025-02-06 17:42:52.773172,2.3771,2.3772
2025-02-06 17:42:54.056665,2.3761,2.3762
2025-02-06 17:42:55.339829,2.3752,2.3753
2025-02-06 17:42:56.623482,2.3751,2.3752
2025-02-06 17:42:57.906848,2.3752,2.3753
2025-02-06 17:42:59.189609,2.3762,2.3763
2025-02-06 17:43:00.473623,2.3766,2.3767
2025-02-06 17:43:01.758826,2.3759,2.376
2025-02-06 17:43:03.044112,2.3764,2.3765
2025-02-06 17:43:04.330462,2.38,2.3801
2025-02-06 17:43:05.614056,2.3815,2.3816
2025-02-06 17:43:06.899495,2.3803,2.3804
2025-02-06 17:43:08.185607,2.3796,2.3797
2025-02-06 17:43:09.470997,2.3785,2.3786
2025-02-06 17:43:10.753500,2.3776,2.3777
2025-02-06 17:43:12.037939,2.3787,2.3788
2025-02-06 17:43:13.322009,2.3783,2.3784
2025-02-06 17:43:14.605320,2.3793,2.3794
2025-02-06 17:43:15.894024,2.3787,2.3788
2025-02-06 17:43:17.188646,2.3776,2.3777
2025-02-06 17:43:18.473002,2.3765,2.3766
2025-02-06 17:43:19.758139,2.3766,2.3767
2025-02-06 17:43:21.047218,2.3769,2.377
2025-02-06 17:43:22.780372,2.3754,2.3755
2025-02-06 17:43:24.074027,2.3757,2.3758
2025-02-06 17:43:25.361096,2.3744,2.3745
2025-02-06 17:43:26.645970,2.3757,2.3758
2025-02-06 17:43:27.930218,2.3758,2.3759
2025-02-06 17:43:29.215504,2.375,2.3751
2025-02-06 17:43:30.498708,2.377,2.3771
2025-02-06 17:43:31.785395,2.3767,2.3768
2025-02-06 17:43:33.069023,2.3764,2.3765
2025-02-06 17:43:34.354963,2.3762,2.3763
2025-02-06 17:43:35.640834,2.3761,2.3762
2025-02-06 17:43:36.926507,2.3752,2.3753
2025-02-06 17:43:38.210062,2.3718,2.3719
2025-02-06 17:43:39.493760,2.3728,2.3729
2025-02-06 17:43:40.777664,2.3728,2.3729
2025-02-06 17:43:42.059569,2.3737,2.3738
2025-02-06 17:43:43.343024,2.3757,2.3758
2025-02-06 17:43:44.630921,2.3747,2.3748
2025-02-06 17:43:45.916128,2.3747,2.3748
2025-02-06 17:43:47.199528,2.3744,2.3745
2025-02-06 17:43:48.482693,2.3732,2.3733
2025-02-06 17:43:49.766665,2.3735,2.3736
2025-02-06 17:43:51.051039,2.3738,2.3739
2025-02-06 17:43:52.336082,2.3733,2.3734
2025-02-06 17:43:53.628160,2.3731,2.3732
2025-02-06 17:43:54.913533,2.3725,2.3726
2025-02-06 17:43:56.198785,2.373,2.3731
2025-02-06 17:43:57.485489,2.3733,2.3734
2025-02-06 17:43:58.768890,2.3741,2.3742
2025-02-06 17:44:00.053147,2.3744,2.3745
2025-02-06 17:44:01.337943,2.3734,2.3735
2025-02-06 17:44:02.627074,2.3748,2.3749
2025-02-06 17:44:03.909125,2.3769,2.377
2025-02-06 17:44:05.192917,2.3774,2.3775
2025-02-06 17:44:06.477794,2.3774,2.3775
2025-02-06 17:44:07.762045,2.3799,2.38
2025-02-06 17:44:09.046075,2.3792,2.3793
2025-02-06 17:44:10.333676,2.3792,2.3793
2025-02-06 17:44:11.619307,2.3791,2.3792
2025-02-06 17:44:12.904069,2.3795,2.3796
2025-02-06 17:44:14.199070,2.3797,2.3798
2025-02-06 17:44:15.482673,2.3799,2.38
2025-02-06 17:44:16.768298,2.3804,2.3805
2025-02-06 17:44:18.051653,2.3798,2.3799
2025-02-06 17:44:19.344777,2.3784,2.3785
2025-02-06 17:44:20.634242,2.3783,2.3784
2025-02-06 17:44:21.918020,2.3789,2.379
2025-02-06 17:44:23.202373,2.3792,2.3793
2025-02-06 17:44:24.485697,2.3804,2.3805
2025-02-06 17:44:25.769339,2.3793,2.3794
2025-02-06 17:44:27.056088,2.3794,2.3795
2025-02-06 17:44:28.342359,2.3787,2.3788
2025-02-06 17:44:29.627706,2.3795,2.3796
2025-02-06 17:44:30.915317,2.3804,2.3805
2025-02-06 17:44:32.200996,2.3794,2.3795
2025-02-06 17:44:33.485027,2.38,2.3801
2025-02-06 17:44:34.770176,2.3812,2.3813
2025-02-06 17:44:36.055318,2.3808,2.3809
2025-02-06 17:44:37.338975,2.3809,2.381
2025-02-06 17:44:38.623574,2.3811,2.3812
2025-02-06 17:44:39.908505,2.381,2.3811
2025-02-06 17:44:41.191435,2.3829,2.383
2025-02-06 17:44:42.475227,2.3835,2.3836
2025-02-06 17:44:43.760387,2.3838,2.3839
2025-02-06 17:44:45.048085,2.3833,2.3834
2025-02-06 17:44:46.335295,2.3838,2.3839
2025-02-06 17:44:47.619320,2.3835,2.3836
2025-02-06 17:44:48.904358,2.383,2.3831
2025-02-06 17:44:50.189660,2.3834,2.3835
2025-02-06 17:44:51.474717,2.384,2.3841
2025-02-06 17:44:52.760382,2.3835,2.3836
2025-02-06 17:44:54.044528,2.3829,2.383
2025-02-06 17:44:55.329396,2.3835,2.3836
2025-02-06 17:44:56.612528,2.3835,2.3836
2025-02-06 17:44:57.898105,2.3832,2.3833
2025-02-06 17:44:59.182103,2.3831,2.3832
2025-02-06 17:45:00.465522,2.3822,2.3823
2025-02-06 17:45:01.747633,2.3828,2.3829
2025-02-06 17:45:03.031518,2.384,2.3841
2025-02-06 17:45:04.320101,2.3838,2.3839
2025-02-06 17:45:05.607424,2.3859,2.386
2025-02-06 17:45:06.894153,2.3845,2.3846
2025-02-06 17:45:08.180247,2.383,2.3831
2025-02-06 17:45:09.465042,2.3822,2.3823
2025-02-06 17:45:10.755547,2.3831,2.3832
2025-02-06 17:45:12.039902,2.3817,2.3818
2025-02-06 17:45:13.326155,2.3806,2.3807
2025-02-06 17:45:14.612381,2.3809,2.381
2025-02-06 17:45:15.907412,2.3794,2.3795
2025-02-06 17:45:17.190275,2.3816,2.3817
2025-02-06 17:45:18.475899,2.3834,2.3835
2025-02-06 17:45:19.761787,2.3821,2.3822
2025-02-06 17:45:21.049566,2.3815,2.3816
2025-02-06 17:45:22.334314,2.3811,2.3812
2025-02-06 17:45:23.620472,2.3813,2.3814
2025-02-06 17:45:24.904304,2.3801,2.3802
2025-02-06 17:45:26.189228,2.3796,2.3797
2025-02-06 17:45:27.473872,2.3794,2.3795
2025-02-06 17:45:28.758587,2.3806,2.3807
2025-02-06 17:45:30.052774,2.3825,2.3826
2025-02-06 17:45:31.337907,2.3828,2.3829
2025-02-06 17:45:32.639045,2.3827,2.3828
2025-02-06 17:45:33.926510,2.3832,2.3833
2025-02-06 17:45:35.210897,2.3839,2.384
2025-02-06 17:45:36.506448,2.3847,2.3848
2025-02-06 17:45:37.791191,2.3841,2.3842
2025-02-06 17:45:39.080436,2.3841,2.3842
2025-02-06 17:45:40.364217,2.384,2.3841
2025-02-06 17:45:41.649032,2.3826,2.3827
2025-02-06 17:45:43.386885,2.3821,2.3822
2025-02-06 17:45:44.670716,2.383,2.3831
2025-02-06 17:45:45.958561,2.384,2.3841
2025-02-06 17:45:47.243484,2.3848,2.3849
2025-02-06 17:45:48.527759,2.384,2.3841
2025-02-06 17:45:49.814349,2.3824,2.3825
2025-02-06 17:45:51.099650,2.3825,2.3826
2025-02-06 17:45:52.386212,2.383,2.3831
2025-02-06 17:45:53.671580,2.3838,2.3839
2025-02-06 17:45:54.958501,2.3845,2.3846
2025-02-06 17:45:56.244029,2.3859,2.386
2025-02-06 17:45:57.527915,2.3862,2.3863
2025-02-06 17:45:58.810552,2.3854,2.3855
2025-02-06 17:46:00.095796,2.3846,2.3847
2025-02-06 17:46:01.382901,2.3847,2.3848
2025-02-06 17:46:02.667492,2.3856,2.3857
2025-02-06 17:46:03.952790,2.3838,2.3839
2025-02-06 17:46:05.236571,2.3835,2.3836
2025-02-06 17:46:06.524149,2.3827,2.3828
2025-02-06 17:46:07.808583,2.3859,2.386
2025-02-06 17:46:09.093508,2.3863,2.3864
2025-02-06 17:46:10.377704,2.3867,2.3868
2025-02-06 17:46:11.662743,2.3868,2.3869
2025-02-06 17:46:12.950814,2.3873,2.3874
2025-02-06 17:46:14.235286,2.3866,2.3867
2025-02-06 17:46:15.520151,2.386,2.3861
2025-02-06 17:46:16.805751,2.3855,2.3856
2025-02-06 17:46:18.091222,2.3846,2.3847
2025-02-06 17:46:19.375307,2.3844,2.3845
2025-02-06 17:46:20.660804,2.3854,2.3855
2025-02-06 17:46:21.945713,2.3854,2.3855
2025-02-06 17:46:23.231644,2.3866,2.3867
2025-02-06 17:46:24.516335,2.3876,2.3877
2025-02-06 17:46:26.254376,2.3866,2.3867
2025-02-06 17:46:27.542797,2.3866,2.3867
2025-02-06 17:46:28.826532,2.3871,2.3872
2025-02-06 17:46:30.110014,2.3866,2.3867
2025-02-06 17:46:31.395735,2.3871,2.3872
2025-02-06 17:46:32.679320,2.3887,2.3888
2025-02-06 17:46:33.963040,2.3888,2.3889
2025-02-06 17:46:35.245335,2.388,2.3881
2025-02-06 17:46:36.530507,2.3868,2.3869
2025-02-06 17:46:37.818972,2.3863,2.3864
2025-02-06 17:46:39.104634,2.3869,2.387
2025-02-06 17:46:40.391803,2.3875,2.3876
2025-02-06 17:46:41.674559,2.387,2.3871
2025-02-06 17:46:42.959546,2.3868,2.3869
2025-02-06 17:46:44.244728,2.3867,2.3868
2025-02-06 17:46:45.532543,2.3856,2.3857
2025-02-06 17:46:46.819459,2.3854,2.3855
2025-02-06 17:46:48.104325,2.3854,2.3855
2025-02-06 17:46:49.394412,2.3852,2.3853
2025-02-06 17:46:50.678854,2.385,2.3851
2025-02-06 17:46:51.963752,2.3858,2.3859
2025-02-06 17:46:53.250314,2.3887,2.3888
2025-02-06 17:46:54.535414,2.3886,2.3887
2025-02-06 17:46:55.819405,2.3875,2.3876
2025-02-06 17:46:57.105462,2.387,2.3871
2025-02-06 17:46:58.391505,2.3856,2.3857
2025-02-06 17:46:59.677012,2.3861,2.3862
2025-02-06 17:47:00.965589,2.3859,2.386
2025-02-06 17:47:02.249015,2.3856,2.3857
2025-02-06 17:47:03.532864,2.3853,2.3854
2025-02-06 17:47:04.820439,2.3863,2.3864
2025-02-06 17:47:06.106736,2.3888,2.3889
2025-02-06 17:47:07.394213,2.3874,2.3875
2025-02-06 17:47:08.678727,2.3873,2.3874
2025-02-06 17:47:09.963477,2.3883,2.3884
2025-02-06 17:47:11.249609,2.3888,2.3889
2025-02-06 17:47:12.534274,2.3895,2.3896
2025-02-06 17:47:13.818940,2.3893,2.3894
2025-02-06 17:47:15.104013,2.3897,2.3898
2025-02-06 17:47:16.389718,2.3899,2.39
2025-02-06 17:47:17.675598,2.3919,2.392
2025-02-06 17:47:18.974452,2.3925,2.3926
2025-02-06 17:47:20.258388,2.3935,2.3936
2025-02-06 17:47:21.548306,2.3949,2.395
2025-02-06 17:47:22.834866,2.3941,2.3942
2025-02-06 17:47:24.120912,2.3933,2.3934
2025-02-06 17:47:25.405594,2.393,2.3931
2025-02-06 17:47:26.691835,2.3927,2.3928
2025-02-06 17:47:27.982263,2.3935,2.3936
2025-02-06 17:47:29.267329,2.3931,2.3932
2025-02-06 17:47:30.553214,2.393,2.3931
2025-02-06 17:47:31.839021,2.3923,2.3924
2025-02-06 17:47:33.129773,2.3922,2.3923
2025-02-06 17:47:34.412565,2.3936,2.3937
2025-02-06 17:47:35.697196,2.3932,2.3933
2025-02-06 17:47:36.982884,2.3927,2.3928
2025-02-06 17:47:38.268680,2.3936,2.3937
2025-02-06 17:47:39.551620,2.3927,2.3928
2025-02-06 17:47:40.835635,2.3914,2.3915
2025-02-06 17:47:42.122988,2.391,2.3911
2025-02-06 17:47:43.406676,2.3912,2.3913
2025-02-06 17:47:44.690817,2.3926,2.3927
2025-02-06 17:47:46.427825,2.3935,2.3936
2025-02-06 17:47:47.712820,2.3933,2.3934
2025-02-06 17:47:48.997301,2.3929,2.393
2025-02-06 17:47:50.284178,2.3932,2.3933
2025-02-06 17:47:51.568801,2.3929,2.393
2025-02-06 17:47:52.853640,2.3931,2.3932
2025-02-06 17:47:54.139210,2.3909,2.391
2025-02-06 17:47:55.425410,2.3905,2.3906
2025-02-06 17:47:56.709997,2.3914,2.3915
2025-02-06 17:47:57.994146,2.3922,2.3923
2025-02-06 17:47:59.278608,2.3926,2.3927
2025-02-06 17:48:00.564576,2.3924,2.3925
2025-02-06 17:48:01.849043,2.3925,2.3926
2025-02-06 17:48:03.132658,2.3915,2.3916
2025-02-06 17:48:04.419275,2.3903,2.3904
2025-02-06 17:48:05.705560,2.3908,2.3909
2025-02-06 17:48:06.990025,2.39,2.3901
2025-02-06 17:48:08.276460,2.3898,2.3899
2025-02-06 17:48:09.564247,2.3905,2.3906
2025-02-06 17:48:10.848831,2.3894,2.3895
2025-02-06 17:48:12.134881,2.3884,2.3885
2025-02-06 17:48:13.419874,2.388,2.3881
2025-02-06 17:48:14.705025,2.3872,2.3873
2025-02-06 17:48:16.003748,2.3875,2.3876
2025-02-06 17:48:17.289849,2.3872,2.3873
2025-02-06 17:48:18.577788,2.3874,2.3875
2025-02-06 17:48:19.859885,2.3864,2.3865
2025-02-06 17:48:21.147037,2.3868,2.3869
2025-02-06 17:48:22.448033,2.386,2.3861
2025-02-06 17:48:23.735033,2.3863,2.3864
2025-02-06 17:48:25.023219,2.3873,2.3874
2025-02-06 17:48:26.307815,2.387,2.3871
2025-02-06 17:48:27.597681,2.3876,2.3877
2025-02-06 17:48:29.328581,2.3875,2.3876
2025-02-06 17:48:30.614144,2.388,2.3881
2025-02-06 17:48:31.899615,2.3892,2.3893
2025-02-06 17:48:33.185934,2.3889,2.389
2025-02-06 17:48:34.471032,2.3888,2.3889
2025-02-06 17:48:35.755633,2.3877,2.3878
2025-02-06 17:48:37.045722,2.3873,2.3874
2025-02-06 17:48:38.333144,2.3877,2.3878
2025-02-06 17:48:39.618260,2.3872,2.3873
2025-02-06 17:48:40.905066,2.3876,2.3877
2025-02-06 17:48:42.188756,2.3859,2.386
2025-02-06 17:48:43.472593,2.3862,2.3863
2025-02-06 17:48:44.757256,2.3858,2.3859
2025-02-06 17:48:46.043244,2.387,2.3871
2025-02-06 17:48:47.331070,2.3871,2.3872
2025-02-06 17:48:48.616188,2.3872,2.3873
2025-02-06 17:48:49.914988,2.3872,2.3873
2025-02-06 17:48:51.201681,2.3869,2.387
2025-02-06 17:48:52.487547,2.3869,2.387
2025-02-06 17:48:53.773480,2.3865,2.3866
2025-02-06 17:48:55.060018,2.3857,2.3858
2025-02-06 17:48:56.344640,2.3865,2.3866
2025-02-06 17:48:57.632561,2.3866,2.3867
2025-02-06 17:48:58.917055,2.3858,2.3859
2025-02-06 17:49:00.201621,2.386,2.3861
2025-02-06 17:49:01.485581,2.3863,2.3864
2025-02-06 17:49:02.769124,2.3867,2.3868
2025-02-06 17:49:04.055852,2.3873,2.3874
2025-02-06 17:49:05.341496,2.3869,2.387
2025-02-06 17:49:06.624713,2.3883,2.3884
2025-02-06 17:49:07.914370,2.3885,2.3886
2025-02-06 17:49:09.200535,2.3895,2.3896
2025-02-06 17:49:10.487479,2.3885,2.3886
2025-02-06 17:49:11.773253,2.3885,2.3886
2025-02-06 17:49:13.056911,2.3884,2.3885
2025-02-06 17:49:14.341411,2.3885,2.3886
2025-02-06 17:49:15.630048,2.3886,2.3887
2025-02-06 17:49:16.916329,2.3885,2.3886
2025-02-06 17:49:18.201535,2.3896,2.3897
2025-02-06 17:49:19.488006,2.3909,2.391
2025-02-06 17:49:20.773719,2.3915,2.3916
2025-02-06 17:49:22.059803,2.3906,2.3907
2025-02-06 17:49:23.344443,2.391,2.3911
2025-02-06 17:49:24.639501,2.3911,2.3912
2025-02-06 17:49:25.924768,2.3908,2.3909
2025-02-06 17:49:27.207555,2.3905,2.3906
2025-02-06 17:49:28.496991,2.3911,2.3912
2025-02-06 17:49:29.781672,2.3915,2.3916
2025-02-06 17:49:31.066706,2.3921,2.3922
2025-02-06 17:49:32.350781,2.3922,2.3923
2025-02-06 17:49:33.635137,2.3913,2.3914
2025-02-06 17:49:34.921061,2.3904,2.3905
2025-02-06 17:49:36.206200,2.3904,2.3905
2025-02-06 17:49:37.489277,2.3904,2.3905
2025-02-06 17:49:38.776357,2.391,2.3911
2025-02-06 17:49:40.060107,2.3908,2.3909
2025-02-06 17:49:41.346061,2.3919,2.392
2025-02-06 17:49:42.630806,2.3906,2.3907
2025-02-06 17:49:43.917218,2.3891,2.3892
2025-02-06 17:49:45.205245,2.3883,2.3884
2025-02-06 17:49:46.490359,2.3885,2.3886
2025-02-06 17:49:47.775104,2.3885,2.3886
2025-02-06 17:49:49.060022,2.3898,2.3899
2025-02-06 17:49:50.342943,2.3898,2.3899
2025-02-06 17:49:51.628595,2.3904,2.3905
2025-02-06 17:49:52.912332,2.3906,2.3907
2025-02-06 17:49:54.199802,2.3906,2.3907
2025-02-06 17:49:55.484683,2.3903,2.3904
2025-02-06 17:49:56.768136,2.3909,2.391
2025-02-06 17:49:58.053847,2.3913,2.3914
2025-02-06 17:49:59.346687,2.3916,2.3917
2025-02-06 17:50:00.631466,2.3912,2.3913
2025-02-06 17:50:01.918650,2.3908,2.3909
2025-02-06 17:50:03.202871,2.391,2.3911
2025-02-06 17:50:04.487900,2.3916,2.3917
2025-02-06 17:50:05.776786,2.3905,2.3906
2025-02-06 17:50:07.061991,2.3908,2.3909
2025-02-06 17:50:08.347614,2.3888,2.3889
2025-02-06 17:50:09.633396,2.3888,2.3889
2025-02-06 17:50:10.917856,2.3888,2.3889
2025-02-06 17:50:12.201511,2.3877,2.3878
2025-02-06 17:50:13.489055,2.3869,2.387
2025-02-06 17:50:14.772181,2.3865,2.3866
2025-02-06 17:50:16.057708,2.3855,2.3856
2025-02-06 17:50:17.342305,2.3859,2.386
2025-02-06 17:50:18.626686,2.3866,2.3867
2025-02-06 17:50:19.910536,2.3865,2.3866
2025-02-06 17:50:21.195244,2.3864,2.3865
2025-02-06 17:50:22.478365,2.3862,2.3863
2025-02-06 17:50:23.763503,2.3869,2.387
2025-02-06 17:50:25.047893,2.3874,2.3875
2025-02-06 17:50:26.335168,2.3875,2.3876
2025-02-06 17:50:27.624927,2.3875,2.3876
2025-02-06 17:50:28.913132,2.3874,2.3875
2025-02-06 17:50:30.201056,2.3867,2.3868
2025-02-06 17:50:31.485385,2.3864,2.3865
2025-02-06 17:50:32.769262,2.3855,2.3856
2025-02-06 17:50:34.054098,2.3854,2.3855
2025-02-06 17:50:35.342367,2.3853,2.3854
2025-02-06 17:50:36.627476,2.3855,2.3856
2025-02-06 17:50:37.916113,2.3858,2.3859
2025-02-06 17:50:39.211037,2.3866,2.3867
2025-02-06 17:50:40.501869,2.3863,2.3864
2025-02-06 17:50:41.786625,2.3868,2.3869
2025-02-06 17:50:43.070950,2.3875,2.3876
2025-02-06 17:50:44.355168,2.3874,2.3875
2025-02-06 17:50:45.641100,2.3885,2.3886
2025-02-06 17:50:46.931920,2.3877,2.3878
2025-02-06 17:50:48.214871,2.3878,2.3879
2025-02-06 17:50:49.499957,2.3897,2.3898
2025-02-06 17:50:50.784886,2.3897,2.3898
2025-02-06 17:50:52.076930,2.3886,2.3887
2025-02-06 17:50:53.367457,2.3879,2.388
2025-02-06 17:50:54.651526,2.388,2.3881
2025-02-06 17:50:55.939916,2.3877,2.3878
2025-02-06 17:50:57.223676,2.3874,2.3875
2025-02-06 17:50:58.510456,2.3878,2.3879
2025-02-06 17:50:59.795746,2.3878,2.3879
2025-02-06 17:51:01.090870,2.3864,2.3865
2025-02-06 17:51:02.374935,2.387,2.3871
2025-02-06 17:51:03.660794,2.3868,2.3869
2025-02-06 17:51:04.949395,2.3865,2.3866
2025-02-06 17:51:06.236351,2.385,2.3851
2025-02-06 17:51:07.523783,2.3847,2.3848
2025-02-06 17:51:08.813426,2.3851,2.3852
2025-02-06 17:51:10.101675,2.3848,2.3849
2025-02-06 17:51:11.385910,2.3845,2.3846
2025-02-06 17:51:12.671826,2.3832,2.3833
2025-02-06 17:51:13.957606,2.3824,2.3825
2025-02-06 17:51:15.240448,2.3814,2.3815
2025-02-06 17:51:16.528096,2.3816,2.3817
2025-02-06 17:51:17.813112,2.3818,2.3819
2025-02-06 17:51:19.097365,2.3814,2.3815
2025-02-06 17:51:20.382531,2.381,2.3811
2025-02-06 17:51:21.667294,2.3805,2.3806
2025-02-06 17:51:22.953259,2.3805,2.3806
2025-02-06 17:51:24.237859,2.3808,2.3809
2025-02-06 17:51:25.899152,2.3801,2.3802
2025-02-06 17:51:27.190645,2.381,2.3811
2025-02-06 17:51:28.478861,2.3811,2.3812
2025-02-06 17:51:29.763373,2.3818,2.3819
2025-02-06 17:51:31.049004,2.3807,2.3808
2025-02-06 17:51:32.335304,2.381,2.3811
2025-02-06 17:51:33.619451,2.3816,2.3817
2025-02-06 17:51:34.905432,2.3815,2.3816
2025-02-06 17:51:36.192219,2.3819,2.382
2025-02-06 17:51:37.477680,2.3815,2.3816
2025-02-06 17:51:38.762115,2.3818,2.3819
2025-02-06 17:51:40.051173,2.3816,2.3817
2025-02-06 17:51:41.335951,2.381,2.3811
2025-02-06 17:51:42.625079,2.3815,2.3816
2025-02-06 17:51:43.921217,2.3815,2.3816
2025-02-06 17:51:45.205327,2.3814,2.3815
2025-02-06 17:51:46.489290,2.3815,2.3816
2025-02-06 17:51:47.776003,2.3811,2.3812
2025-02-06 17:51:49.062277,2.3809,2.381
2025-02-06 17:51:50.350680,2.3789,2.379
2025-02-06 17:51:51.651933,2.3783,2.3784
2025-02-06 17:51:52.946903,2.3787,2.3788
2025-02-06 17:51:54.236236,2.3788,2.3789
2025-02-06 17:51:55.522023,2.3775,2.3776
2025-02-06 17:51:56.805449,2.3761,2.3762
2025-02-06 17:51:58.092623,2.3762,2.3763
2025-02-06 17:51:59.377369,2.3754,2.3755
2025-02-06 17:52:00.662970,2.3756,2.3757
2025-02-06 17:52:01.947316,2.3767,2.3768
2025-02-06 17:52:03.234071,2.3779,2.378
2025-02-06 17:52:04.523201,2.3774,2.3775
2025-02-06 17:52:05.806791,2.3763,2.3764
2025-02-06 17:52:07.090447,2.376,2.3761
2025-02-06 17:52:08.829331,2.3755,2.3756
2025-02-06 17:52:10.113969,2.3759,2.376
2025-02-06 17:52:11.398517,2.3757,2.3758
2025-02-06 17:52:12.692241,2.3758,2.3759
2025-02-06 17:52:13.977774,2.3758,2.3759
2025-02-06 17:52:15.261944,2.3755,2.3756
2025-02-06 17:52:16.545294,2.3748,2.3749
2025-02-06 17:52:17.829827,2.3744,2.3745
2025-02-06 17:52:19.115736,2.3728,2.3729
2025-02-06 17:52:20.403011,2.3733,2.3734
2025-02-06 17:52:21.687677,2.3742,2.3743
2025-02-06 17:52:22.977261,2.3732,2.3733
2025-02-06 17:52:24.268034,2.3717,2.3718
2025-02-06 17:52:25.550109,2.3708,2.3709
2025-02-06 17:52:26.837034,2.3706,2.3707
2025-02-06 17:52:28.125620,2.3693,2.3694
2025-02-06 17:52:29.411086,2.3676,2.3677
2025-02-06 17:52:30.696899,2.3667,2.3668
2025-02-06 17:52:31.980508,2.3674,2.3675
2025-02-06 17:52:33.267101,2.3682,2.3683
2025-02-06 17:52:34.562513,2.3704,2.3705
2025-02-06 17:52:35.846252,2.3709,2.371
2025-02-06 17:52:37.132616,2.3701,2.3702
2025-02-06 17:52:38.419674,2.371,2.3711
2025-02-06 17:52:39.705684,2.3707,2.3708
2025-02-06 17:52:40.998060,2.3721,2.3722
2025-02-06 17:52:42.280889,2.372,2.3721
2025-02-06 17:52:43.567505,2.3727,2.3728
2025-02-06 17:52:44.853474,2.3725,2.3726
2025-02-06 17:52:46.138949,2.372,2.3721
2025-02-06 17:52:47.424883,2.3724,2.3725
2025-02-06 17:52:48.711682,2.3724,2.3725
2025-02-06 17:52:49.997684,2.3731,2.3732
2025-02-06 17:52:51.284726,2.3721,2.3722
2025-02-06 17:52:52.571018,2.3718,2.3719
2025-02-06 17:52:53.855907,2.3705,2.3706
2025-02-06 17:52:55.141421,2.3701,2.3702
2025-02-06 17:52:56.429302,2.3705,2.3706
2025-02-06 17:52:57.714562,2.3703,2.3704
2025-02-06 17:52:58.999518,2.37,2.3701
2025-02-06 17:53:00.286765,2.3699,2.37
2025-02-06 17:53:01.570131,2.3698,2.3699
2025-02-06 17:53:02.857087,2.3703,2.3704
2025-02-06 17:53:04.148213,2.3704,2.3705
2025-02-06 17:53:05.435031,2.369,2.3691
2025-02-06 17:53:06.719716,2.368,2.3681
2025-02-06 17:53:08.002580,2.3682,2.3683
2025-02-06 17:53:09.287803,2.3689,2.369
2025-02-06 17:53:10.575862,2.3674,2.3675
2025-02-06 17:53:11.866734,2.368,2.3681
2025-02-06 17:53:13.163754,2.3676,2.3677
2025-02-06 17:53:14.446712,2.3667,2.3668
2025-02-06 17:53:15.731052,2.3667,2.3668
2025-02-06 17:53:17.013783,2.3663,2.3664
2025-02-06 17:53:18.308726,2.3662,2.3663
2025-02-06 17:53:19.592575,2.366,2.3661
2025-02-06 17:53:20.879460,2.3657,2.3658
2025-02-06 17:53:22.164599,2.3662,2.3663
2025-02-06 17:53:23.449481,2.367,2.3671
2025-02-06 17:53:24.733032,2.3679,2.368
2025-02-06 17:53:26.018031,2.3672,2.3673
2025-02-06 17:53:27.301668,2.3663,2.3664
2025-02-06 17:53:28.589501,2.3667,2.3668
2025-02-06 17:53:29.873786,2.366,2.3661
2025-02-06 17:53:31.158760,2.3656,2.3657
2025-02-06 17:53:32.445294,2.3651,2.3652
2025-02-06 17:53:33.732491,2.3657,2.3658
2025-02-06 17:53:35.028293,2.3657,2.3658
2025-02-06 17:53:36.764737,2.3645,2.3646
2025-02-06 17:53:38.048144,2.3645,2.3646
2025-02-06 17:53:39.334284,2.3652,2.3653
2025-02-06 17:53:40.618474,2.3655,2.3656
2025-02-06 17:53:41.904225,2.3666,2.3667
2025-02-06 17:53:43.187835,2.3677,2.3678
2025-02-06 17:53:44.477275,2.3678,2.3679
2025-02-06 17:53:45.761538,2.3691,2.3692
2025-02-06 17:53:47.045797,2.37,2.3701
2025-02-06 17:53:48.328305,2.3699,2.37
2025-02-06 17:53:49.611100,2.3705,2.3706
2025-02-06 17:53:50.894127,2.371,2.3711
2025-02-06 17:53:52.178023,2.3717,2.3718
2025-02-06 17:53:53.464167,2.3713,2.3714
2025-02-06 17:53:54.748581,2.3704,2.3705
2025-02-06 17:53:56.039223,2.37,2.3701
2025-02-06 17:53:57.323861,2.37,2.3701
2025-02-06 17:53:58.607475,2.3685,2.3686
2025-02-06 17:53:59.892371,2.3679,2.368
2025-02-06 17:54:01.177764,2.3674,2.3675
2025-02-06 17:54:02.462313,2.3677,2.3678
2025-02-06 17:54:03.748284,2.3684,2.3685
2025-02-06 17:54:05.035159,2.3683,2.3684
2025-02-06 17:54:06.321940,2.3674,2.3675
2025-02-06 17:54:07.606864,2.3684,2.3685
2025-02-06 17:54:08.892170,2.3677,2.3678
2025-02-06 17:54:10.177518,2.3679,2.368
2025-02-06 17:54:11.463976,2.3663,2.3664
2025-02-06 17:54:12.748416,2.3667,2.3668
2025-02-06 17:54:14.032131,2.3675,2.3676
2025-02-06 17:54:15.320413,2.3677,2.3678
2025-02-06 17:54:16.609104,2.3679,2.368
2025-02-06 17:54:17.894323,2.368,2.3681
2025-02-06 17:54:19.180261,2.3677,2.3678
2025-02-06 17:54:20.467950,2.3685,2.3686
2025-02-06 17:54:21.753869,2.3676,2.3677
2025-02-06 17:54:23.038628,2.368,2.3681
2025-02-06 17:54:24.326485,2.3685,2.3686
2025-02-06 17:54:25.612389,2.3688,2.3689
2025-02-06 17:54:26.904353,2.3692,2.3693
2025-02-06 17:54:28.188585,2.3694,2.3695
2025-02-06 17:54:29.473607,2.3697,2.3698
2025-02-06 17:54:30.759363,2.3692,2.3693
2025-02-06 17:54:32.046146,2.3704,2.3705
2025-02-06 17:54:33.331984,2.3719,2.372
2025-02-06 17:54:34.616326,2.3724,2.3725
2025-02-06 17:54:35.902628,2.3724,2.3725
2025-02-06 17:54:37.189940,2.372,2.3721
2025-02-06 17:54:38.480618,2.3718,2.3719
2025-02-06 17:54:39.764276,2.3714,2.3715
2025-02-06 17:54:41.050670,2.371,2.3711
2025-02-06 17:54:42.334360,2.3706,2.3707
2025-02-06 17:54:43.619487,2.3696,2.3697
2025-02-06 17:54:44.905554,2.3685,2.3686
2025-02-06 17:54:46.191947,2.3686,2.3687
2025-02-06 17:54:47.477369,2.3678,2.3679
2025-02-06 17:54:48.763729,2.3681,2.3682
2025-02-06 17:54:50.054744,2.3676,2.3677
2025-02-06 17:54:51.796956,2.3678,2.3679
2025-02-06 17:54:53.081186,2.3678,2.3679
2025-02-06 17:54:54.365084,2.3683,2.3684
2025-02-06 17:54:55.647801,2.3683,2.3684
2025-02-06 17:54:56.933486,2.3681,2.3682
2025-02-06 17:54:58.218095,2.3687,2.3688
2025-02-06 17:54:59.504143,2.3682,2.3683
2025-02-06 17:55:00.788355,2.3682,2.3683
2025-02-06 17:55:02.073652,2.3683,2.3684
2025-02-06 17:55:03.359931,2.3676,2.3677
2025-02-06 17:55:04.648147,2.3678,2.3679
2025-02-06 17:55:05.935601,2.3679,2.368
2025-02-06 17:55:07.221138,2.3679,2.368
2025-02-06 17:55:08.504882,2.3683,2.3684
2025-02-06 17:55:09.790498,2.3679,2.368
2025-02-06 17:55:11.075159,2.3674,2.3675
2025-02-06 17:55:12.359288,2.3679,2.368
2025-02-06 17:55:13.644347,2.3683,2.3684
2025-02-06 17:55:14.930837,2.3683,2.3684
2025-02-06 17:55:16.216888,2.3669,2.367
2025-02-06 17:55:17.502592,2.3677,2.3678
2025-02-06 17:55:18.786905,2.3684,2.3685
2025-02-06 17:55:20.070776,2.3685,2.3686
2025-02-06 17:55:21.355500,2.3692,2.3693
2025-02-06 17:55:22.639242,2.369,2.3691
2025-02-06 17:55:23.927868,2.3688,2.3689
2025-02-06 17:55:25.212888,2.3681,2.3682
2025-02-06 17:55:26.499567,2.3693,2.3694
2025-02-06 17:55:27.786314,2.3702,2.3703
2025-02-06 17:55:29.072044,2.3701,2.3702
2025-02-06 17:55:30.356382,2.3713,2.3714
2025-02-06 17:55:31.640524,2.3721,2.3722
2025-02-06 17:55:32.925111,2.3724,2.3725
2025-02-06 17:55:34.657526,2.3741,2.3742
2025-02-06 17:55:35.940375,2.3739,2.374
2025-02-06 17:55:37.226275,2.374,2.3741
2025-02-06 17:55:38.510688,2.374,2.3741
2025-02-06 17:55:39.798877,2.374,2.3741
2025-02-06 17:55:41.082889,2.3736,2.3737
2025-02-06 17:55:42.367075,2.3741,2.3742
2025-02-06 17:55:43.650146,2.3738,2.3739
2025-02-06 17:55:44.936582,2.3743,2.3744
2025-02-06 17:55:46.221660,2.375,2.3751
2025-02-06 17:55:47.506117,2.3749,2.375
2025-02-06 17:55:48.789878,2.3744,2.3745
2025-02-06 17:55:50.076002,2.3744,2.3745
2025-02-06 17:55:51.361375,2.3738,2.3739
2025-02-06 17:55:52.650505,2.3739,2.374
2025-02-06 17:55:53.936863,2.3752,2.3753
2025-02-06 17:55:55.219573,2.3764,2.3765
2025-02-06 17:55:56.502787,2.3762,2.3763
2025-02-06 17:55:57.787580,2.3764,2.3765
2025-02-06 17:55:59.072431,2.3768,2.3769
2025-02-06 17:56:00.355807,2.3766,2.3767
2025-02-06 17:56:01.641473,2.3761,2.3762
2025-02-06 17:56:02.925446,2.3769,2.377
2025-02-06 17:56:04.213151,2.3779,2.378
2025-02-06 17:56:05.498911,2.3776,2.3777
2025-02-06 17:56:06.783989,2.3774,2.3775
2025-02-06 17:56:08.067200,2.378,2.3781
2025-02-06 17:56:09.352892,2.3778,2.3779
2025-02-06 17:56:10.636696,2.377,2.3771
2025-02-06 17:56:11.924527,2.3771,2.3772
2025-02-06 17:56:13.207980,2.3767,2.3768
2025-02-06 17:56:14.493956,2.377,2.3771
2025-02-06 17:56:15.778498,2.3761,2.3762
2025-02-06 17:56:17.067062,2.3758,2.3759
2025-02-06 17:56:18.351481,2.3758,2.3759
2025-02-06 17:56:19.637176,2.3758,2.3759
2025-02-06 17:56:20.922589,2.3752,2.3753
2025-02-06 17:56:22.205904,2.3751,2.3752
2025-02-06 17:56:23.492726,2.3739,2.374
2025-02-06 17:56:24.777011,2.3736,2.3737
2025-02-06 17:56:26.062635,2.372,2.3721
2025-02-06 17:56:27.347705,2.3711,2.3712
2025-02-06 17:56:28.632954,2.3701,2.3702
2025-02-06 17:56:29.916618,2.3709,2.371
2025-02-06 17:56:31.202623,2.371,2.3711
2025-02-06 17:56:32.486316,2.3709,2.371
2025-02-06 17:56:33.772092,2.3712,2.3713
2025-02-06 17:56:35.055326,2.371,2.3711
2025-02-06 17:56:36.344773,2.3721,2.3722
2025-02-06 17:56:37.630763,2.3729,2.373
2025-02-06 17:56:39.368089,2.3727,2.3728
2025-02-06 17:56:40.653119,2.3718,2.3719
2025-02-06 17:56:41.938809,2.3712,2.3713
2025-02-06 17:56:43.225625,2.3695,2.3696
2025-02-06 17:56:44.510476,2.3695,2.3696
2025-02-06 17:56:45.793177,2.3699,2.37
2025-02-06 17:56:47.077708,2.3687,2.3688
2025-02-06 17:56:48.362416,2.3688,2.3689
2025-02-06 17:56:49.647513,2.3695,2.3696
2025-02-06 17:56:50.934551,2.3687,2.3688
2025-02-06 17:56:52.220554,2.3687,2.3688
2025-02-06 17:56:53.504418,2.3689,2.369
2025-02-06 17:56:54.788877,2.3696,2.3697
2025-02-06 17:56:56.075147,2.3692,2.3693
2025-02-06 17:56:57.358467,2.3684,2.3685
2025-02-06 17:56:58.644586,2.3689,2.369
2025-02-06 17:56:59.928297,2.3685,2.3686
2025-02-06 17:57:01.213528,2.3686,2.3687
2025-02-06 17:57:02.500644,2.3685,2.3686
2025-02-06 17:57:03.785330,2.3684,2.3685
2025-02-06 17:57:05.075082,2.3675,2.3676
2025-02-06 17:57:06.359346,2.3676,2.3677
2025-02-06 17:57:07.642965,2.3673,2.3674
2025-02-06 17:57:08.927970,2.3668,2.3669
2025-02-06 17:57:10.213781,2.3672,2.3673
2025-02-06 17:57:11.499927,2.3674,2.3675
2025-02-06 17:57:12.786165,2.3667,2.3668
2025-02-06 17:57:14.077722,2.3666,2.3667
2025-02-06 17:57:15.369246,2.3653,2.3654
2025-02-06 17:57:16.660087,2.3655,2.3656
2025-02-06 17:57:17.946872,2.3662,2.3663
2025-02-06 17:57:19.229992,2.3668,2.3669
2025-02-06 17:57:20.515176,2.3665,2.3666
2025-02-06 17:57:21.801122,2.3665,2.3666
2025-02-06 17:57:23.086189,2.3651,2.3652
2025-02-06 17:57:24.372163,2.3651,2.3652
2025-02-06 17:57:25.656629,2.3656,2.3657
2025-02-06 17:57:26.941594,2.3657,2.3658
2025-02-06 17:57:28.227013,2.3656,2.3657
2025-02-06 17:57:29.513096,2.3657,2.3658
2025-02-06 17:57:30.797851,2.3657,2.3658
2025-02-06 17:57:32.082744,2.365,2.3651
2025-02-06 17:57:33.366313,2.3645,2.3646
2025-02-06 17:57:34.654935,2.3651,2.3652
2025-02-06 17:57:35.938844,2.3655,2.3656
2025-02-06 17:57:37.224672,2.3655,2.3656
2025-02-06 17:57:38.511619,2.365,2.3651
2025-02-06 17:57:39.797454,2.3651,2.3652
2025-02-06 17:57:41.093895,2.3653,2.3654
2025-02-06 17:57:42.379729,2.3655,2.3656
2025-02-06 17:57:43.662237,2.366,2.3661
2025-02-06 17:57:44.949656,2.3659,2.366
2025-02-06 17:57:46.233298,2.3657,2.3658
2025-02-06 17:57:47.518003,2.3649,2.365
2025-02-06 17:57:48.801580,2.3641,2.3642
2025-02-06 17:57:50.086379,2.3636,2.3637
2025-02-06 17:57:51.371663,2.3636,2.3637
2025-02-06 17:57:52.658511,2.3636,2.3637
2025-02-06 17:57:53.942199,2.3642,2.3643
2025-02-06 17:57:55.227270,2.3651,2.3652
2025-02-06 17:57:56.511463,2.3653,2.3654
2025-02-06 17:57:57.797357,2.3652,2.3653
2025-02-06 17:57:59.084234,2.3646,2.3647
2025-02-06 17:58:00.369810,2.3649,2.365
2025-02-06 17:58:01.654299,2.3641,2.3642
2025-02-06 17:58:02.938339,2.3648,2.3649
2025-02-06 17:58:04.221921,2.364,2.3641
2025-02-06 17:58:05.510612,2.3634,2.3635
2025-02-06 17:58:06.796543,2.3619,2.362
2025-02-06 17:58:08.080100,2.3615,2.3616
2025-02-06 17:58:09.365232,2.3619,2.362
2025-02-06 17:58:10.650650,2.3621,2.3622
2025-02-06 17:58:11.936773,2.3624,2.3625
2025-02-06 17:58:13.222659,2.3622,2.3623
2025-02-06 17:58:14.509773,2.3623,2.3624
2025-02-06 17:58:15.798643,2.3628,2.3629
2025-02-06 17:58:17.083354,2.3628,2.3629
2025-02-06 17:58:18.371459,2.3628,2.3629
2025-02-06 17:58:19.658722,2.3625,2.3626
2025-02-06 17:58:21.396059,2.3624,2.3625
2025-02-06 17:58:22.679999,2.3622,2.3623
2025-02-06 17:58:23.966927,2.3623,2.3624
2025-02-06 17:58:25.251591,2.3634,2.3635
2025-02-06 17:58:26.542679,2.3638,2.3639
2025-02-06 17:58:27.828294,2.3629,2.363
2025-02-06 17:58:29.114565,2.3628,2.3629
2025-02-06 17:58:30.401150,2.3628,2.3629
2025-02-06 17:58:31.687254,2.3632,2.3633
2025-02-06 17:58:32.973233,2.3634,2.3635
2025-02-06 17:58:34.256575,2.3623,2.3624
2025-02-06 17:58:35.541266,2.3628,2.3629
2025-02-06 17:58:36.826073,2.3633,2.3634
2025-02-06 17:58:38.110978,2.3628,2.3629
2025-02-06 17:58:39.406293,2.3633,2.3634
2025-02-06 17:58:40.696438,2.3633,2.3634
2025-02-06 17:58:41.987834,2.3633,2.3634
2025-02-06 17:58:43.273491,2.3637,2.3638
2025-02-06 17:58:44.559314,2.3635,2.3636
2025-02-06 17:58:45.843283,2.3635,2.3636
2025-02-06 17:58:47.129851,2.3635,2.3636
2025-02-06 17:58:48.415423,2.3635,2.3636
2025-02-06 17:58:49.701962,2.3639,2.364
2025-02-06 17:58:50.990436,2.3645,2.3646
2025-02-06 17:58:52.276003,2.3655,2.3656
2025-02-06 17:58:53.561177,2.3656,2.3657
2025-02-06 17:58:54.846861,2.366,2.3661
2025-02-06 17:58:56.131446,2.3666,2.3667
2025-02-06 17:58:57.421828,2.3666,2.3667
2025-02-06 17:58:58.706782,2.3673,2.3674
2025-02-06 17:58:59.990814,2.3673,2.3674
2025-02-06 17:59:01.274101,2.3676,2.3677
2025-02-06 17:59:02.558141,2.3668,2.3669
2025-02-06 17:59:03.854520,2.3673,2.3674
2025-02-06 17:59:05.164998,2.367,2.3671
2025-02-06 17:59:06.450543,2.3676,2.3677
2025-02-06 17:59:07.746774,2.3676,2.3677
2025-02-06 17:59:09.031468,2.3676,2.3677
2025-02-06 17:59:10.317807,2.3688,2.3689
2025-02-06 17:59:11.604911,2.3684,2.3685
2025-02-06 17:59:12.889588,2.3685,2.3686
2025-02-06 17:59:14.629108,2.3676,2.3677
2025-02-06 17:59:15.917410,2.3674,2.3675
2025-02-06 17:59:17.208074,2.3677,2.3678
2025-02-06 17:59:18.492949,2.3683,2.3684
2025-02-06 17:59:19.777452,2.3685,2.3686
2025-02-06 17:59:21.064896,2.3686,2.3687
2025-02-06 17:59:22.353589,2.368,2.3681
2025-02-06 17:59:23.636919,2.368,2.3681
2025-02-06 17:59:24.920789,2.3687,2.3688
2025-02-06 17:59:26.205188,2.3697,2.3698
2025-02-06 17:59:27.492764,2.3695,2.3696
2025-02-06 17:59:28.777779,2.3694,2.3695
2025-02-06 17:59:30.061031,2.3699,2.37
2025-02-06 17:59:31.345545,2.3691,2.3692
2025-02-06 17:59:32.630257,2.3695,2.3696
2025-02-06 17:59:33.914450,2.3694,2.3695
2025-02-06 17:59:35.198316,2.3695,2.3696
2025-02-06 17:59:36.482659,2.3699,2.37
2025-02-06 17:59:37.766441,2.3699,2.37
2025-02-06 17:59:39.053410,2.3697,2.3698
2025-02-06 17:59:40.337443,2.3694,2.3695
2025-02-06 17:59:41.621687,2.368,2.3681
2025-02-06 17:59:42.910324,2.3679,2.368
2025-02-06 17:59:44.647591,2.3674,2.3675
2025-02-06 17:59:45.931438,2.3676,2.3677
2025-02-06 17:59:47.215594,2.3679,2.368
2025-02-06 17:59:48.500246,2.3691,2.3692
2025-02-06 17:59:49.784361,2.3699,2.37
2025-02-06 17:59:51.068651,2.369,2.3691
2025-02-06 17:59:52.356057,2.3695,2.3696
2025-02-06 17:59:53.641229,2.3695,2.3696
2025-02-06 17:59:54.927169,2.3693,2.3694
2025-02-06 17:59:56.214880,2.3692,2.3693
2025-02-06 17:59:57.497512,2.3694,2.3695
2025-02-06 17:59:58.782852,2.3697,2.3698
2025-02-06 18:00:00.069761,2.3697,2.3698
2025-02-06 18:00:01.355173,2.3696,2.3697
2025-02-06 18:00:02.639032,2.3699,2.37
2025-02-06 18:00:03.924908,2.3699,2.37
2025-02-06 18:00:05.208754,2.372,2.3721
2025-02-06 18:00:06.494163,2.3735,2.3736
2025-02-06 18:00:07.778524,2.3725,2.3726
2025-02-06 18:00:09.065429,2.3742,2.3743
2025-02-06 18:00:10.351938,2.3755,2.3756
2025-02-06 18:00:11.636643,2.3783,2.3784
2025-02-06 18:00:12.922923,2.379,2.3791
2025-02-06 18:00:14.205494,2.3777,2.3778
2025-02-06 18:00:15.491613,2.3773,2.3774
2025-02-06 18:00:16.776436,2.3766,2.3767
2025-02-06 18:00:18.062211,2.3759,2.376
2025-02-06 18:00:19.345598,2.3758,2.3759
2025-02-06 18:00:20.629701,2.3758,2.3759
2025-02-06 18:00:21.913566,2.3745,2.3746
2025-02-06 18:00:23.201316,2.3756,2.3757
2025-02-06 18:00:24.489790,2.3762,2.3763
2025-02-06 18:00:25.772915,2.3759,2.376
2025-02-06 18:00:27.058211,2.375,2.3751
2025-02-06 18:00:28.342411,2.3748,2.3749
2025-02-06 18:00:29.626414,2.3747,2.3748
2025-02-06 18:00:30.911870,2.3749,2.375
2025-02-06 18:00:32.197735,2.375,2.3751
2025-02-06 18:00:33.486368,2.3755,2.3756
2025-02-06 18:00:34.770511,2.376,2.3761
2025-02-06 18:00:36.055829,2.3764,2.3765
2025-02-06 18:00:37.342772,2.3769,2.377
2025-02-06 18:00:38.626583,2.376,2.3761
2025-02-06 18:00:39.910959,2.3755,2.3756
2025-02-06 18:00:41.196542,2.376,2.3761
2025-02-06 18:00:42.480359,2.3755,2.3756
2025-02-06 18:00:43.765081,2.3751,2.3752
2025-02-06 18:00:45.049091,2.3744,2.3745
2025-02-06 18:00:46.333704,2.3736,2.3737
2025-02-06 18:00:47.621518,2.3735,2.3736
2025-02-06 18:00:48.907396,2.3735,2.3736
2025-02-06 18:00:50.190537,2.3748,2.3749
2025-02-06 18:00:51.473439,2.3759,2.376
2025-02-06 18:00:52.759899,2.3769,2.377
2025-02-06 18:00:54.044214,2.377,2.3771
2025-02-06 18:00:55.329558,2.376,2.3761
2025-02-06 18:00:56.616984,2.3764,2.3765
2025-02-06 18:00:57.900846,2.3761,2.3762
2025-02-06 18:00:59.186719,2.3772,2.3773
2025-02-06 18:01:00.473143,2.3767,2.3768
2025-02-06 18:01:01.757732,2.3773,2.3774
2025-02-06 18:01:03.040807,2.3769,2.377
2025-02-06 18:01:04.329784,2.3766,2.3767
2025-02-06 18:01:05.624709,2.3756,2.3757
2025-02-06 18:01:06.920939,2.3754,2.3755
2025-02-06 18:01:08.206260,2.3756,2.3757
2025-02-06 18:01:09.960279,2.3751,2.3752
2025-02-06 18:01:11.246500,2.3742,2.3743
2025-02-06 18:01:12.532359,2.3736,2.3737
2025-02-06 18:01:13.816704,2.3737,2.3738
2025-02-06 18:01:15.101899,2.375,2.3751
2025-02-06 18:01:16.387007,2.3759,2.376
2025-02-06 18:01:17.672685,2.377,2.3771
2025-02-06 18:01:18.956434,2.3761,2.3762
2025-02-06 18:01:20.245719,2.3757,2.3758
2025-02-06 18:01:21.530209,2.3758,2.3759
2025-02-06 18:01:22.814121,2.3758,2.3759
2025-02-06 18:01:24.117444,2.3761,2.3762
2025-02-06 18:01:25.404963,2.374,2.3741
2025-02-06 18:01:26.689453,2.3724,2.3725
2025-02-06 18:01:27.994413,2.3727,2.3728
2025-02-06 18:01:29.306225,2.3726,2.3727
2025-02-06 18:01:30.589485,2.3736,2.3737
2025-02-06 18:01:31.874709,2.3721,2.3722
2025-02-06 18:01:33.158912,2.3716,2.3717
2025-02-06 18:01:34.445912,2.3711,2.3712
2025-02-06 18:01:35.776648,2.3706,2.3707
2025-02-06 18:01:37.061198,2.3713,2.3714
2025-02-06 18:01:38.345448,2.371,2.3711
2025-02-06 18:01:39.630308,2.372,2.3721
2025-02-06 18:01:41.369926,2.3714,2.3715
2025-02-06 18:01:42.653896,2.3727,2.3728
2025-02-06 18:01:43.936618,2.3729,2.373
2025-02-06 18:01:45.223554,2.3737,2.3738
2025-02-06 18:01:46.513914,2.3735,2.3736
2025-02-06 18:01:47.797563,2.3732,2.3733
2025-02-06 18:01:49.085386,2.3737,2.3738
2025-02-06 18:01:50.371637,2.3738,2.3739
2025-02-06 18:01:51.656481,2.3733,2.3734
2025-02-06 18:01:52.941503,2.3727,2.3728
2025-02-06 18:01:54.224542,2.3705,2.3706
2025-02-06 18:01:55.508782,2.3715,2.3716
2025-02-06 18:01:56.794931,2.3722,2.3723
2025-02-06 18:01:58.079725,2.3726,2.3727
2025-02-06 18:01:59.366028,2.3728,2.3729
2025-02-06 18:02:00.654121,2.3741,2.3742
2025-02-06 18:02:01.940066,2.3754,2.3755
2025-02-06 18:02:03.226386,2.3757,2.3758
2025-02-06 18:02:04.511948,2.3754,2.3755
2025-02-06 18:02:05.801214,2.3754,2.3755
2025-02-06 18:02:07.085539,2.375,2.3751
2025-02-06 18:02:08.369432,2.374,2.3741
2025-02-06 18:02:09.655022,2.3747,2.3748
2025-02-06 18:02:10.941521,2.3754,2.3755
2025-02-06 18:02:12.229889,2.3754,2.3755
2025-02-06 18:02:13.514574,2.3768,2.3769
2025-02-06 18:02:14.802348,2.3765,2.3766
2025-02-06 18:02:16.086691,2.3755,2.3756
2025-02-06 18:02:17.370554,2.3767,2.3768
2025-02-06 18:02:18.654929,2.3767,2.3768
2025-02-06 18:02:19.939450,2.3761,2.3762
2025-02-06 18:02:21.225176,2.3749,2.375
2025-02-06 18:02:22.510155,2.3748,2.3749
2025-02-06 18:02:23.793650,2.3745,2.3746
2025-02-06 18:02:25.078982,2.3736,2.3737
2025-02-06 18:02:26.364620,2.3735,2.3736
2025-02-06 18:02:27.656128,2.3738,2.3739
2025-02-06 18:02:28.940852,2.3742,2.3743
2025-02-06 18:02:30.224980,2.375,2.3751
2025-02-06 18:02:31.509890,2.3757,2.3758
2025-02-06 18:02:32.792154,2.3753,2.3754
2025-02-06 18:02:34.077881,2.3747,2.3748
2025-02-06 18:02:35.363205,2.3741,2.3742
2025-02-06 18:02:36.653530,2.3726,2.3727
2025-02-06 18:02:37.938934,2.3726,2.3727
2025-02-06 18:02:39.222211,2.3723,2.3724
2025-02-06 18:02:40.505760,2.3728,2.3729
2025-02-06 18:02:42.240691,2.3715,2.3716
2025-02-06 18:02:43.528095,2.3716,2.3717
2025-02-06 18:02:44.814173,2.3716,2.3717
2025-02-06 18:02:46.099009,2.3715,2.3716
2025-02-06 18:02:47.383423,2.3697,2.3698
2025-02-06 18:02:48.670616,2.3684,2.3685
2025-02-06 18:02:49.955899,2.3683,2.3684
2025-02-06 18:02:51.242509,2.3672,2.3673
2025-02-06 18:02:52.527370,2.3668,2.3669
2025-02-06 18:02:53.813969,2.366,2.3661
2025-02-06 18:02:55.097179,2.367,2.3671
2025-02-06 18:02:56.382496,2.3663,2.3664
2025-02-06 18:02:57.668898,2.3651,2.3652
2025-02-06 18:02:58.953012,2.3655,2.3656
2025-02-06 18:03:00.238312,2.3651,2.3652
2025-02-06 18:03:01.526558,2.3642,2.3643
2025-02-06 18:03:02.809390,2.3655,2.3656
2025-02-06 18:03:04.094138,2.3648,2.3649
2025-02-06 18:03:05.379825,2.3638,2.3639
2025-02-06 18:03:06.662210,2.3648,2.3649
2025-02-06 18:03:07.953271,2.3644,2.3645
2025-02-06 18:03:09.238024,2.3653,2.3654
2025-02-06 18:03:10.523330,2.3654,2.3655
2025-02-06 18:03:11.808321,2.3647,2.3648
2025-02-06 18:03:13.092217,2.3647,2.3648
2025-02-06 18:03:14.378633,2.3646,2.3647
2025-02-06 18:03:15.664793,2.3646,2.3647
2025-02-06 18:03:16.951691,2.3646,2.3647
2025-02-06 18:03:18.239680,2.3666,2.3667
2025-02-06 18:03:19.525271,2.3668,2.3669
2025-02-06 18:03:20.811346,2.367,2.3671
2025-02-06 18:03:22.098090,2.3675,2.3676
2025-02-06 18:03:23.382537,2.3672,2.3673
2025-02-06 18:03:24.672352,2.3674,2.3675
2025-02-06 18:03:25.957389,2.3689,2.369
2025-02-06 18:03:27.241694,2.3685,2.3686
2025-02-06 18:03:28.534880,2.3694,2.3695
2025-02-06 18:03:29.819545,2.3693,2.3694
2025-02-06 18:03:31.108004,2.3702,2.3703
2025-02-06 18:03:32.393755,2.3696,2.3697
2025-02-06 18:03:33.678665,2.3697,2.3698
2025-02-06 18:03:34.964060,2.371,2.3711
2025-02-06 18:03:36.248728,2.3722,2.3723
2025-02-06 18:03:37.534793,2.3725,2.3726
2025-02-06 18:03:39.273380,2.3731,2.3732
2025-02-06 18:03:40.558089,2.372,2.3721
2025-02-06 18:03:41.842072,2.3728,2.3729
2025-02-06 18:03:43.583518,2.3731,2.3732
2025-02-06 18:03:44.869137,2.3732,2.3733
2025-02-06 18:03:46.153276,2.3726,2.3727
2025-02-06 18:03:47.437947,2.3718,2.3719
2025-02-06 18:03:48.726277,2.3716,2.3717
2025-02-06 18:03:50.012163,2.3728,2.3729
2025-02-06 18:03:51.295383,2.3754,2.3755
2025-02-06 18:03:52.581522,2.3749,2.375
2025-02-06 18:03:53.866936,2.3744,2.3745
2025-02-06 18:03:55.154918,2.3735,2.3736
2025-02-06 18:03:56.438372,2.3736,2.3737
2025-02-06 18:03:57.726433,2.3731,2.3732
2025-02-06 18:03:59.023636,2.3736,2.3737
2025-02-06 18:04:00.307618,2.3737,2.3738
2025-02-06 18:04:01.591396,2.3728,2.3729
2025-02-06 18:04:02.876080,2.3724,2.3725
2025-02-06 18:04:04.163418,2.3708,2.3709
2025-02-06 18:04:05.448299,2.3722,2.3723
2025-02-06 18:04:06.734578,2.3724,2.3725
2025-02-06 18:04:08.019347,2.3733,2.3734
2025-02-06 18:04:09.303217,2.3744,2.3745
2025-02-06 18:04:10.590705,2.3743,2.3744
2025-02-06 18:04:11.877461,2.3735,2.3736
2025-02-06 18:04:13.168115,2.3725,2.3726
2025-02-06 18:04:14.454489,2.3725,2.3726
2025-02-06 18:04:15.740714,2.3727,2.3728
2025-02-06 18:04:17.025930,2.3728,2.3729
2025-02-06 18:04:18.310846,2.3713,2.3714
2025-02-06 18:04:19.595750,2.3711,2.3712
2025-02-06 18:04:20.881807,2.3701,2.3702
2025-02-06 18:04:22.168559,2.3694,2.3695
2025-02-06 18:04:23.454055,2.3693,2.3694
2025-02-06 18:04:24.737947,2.3684,2.3685
2025-02-06 18:04:26.033088,2.3685,2.3686
2025-02-06 18:04:27.325626,2.3672,2.3673
2025-02-06 18:04:28.611729,2.3671,2.3672
2025-02-06 18:04:29.897036,2.3676,2.3677
2025-02-06 18:04:31.183197,2.3686,2.3687
2025-02-06 18:04:32.477550,2.3689,2.369
2025-02-06 18:04:33.761525,2.3683,2.3684
2025-02-06 18:04:35.044996,2.3691,2.3692
2025-02-06 18:04:36.332113,2.3682,2.3683
2025-02-06 18:04:37.618040,2.3663,2.3664
2025-02-06 18:04:38.901676,2.3659,2.366
2025-02-06 18:04:40.186289,2.3665,2.3666
2025-02-06 18:04:41.473653,2.3664,2.3665
2025-02-06 18:04:42.757337,2.366,2.3661
2025-02-06 18:04:44.040843,2.3652,2.3653
2025-02-06 18:04:45.326844,2.3652,2.3653
2025-02-06 18:04:46.611982,2.3655,2.3656
2025-02-06 18:04:47.898246,2.3655,2.3656
2025-02-06 18:04:49.191117,2.3653,2.3654
2025-02-06 18:04:50.476050,2.367,2.3671
2025-02-06 18:04:51.762940,2.3672,2.3673
2025-02-06 18:04:53.047002,2.3673,2.3674
2025-02-06 18:04:54.332184,2.3665,2.3666
2025-02-06 18:04:55.618665,2.3665,2.3666
2025-02-06 18:04:56.908245,2.3661,2.3662
2025-02-06 18:04:58.191509,2.3666,2.3667
2025-02-06 18:04:59.476883,2.3665,2.3666
2025-02-06 18:05:00.760762,2.3654,2.3655
2025-02-06 18:05:02.044254,2.3655,2.3656
2025-02-06 18:05:03.330493,2.364,2.3641
2025-02-06 18:05:04.618261,2.3646,2.3647
2025-02-06 18:05:05.903281,2.3631,2.3632
2025-02-06 18:05:07.187990,2.3624,2.3625
2025-02-06 18:05:08.473773,2.3626,2.3627
2025-02-06 18:05:09.759364,2.3628,2.3629
2025-02-06 18:05:11.043558,2.3621,2.3622
2025-02-06 18:05:12.328596,2.361,2.3611
2025-02-06 18:05:13.614604,2.358,2.3581
2025-02-06 18:05:14.898364,2.3574,2.3575
2025-02-06 18:05:16.185985,2.3557,2.3558
2025-02-06 18:05:17.472684,2.356,2.3561
2025-02-06 18:05:18.756765,2.3568,2.3569
2025-02-06 18:05:20.043047,2.3553,2.3554
2025-02-06 18:05:21.327791,2.3562,2.3563
2025-02-06 18:05:22.612215,2.3574,2.3575
2025-02-06 18:05:23.898604,2.3573,2.3574
2025-02-06 18:05:25.181743,2.3575,2.3576
2025-02-06 18:05:26.469638,2.3592,2.3593
2025-02-06 18:05:28.208466,2.3599,2.36
2025-02-06 18:05:29.493358,2.359,2.3591
2025-02-06 18:05:30.778563,2.3587,2.3588
2025-02-06 18:05:32.065084,2.3582,2.3583
2025-02-06 18:05:33.349614,2.357,2.3571
2025-02-06 18:05:34.635561,2.3576,2.3577
2025-02-06 18:05:35.920866,2.3556,2.3557
2025-02-06 18:05:37.205162,2.3557,2.3558
2025-02-06 18:05:38.493465,2.3536,2.3537
2025-02-06 18:05:39.777438,2.3536,2.3537
2025-02-06 18:05:41.060327,2.3542,2.3543
2025-02-06 18:05:42.345641,2.3556,2.3557
2025-02-06 18:05:43.628692,2.3569,2.357
2025-02-06 18:05:44.912028,2.3563,2.3564
2025-02-06 18:05:46.195762,2.3567,2.3568
2025-02-06 18:05:47.481689,2.3564,2.3565
2025-02-06 18:05:48.765534,2.3575,2.3576
2025-02-06 18:05:50.051198,2.3571,2.3572
2025-02-06 18:05:51.341730,2.3567,2.3568
2025-02-06 18:05:52.625628,2.3569,2.357
2025-02-06 18:05:53.908460,2.3565,2.3566
2025-02-06 18:05:55.193109,2.3552,2.3553
2025-02-06 18:05:56.477709,2.3548,2.3549
2025-02-06 18:05:57.763739,2.3549,2.355
2025-02-06 18:05:59.049277,2.3542,2.3543
2025-02-06 18:06:00.335127,2.3533,2.3534
2025-02-06 18:06:01.621502,2.3532,2.3533
2025-02-06 18:06:02.906048,2.3534,2.3535
2025-02-06 18:06:04.190519,2.3527,2.3528
2025-02-06 18:06:05.484563,2.354,2.3541
2025-02-06 18:06:06.769707,2.3552,2.3553
2025-02-06 18:06:08.057209,2.3551,2.3552
2025-02-06 18:06:09.341486,2.3548,2.3549
2025-02-06 18:06:10.627935,2.3539,2.354
2025-02-06 18:06:11.915451,2.3549,2.355
2025-02-06 18:06:13.204360,2.3542,2.3543
2025-02-06 18:06:14.489355,2.3572,2.3573
2025-02-06 18:06:15.773625,2.3599,2.36
2025-02-06 18:06:17.057615,2.3595,2.3596
2025-02-06 18:06:18.344148,2.3596,2.3597
2025-02-06 18:06:19.628149,2.362,2.3621
2025-02-06 18:06:20.911768,2.3624,2.3625
2025-02-06 18:06:22.195519,2.3628,2.3629
2025-02-06 18:06:23.483395,2.3626,2.3627
2025-02-06 18:06:24.769349,2.3633,2.3634
2025-02-06 18:06:26.053711,2.3634,2.3635
2025-02-06 18:06:27.343032,2.3627,2.3628
2025-02-06 18:06:28.629730,2.3635,2.3636
2025-02-06 18:06:29.916463,2.3646,2.3647
2025-02-06 18:06:31.201189,2.3633,2.3634
2025-02-06 18:06:32.487328,2.3641,2.3642
2025-02-06 18:06:33.772431,2.364,2.3641
2025-02-06 18:06:35.059701,2.3645,2.3646
2025-02-06 18:06:36.348011,2.3641,2.3642
2025-02-06 18:06:37.633192,2.3641,2.3642
2025-02-06 18:06:38.919736,2.3654,2.3655
2025-02-06 18:06:40.210024,2.3641,2.3642
2025-02-06 18:06:41.492643,2.3644,2.3645
2025-02-06 18:06:42.778921,2.365,2.3651
2025-02-06 18:06:44.063584,2.3644,2.3645
2025-02-06 18:06:45.346498,2.3631,2.3632
2025-02-06 18:06:46.640580,2.363,2.3631
2025-02-06 18:06:47.925651,2.362,2.3621
2025-02-06 18:06:49.210279,2.3614,2.3615
2025-02-06 18:06:50.494242,2.3601,2.3602
2025-02-06 18:06:51.780143,2.3601,2.3602
2025-02-06 18:06:53.065489,2.3598,2.3599
2025-02-06 18:06:54.350001,2.3596,2.3597
2025-02-06 18:06:55.634314,2.358,2.3581
2025-02-06 18:06:56.920839,2.3588,2.3589
2025-02-06 18:06:58.206105,2.359,2.3591
2025-02-06 18:06:59.491788,2.3571,2.3572
2025-02-06 18:07:00.779369,2.3566,2.3567
2025-02-06 18:07:02.074845,2.3551,2.3552
2025-02-06 18:07:03.359611,2.3546,2.3547
2025-02-06 18:07:05.097086,2.3571,2.3572
2025-02-06 18:07:06.381132,2.3575,2.3576
2025-02-06 18:07:07.668518,2.3562,2.3563
2025-02-06 18:07:08.953263,2.3568,2.3569
2025-02-06 18:07:10.238536,2.3569,2.357
2025-02-06 18:07:11.523665,2.3568,2.3569
2025-02-06 18:07:12.808463,2.3568,2.3569
2025-02-06 18:07:14.093350,2.3591,2.3592
2025-02-06 18:07:15.377438,2.3595,2.3596
2025-02-06 18:07:16.661065,2.359,2.3591
2025-02-06 18:07:17.946664,2.3606,2.3607
2025-02-06 18:07:19.231519,2.361,2.3611
2025-02-06 18:07:20.516532,2.3615,2.3616
2025-02-06 18:07:21.802146,2.3615,2.3616
2025-02-06 18:07:23.092438,2.3608,2.3609
2025-02-06 18:07:24.375251,2.3619,2.362
2025-02-06 18:07:25.660921,2.3629,2.363
2025-02-06 18:07:26.944546,2.3633,2.3634
2025-02-06 18:07:28.228874,2.3637,2.3638
2025-02-06 18:07:29.513047,2.3635,2.3636
2025-02-06 18:07:30.798887,2.3642,2.3643
2025-02-06 18:07:32.082452,2.364,2.3641
2025-02-06 18:07:33.367853,2.3648,2.3649
2025-02-06 18:07:34.651450,2.3656,2.3657
2025-02-06 18:07:35.937915,2.3655,2.3656
2025-02-06 18:07:37.221207,2.3657,2.3658
2025-02-06 18:07:38.506402,2.3652,2.3653
2025-02-06 18:07:39.790865,2.3643,2.3644
2025-02-06 18:07:41.076656,2.3635,2.3636
2025-02-06 18:07:42.361003,2.3627,2.3628
2025-02-06 18:07:43.646429,2.3621,2.3622
2025-02-06 18:07:44.931176,2.3641,2.3642
2025-02-06 18:07:46.233116,2.3658,2.3659
2025-02-06 18:07:47.516525,2.3651,2.3652
2025-02-06 18:07:48.803398,2.3648,2.3649
2025-02-06 18:07:50.087984,2.3666,2.3667
2025-02-06 18:07:51.372574,2.3668,2.3669
2025-02-06 18:07:52.656111,2.3666,2.3667
2025-02-06 18:07:53.941800,2.3666,2.3667
2025-02-06 18:07:55.226212,2.3659,2.366
2025-02-06 18:07:56.512259,2.3658,2.3659
2025-02-06 18:07:57.807464,2.3664,2.3665
2025-02-06 18:07:59.091283,2.3661,2.3662
2025-02-06 18:08:00.831558,2.3669,2.367
2025-02-06 18:08:02.120676,2.3661,2.3662
2025-02-06 18:08:03.406709,2.3637,2.3638
2025-02-06 18:08:05.145080,2.3667,2.3668
2025-02-06 18:08:06.430122,2.3672,2.3673
2025-02-06 18:08:07.719435,2.3681,2.3682
2025-02-06 18:08:09.003421,2.3678,2.3679
2025-02-06 18:08:10.287814,2.3674,2.3675
2025-02-06 18:08:11.573749,2.3663,2.3664
2025-02-06 18:08:12.858299,2.3675,2.3676
2025-02-06 18:08:14.143122,2.3663,2.3664
2025-02-06 18:08:15.430031,2.367,2.3671
2025-02-06 18:08:16.716393,2.3675,2.3676
2025-02-06 18:08:17.999465,2.3666,2.3667
2025-02-06 18:08:19.284105,2.3665,2.3666
2025-02-06 18:08:20.569882,2.366,2.3661
2025-02-06 18:08:21.855437,2.3651,2.3652
2025-02-06 18:08:23.139250,2.3646,2.3647
2025-02-06 18:08:24.424946,2.3644,2.3645
2025-02-06 18:08:25.708128,2.3635,2.3636
2025-02-06 18:08:26.991964,2.3624,2.3625
2025-02-06 18:08:28.283787,2.3629,2.363
2025-02-06 18:08:29.572184,2.3629,2.363
2025-02-06 18:08:30.856885,2.3614,2.3615
2025-02-06 18:08:32.146346,2.3607,2.3608
2025-02-06 18:08:33.432077,2.3597,2.3598
2025-02-06 18:08:34.716433,2.361,2.3611
2025-02-06 18:08:36.001050,2.3604,2.3605
2025-02-06 18:08:37.286747,2.3597,2.3598
2025-02-06 18:08:38.571289,2.3603,2.3604
2025-02-06 18:08:39.857004,2.3604,2.3605
2025-02-06 18:08:41.141225,2.3609,2.361
2025-02-06 18:08:42.427658,2.3615,2.3616
2025-02-06 18:08:43.711767,2.3619,2.362
2025-02-06 18:08:44.996204,2.3611,2.3612
2025-02-06 18:08:46.281045,2.3617,2.3618
2025-02-06 18:08:48.024953,2.3635,2.3636
2025-02-06 18:08:49.309318,2.3636,2.3637
2025-02-06 18:08:50.592282,2.3629,2.363
2025-02-06 18:08:51.876721,2.3633,2.3634
2025-02-06 18:08:53.160299,2.3633,2.3634
2025-02-06 18:08:54.444526,2.3613,2.3614
2025-02-06 18:08:55.729278,2.3616,2.3617
2025-02-06 18:08:57.471469,2.3623,2.3624
2025-02-06 18:08:58.755597,2.3627,2.3628
2025-02-06 18:09:00.042076,2.3615,2.3616
2025-02-06 18:09:01.326807,2.3605,2.3606
2025-02-06 18:09:02.611617,2.3608,2.3609
2025-02-06 18:09:03.900332,2.3615,2.3616
2025-02-06 18:09:05.184710,2.3607,2.3608
2025-02-06 18:09:06.468550,2.3606,2.3607
2025-02-06 18:09:07.752846,2.36,2.3601
2025-02-06 18:09:09.087138,2.3607,2.3608
2025-02-06 18:09:10.377473,2.3605,2.3606
2025-02-06 18:09:11.661849,2.3603,2.3604
2025-02-06 18:09:12.951189,2.3607,2.3608
2025-02-06 18:09:14.247319,2.3601,2.3602
2025-02-06 18:09:15.533720,2.3609,2.361
2025-02-06 18:09:16.818926,2.3629,2.363
2025-02-06 18:09:18.103538,2.3646,2.3647
2025-02-06 18:09:19.388029,2.3656,2.3657
2025-02-06 18:09:20.673600,2.3664,2.3665
2025-02-06 18:09:21.959390,2.3665,2.3666
2025-02-06 18:09:23.242967,2.3685,2.3686
2025-02-06 18:09:24.528474,2.3686,2.3687
2025-02-06 18:09:25.812323,2.3696,2.3697
2025-02-06 18:09:27.096714,2.3709,2.371
2025-02-06 18:09:28.380909,2.3707,2.3708
2025-02-06 18:09:29.684175,2.3708,2.3709
2025-02-06 18:09:30.969195,2.3719,2.372
2025-02-06 18:09:32.256064,2.3718,2.3719
2025-02-06 18:09:33.540596,2.3715,2.3716
2025-02-06 18:09:34.830424,2.373,2.3731
2025-02-06 18:09:36.115231,2.3721,2.3722
2025-02-06 18:09:37.400481,2.3716,2.3717
2025-02-06 18:09:38.686716,2.3712,2.3713
2025-02-06 18:09:39.972608,2.3709,2.371
2025-02-06 18:09:41.259099,2.3709,2.371
2025-02-06 18:09:42.546306,2.3717,2.3718
2025-02-06 18:09:43.830942,2.3712,2.3713
2025-02-06 18:09:45.118794,2.3711,2.3712
2025-02-06 18:09:46.402652,2.3701,2.3702
2025-02-06 18:09:47.687724,2.3694,2.3695
2025-02-06 18:09:48.972113,2.3697,2.3698
2025-02-06 18:09:50.255356,2.3693,2.3694
2025-02-06 18:09:51.539811,2.3699,2.37
2025-02-06 18:09:52.824914,2.3703,2.3704
2025-02-06 18:09:54.108821,2.3711,2.3712
2025-02-06 18:09:55.392801,2.3707,2.3708
2025-02-06 18:09:56.678012,2.3707,2.3708
2025-02-06 18:09:57.964655,2.372,2.3721
2025-02-06 18:09:59.249822,2.3707,2.3708
2025-02-06 18:10:00.533896,2.3707,2.3708
2025-02-06 18:10:01.818594,2.3702,2.3703
2025-02-06 18:10:03.102957,2.3701,2.3702
2025-02-06 18:10:04.389929,2.3693,2.3694
2025-02-06 18:10:05.676643,2.3688,2.3689
2025-02-06 18:10:06.963383,2.3703,2.3704
2025-02-06 18:10:08.248149,2.3695,2.3696
2025-02-06 18:10:09.531006,2.3719,2.372
2025-02-06 18:10:10.819558,2.3716,2.3717
2025-02-06 18:10:12.108016,2.3702,2.3703
2025-02-06 18:10:13.395025,2.3703,2.3704
2025-02-06 18:10:14.683006,2.3709,2.371
2025-02-06 18:10:15.968399,2.3697,2.3698
2025-02-06 18:10:17.256116,2.3695,2.3696
2025-02-06 18:10:18.540722,2.3683,2.3684
2025-02-06 18:10:19.826197,2.3679,2.368
2025-02-06 18:10:21.111254,2.3679,2.368
2025-02-06 18:10:22.395226,2.3664,2.3665
2025-02-06 18:10:23.680144,2.3664,2.3665
2025-02-06 18:10:24.966282,2.3663,2.3664
2025-02-06 18:10:26.250657,2.3652,2.3653
2025-02-06 18:10:27.542525,2.3646,2.3647
2025-02-06 18:10:28.828970,2.3639,2.364
2025-02-06 18:10:30.116473,2.3642,2.3643
2025-02-06 18:10:31.404056,2.3641,2.3642
2025-02-06 18:10:32.687576,2.3648,2.3649
2025-02-06 18:10:33.971393,2.3653,2.3654
2025-02-06 18:10:35.255967,2.3649,2.365
2025-02-06 18:10:36.540359,2.3652,2.3653
2025-02-06 18:10:37.824077,2.3639,2.364
2025-02-06 18:10:39.110968,2.3635,2.3636
2025-02-06 18:10:40.396144,2.3634,2.3635
2025-02-06 18:10:41.681183,2.3625,2.3626
2025-02-06 18:10:42.966086,2.3622,2.3623
2025-02-06 18:10:44.249649,2.3632,2.3633
2025-02-06 18:10:45.549091,2.3633,2.3634
2025-02-06 18:10:46.831836,2.3639,2.364
2025-02-06 18:10:48.116371,2.3628,2.3629
2025-02-06 18:10:49.850427,2.3625,2.3626
2025-02-06 18:10:51.136465,2.3624,2.3625
2025-02-06 18:10:52.421828,2.3618,2.3619
2025-02-06 18:10:53.706751,2.3607,2.3608
2025-02-06 18:10:54.992139,2.3604,2.3605
2025-02-06 18:10:56.282186,2.3601,2.3602
2025-02-06 18:10:57.566406,2.3608,2.3609
2025-02-06 18:10:58.852152,2.3587,2.3588
2025-02-06 18:11:00.136247,2.3578,2.3579
2025-02-06 18:11:01.420912,2.3578,2.3579
2025-02-06 18:11:02.705549,2.3581,2.3582
2025-02-06 18:11:03.992034,2.3596,2.3597
2025-02-06 18:11:05.276563,2.3594,2.3595
2025-02-06 18:11:06.563531,2.3597,2.3598
2025-02-06 18:11:07.847321,2.3591,2.3592
2025-02-06 18:11:09.131896,2.3588,2.3589
2025-02-06 18:11:10.416721,2.3578,2.3579
2025-02-06 18:11:11.701048,2.3583,2.3584
2025-02-06 18:11:12.987448,2.3591,2.3592
2025-02-06 18:11:14.273189,2.3593,2.3594
2025-02-06 18:11:15.560060,2.3605,2.3606
2025-02-06 18:11:16.843968,2.3607,2.3608
2025-02-06 18:11:18.130491,2.3595,2.3596
2025-02-06 18:11:19.418646,2.3587,2.3588
2025-02-06 18:11:20.703858,2.3578,2.3579
2025-02-06 18:11:22.017155,2.3583,2.3584
2025-02-06 18:11:23.411169,2.3591,2.3592
2025-02-06 18:11:24.745372,2.3596,2.3597
2025-02-06 18:11:26.032919,2.3606,2.3607
2025-02-06 18:11:27.317795,2.3606,2.3607
2025-02-06 18:11:28.601160,2.3607,2.3608
2025-02-06 18:11:29.885546,2.3602,2.3603
2025-02-06 18:11:31.170019,2.359,2.3591
2025-02-06 18:11:32.457837,2.3593,2.3594
2025-02-06 18:11:33.741448,2.3582,2.3583
2025-02-06 18:11:35.026480,2.3582,2.3583
2025-02-06 18:11:36.310409,2.3577,2.3578
2025-02-06 18:11:37.594164,2.3586,2.3587
2025-02-06 18:11:38.877990,2.3595,2.3596
2025-02-06 18:11:40.161552,2.3582,2.3583
2025-02-06 18:11:41.445497,2.3583,2.3584
2025-02-06 18:11:42.730500,2.3587,2.3588
2025-02-06 18:11:44.016810,2.3598,2.3599
2025-02-06 18:11:45.301294,2.3599,2.36
2025-02-06 18:11:46.586318,2.3586,2.3587
2025-02-06 18:11:47.872237,2.3593,2.3594
2025-02-06 18:11:49.156968,2.3586,2.3587
2025-02-06 18:11:50.899536,2.3572,2.3573
2025-02-06 18:11:52.184243,2.3586,2.3587
2025-02-06 18:11:53.473309,2.3601,2.3602
2025-02-06 18:11:54.758935,2.3599,2.36
2025-02-06 18:11:56.042751,2.3611,2.3612
2025-02-06 18:11:57.326551,2.3616,2.3617
2025-02-06 18:11:58.612853,2.3622,2.3623
2025-02-06 18:11:59.896189,2.3622,2.3623
2025-02-06 18:12:01.183999,2.3614,2.3615
2025-02-06 18:12:02.468255,2.3616,2.3617
2025-02-06 18:12:03.753205,2.3604,2.3605
2025-02-06 18:12:05.040312,2.3608,2.3609
2025-02-06 18:12:06.324942,2.3586,2.3587
2025-02-06 18:12:07.609603,2.359,2.3591
2025-02-06 18:12:08.895174,2.3596,2.3597
2025-02-06 18:12:10.178518,2.3607,2.3608
2025-02-06 18:12:11.463083,2.3612,2.3613
2025-02-06 18:12:12.749418,2.3611,2.3612
2025-02-06 18:12:14.033939,2.361,2.3611
2025-02-06 18:12:15.317784,2.3616,2.3617
2025-02-06 18:12:16.602703,2.3602,2.3603
2025-02-06 18:12:17.888252,2.3607,2.3608
2025-02-06 18:12:19.173542,2.361,2.3611
2025-02-06 18:12:20.456040,2.3628,2.3629
2025-02-06 18:12:21.742261,2.3628,2.3629
2025-02-06 18:12:23.029589,2.3621,2.3622
2025-02-06 18:12:24.313615,2.3628,2.3629
2025-02-06 18:12:25.598047,2.3614,2.3615
2025-02-06 18:12:26.885136,2.3614,2.3615
2025-02-06 18:12:28.168770,2.3623,2.3624
2025-02-06 18:12:29.454228,2.3624,2.3625
2025-02-06 18:12:30.737668,2.3629,2.363
2025-02-06 18:12:32.027415,2.3645,2.3646
2025-02-06 18:12:33.312774,2.3661,2.3662
2025-02-06 18:12:34.596223,2.3672,2.3673
2025-02-06 18:12:35.880652,2.3672,2.3673
2025-02-06 18:12:37.165403,2.3673,2.3674
2025-02-06 18:12:38.448941,2.368,2.3681
2025-02-06 18:12:39.733790,2.3678,2.3679
2025-02-06 18:12:41.018800,2.3668,2.3669
2025-02-06 18:12:42.304476,2.3664,2.3665
2025-02-06 18:12:43.589556,2.367,2.3671
2025-02-06 18:12:44.874421,2.3662,2.3663
2025-02-06 18:12:46.158969,2.3668,2.3669
2025-02-06 18:12:47.445661,2.3674,2.3675
2025-02-06 18:12:48.730376,2.3675,2.3676
2025-02-06 18:12:50.013892,2.3682,2.3683
2025-02-06 18:12:51.300604,2.3679,2.368
2025-02-06 18:12:52.585533,2.3668,2.3669
2025-02-06 18:12:54.319643,2.3652,2.3653
2025-02-06 18:12:55.604130,2.366,2.3661
2025-02-06 18:12:56.888964,2.3676,2.3677
2025-02-06 18:12:58.172049,2.3681,2.3682
2025-02-06 18:12:59.456124,2.3672,2.3673
2025-02-06 18:13:00.743780,2.3669,2.367
2025-02-06 18:13:02.029290,2.3678,2.3679
2025-02-06 18:13:03.322886,2.3689,2.369
2025-02-06 18:13:04.609441,2.3697,2.3698
2025-02-06 18:13:05.893586,2.3685,2.3686
2025-02-06 18:13:07.180378,2.368,2.3681
2025-02-06 18:13:08.463347,2.3675,2.3676
2025-02-06 18:13:09.752395,2.3675,2.3676
2025-02-06 18:13:11.034237,2.3665,2.3666
2025-02-06 18:13:12.325738,2.3661,2.3662
2025-02-06 18:13:13.610522,2.3669,2.367
2025-02-06 18:13:14.897142,2.367,2.3671
2025-02-06 18:13:16.181461,2.3672,2.3673
2025-02-06 18:13:17.466373,2.3674,2.3675
2025-02-06 18:13:18.751329,2.3686,2.3687
2025-02-06 18:13:20.036410,2.3682,2.3683
2025-02-06 18:13:21.325791,2.3674,2.3675
2025-02-06 18:13:22.609561,2.3675,2.3676
2025-02-06 18:13:23.892682,2.3674,2.3675
2025-02-06 18:13:25.177440,2.3668,2.3669
2025-02-06 18:13:26.463817,2.3667,2.3668
2025-02-06 18:13:27.748409,2.3655,2.3656
2025-02-06 18:13:29.033847,2.365,2.3651
2025-02-06 18:13:30.318029,2.3652,2.3653
2025-02-06 18:13:31.601768,2.3646,2.3647
2025-02-06 18:13:32.885628,2.3636,2.3637
2025-02-06 18:13:34.169714,2.3632,2.3633
2025-02-06 18:13:35.453139,2.3639,2.364
2025-02-06 18:13:36.740605,2.3641,2.3642
2025-02-06 18:13:38.026748,2.3642,2.3643
2025-02-06 18:13:39.312369,2.3656,2.3657
2025-02-06 18:13:40.596823,2.366,2.3661
2025-02-06 18:13:41.880715,2.3661,2.3662
2025-02-06 18:13:43.166253,2.366,2.3661
2025-02-06 18:13:44.451045,2.3658,2.3659
2025-02-06 18:13:45.734442,2.3645,2.3646
2025-02-06 18:13:47.024558,2.3645,2.3646
2025-02-06 18:13:48.309726,2.364,2.3641
2025-02-06 18:13:49.596027,2.3639,2.364
2025-02-06 18:13:50.885534,2.3638,2.3639
2025-02-06 18:13:52.170154,2.3631,2.3632
2025-02-06 18:13:53.455538,2.364,2.3641
2025-02-06 18:13:54.740960,2.3639,2.364
2025-02-06 18:13:56.025641,2.364,2.3641
2025-02-06 18:13:57.309670,2.3617,2.3618
2025-02-06 18:13:58.594608,2.3632,2.3633
2025-02-06 18:13:59.878762,2.3631,2.3632
2025-02-06 18:14:01.165506,2.363,2.3631
2025-02-06 18:14:02.449526,2.3624,2.3625
2025-02-06 18:14:03.733714,2.3637,2.3638
2025-02-06 18:14:05.019001,2.3639,2.364
2025-02-06 18:14:06.303800,2.3635,2.3636
2025-02-06 18:14:07.588554,2.3638,2.3639
2025-02-06 18:14:08.873118,2.3636,2.3637
2025-02-06 18:14:10.158169,2.3636,2.3637
2025-02-06 18:14:11.443767,2.3665,2.3666
2025-02-06 18:14:12.727547,2.3672,2.3673
2025-02-06 18:14:14.010977,2.3668,2.3669
2025-02-06 18:14:15.295459,2.3672,2.3673
2025-02-06 18:14:16.581343,2.3671,2.3672
2025-02-06 18:14:17.865345,2.3672,2.3673
2025-02-06 18:14:19.151831,2.3672,2.3673
2025-02-06 18:14:20.439642,2.367,2.3671
2025-02-06 18:14:21.723749,2.3674,2.3675
2025-02-06 18:14:23.010105,2.3686,2.3687
2025-02-06 18:14:24.294650,2.3692,2.3693
2025-02-06 18:14:25.579599,2.3699,2.37
2025-02-06 18:14:26.862793,2.3694,2.3695
2025-02-06 18:14:28.147623,2.3691,2.3692
2025-02-06 18:14:29.431837,2.3688,2.3689
2025-02-06 18:14:30.716621,2.3682,2.3683
2025-02-06 18:14:32.004978,2.3679,2.368
2025-02-06 18:14:33.289397,2.3682,2.3683
2025-02-06 18:14:34.573999,2.3679,2.368
2025-02-06 18:14:35.860439,2.3679,2.368
2025-02-06 18:14:37.144164,2.3682,2.3683
2025-02-06 18:14:38.428389,2.3682,2.3683
2025-02-06 18:14:39.713271,2.3687,2.3688
2025-02-06 18:14:40.997917,2.3692,2.3693
2025-02-06 18:14:42.283275,2.3693,2.3694
2025-02-06 18:14:43.570456,2.3693,2.3694
2025-02-06 18:14:44.855916,2.3686,2.3687
2025-02-06 18:14:46.141157,2.3689,2.369
2025-02-06 18:14:47.426293,2.3687,2.3688
2025-02-06 18:14:48.709699,2.3688,2.3689
2025-02-06 18:14:49.994842,2.368,2.3681
2025-02-06 18:14:51.301877,2.3676,2.3677
2025-02-06 18:14:52.584644,2.3672,2.3673
2025-02-06 18:14:53.870240,2.3675,2.3676
2025-02-06 18:14:55.155153,2.3676,2.3677
2025-02-06 18:14:56.440385,2.3669,2.367
2025-02-06 18:14:57.722932,2.3674,2.3675
2025-02-06 18:14:59.007574,2.3672,2.3673
2025-02-06 18:15:00.291949,2.3667,2.3668
2025-02-06 18:15:01.577756,2.3673,2.3674
2025-02-06 18:15:02.862580,2.3674,2.3675
2025-02-06 18:15:04.161137,2.3681,2.3682
2025-02-06 18:15:05.446156,2.369,2.3691
2025-02-06 18:15:06.733054,2.3688,2.3689
2025-02-06 18:15:08.018251,2.3687,2.3688
2025-02-06 18:15:09.303528,2.3696,2.3697
2025-02-06 18:15:10.587030,2.3694,2.3695
2025-02-06 18:15:11.872178,2.3684,2.3685
2025-02-06 18:15:13.178252,2.3679,2.368
2025-02-06 18:15:14.461932,2.3687,2.3688
2025-02-06 18:15:15.747533,2.3672,2.3673
2025-02-06 18:15:17.031534,2.3661,2.3662
2025-02-06 18:15:18.317635,2.367,2.3671
2025-02-06 18:15:19.602298,2.3673,2.3674
2025-02-06 18:15:20.885754,2.3663,2.3664
2025-02-06 18:15:22.170693,2.3655,2.3656
2025-02-06 18:15:23.452763,2.3645,2.3646
2025-02-06 18:15:24.740694,2.3638,2.3639
2025-02-06 18:15:26.027950,2.3639,2.364
2025-02-06 18:15:27.313664,2.3649,2.365
2025-02-06 18:15:28.599399,2.366,2.3661
2025-02-06 18:15:29.883609,2.3665,2.3666
2025-02-06 18:15:31.167916,2.3666,2.3667
2025-02-06 18:15:32.452174,2.3657,2.3658
2025-02-06 18:15:33.736497,2.3643,2.3644
2025-02-06 18:15:35.023025,2.3631,2.3632
2025-02-06 18:15:36.307553,2.3627,2.3628
2025-02-06 18:15:37.594388,2.3637,2.3638
2025-02-06 18:15:38.879580,2.3637,2.3638
2025-02-06 18:15:40.167086,2.3637,2.3638
2025-02-06 18:15:41.453247,2.3631,2.3632
2025-02-06 18:15:42.740207,2.3625,2.3626
2025-02-06 18:15:44.025540,2.3614,2.3615
2025-02-06 18:15:45.314062,2.361,2.3611
2025-02-06 18:15:46.599010,2.3614,2.3615
2025-02-06 18:15:47.882853,2.3611,2.3612
2025-02-06 18:15:49.167569,2.3613,2.3614
2025-02-06 18:15:50.451229,2.3603,2.3604
2025-02-06 18:15:51.735437,2.3591,2.3592
2025-02-06 18:15:53.021064,2.3598,2.3599
2025-02-06 18:15:54.306251,2.3592,2.3593
2025-02-06 18:15:55.590389,2.359,2.3591
2025-02-06 18:15:56.875823,2.3603,2.3604
2025-02-06 18:15:58.159262,2.359,2.3591
2025-02-06 18:15:59.443890,2.3594,2.3595
2025-02-06 18:16:00.727849,2.359,2.3591
2025-02-06 18:16:02.017377,2.3586,2.3587
2025-02-06 18:16:03.301909,2.3578,2.3579
2025-02-06 18:16:04.586006,2.3586,2.3587
2025-02-06 18:16:05.871178,2.3564,2.3565
2025-02-06 18:16:07.154971,2.3555,2.3556
2025-02-06 18:16:08.438421,2.356,2.3561
2025-02-06 18:16:09.723044,2.3544,2.3545
2025-02-06 18:16:11.005859,2.3544,2.3545
2025-02-06 18:16:12.292390,2.3536,2.3537
2025-02-06 18:16:13.580219,2.3538,2.3539
2025-02-06 18:16:14.863988,2.353,2.3531
2025-02-06 18:16:16.147709,2.3527,2.3528
2025-02-06 18:16:17.432453,2.3525,2.3526
2025-02-06 18:16:18.721255,2.3518,2.3519
2025-02-06 18:16:20.004890,2.353,2.3531
2025-02-06 18:16:21.294353,2.354,2.3541
2025-02-06 18:16:22.581976,2.3522,2.3523
2025-02-06 18:16:23.866284,2.3515,2.3516
2025-02-06 18:16:25.150312,2.3508,2.3509
2025-02-06 18:16:26.437586,2.35,2.3501
2025-02-06 18:16:27.722204,2.35,2.3501
2025-02-06 18:16:29.007045,2.35,2.3501
2025-02-06 18:16:30.303287,2.3504,2.3505
2025-02-06 18:16:31.590060,2.3507,2.3508
2025-02-06 18:16:32.876345,2.3512,2.3513
2025-02-06 18:16:34.160783,2.3512,2.3513
2025-02-06 18:16:35.911524,2.3527,2.3528
2025-02-06 18:16:37.214312,2.3516,2.3517
2025-02-06 18:16:38.499195,2.3505,2.3506
2025-02-06 18:16:39.786870,2.3506,2.3507
2025-02-06 18:16:41.071812,2.35,2.3501
2025-02-06 18:16:42.360780,2.3484,2.3485
2025-02-06 18:16:43.644893,2.3486,2.3487
2025-02-06 18:16:44.927805,2.3484,2.3485
2025-02-06 18:16:46.220475,2.3476,2.3477
2025-02-06 18:16:47.506369,2.3482,2.3483
2025-02-06 18:16:48.791636,2.3476,2.3477
2025-02-06 18:16:50.075194,2.3464,2.3465
2025-02-06 18:16:51.362610,2.3456,2.3457
2025-02-06 18:16:52.647737,2.3453,2.3454
2025-02-06 18:16:53.930583,2.3446,2.3447
2025-02-06 18:16:55.672416,2.345,2.3451
2025-02-06 18:16:56.957035,2.3477,2.3478
2025-02-06 18:16:58.240994,2.348,2.3481
2025-02-06 18:16:59.554375,2.3474,2.3475
2025-02-06 18:17:00.867615,2.3475,2.3476
2025-02-06 18:17:02.181118,2.3473,2.3474
2025-02-06 18:17:03.494205,2.3467,2.3468
2025-02-06 18:17:04.808109,2.3462,2.3463
2025-02-06 18:17:06.122260,2.3445,2.3446
2025-02-06 18:17:07.433441,2.3443,2.3444
2025-02-06 18:17:08.746266,2.3453,2.3454
2025-02-06 18:17:10.062896,2.3443,2.3444
2025-02-06 18:17:11.374340,2.344,2.3441
2025-02-06 18:17:12.687813,2.345,2.3451
2025-02-06 18:17:14.005910,2.3453,2.3454
2025-02-06 18:17:15.318736,2.346,2.3461
2025-02-06 18:17:16.631718,2.3486,2.3487
2025-02-06 18:17:17.948781,2.3507,2.3508
2025-02-06 18:17:19.262010,2.3482,2.3483
2025-02-06 18:17:20.576739,2.3469,2.347
2025-02-06 18:17:21.891208,2.3467,2.3468
2025-02-06 18:17:23.205002,2.3461,2.3462
2025-02-06 18:17:24.516411,2.3464,2.3465
2025-02-06 18:17:25.829309,2.3483,2.3484
2025-02-06 18:17:27.142343,2.3487,2.3488
2025-02-06 18:17:28.456054,2.3477,2.3478
2025-02-06 18:17:29.767908,2.3464,2.3465
2025-02-06 18:17:31.081267,2.3474,2.3475
2025-02-06 18:17:32.393545,2.3476,2.3477
2025-02-06 18:17:33.704699,2.3492,2.3493
2025-02-06 18:17:35.016192,2.3481,2.3482
2025-02-06 18:17:36.327537,2.3478,2.3479
2025-02-06 18:17:37.638744,2.3484,2.3485
2025-02-06 18:17:38.950334,2.3478,2.3479
2025-02-06 18:17:40.264694,2.3482,2.3483
2025-02-06 18:17:41.577072,2.3478,2.3479
2025-02-06 18:17:42.890574,2.3467,2.3468
2025-02-06 18:17:44.203351,2.3468,2.3469
2025-02-06 18:17:45.515734,2.3466,2.3467
2025-02-06 18:17:46.827195,2.3464,2.3465
2025-02-06 18:17:48.139173,2.3447,2.3448
2025-02-06 18:17:49.450579,2.3447,2.3448
2025-02-06 18:17:50.784940,2.3438,2.3439
2025-02-06 18:17:52.098178,2.3443,2.3444
2025-02-06 18:17:53.412218,2.3448,2.3449
2025-02-06 18:17:54.725547,2.3446,2.3447
2025-02-06 18:17:56.039003,2.3433,2.3434
2025-02-06 18:17:57.807835,2.3395,2.3396
2025-02-06 18:17:59.120627,2.3367,2.3368
2025-02-06 18:18:00.433819,2.3363,2.3365
2025-02-06 18:18:01.746828,2.3366,2.3367
2025-02-06 18:18:03.062148,2.3388,2.3389
2025-02-06 18:18:04.375068,2.3409,2.341
2025-02-06 18:18:05.688321,2.3414,2.3415
2025-02-06 18:18:07.003293,2.3433,2.3434
2025-02-06 18:18:08.316174,2.3439,2.344
2025-02-06 18:18:09.627795,2.3428,2.3429
2025-02-06 18:18:10.939612,2.3423,2.3424
2025-02-06 18:18:12.252799,2.3449,2.345
2025-02-06 18:18:13.563844,2.3442,2.3443
2025-02-06 18:18:14.878665,2.343,2.3431
2025-02-06 18:18:16.192129,2.3413,2.3414
2025-02-06 18:18:17.503613,2.345,2.3451
2025-02-06 18:18:18.816906,2.3435,2.3436
2025-02-06 18:18:20.129873,2.3445,2.3446
2025-02-06 18:18:21.443798,2.3427,2.3428
2025-02-06 18:18:22.756154,2.3423,2.3424
2025-02-06 18:18:24.069640,2.343,2.3431
2025-02-06 18:18:25.386025,2.3434,2.3435
2025-02-06 18:18:26.698123,2.345,2.3451
2025-02-06 18:18:28.011170,2.3448,2.3449
2025-02-06 18:18:29.325577,2.3431,2.3432
2025-02-06 18:18:30.637398,2.3428,2.3429
2025-02-06 18:18:31.949303,2.3423,2.3424
2025-02-06 18:18:33.263996,2.3414,2.3415
2025-02-06 18:18:34.576554,2.3426,2.3427
2025-02-06 18:18:35.889676,2.3418,2.3419
2025-02-06 18:18:37.201158,2.3402,2.3403
2025-02-06 18:18:38.514249,2.3407,2.3408
2025-02-06 18:18:39.826749,2.3405,2.3406
2025-02-06 18:18:41.138587,2.3405,2.3406
2025-02-06 18:18:42.451504,2.3392,2.3393
2025-02-06 18:18:43.767238,2.3396,2.3397
2025-02-06 18:18:45.080800,2.3386,2.3387
2025-02-06 18:18:46.393599,2.3398,2.3399
2025-02-06 18:18:47.705525,2.3391,2.3392
2025-02-06 18:18:49.018570,2.3397,2.3398
2025-02-06 18:18:50.335822,2.34,2.3401
2025-02-06 18:18:51.651906,2.3403,2.3404
2025-02-06 18:18:52.963557,2.3393,2.3394
2025-02-06 18:18:54.277298,2.338,2.3381
2025-02-06 18:18:55.589850,2.3415,2.3416
2025-02-06 18:18:56.903805,2.3417,2.3418
2025-02-06 18:18:58.234629,2.3414,2.3415
2025-02-06 18:18:59.548435,2.3414,2.3415
2025-02-06 18:19:00.861117,2.3417,2.3418
2025-02-06 18:19:02.174674,2.342,2.3421
2025-02-06 18:19:03.490073,2.3441,2.3442
2025-02-06 18:19:04.807291,2.3459,2.346
2025-02-06 18:19:06.129424,2.3481,2.3482
2025-02-06 18:19:07.468926,2.3498,2.3499
2025-02-06 18:19:08.785643,2.3511,2.3512
2025-02-06 18:19:10.098552,2.3515,2.3516
2025-02-06 18:19:11.419535,2.3492,2.3493
2025-02-06 18:19:12.737043,2.3507,2.3508
2025-02-06 18:19:14.067121,2.3518,2.3519
2025-02-06 18:19:15.379469,2.3528,2.3529
2025-02-06 18:19:16.699161,2.3536,2.3537
2025-02-06 18:19:18.012054,2.3531,2.3532
2025-02-06 18:19:19.325488,2.3539,2.354
2025-02-06 18:19:20.638282,2.3525,2.3526
2025-02-06 18:19:21.955891,2.3533,2.3534
2025-02-06 18:19:23.268056,2.3546,2.3547
2025-02-06 18:19:24.582218,2.355,2.3551
2025-02-06 18:19:25.893778,2.3536,2.3537
2025-02-06 18:19:27.208616,2.3517,2.3518
2025-02-06 18:19:28.522716,2.3505,2.3506
2025-02-06 18:19:29.835211,2.3519,2.352
2025-02-06 18:19:31.149413,2.3528,2.3529
2025-02-06 18:19:32.462790,2.3511,2.3512
2025-02-06 18:19:33.777518,2.352,2.3521
2025-02-06 18:19:35.096185,2.3518,2.3519
2025-02-06 18:19:36.419025,2.3526,2.3527
2025-02-06 18:19:37.731470,2.3515,2.3516
2025-02-06 18:19:39.043733,2.3515,2.3516
2025-02-06 18:19:40.357634,2.3525,2.3526
2025-02-06 18:19:41.669236,2.3526,2.3527
2025-02-06 18:19:42.990606,2.3542,2.3543
2025-02-06 18:19:44.301393,2.3525,2.3526
2025-02-06 18:19:45.624014,2.3525,2.3526
2025-02-06 18:19:46.937442,2.3514,2.3515
2025-02-06 18:19:48.251201,2.3508,2.3509
2025-02-06 18:19:49.563106,2.3498,2.3499
2025-02-06 18:19:50.874321,2.3485,2.3486
2025-02-06 18:19:52.185513,2.3475,2.3476
2025-02-06 18:19:53.497997,2.3482,2.3483
2025-02-06 18:19:54.811305,2.349,2.3491
2025-02-06 18:19:56.123297,2.3493,2.3494
2025-02-06 18:19:57.443064,2.3499,2.35
2025-02-06 18:19:58.756568,2.352,2.3521
2025-02-06 18:20:00.069488,2.3511,2.3512
2025-02-06 18:20:01.381944,2.3511,2.3512
2025-02-06 18:20:02.694171,2.3512,2.3513
2025-02-06 18:20:04.467187,2.3501,2.3502
2025-02-06 18:20:05.787898,2.3505,2.3506
2025-02-06 18:20:07.101797,2.3526,2.3527
2025-02-06 18:20:08.414096,2.3519,2.352
2025-02-06 18:20:09.729199,2.3509,2.351
2025-02-06 18:20:11.043189,2.3488,2.3489
2025-02-06 18:20:12.356361,2.3476,2.3477
2025-02-06 18:20:13.672247,2.3478,2.3479
2025-02-06 18:20:15.434427,2.3462,2.3463
2025-02-06 18:20:16.746221,2.3463,2.3464
2025-02-06 18:20:18.059702,2.3472,2.3473
2025-02-06 18:20:19.372427,2.348,2.3481
2025-02-06 18:20:20.687326,2.3468,2.3469
2025-02-06 18:20:22.001135,2.346,2.3461
2025-02-06 18:20:23.314480,2.3446,2.3447
2025-02-06 18:20:24.625495,2.3428,2.3429
2025-02-06 18:20:25.937950,2.3433,2.3434
2025-02-06 18:20:27.250144,2.3417,2.3418
2025-02-06 18:20:28.562687,2.3403,2.3404
2025-02-06 18:20:29.875907,2.3417,2.3418
2025-02-06 18:20:31.196441,2.3407,2.3408
2025-02-06 18:20:32.508526,2.3407,2.3408
2025-02-06 18:20:33.826966,2.3408,2.3409
2025-02-06 18:20:35.141192,2.3406,2.3407
2025-02-06 18:20:36.456456,2.3398,2.3399
2025-02-06 18:20:37.768020,2.3394,2.3395
2025-02-06 18:20:39.080047,2.339,2.3391
2025-02-06 18:20:40.390596,2.3392,2.3393
2025-02-06 18:20:41.704257,2.3386,2.3387
2025-02-06 18:20:43.018276,2.3384,2.3385
2025-02-06 18:20:44.332863,2.3382,2.3383
2025-02-06 18:20:45.644519,2.3376,2.3377
2025-02-06 18:20:46.966713,2.3383,2.3384
2025-02-06 18:20:48.280104,2.3376,2.3377
2025-02-06 18:20:49.595490,2.338,2.3381
2025-02-06 18:20:50.911908,2.3392,2.3393
2025-02-06 18:20:52.224139,2.3405,2.3406
2025-02-06 18:20:53.535462,2.3406,2.3407
2025-02-06 18:20:54.855934,2.3398,2.3399
2025-02-06 18:20:56.168353,2.3388,2.3389
2025-02-06 18:20:57.483697,2.3388,2.3389
2025-02-06 18:20:58.796653,2.3392,2.3393
2025-02-06 18:21:00.112110,2.3403,2.3404
2025-02-06 18:21:01.427802,2.3407,2.3408
2025-02-06 18:21:02.739852,2.3427,2.3428
2025-02-06 18:21:04.057047,2.3465,2.3466
2025-02-06 18:21:05.373599,2.3451,2.3452
2025-02-06 18:21:06.686976,2.3457,2.3458
2025-02-06 18:21:08.000073,2.3475,2.3476
2025-02-06 18:21:09.313877,2.3489,2.349
2025-02-06 18:21:10.628951,2.3485,2.3486
2025-02-06 18:21:11.939773,2.3488,2.3489
2025-02-06 18:21:13.252179,2.3491,2.3492
2025-02-06 18:21:14.565312,2.3483,2.3484
2025-02-06 18:21:15.877489,2.3484,2.3485
2025-02-06 18:21:17.190422,2.3495,2.3496
2025-02-06 18:21:18.502550,2.3495,2.3496
2025-02-06 18:21:19.814923,2.348,2.3481
2025-02-06 18:21:21.133036,2.3479,2.348
2025-02-06 18:21:22.444462,2.3475,2.3476
2025-02-06 18:21:23.758128,2.3497,2.3498
2025-02-06 18:21:25.071700,2.3511,2.3512
2025-02-06 18:21:26.388953,2.3522,2.3523
2025-02-06 18:21:27.700757,2.3521,2.3522
2025-02-06 18:21:29.019049,2.3515,2.3516
2025-02-06 18:21:30.331578,2.3532,2.3533
2025-02-06 18:21:31.643670,2.3517,2.3518
2025-02-06 18:21:32.957899,2.3507,2.3508
2025-02-06 18:21:34.270645,2.3516,2.3517
2025-02-06 18:21:35.592481,2.3531,2.3532
2025-02-06 18:21:36.919565,2.3529,2.353
2025-02-06 18:21:38.235618,2.3509,2.351
2025-02-06 18:21:39.553833,2.3513,2.3514
2025-02-06 18:21:40.866162,2.352,2.3521
2025-02-06 18:21:42.178146,2.35,2.3501
2025-02-06 18:21:43.504058,2.3485,2.3486
2025-02-06 18:21:44.816263,2.346,2.3461
2025-02-06 18:21:46.127609,2.3477,2.3478
2025-02-06 18:21:47.438962,2.3464,2.3465
2025-02-06 18:21:48.751396,2.3462,2.3463
2025-02-06 18:21:50.064049,2.3472,2.3473
2025-02-06 18:21:51.377225,2.3493,2.3494
2025-02-06 18:21:52.690619,2.3508,2.3509
2025-02-06 18:21:54.010951,2.3505,2.3506
2025-02-06 18:21:55.326027,2.3526,2.3527
2025-02-06 18:21:56.637438,2.3514,2.3515
2025-02-06 18:21:57.948485,2.3505,2.3506
2025-02-06 18:21:59.258063,2.349,2.3491
2025-02-06 18:22:00.546305,2.3448,2.3449
2025-02-06 18:22:02.284434,2.3457,2.3458
2025-02-06 18:22:03.585321,2.3471,2.3472
2025-02-06 18:22:05.328026,2.3447,2.3448
2025-02-06 18:22:06.613951,2.3429,2.343
2025-02-06 18:22:07.898888,2.3428,2.3429
2025-02-06 18:22:09.190103,2.3418,2.3419
2025-02-06 18:22:10.474009,2.3414,2.3415
2025-02-06 18:22:11.758706,2.3407,2.3408
2025-02-06 18:22:13.041662,2.3422,2.3423
2025-02-06 18:22:14.329575,2.3416,2.3417
2025-02-06 18:22:15.615294,2.3403,2.3404
2025-02-06 18:22:16.902270,2.3412,2.3413
2025-02-06 18:22:18.186940,2.3412,2.3413
2025-02-06 18:22:19.472240,2.3412,2.3413
2025-02-06 18:22:20.761331,2.3418,2.3419
2025-02-06 18:22:22.045239,2.3419,2.342
2025-02-06 18:22:23.329545,2.3412,2.3413
2025-02-06 18:22:24.614846,2.3419,2.342
2025-02-06 18:22:25.898316,2.3405,2.3406
2025-02-06 18:22:27.183942,2.3417,2.3418
2025-02-06 18:22:28.470510,2.3415,2.3416
2025-02-06 18:22:29.753765,2.3409,2.341
2025-02-06 18:22:31.041777,2.3411,2.3412
2025-02-06 18:22:32.326299,2.3409,2.341
2025-02-06 18:22:33.611362,2.3421,2.3422
2025-02-06 18:22:34.904829,2.3405,2.3406
2025-02-06 18:22:36.197733,2.3389,2.339
2025-02-06 18:22:37.486030,2.3403,2.3404
2025-02-06 18:22:38.771482,2.3393,2.3394
2025-02-06 18:22:40.059929,2.3397,2.3398
2025-02-06 18:22:41.344949,2.3394,2.3395
2025-02-06 18:22:42.628853,2.3398,2.3399
2025-02-06 18:22:43.913942,2.3402,2.3403
2025-02-06 18:22:45.200172,2.3405,2.3406
2025-02-06 18:22:46.484250,2.3397,2.3398
2025-02-06 18:22:47.768999,2.3387,2.3388
2025-02-06 18:22:49.056640,2.3382,2.3383
2025-02-06 18:22:50.340558,2.3409,2.341
2025-02-06 18:22:51.624386,2.3422,2.3423
2025-02-06 18:22:52.909801,2.3408,2.3409
2025-02-06 18:22:54.194087,2.3406,2.3407
2025-02-06 18:22:55.478797,2.3415,2.3416
2025-02-06 18:22:56.762951,2.3413,2.3414
2025-02-06 18:22:58.049397,2.3419,2.342
2025-02-06 18:22:59.332582,2.3422,2.3423
2025-02-06 18:23:00.618861,2.3423,2.3424
2025-02-06 18:23:02.356196,2.3449,2.345
2025-02-06 18:23:03.643101,2.3454,2.3455
2025-02-06 18:23:04.928080,2.3463,2.3464
2025-02-06 18:23:06.214645,2.3454,2.3455
2025-02-06 18:23:07.500656,2.3453,2.3454
2025-02-06 18:23:08.785334,2.3445,2.3446
2025-02-06 18:23:10.070467,2.3426,2.3427
2025-02-06 18:23:11.355150,2.3412,2.3413
2025-02-06 18:23:12.645432,2.341,2.3411
2025-02-06 18:23:13.930542,2.3415,2.3416
2025-02-06 18:23:15.214977,2.3417,2.3418
2025-02-06 18:23:16.500613,2.3432,2.3433
2025-02-06 18:23:17.785656,2.3421,2.3422
2025-02-06 18:23:19.070511,2.3417,2.3418
2025-02-06 18:23:20.356376,2.3418,2.3419
2025-02-06 18:23:21.644463,2.342,2.3421
2025-02-06 18:23:22.930027,2.3419,2.342
2025-02-06 18:23:24.215912,2.3418,2.3419
2025-02-06 18:23:25.501055,2.3407,2.3408
2025-02-06 18:23:26.787068,2.3405,2.3406
2025-02-06 18:23:28.072323,2.342,2.3421
2025-02-06 18:23:29.355807,2.3426,2.3427
2025-02-06 18:23:30.642610,2.344,2.3441
2025-02-06 18:23:31.925659,2.344,2.3441
2025-02-06 18:23:33.211732,2.344,2.3441
2025-02-06 18:23:34.494243,2.3439,2.344
2025-02-06 18:23:35.780497,2.3413,2.3414
2025-02-06 18:23:37.066097,2.3414,2.3415
2025-02-06 18:23:38.353741,2.3432,2.3433
2025-02-06 18:23:39.651318,2.3432,2.3433
2025-02-06 18:23:40.933965,2.3426,2.3427
2025-02-06 18:23:42.218871,2.3429,2.343
2025-02-06 18:23:43.504431,2.3423,2.3424
2025-02-06 18:23:44.789684,2.3417,2.3418
2025-02-06 18:23:46.074047,2.3404,2.3405
2025-02-06 18:23:47.368100,2.3405,2.3406
2025-02-06 18:23:48.653997,2.3405,2.3406
2025-02-06 18:23:49.940261,2.3426,2.3427
2025-02-06 18:23:51.227551,2.3435,2.3436
2025-02-06 18:23:52.511496,2.3445,2.3446
2025-02-06 18:23:53.801069,2.3446,2.3447
2025-02-06 18:23:55.094119,2.3439,2.344
2025-02-06 18:23:56.378192,2.3453,2.3454
2025-02-06 18:23:57.665051,2.3458,2.3459
2025-02-06 18:23:58.951201,2.3455,2.3456
2025-02-06 18:24:00.235252,2.3459,2.346
2025-02-06 18:24:01.522362,2.3465,2.3466
2025-02-06 18:24:03.261375,2.3475,2.3476
2025-02-06 18:24:04.546374,2.3467,2.3468
2025-02-06 18:24:05.830110,2.3445,2.3446
2025-02-06 18:24:07.115923,2.3435,2.3436
2025-02-06 18:24:08.402431,2.3432,2.3433
2025-02-06 18:24:09.689548,2.3427,2.3428
2025-02-06 18:24:10.976183,2.343,2.3431
2025-02-06 18:24:12.261985,2.3441,2.3442
2025-02-06 18:24:13.548180,2.3446,2.3447
2025-02-06 18:24:14.836067,2.344,2.3441
2025-02-06 18:24:16.120096,2.3441,2.3442
2025-02-06 18:24:17.404728,2.3446,2.3447
2025-02-06 18:24:18.690161,2.344,2.3441
2025-02-06 18:24:19.974397,2.3445,2.3446
2025-02-06 18:24:21.258392,2.3441,2.3442
2025-02-06 18:24:22.543630,2.3435,2.3436
2025-02-06 18:24:23.834228,2.3446,2.3447
2025-02-06 18:24:25.120384,2.3436,2.3437
2025-02-06 18:24:26.405226,2.3436,2.3437
2025-02-06 18:24:27.692410,2.3426,2.3427
2025-02-06 18:24:28.978159,2.3426,2.3427
2025-02-06 18:24:30.285176,2.3408,2.3409
2025-02-06 18:24:31.567082,2.3401,2.3402
2025-02-06 18:24:32.852032,2.3412,2.3413
2025-02-06 18:24:34.135794,2.3421,2.3422
2025-02-06 18:24:35.421736,2.3423,2.3424
2025-02-06 18:24:36.707359,2.3424,2.3425
2025-02-06 18:24:37.991232,2.3435,2.3436
2025-02-06 18:24:39.275926,2.345,2.3451
2025-02-06 18:24:40.562290,2.3451,2.3452
2025-02-06 18:24:41.848106,2.3445,2.3446
2025-02-06 18:24:43.133049,2.3445,2.3446
2025-02-06 18:24:44.416318,2.3448,2.3449
2025-02-06 18:24:45.710445,2.3444,2.3445
2025-02-06 18:24:47.001373,2.345,2.3451
2025-02-06 18:24:48.285243,2.3464,2.3465
2025-02-06 18:24:49.570450,2.3458,2.3459
2025-02-06 18:24:50.884175,2.3463,2.3464
2025-02-06 18:24:52.227530,2.3461,2.3462
2025-02-06 18:24:53.539802,2.347,2.3471
2025-02-06 18:24:54.823672,2.3467,2.3468
2025-02-06 18:24:56.108237,2.3488,2.3489
2025-02-06 18:24:57.391318,2.3479,2.348
2025-02-06 18:24:58.675377,2.3472,2.3473
2025-02-06 18:24:59.958810,2.3462,2.3463
2025-02-06 18:25:01.243144,2.3462,2.3463
2025-02-06 18:25:02.528395,2.3466,2.3467
2025-02-06 18:25:03.810949,2.3474,2.3475
2025-02-06 18:25:05.099090,2.3474,2.3475
2025-02-06 18:25:06.836572,2.3451,2.3452
2025-02-06 18:25:08.171091,2.3445,2.3446
2025-02-06 18:25:09.578999,2.3452,2.3453
2025-02-06 18:25:10.868427,2.3443,2.3444
2025-02-06 18:25:12.155565,2.344,2.3441
2025-02-06 18:25:13.454946,2.343,2.3431
2025-02-06 18:25:14.767690,2.3445,2.3446
2025-02-06 18:25:16.056294,2.3445,2.3446
2025-02-06 18:25:17.348113,2.3436,2.3437
2025-02-06 18:25:18.635729,2.3434,2.3435
2025-02-06 18:25:19.926650,2.343,2.3431
2025-02-06 18:25:21.211955,2.3438,2.3439
2025-02-06 18:25:22.504170,2.3423,2.3424
2025-02-06 18:25:23.789213,2.342,2.3421
2025-02-06 18:25:25.072804,2.343,2.3431
2025-02-06 18:25:26.497249,2.3417,2.3418
2025-02-06 18:25:28.023590,2.342,2.3421
2025-02-06 18:25:29.318971,2.3419,2.342
2025-02-06 18:25:30.608501,2.3413,2.3414
2025-02-06 18:25:31.892715,2.343,2.3431
2025-02-06 18:25:33.177711,2.3451,2.3452
2025-02-06 18:25:34.494949,2.3443,2.3444
2025-02-06 18:25:35.809298,2.3459,2.346
2025-02-06 18:25:37.123977,2.3466,2.3467
2025-02-06 18:25:38.440655,2.3449,2.345
2025-02-06 18:25:39.757836,2.3456,2.3457
2025-02-06 18:25:41.071631,2.3462,2.3463
2025-02-06 18:25:42.387920,2.3446,2.3447
2025-02-06 18:25:43.793307,2.3466,2.3467
2025-02-06 18:25:45.218061,2.3463,2.3464
2025-02-06 18:25:46.544159,2.3446,2.3447
2025-02-06 18:25:47.857465,2.3453,2.3454
2025-02-06 18:25:49.170636,2.3451,2.3452
2025-02-06 18:25:50.482293,2.3457,2.3458
2025-02-06 18:25:51.796189,2.347,2.3471
2025-02-06 18:25:53.109747,2.3463,2.3464
2025-02-06 18:25:54.425295,2.3484,2.3485
2025-02-06 18:25:55.739638,2.3475,2.3476
2025-02-06 18:25:57.061447,2.3472,2.3473
2025-02-06 18:25:58.375824,2.347,2.3471
2025-02-06 18:25:59.688171,2.3463,2.3464
2025-02-06 18:26:01.074650,2.3478,2.3479
2025-02-06 18:26:02.384890,2.3476,2.3477
2025-02-06 18:26:03.705084,2.3447,2.3448
2025-02-06 18:26:05.019121,2.3464,2.3465
2025-02-06 18:26:06.343305,2.3476,2.3477
2025-02-06 18:26:07.668024,2.347,2.3471
2025-02-06 18:26:08.984368,2.3471,2.3472
2025-02-06 18:26:10.304359,2.3476,2.3477
2025-02-06 18:26:11.632263,2.3483,2.3484
2025-02-06 18:26:12.961169,2.3468,2.3469
2025-02-06 18:26:14.272915,2.3474,2.3475
2025-02-06 18:26:15.589678,2.3489,2.349
2025-02-06 18:26:16.907408,2.3482,2.3483
2025-02-06 18:26:18.221221,2.3485,2.3486
2025-02-06 18:26:19.534734,2.3487,2.3488
2025-02-06 18:26:20.850520,2.3487,2.3488
2025-02-06 18:26:22.162103,2.3483,2.3484
2025-02-06 18:26:23.474981,2.3473,2.3474
2025-02-06 18:26:24.795505,2.3488,2.3489
2025-02-06 18:26:26.111055,2.3488,2.3489
2025-02-06 18:26:27.424959,2.3496,2.3497
2025-02-06 18:26:28.737975,2.3483,2.3484
2025-02-06 18:26:30.051958,2.3486,2.3487
2025-02-06 18:26:31.366412,2.3494,2.3495
2025-02-06 18:26:32.680015,2.3497,2.3498
2025-02-06 18:26:33.993926,2.3494,2.3495
2025-02-06 18:26:35.309622,2.3492,2.3493
2025-02-06 18:26:36.623022,2.3504,2.3505
2025-02-06 18:26:37.936738,2.3505,2.3506
2025-02-06 18:26:39.252643,2.3506,2.3507
2025-02-06 18:26:40.565394,2.3515,2.3516
2025-02-06 18:26:41.877608,2.351,2.3511
2025-02-06 18:26:43.189853,2.3505,2.3506
2025-02-06 18:26:44.503294,2.3519,2.352
2025-02-06 18:26:45.818995,2.3525,2.3526
2025-02-06 18:26:47.131977,2.3516,2.3517
2025-02-06 18:26:48.446112,2.351,2.3511
2025-02-06 18:26:49.761898,2.3517,2.3518
2025-02-06 18:26:51.074186,2.3514,2.3515
2025-02-06 18:26:52.388913,2.3512,2.3513
2025-02-06 18:26:53.701532,2.3516,2.3517
2025-02-06 18:26:55.018886,2.3511,2.3512
2025-02-06 18:26:56.331397,2.3499,2.35
2025-02-06 18:26:57.645049,2.3523,2.3524
2025-02-06 18:26:58.958508,2.352,2.3521
2025-02-06 18:27:00.277543,2.3515,2.3516
2025-02-06 18:27:01.592605,2.3519,2.352
2025-02-06 18:27:02.908810,2.3527,2.3528
2025-02-06 18:27:04.224457,2.3532,2.3533
2025-02-06 18:27:05.543761,2.3542,2.3543
2025-02-06 18:27:07.324872,2.3553,2.3554
2025-02-06 18:27:08.640922,2.3551,2.3552
2025-02-06 18:27:09.956160,2.3537,2.3538
2025-02-06 18:27:11.295085,2.3526,2.3527
2025-02-06 18:27:12.610973,2.3547,2.3548
2025-02-06 18:27:13.923025,2.3551,2.3552
2025-02-06 18:27:15.235617,2.3538,2.3539
2025-02-06 18:27:16.550892,2.3535,2.3536
2025-02-06 18:27:17.863645,2.3547,2.3548
2025-02-06 18:27:19.185569,2.3541,2.3542
2025-02-06 18:27:20.498718,2.3534,2.3535
2025-02-06 18:27:21.817939,2.352,2.3521
2025-02-06 18:27:23.129612,2.352,2.3521
2025-02-06 18:27:24.443288,2.352,2.3521
2025-02-06 18:27:25.755882,2.3514,2.3515
2025-02-06 18:27:27.072127,2.3518,2.3519
2025-02-06 18:27:28.383690,2.3533,2.3534
2025-02-06 18:27:29.697853,2.3534,2.3535
2025-02-06 18:27:31.010161,2.3539,2.354
2025-02-06 18:27:32.326249,2.3535,2.3536
2025-02-06 18:27:33.643051,2.3541,2.3542
2025-02-06 18:27:34.957041,2.3539,2.354
2025-02-06 18:27:36.270709,2.3519,2.352
2025-02-06 18:27:37.582983,2.3513,2.3514
2025-02-06 18:27:38.901943,2.3527,2.3528
2025-02-06 18:27:40.214866,2.3535,2.3536
2025-02-06 18:27:41.532876,2.354,2.3541
2025-02-06 18:27:42.846662,2.3541,2.3542
2025-02-06 18:27:44.160324,2.3543,2.3544
2025-02-06 18:27:45.483011,2.3545,2.3546
2025-02-06 18:27:46.795661,2.3541,2.3542
2025-02-06 18:27:48.109738,2.3525,2.3526
2025-02-06 18:27:49.426053,2.3519,2.352
2025-02-06 18:27:50.746969,2.3526,2.3527
2025-02-06 18:27:52.063537,2.3526,2.3527
2025-02-06 18:27:53.376661,2.3546,2.3547
2025-02-06 18:27:54.692619,2.3538,2.3539
2025-02-06 18:27:56.010528,2.3536,2.3537
2025-02-06 18:27:57.322629,2.3544,2.3545
2025-02-06 18:27:58.639586,2.3541,2.3542
2025-02-06 18:27:59.951836,2.354,2.3541
2025-02-06 18:28:01.266270,2.3533,2.3534
2025-02-06 18:28:02.590422,2.353,2.3531
2025-02-06 18:28:03.926647,2.3503,2.3504
2025-02-06 18:28:05.243048,2.3503,2.3504
2025-02-06 18:28:06.557879,2.3502,2.3503
2025-02-06 18:28:07.871877,2.3492,2.3493
2025-02-06 18:28:09.185904,2.3486,2.3487
2025-02-06 18:28:10.498955,2.3483,2.3484
2025-02-06 18:28:11.812609,2.3484,2.3485
2025-02-06 18:28:13.125986,2.3504,2.3505
2025-02-06 18:28:14.436934,2.3511,2.3512
2025-02-06 18:28:15.753598,2.3507,2.3508
2025-02-06 18:28:17.067068,2.3517,2.3518
2025-02-06 18:28:18.379487,2.3524,2.3525
2025-02-06 18:28:19.691274,2.3528,2.3529
2025-02-06 18:28:21.007299,2.3529,2.353
2025-02-06 18:28:22.322592,2.3527,2.3528
2025-02-06 18:28:23.633778,2.3527,2.3528
2025-02-06 18:28:24.945184,2.3536,2.3537
2025-02-06 18:28:26.257602,2.3533,2.3534
2025-02-06 18:28:27.570535,2.3534,2.3535
2025-02-06 18:28:28.882774,2.3538,2.3539
2025-02-06 18:28:30.195261,2.3547,2.3548
2025-02-06 18:28:31.510103,2.3555,2.3556
2025-02-06 18:28:32.822980,2.3553,2.3554
2025-02-06 18:28:34.137130,2.3555,2.3556
2025-02-06 18:28:35.454841,2.3558,2.3559
2025-02-06 18:28:36.770349,2.3552,2.3553
2025-02-06 18:28:38.083731,2.3545,2.3546
2025-02-06 18:28:39.396100,2.3548,2.3549
2025-02-06 18:28:40.709577,2.3559,2.356
2025-02-06 18:28:42.027530,2.3559,2.356
2025-02-06 18:28:43.340540,2.355,2.3551
2025-02-06 18:28:44.655197,2.3537,2.3538
2025-02-06 18:28:45.971920,2.3546,2.3547
2025-02-06 18:28:47.283924,2.3536,2.3537
2025-02-06 18:28:48.598738,2.3535,2.3536
2025-02-06 18:28:49.910663,2.3537,2.3538
2025-02-06 18:28:51.225541,2.3525,2.3526
2025-02-06 18:28:52.542754,2.354,2.3541
2025-02-06 18:28:53.857720,2.3544,2.3545
2025-02-06 18:28:55.171710,2.3547,2.3548
2025-02-06 18:28:56.484442,2.3547,2.3548
2025-02-06 18:28:57.803658,2.3551,2.3552
2025-02-06 18:28:59.119331,2.355,2.3551
2025-02-06 18:29:00.431681,2.3552,2.3553
2025-02-06 18:29:01.747124,2.3553,2.3554
2025-02-06 18:29:03.062773,2.3544,2.3545
2025-02-06 18:29:04.375917,2.3538,2.3539
2025-02-06 18:29:05.688706,2.3539,2.354
2025-02-06 18:29:07.003148,2.354,2.3541
2025-02-06 18:29:08.315006,2.3535,2.3536
2025-02-06 18:29:09.627892,2.3545,2.3546
2025-02-06 18:29:10.939804,2.354,2.3541
2025-02-06 18:29:12.253341,2.354,2.3541
2025-02-06 18:29:13.567413,2.354,2.3541
2025-02-06 18:29:14.882689,2.3525,2.3526
2025-02-06 18:29:16.198087,2.3526,2.3527
2025-02-06 18:29:17.515500,2.3526,2.3527
2025-02-06 18:29:18.831595,2.3523,2.3524
2025-02-06 18:29:20.144475,2.3533,2.3534
2025-02-06 18:29:21.456826,2.3538,2.3539
2025-02-06 18:29:22.770155,2.3541,2.3542
2025-02-06 18:29:24.083595,2.3535,2.3536
2025-02-06 18:29:25.396717,2.3529,2.353
2025-02-06 18:29:26.709071,2.3528,2.3529
2025-02-06 18:29:28.020505,2.3519,2.352
2025-02-06 18:29:29.335386,2.3526,2.3527
2025-02-06 18:29:30.646927,2.3542,2.3543
2025-02-06 18:29:31.961758,2.3535,2.3536
2025-02-06 18:29:33.277293,2.3539,2.354
2025-02-06 18:29:34.590633,2.3543,2.3544
2025-02-06 18:29:35.906833,2.3538,2.3539
2025-02-06 18:29:37.192027,2.3532,2.3533
2025-02-06 18:29:38.474355,2.3529,2.353
2025-02-06 18:29:39.763406,2.3525,2.3526
2025-02-06 18:29:41.049845,2.3522,2.3523
2025-02-06 18:29:42.334584,2.3512,2.3513
2025-02-06 18:29:43.619553,2.3512,2.3513
2025-02-06 18:29:44.904350,2.3517,2.3518
2025-02-06 18:29:46.189183,2.3516,2.3517
2025-02-06 18:29:47.501600,2.3505,2.3506
2025-02-06 18:29:48.786340,2.3513,2.3514
2025-02-06 18:29:50.069400,2.3498,2.3499
2025-02-06 18:29:51.353115,2.3484,2.3485
2025-02-06 18:29:52.638483,2.3484,2.3485
2025-02-06 18:29:53.922732,2.3489,2.349
2025-02-06 18:29:55.205779,2.3487,2.3488
2025-02-06 18:29:56.489588,2.3484,2.3485
2025-02-06 18:29:57.773531,2.3483,2.3484
2025-02-06 18:29:59.060558,2.3479,2.348
2025-02-06 18:30:00.345339,2.3486,2.3487
2025-02-06 18:30:01.629327,2.3491,2.3492
2025-02-06 18:30:02.921527,2.348,2.3481
2025-02-06 18:30:04.206847,2.3474,2.3475
2025-02-06 18:30:05.494681,2.3461,2.3462
2025-02-06 18:30:06.779957,2.3457,2.3458
2025-02-06 18:30:08.066239,2.3461,2.3462
2025-02-06 18:30:09.350354,2.3451,2.3452
2025-02-06 18:30:10.633163,2.3448,2.3449
2025-02-06 18:30:11.919210,2.3442,2.3443
2025-02-06 18:30:13.203119,2.3444,2.3445
2025-02-06 18:30:14.490611,2.3444,2.3445
2025-02-06 18:30:15.774184,2.3439,2.344
2025-02-06 18:30:17.068472,2.3433,2.3434
2025-02-06 18:30:18.353072,2.3455,2.3456
2025-02-06 18:30:19.639278,2.3439,2.344
2025-02-06 18:30:20.944173,2.3435,2.3436
2025-02-06 18:30:22.226409,2.3436,2.3437
2025-02-06 18:30:23.509981,2.3434,2.3435
2025-02-06 18:30:24.794592,2.344,2.3441
2025-02-06 18:30:26.083027,2.3447,2.3448
2025-02-06 18:30:27.382872,2.3455,2.3456
2025-02-06 18:30:28.667707,2.3444,2.3445
2025-02-06 18:30:29.951073,2.3444,2.3445
2025-02-06 18:30:31.237050,2.3444,2.3445
2025-02-06 18:30:32.521162,2.3448,2.3449
2025-02-06 18:30:33.817925,2.3447,2.3448
2025-02-06 18:30:35.102024,2.3427,2.3428
2025-02-06 18:30:36.386335,2.3423,2.3424
2025-02-06 18:30:37.670602,2.3422,2.3423
2025-02-06 18:30:38.957894,2.3433,2.3434
2025-02-06 18:30:40.241984,2.3427,2.3428
2025-02-06 18:30:41.526677,2.3429,2.343
2025-02-06 18:30:42.810988,2.3441,2.3442
2025-02-06 18:30:44.096104,2.3441,2.3442
2025-02-06 18:30:45.399376,2.3434,2.3435
2025-02-06 18:30:46.683341,2.3422,2.3423
2025-02-06 18:30:47.968311,2.3407,2.3408
2025-02-06 18:30:49.254712,2.3427,2.3428
2025-02-06 18:30:50.538362,2.3426,2.3427
2025-02-06 18:30:51.824664,2.3418,2.3419
2025-02-06 18:30:53.111295,2.3411,2.3412
2025-02-06 18:30:54.395674,2.3406,2.3407
2025-02-06 18:30:55.681649,2.3384,2.3385
2025-02-06 18:30:56.966854,2.336,2.3361
2025-02-06 18:30:58.253037,2.3363,2.3364
2025-02-06 18:30:59.537308,2.3374,2.3375
2025-02-06 18:31:00.826791,2.3388,2.3389
2025-02-06 18:31:02.116732,2.3396,2.3397
2025-02-06 18:31:03.402938,2.3396,2.3397
2025-02-06 18:31:04.687653,2.338,2.3381
2025-02-06 18:31:05.985428,2.3369,2.337
2025-02-06 18:31:07.269391,2.3368,2.3369
2025-02-06 18:31:08.567803,2.337,2.3371
2025-02-06 18:31:09.850592,2.3375,2.3376
2025-02-06 18:31:11.134884,2.3359,2.336
2025-02-06 18:31:12.422269,2.3347,2.3348
2025-02-06 18:31:13.708540,2.3323,2.3324
2025-02-06 18:31:14.992294,2.3285,2.3286
2025-02-06 18:31:16.277294,2.3284,2.3285
2025-02-06 18:31:17.563648,2.3283,2.3284
2025-02-06 18:31:18.848217,2.3273,2.3274
2025-02-06 18:31:20.139400,2.3243,2.3244
2025-02-06 18:31:21.427915,2.3246,2.3248
2025-02-06 18:31:22.714636,2.3258,2.3259
2025-02-06 18:31:24.001516,2.3282,2.3283
2025-02-06 18:31:25.308012,2.3297,2.3298
2025-02-06 18:31:26.593995,2.333,2.3331
2025-02-06 18:31:27.879579,2.3306,2.3307
2025-02-06 18:31:29.162461,2.33,2.3301
2025-02-06 18:31:30.545418,2.3282,2.3283
2025-02-06 18:31:31.839981,2.3288,2.3289
2025-02-06 18:31:33.126873,2.3296,2.3297
2025-02-06 18:31:34.410530,2.3301,2.3302
2025-02-06 18:31:35.695613,2.3325,2.3326
2025-02-06 18:31:36.985539,2.3309,2.331
2025-02-06 18:31:38.269187,2.3316,2.3317
2025-02-06 18:31:39.552645,2.3306,2.3307
2025-02-06 18:31:40.843153,2.3292,2.3293
2025-02-06 18:31:42.126435,2.3282,2.3283
2025-02-06 18:31:43.417962,2.3277,2.3278
2025-02-06 18:31:44.702912,2.326,2.3261
2025-02-06 18:31:45.989435,2.3286,2.3287
2025-02-06 18:31:47.275807,2.3278,2.3279
2025-02-06 18:31:48.561776,2.3283,2.3284
2025-02-06 18:31:49.862794,2.3279,2.328
2025-02-06 18:31:51.148619,2.3279,2.328
2025-02-06 18:31:52.432954,2.3275,2.3276
2025-02-06 18:31:53.716804,2.3265,2.3266
2025-02-06 18:31:55.001078,2.3267,2.3268
2025-02-06 18:31:56.285826,2.326,2.3261
2025-02-06 18:31:57.573300,2.3264,2.3265
2025-02-06 18:31:58.860245,2.3257,2.3258
2025-02-06 18:32:00.146849,2.3249,2.325
2025-02-06 18:32:01.436120,2.3244,2.3245
2025-02-06 18:32:02.722300,2.3257,2.3258
2025-02-06 18:32:04.010003,2.3243,2.3244
2025-02-06 18:32:05.294171,2.3227,2.3228
2025-02-06 18:32:06.588893,2.3217,2.3218
2025-02-06 18:32:07.873334,2.3239,2.324
2025-02-06 18:32:09.161025,2.3238,2.3239
2025-02-06 18:32:10.447715,2.3248,2.3249
2025-02-06 18:32:11.732570,2.3274,2.3275
2025-02-06 18:32:13.017557,2.3249,2.325
2025-02-06 18:32:14.300654,2.3228,2.3229
2025-02-06 18:32:15.587013,2.3221,2.3222
2025-02-06 18:32:16.870352,2.3235,2.3236
2025-02-06 18:32:18.157534,2.3237,2.3238
2025-02-06 18:32:19.443201,2.3224,2.3225
2025-02-06 18:32:21.178669,2.323,2.3231
2025-02-06 18:32:22.462606,2.3217,2.3219
2025-02-06 18:32:23.749562,2.3229,2.323
2025-02-06 18:32:25.041143,2.3219,2.322
2025-02-06 18:32:26.327234,2.3228,2.3229
2025-02-06 18:32:27.613555,2.324,2.3241
2025-02-06 18:32:28.899133,2.3229,2.323
2025-02-06 18:32:30.182772,2.3224,2.3225
2025-02-06 18:32:31.468121,2.3224,2.3225
2025-02-06 18:32:32.754438,2.3243,2.3244
2025-02-06 18:32:34.038097,2.3234,2.3235
2025-02-06 18:32:35.325449,2.3221,2.3222
2025-02-06 18:32:36.617700,2.3236,2.3237
2025-02-06 18:32:37.901792,2.3232,2.3233
2025-02-06 18:32:39.188198,2.3233,2.3234
2025-02-06 18:32:40.474284,2.3253,2.3254
2025-02-06 18:32:41.760614,2.323,2.3231
2025-02-06 18:32:43.044555,2.3231,2.3232
2025-02-06 18:32:44.331550,2.3247,2.3248
2025-02-06 18:32:45.618955,2.3239,2.324
2025-02-06 18:32:46.904672,2.3235,2.3236
2025-02-06 18:32:48.189271,2.3229,2.323
2025-02-06 18:32:49.474152,2.3242,2.3243
2025-02-06 18:32:50.758989,2.3267,2.3268
2025-02-06 18:32:52.042004,2.3245,2.3246
2025-02-06 18:32:53.326557,2.3239,2.324
2025-02-06 18:32:54.613466,2.3236,2.3237
2025-02-06 18:32:55.898366,2.3246,2.3247
2025-02-06 18:32:57.183965,2.3239,2.324
2025-02-06 18:32:58.469562,2.3257,2.3258
2025-02-06 18:32:59.758997,2.3261,2.3262
2025-02-06 18:33:01.043276,2.3241,2.3242
2025-02-06 18:33:02.330420,2.326,2.3261
2025-02-06 18:33:03.616164,2.3245,2.3246
2025-02-06 18:33:04.901991,2.3253,2.3254
2025-02-06 18:33:06.188005,2.3247,2.3248
2025-02-06 18:33:07.473502,2.3235,2.3236
2025-02-06 18:33:08.758545,2.3237,2.3238
2025-02-06 18:33:10.042875,2.3249,2.325
2025-02-06 18:33:11.777721,2.3247,2.3248
2025-02-06 18:33:13.060826,2.3256,2.3257
2025-02-06 18:33:14.346870,2.3283,2.3284
2025-02-06 18:33:15.631216,2.3319,2.332
2025-02-06 18:33:16.914422,2.3351,2.3352
2025-02-06 18:33:18.201964,2.3333,2.3334
2025-02-06 18:33:19.485329,2.3342,2.3343
2025-02-06 18:33:20.768526,2.3317,2.3318
2025-02-06 18:33:22.053308,2.3337,2.3338
2025-02-06 18:33:23.336860,2.3313,2.3314
2025-02-06 18:33:24.621915,2.3317,2.3318
2025-02-06 18:33:25.906828,2.3302,2.3303
2025-02-06 18:33:27.192412,2.3312,2.3313
2025-02-06 18:33:28.475905,2.3327,2.3328
2025-02-06 18:33:29.761656,2.3322,2.3323
2025-02-06 18:33:31.046212,2.3329,2.333
2025-02-06 18:33:32.329862,2.3324,2.3325
2025-02-06 18:33:33.620774,2.3329,2.333
2025-02-06 18:33:34.905339,2.3353,2.3354
2025-02-06 18:33:36.189723,2.3349,2.335
2025-02-06 18:33:37.475560,2.3354,2.3355
2025-02-06 18:33:38.760574,2.3348,2.3349
2025-02-06 18:33:40.045421,2.3343,2.3344
2025-02-06 18:33:41.333748,2.3336,2.3337
2025-02-06 18:33:42.619748,2.3351,2.3352
2025-02-06 18:33:43.904972,2.3344,2.3345
2025-02-06 18:33:45.190872,2.3345,2.3346
2025-02-06 18:33:46.474685,2.3317,2.3318
2025-02-06 18:33:47.773536,2.3298,2.3299
2025-02-06 18:33:49.059374,2.3321,2.3322
2025-02-06 18:33:50.344299,2.3341,2.3342
2025-02-06 18:33:51.628629,2.3329,2.333
2025-02-06 18:33:52.915522,2.3341,2.3342
2025-02-06 18:33:54.199338,2.3329,2.333
2025-02-06 18:33:55.483602,2.3314,2.3315
2025-02-06 18:33:56.802411,2.3316,2.3317
2025-02-06 18:33:58.089658,2.3312,2.3313
2025-02-06 18:33:59.374614,2.3304,2.3305
2025-02-06 18:34:00.666437,2.3299,2.33
2025-02-06 18:34:01.949844,2.329,2.3291
2025-02-06 18:34:03.236262,2.3293,2.3294
2025-02-06 18:34:04.522568,2.3291,2.3292
2025-02-06 18:34:05.809132,2.3274,2.3275
2025-02-06 18:34:07.093673,2.3265,2.3266
2025-02-06 18:34:08.379418,2.3269,2.327
2025-02-06 18:34:09.664489,2.3275,2.3276
2025-02-06 18:34:10.948471,2.3282,2.3283
2025-02-06 18:34:12.692938,2.3282,2.3283
2025-02-06 18:34:13.976808,2.3293,2.3294
2025-02-06 18:34:15.721157,2.3306,2.331
2025-02-06 18:34:17.013748,2.3311,2.3312
2025-02-06 18:34:18.306460,2.332,2.3321
2025-02-06 18:34:19.592711,2.3314,2.3315
2025-02-06 18:34:20.880054,2.3314,2.3315
2025-02-06 18:34:22.164133,2.3319,2.332
2025-02-06 18:34:23.448063,2.3323,2.3324
2025-02-06 18:34:24.732212,2.3315,2.3316
2025-02-06 18:34:26.017709,2.33,2.3301
2025-02-06 18:34:27.300659,2.33,2.3301
2025-02-06 18:34:28.586145,2.3281,2.3282
2025-02-06 18:34:29.872606,2.3279,2.328
2025-02-06 18:34:31.156301,2.3271,2.3272
2025-02-06 18:34:32.443435,2.3268,2.3269
2025-02-06 18:34:33.731230,2.3266,2.3268
2025-02-06 18:34:35.015155,2.3254,2.3255
2025-02-06 18:34:36.303745,2.3246,2.3247
2025-02-06 18:34:37.586875,2.3253,2.3254
2025-02-06 18:34:38.869682,2.3245,2.3246
2025-02-06 18:34:40.154234,2.3248,2.3249
2025-02-06 18:34:41.438470,2.3251,2.3252
2025-02-06 18:34:42.722011,2.3276,2.3277
2025-02-06 18:34:44.007523,2.3296,2.3297
2025-02-06 18:34:45.291360,2.3293,2.3294
2025-02-06 18:34:46.577340,2.3286,2.3287
2025-02-06 18:34:47.862153,2.3284,2.3285
2025-02-06 18:34:49.146230,2.3294,2.3295
2025-02-06 18:34:50.434035,2.3298,2.3299
2025-02-06 18:34:51.717938,2.3322,2.3323
2025-02-06 18:34:53.001882,2.3291,2.3292
2025-02-06 18:34:54.285458,2.3297,2.3298
2025-02-06 18:34:55.569675,2.3298,2.3299
2025-02-06 18:34:56.852273,2.3288,2.3289
2025-02-06 18:34:58.137735,2.3287,2.3288
2025-02-06 18:34:59.422727,2.3292,2.3293
2025-02-06 18:35:00.706258,2.3279,2.328
2025-02-06 18:35:01.991492,2.3262,2.3263
2025-02-06 18:35:03.278682,2.3248,2.3249
2025-02-06 18:35:04.566187,2.3264,2.3265
2025-02-06 18:35:05.850547,2.3285,2.3286
2025-02-06 18:35:07.135276,2.3287,2.3288
2025-02-06 18:35:08.418575,2.3296,2.3297
2025-02-06 18:35:09.704004,2.3281,2.3282
2025-02-06 18:35:10.992634,2.3275,2.3276
2025-02-06 18:35:12.278586,2.3259,2.326
2025-02-06 18:35:13.564049,2.3261,2.3262
2025-02-06 18:35:15.308813,2.3249,2.325
2025-02-06 18:35:16.593300,2.3243,2.3244
2025-02-06 18:35:17.908045,2.3235,2.3236
2025-02-06 18:35:19.195815,2.3242,2.3243
2025-02-06 18:35:20.481367,2.3229,2.323
2025-02-06 18:35:21.772498,2.325,2.3251
2025-02-06 18:35:23.063261,2.326,2.3261
2025-02-06 18:35:24.351527,2.3273,2.3274
2025-02-06 18:35:25.638337,2.3256,2.3257
2025-02-06 18:35:26.955296,2.325,2.3251
2025-02-06 18:35:28.268253,2.3242,2.3243
2025-02-06 18:35:29.589653,2.3237,2.3238
2025-02-06 18:35:30.907337,2.3226,2.3227
2025-02-06 18:35:32.226911,2.3219,2.322
2025-02-06 18:35:33.542466,2.3219,2.322
2025-02-06 18:35:34.854136,2.3238,2.3239
2025-02-06 18:35:36.167818,2.3223,2.3224
2025-02-06 18:35:37.484603,2.3232,2.3233
2025-02-06 18:35:38.800054,2.324,2.3241
2025-02-06 18:35:40.115322,2.3237,2.3238
2025-02-06 18:35:41.429542,2.3236,2.3237
2025-02-06 18:35:42.746096,2.3222,2.3223
2025-02-06 18:35:44.060413,2.3214,2.3215
2025-02-06 18:35:45.373994,2.3224,2.3225
2025-02-06 18:35:46.688651,2.3227,2.3228
2025-02-06 18:35:48.001882,2.3236,2.3237
2025-02-06 18:35:49.318333,2.3244,2.3245
2025-02-06 18:35:50.651008,2.324,2.3241
2025-02-06 18:35:51.964544,2.3231,2.3232
2025-02-06 18:35:53.280956,2.3225,2.3226
2025-02-06 18:35:54.592953,2.3217,2.3218
2025-02-06 18:35:55.905842,2.3209,2.321
2025-02-06 18:35:57.219044,2.3219,2.322
2025-02-06 18:35:58.533391,2.3211,2.3212
2025-02-06 18:35:59.849789,2.3218,2.3219
2025-02-06 18:36:01.166658,2.3203,2.3204
2025-02-06 18:36:02.480455,2.3197,2.3198
2025-02-06 18:36:03.793005,2.3221,2.3222
2025-02-06 18:36:05.133183,2.3222,2.3223
2025-02-06 18:36:06.450298,2.3236,2.3237
2025-02-06 18:36:07.769443,2.3248,2.3249
2025-02-06 18:36:09.081645,2.3255,2.3256
2025-02-06 18:36:10.395783,2.3252,2.3253
2025-02-06 18:36:11.710860,2.3258,2.3259
2025-02-06 18:36:13.025395,2.3276,2.3277
2025-02-06 18:36:14.796328,2.3264,2.3265
2025-02-06 18:36:16.113838,2.3265,2.3266
2025-02-06 18:36:17.889133,2.3258,2.3259
2025-02-06 18:36:19.202057,2.3249,2.325
2025-02-06 18:36:20.518400,2.3232,2.3233
2025-02-06 18:36:21.833758,2.3243,2.3244
2025-02-06 18:36:23.606868,2.3213,2.3214
2025-02-06 18:36:24.918987,2.3206,2.3207
2025-02-06 18:36:26.236150,2.3201,2.3202
2025-02-06 18:36:27.552225,2.321,2.3211
2025-02-06 18:36:28.864479,2.3205,2.3206
2025-02-06 18:36:30.176272,2.3195,2.3196
2025-02-06 18:36:31.490720,2.3214,2.3215
2025-02-06 18:36:32.804145,2.3219,2.322
2025-02-06 18:36:34.116202,2.3211,2.3212
2025-02-06 18:36:35.431062,2.32,2.3201
2025-02-06 18:36:36.741237,2.32,2.3201
2025-02-06 18:36:38.055820,2.3193,2.3194
2025-02-06 18:36:39.370447,2.318,2.3181
2025-02-06 18:36:40.684016,2.3178,2.3179
2025-02-06 18:36:41.997715,2.3166,2.3167
2025-02-06 18:36:43.310188,2.3161,2.3162
2025-02-06 18:36:44.622361,2.3145,2.3146
2025-02-06 18:36:45.933078,2.3139,2.314
2025-02-06 18:36:47.246964,2.3137,2.3138
2025-02-06 18:36:48.561439,2.3149,2.315
2025-02-06 18:36:49.874547,2.3156,2.3157
2025-02-06 18:36:51.189791,2.3157,2.3158
2025-02-06 18:36:52.505638,2.3162,2.3163
2025-02-06 18:36:53.817827,2.3156,2.3157
2025-02-06 18:36:55.132221,2.314,2.3141
2025-02-06 18:36:56.445894,2.3138,2.3139
2025-02-06 18:36:57.760974,2.3131,2.3132
2025-02-06 18:36:59.072177,2.3136,2.3137
2025-02-06 18:37:00.386728,2.3127,2.3128
2025-02-06 18:37:01.705707,2.312,2.3121
2025-02-06 18:37:03.029785,2.3131,2.3132
2025-02-06 18:37:04.343247,2.3121,2.3122
2025-02-06 18:37:05.659488,2.311,2.3111
2025-02-06 18:37:06.982266,2.3083,2.3084
2025-02-06 18:37:08.296245,2.3137,2.3138
2025-02-06 18:37:09.616932,2.3141,2.3142
2025-02-06 18:37:10.930462,2.3162,2.3163
2025-02-06 18:37:12.247404,2.3168,2.3169
2025-02-06 18:37:13.566244,2.3149,2.315
2025-02-06 18:37:14.880344,2.318,2.3181
2025-02-06 18:37:16.192473,2.3175,2.3176
2025-02-06 18:37:17.503928,2.3178,2.3179
2025-02-06 18:37:18.829774,2.3194,2.3195
2025-02-06 18:37:20.143558,2.3167,2.3168
2025-02-06 18:37:21.460210,2.3156,2.3157
2025-02-06 18:37:22.773764,2.3159,2.316
2025-02-06 18:37:24.087517,2.3154,2.3155
2025-02-06 18:37:25.405538,2.3175,2.3176
2025-02-06 18:37:26.721838,2.3156,2.3157
2025-02-06 18:37:28.036100,2.3139,2.314
2025-02-06 18:37:29.350017,2.3131,2.3132
2025-02-06 18:37:30.663504,2.3126,2.3127
2025-02-06 18:37:31.978936,2.3128,2.3129
2025-02-06 18:37:33.289377,2.3137,2.3138
2025-02-06 18:37:34.601785,2.3134,2.3135
2025-02-06 18:37:35.916956,2.3124,2.3125
2025-02-06 18:37:37.230697,2.3123,2.3124
2025-02-06 18:37:38.543102,2.3124,2.3125
2025-02-06 18:37:39.868329,2.3128,2.3129
2025-02-06 18:37:41.182897,2.3136,2.3137
2025-02-06 18:37:42.499162,2.3137,2.3138
2025-02-06 18:37:43.814552,2.3134,2.3135
2025-02-06 18:37:45.134206,2.3141,2.3142
2025-02-06 18:37:46.446507,2.3156,2.3157
2025-02-06 18:37:47.761159,2.3133,2.3134
2025-02-06 18:37:49.073602,2.3131,2.3132
2025-02-06 18:37:50.385600,2.3126,2.3127
2025-02-06 18:37:51.722240,2.3124,2.3125
2025-02-06 18:37:53.037890,2.3128,2.3129
2025-02-06 18:37:54.349291,2.3159,2.316
2025-02-06 18:37:55.664588,2.3156,2.3157
2025-02-06 18:37:56.977339,2.3148,2.3149
2025-02-06 18:37:58.287991,2.3159,2.316
2025-02-06 18:37:59.601799,2.3163,2.3164
2025-02-06 18:38:00.914884,2.3167,2.3168
2025-02-06 18:38:02.228971,2.3148,2.3149
2025-02-06 18:38:03.540560,2.3194,2.3195
2025-02-06 18:38:04.855045,2.3229,2.323
2025-02-06 18:38:06.170417,2.3246,2.3247
2025-02-06 18:38:07.485001,2.3254,2.3255
2025-02-06 18:38:08.818481,2.3241,2.3242
2025-02-06 18:38:10.148566,2.3256,2.3257
2025-02-06 18:38:11.461095,2.3246,2.3247
2025-02-06 18:38:12.785345,2.3247,2.3248
2025-02-06 18:38:14.100802,2.3244,2.3245
2025-02-06 18:38:15.416633,2.324,2.3241
2025-02-06 18:38:16.733266,2.3215,2.3216
2025-02-06 18:38:18.050373,2.3221,2.3222
2025-02-06 18:38:19.363082,2.3243,2.3244
2025-02-06 18:38:20.677366,2.325,2.3251
2025-02-06 18:38:21.990889,2.3226,2.3227
2025-02-06 18:38:23.309257,2.3221,2.3222
2025-02-06 18:38:24.629582,2.3225,2.3226
2025-02-06 18:38:25.946258,2.3204,2.3205
2025-02-06 18:38:27.259898,2.3192,2.3193
2025-02-06 18:38:28.574570,2.3193,2.3194
2025-02-06 18:38:29.890386,2.3203,2.3204
2025-02-06 18:38:31.206584,2.3205,2.3206
2025-02-06 18:38:32.521851,2.3209,2.321
2025-02-06 18:38:33.837490,2.3223,2.3224
2025-02-06 18:38:35.156077,2.3204,2.3205
2025-02-06 18:38:36.472090,2.3195,2.3196
2025-02-06 18:38:37.785482,2.3192,2.3193
2025-02-06 18:38:39.111596,2.319,2.3191
2025-02-06 18:38:40.425193,2.3198,2.3199
2025-02-06 18:38:41.736753,2.3199,2.32
2025-02-06 18:38:43.053827,2.3213,2.3214
2025-02-06 18:38:44.373858,2.3199,2.32
2025-02-06 18:38:45.685343,2.3191,2.3192
2025-02-06 18:38:46.997060,2.3187,2.3188
2025-02-06 18:38:48.310132,2.3193,2.3194
2025-02-06 18:38:49.621754,2.3196,2.3197
2025-02-06 18:38:50.935917,2.3197,2.3198
2025-02-06 18:38:52.252424,2.3183,2.3184
2025-02-06 18:38:53.570015,2.3189,2.319
2025-02-06 18:38:54.884263,2.3202,2.3203
2025-02-06 18:38:56.197632,2.3197,2.3198
2025-02-06 18:38:57.515131,2.3207,2.3208
2025-02-06 18:38:58.826377,2.3205,2.3206
2025-02-06 18:39:00.142744,2.321,2.3211
2025-02-06 18:39:01.456030,2.3212,2.3213
2025-02-06 18:39:02.773229,2.3194,2.3195
2025-02-06 18:39:04.087441,2.3189,2.319
2025-02-06 18:39:05.409870,2.3204,2.3205
2025-02-06 18:39:06.728002,2.3203,2.3204
2025-02-06 18:39:08.042602,2.3186,2.3187
2025-02-06 18:39:09.378997,2.3179,2.318
2025-02-06 18:39:10.694134,2.3189,2.319
2025-02-06 18:39:12.019196,2.318,2.3181
2025-02-06 18:39:13.334006,2.3181,2.3182
2025-02-06 18:39:14.643766,2.3159,2.316
2025-02-06 18:39:15.958002,2.3182,2.3183
2025-02-06 18:39:17.276751,2.3165,2.3166
2025-02-06 18:39:19.051903,2.317,2.3171
2025-02-06 18:39:20.367740,2.3173,2.3174
2025-02-06 18:39:21.679162,2.3195,2.3196
2025-02-06 18:39:22.991726,2.3205,2.3206
2025-02-06 18:39:24.303873,2.3227,2.3228
2025-02-06 18:39:25.622043,2.3217,2.3218
2025-02-06 18:39:26.943422,2.3222,2.3223
2025-02-06 18:39:28.254866,2.3236,2.3237
2025-02-06 18:39:29.566370,2.3237,2.3238
2025-02-06 18:39:30.879852,2.3233,2.3234
2025-02-06 18:39:32.193641,2.3238,2.3239
2025-02-06 18:39:33.506970,2.3235,2.3236
2025-02-06 18:39:34.839107,2.3221,2.3222
2025-02-06 18:39:36.151254,2.3199,2.32
2025-02-06 18:39:37.464467,2.3192,2.3193
2025-02-06 18:39:38.778346,2.3187,2.3188
2025-02-06 18:39:40.090985,2.3164,2.3165
2025-02-06 18:39:41.406147,2.3173,2.3174
2025-02-06 18:39:42.720250,2.318,2.3181
2025-02-06 18:39:44.034846,2.3186,2.3187
2025-02-06 18:39:45.353468,2.3188,2.3189
2025-02-06 18:39:46.665586,2.3195,2.3196
2025-02-06 18:39:47.980087,2.3217,2.3218
2025-02-06 18:39:49.292902,2.3198,2.3199
2025-02-06 18:39:50.614040,2.3192,2.3193
2025-02-06 18:39:51.924659,2.3182,2.3183
2025-02-06 18:39:53.236142,2.3176,2.3177
2025-02-06 18:39:54.549278,2.3157,2.3158
2025-02-06 18:39:55.866182,2.316,2.3161
2025-02-06 18:39:57.178653,2.3153,2.3154
2025-02-06 18:39:58.490604,2.3151,2.3152
2025-02-06 18:39:59.800831,2.315,2.3151
2025-02-06 18:40:01.114694,2.3157,2.3158
2025-02-06 18:40:02.436265,2.3163,2.3164
2025-02-06 18:40:03.748500,2.3172,2.3173
2025-02-06 18:40:05.060990,2.3186,2.3187
2025-02-06 18:40:06.374951,2.3192,2.3193
2025-02-06 18:40:07.690447,2.3181,2.3182
2025-02-06 18:40:09.002370,2.3179,2.318
2025-02-06 18:40:10.334504,2.3171,2.3172
2025-02-06 18:40:11.647772,2.3153,2.3154
2025-02-06 18:40:12.963823,2.3143,2.3144
2025-02-06 18:40:14.273356,2.3136,2.3137
2025-02-06 18:40:15.596209,2.3138,2.3139
2025-02-06 18:40:16.908933,2.3139,2.314
2025-02-06 18:40:18.222151,2.3151,2.3152
2025-02-06 18:40:19.538497,2.3147,2.3148
2025-02-06 18:40:20.852371,2.3155,2.3156
2025-02-06 18:40:22.163461,2.316,2.3161
2025-02-06 18:40:23.480723,2.316,2.3161
2025-02-06 18:40:24.793226,2.3161,2.3162
2025-02-06 18:40:26.125086,2.3132,2.3133
2025-02-06 18:40:27.439076,2.3136,2.3137
2025-02-06 18:40:28.752690,2.3137,2.3138
2025-02-06 18:40:30.068809,2.3126,2.3127
2025-02-06 18:40:31.382144,2.3115,2.3116
2025-02-06 18:40:32.697895,2.3117,2.3118
2025-02-06 18:40:34.015070,2.3109,2.311
2025-02-06 18:40:35.331517,2.3101,2.3102
2025-02-06 18:40:36.648882,2.3114,2.3115
2025-02-06 18:40:37.972936,2.31,2.3101
2025-02-06 18:40:39.286481,2.3101,2.3102
2025-02-06 18:40:40.600985,2.3095,2.3096
2025-02-06 18:40:41.915965,2.3107,2.3108
2025-02-06 18:40:43.229976,2.3117,2.3118
2025-02-06 18:40:44.544539,2.3141,2.3142
2025-02-06 18:40:45.855937,2.3142,2.3143
2025-02-06 18:40:47.173766,2.3137,2.3138
2025-02-06 18:40:48.487404,2.3126,2.3127
2025-02-06 18:40:49.808060,2.3115,2.3116
2025-02-06 18:40:51.126670,2.3125,2.3126
2025-02-06 18:40:52.439121,2.3117,2.3118
2025-02-06 18:40:53.754500,2.3102,2.3103
2025-02-06 18:40:55.068416,2.3093,2.3094
2025-02-06 18:40:56.382132,2.3096,2.3097
2025-02-06 18:40:57.694485,2.3105,2.3106
2025-02-06 18:40:59.006730,2.3103,2.3104
2025-02-06 18:41:00.321645,2.3116,2.3117
2025-02-06 18:41:01.635318,2.3116,2.3117
2025-02-06 18:41:02.948382,2.313,2.3131
2025-02-06 18:41:04.266481,2.3157,2.3158
2025-02-06 18:41:05.578625,2.317,2.3171
2025-02-06 18:41:06.892166,2.3175,2.3176
2025-02-06 18:41:08.205835,2.3186,2.3187
2025-02-06 18:41:09.520653,2.3186,2.3187
2025-02-06 18:41:10.841482,2.3181,2.3182
2025-02-06 18:41:12.154792,2.3195,2.3196
2025-02-06 18:41:13.485887,2.3186,2.3187
2025-02-06 18:41:14.801371,2.3193,2.3194
2025-02-06 18:41:16.118138,2.319,2.3191
2025-02-06 18:41:17.433719,2.3211,2.3212
2025-02-06 18:41:18.749946,2.3192,2.3193
2025-02-06 18:41:20.516297,2.318,2.3181
2025-02-06 18:41:21.838915,2.3201,2.3202
2025-02-06 18:41:23.160808,2.3199,2.32
2025-02-06 18:41:24.476775,2.3171,2.3172
2025-02-06 18:41:25.798699,2.3157,2.3158
2025-02-06 18:41:27.118985,2.3163,2.3164
2025-02-06 18:41:28.458361,2.3188,2.3189
2025-02-06 18:41:29.774809,2.3193,2.3194
2025-02-06 18:41:31.088524,2.318,2.3181
2025-02-06 18:41:32.407235,2.3174,2.3175
2025-02-06 18:41:33.730287,2.3177,2.3178
2025-02-06 18:41:35.044868,2.316,2.3161
2025-02-06 18:41:36.389982,2.3149,2.315
2025-02-06 18:41:37.722979,2.3155,2.3156
2025-02-06 18:41:39.042499,2.3161,2.3162
2025-02-06 18:41:40.369464,2.3182,2.3183
2025-02-06 18:41:41.682995,2.3189,2.319
2025-02-06 18:41:43.002825,2.3196,2.3197
2025-02-06 18:41:44.319359,2.3189,2.319
2025-02-06 18:41:45.635394,2.3189,2.319
2025-02-06 18:41:46.948791,2.3197,2.3198
2025-02-06 18:41:48.267234,2.3191,2.3192
2025-02-06 18:41:49.583928,2.3179,2.318
2025-02-06 18:41:50.898289,2.3167,2.3168
2025-02-06 18:41:52.211839,2.3175,2.3176
2025-02-06 18:41:53.524637,2.3197,2.3198
2025-02-06 18:41:54.836536,2.32,2.3201
2025-02-06 18:41:56.159233,2.3194,2.3195
2025-02-06 18:41:57.476800,2.32,2.3201
2025-02-06 18:41:58.804836,2.3205,2.3206
2025-02-06 18:42:00.128432,2.3194,2.3195
2025-02-06 18:42:01.444914,2.3161,2.3162
2025-02-06 18:42:02.759095,2.3154,2.3155
2025-02-06 18:42:04.077063,2.3171,2.3172
2025-02-06 18:42:05.395779,2.3182,2.3183
2025-02-06 18:42:06.710177,2.3197,2.3198
2025-02-06 18:42:08.027125,2.3209,2.321
2025-02-06 18:42:09.347481,2.3215,2.3216
2025-02-06 18:42:10.660110,2.3202,2.3203
2025-02-06 18:42:11.975914,2.3187,2.3188
2025-02-06 18:42:13.287699,2.3191,2.3192
2025-02-06 18:42:14.603011,2.3192,2.3193
2025-02-06 18:42:15.927515,2.3196,2.3197
2025-02-06 18:42:17.248532,2.317,2.3171
2025-02-06 18:42:18.566653,2.3165,2.3166
2025-02-06 18:42:19.880936,2.3189,2.319
2025-02-06 18:42:21.196674,2.3201,2.3202
2025-02-06 18:42:22.519885,2.3205,2.3206
2025-02-06 18:42:23.840486,2.319,2.3191
2025-02-06 18:42:25.153208,2.3202,2.3203
2025-02-06 18:42:26.465907,2.3182,2.3183
2025-02-06 18:42:27.784926,2.3171,2.3172
2025-02-06 18:42:29.096155,2.3176,2.3177
2025-02-06 18:42:30.445005,2.3174,2.3175
2025-02-06 18:42:31.762871,2.3214,2.3215
2025-02-06 18:42:33.075876,2.3226,2.3227
2025-02-06 18:42:34.391974,2.3218,2.3219
2025-02-06 18:42:35.713285,2.3218,2.3219
2025-02-06 18:42:37.027222,2.321,2.3211
2025-02-06 18:42:38.349630,2.321,2.3211
2025-02-06 18:42:39.667116,2.3188,2.3189
2025-02-06 18:42:40.978771,2.3179,2.318
2025-02-06 18:42:42.299324,2.3209,2.321
2025-02-06 18:42:43.612653,2.3218,2.3219
2025-02-06 18:42:44.926074,2.3215,2.3216
2025-02-06 18:42:46.244446,2.3233,2.3234
2025-02-06 18:42:47.558699,2.3228,2.3229
2025-02-06 18:42:48.873629,2.3212,2.3213
2025-02-06 18:42:50.196888,2.3213,2.3214
2025-02-06 18:42:51.508687,2.3217,2.3218
2025-02-06 18:42:52.822127,2.3231,2.3232
2025-02-06 18:42:54.140603,2.3228,2.3229
2025-02-06 18:42:55.461898,2.3226,2.3227
2025-02-06 18:42:56.782679,2.3191,2.3192
2025-02-06 18:42:58.098120,2.3186,2.3187
2025-02-06 18:42:59.411530,2.3191,2.3192
2025-02-06 18:43:00.728531,2.3179,2.318
2025-02-06 18:43:02.043302,2.3175,2.3176
2025-02-06 18:43:03.360685,2.3162,2.3163
2025-02-06 18:43:04.693032,2.3156,2.3157
2025-02-06 18:43:06.006646,2.3148,2.3149
2025-02-06 18:43:07.320558,2.3148,2.3149
2025-02-06 18:43:08.656839,2.3148,2.3149
2025-02-06 18:43:09.976165,2.3148,2.3149
2025-02-06 18:43:11.311002,2.3142,2.3143
2025-02-06 18:43:12.624243,2.3145,2.3146
2025-02-06 18:43:13.935334,2.3138,2.3139
2025-02-06 18:43:15.250801,2.3138,2.3139
2025-02-06 18:43:16.566221,2.3129,2.313
2025-02-06 18:43:17.887852,2.3126,2.3127
2025-02-06 18:43:19.202550,2.3128,2.3129
2025-02-06 18:43:20.516057,2.3125,2.3126
2025-02-06 18:43:21.837357,2.3116,2.3117
2025-02-06 18:43:23.151368,2.3111,2.3112
2025-02-06 18:43:24.470605,2.3122,2.3123
2025-02-06 18:43:25.790160,2.3124,2.3125
2025-02-06 18:43:27.105932,2.3125,2.3126
2025-02-06 18:43:28.438080,2.3144,2.3145
2025-02-06 18:43:29.753356,2.3134,2.3135
2025-02-06 18:43:31.067859,2.3129,2.313
2025-02-06 18:43:32.379417,2.3129,2.313
2025-02-06 18:43:33.696493,2.3137,2.3138
2025-02-06 18:43:35.011458,2.3127,2.3128
2025-02-06 18:43:36.324439,2.3118,2.3119
2025-02-06 18:43:37.641204,2.311,2.3111
2025-02-06 18:43:38.959414,2.3107,2.3108
2025-02-06 18:43:40.280706,2.3115,2.3116
2025-02-06 18:43:41.593966,2.3108,2.3109
2025-02-06 18:43:42.905873,2.3075,2.3076
2025-02-06 18:43:44.228523,2.3086,2.3087
2025-02-06 18:43:45.551771,2.3089,2.309
2025-02-06 18:43:46.869979,2.3092,2.3093
2025-02-06 18:43:48.183152,2.3089,2.309
2025-02-06 18:43:49.496576,2.3062,2.3063
2025-02-06 18:43:50.813130,2.3064,2.3065
2025-02-06 18:43:52.127822,2.3053,2.3054
2025-02-06 18:43:53.446975,2.3019,2.302
2025-02-06 18:43:54.762983,2.3025,2.3026
2025-02-06 18:43:56.079334,2.3031,2.3032
2025-02-06 18:43:57.393418,2.3012,2.3013
2025-02-06 18:43:58.712132,2.3015,2.3016
2025-02-06 18:44:00.033296,2.3016,2.3017
2025-02-06 18:44:01.350038,2.3011,2.3012
2025-02-06 18:44:02.662361,2.2993,2.2994
2025-02-06 18:44:03.976948,2.3004,2.3005
2025-02-06 18:44:05.290353,2.3013,2.3014
2025-02-06 18:44:06.609815,2.3029,2.303
2025-02-06 18:44:07.925355,2.3057,2.3058
2025-02-06 18:44:09.242296,2.3083,2.3084
2025-02-06 18:44:10.558077,2.3109,2.311
2025-02-06 18:44:11.897256,2.3094,2.3095
2025-02-06 18:44:13.210868,2.3088,2.3089
2025-02-06 18:44:14.543567,2.3105,2.3106
2025-02-06 18:44:15.856470,2.308,2.3081
2025-02-06 18:44:17.168579,2.3076,2.3077
2025-02-06 18:44:18.482090,2.3078,2.3079
2025-02-06 18:44:19.799421,2.3104,2.3105
2025-02-06 18:44:21.114026,2.308,2.3081
2025-02-06 18:44:22.450374,2.3074,2.3075
2025-02-06 18:44:23.764356,2.3065,2.3066
2025-02-06 18:44:25.082212,2.3067,2.3068
2025-02-06 18:44:26.405118,2.3064,2.3065
2025-02-06 18:44:27.720085,2.3061,2.3062
2025-02-06 18:44:29.038018,2.3069,2.307
2025-02-06 18:44:30.362853,2.3062,2.3063
2025-02-06 18:44:31.680764,2.3071,2.3072
2025-02-06 18:44:32.998660,2.3059,2.306
2025-02-06 18:44:34.311877,2.306,2.3061
2025-02-06 18:44:35.625138,2.3055,2.3056
2025-02-06 18:44:38.116679,2.3049,2.305
2025-02-06 18:44:39.431804,2.3052,2.3053
2025-02-06 18:44:43.076235,2.3095,2.3096
2025-02-06 18:44:44.388614,2.3077,2.3078
2025-02-06 18:44:45.702784,2.3078,2.3079
2025-02-06 18:44:47.014399,2.3079,2.308
2025-02-06 18:44:48.361624,2.3079,2.308
2025-02-06 18:44:49.677292,2.3067,2.3068
2025-02-06 18:44:50.989851,2.3082,2.3083
2025-02-06 18:44:52.306204,2.307,2.3071
2025-02-06 18:44:53.624204,2.3099,2.31
2025-02-06 18:44:54.938233,2.3096,2.3097
2025-02-06 18:44:56.254193,2.3072,2.3073
2025-02-06 18:44:57.567016,2.3086,2.3087
2025-02-06 18:44:58.880465,2.3082,2.3083
2025-02-06 18:45:00.195544,2.3088,2.3089
2025-02-06 18:45:01.511457,2.3074,2.3075
2025-02-06 18:45:02.829810,2.3082,2.3083
2025-02-06 18:45:04.146536,2.3079,2.308
2025-02-06 18:45:05.460863,2.307,2.3071
2025-02-06 18:45:06.773668,2.3076,2.3077
2025-02-06 18:45:08.087197,2.3078,2.308
2025-02-06 18:45:09.402645,2.307,2.3071
2025-02-06 18:45:10.770468,2.3095,2.3096
2025-02-06 18:45:12.083162,2.3081,2.3082
2025-02-06 18:45:13.394318,2.3079,2.308
2025-02-06 18:45:14.708407,2.3091,2.3092
2025-02-06 18:45:16.022851,2.3104,2.3105
2025-02-06 18:45:17.334049,2.3103,2.3104
2025-02-06 18:45:18.651670,2.3101,2.3102
2025-02-06 18:45:19.969225,2.3087,2.3088
2025-02-06 18:45:21.283085,2.3059,2.306
2025-02-06 18:45:22.594173,2.3048,2.3049
2025-02-06 18:45:24.362566,2.3059,2.306
2025-02-06 18:45:25.674240,2.3059,2.306
2025-02-06 18:45:26.985877,2.3064,2.3065
2025-02-06 18:45:28.300521,2.3051,2.3052
2025-02-06 18:45:29.614435,2.304,2.3041
2025-02-06 18:45:30.925791,2.3036,2.3037
2025-02-06 18:45:32.238586,2.304,2.3041
2025-02-06 18:45:33.552597,2.3017,2.3018
2025-02-06 18:45:34.865498,2.3021,2.3022
2025-02-06 18:45:36.177472,2.3019,2.302
2025-02-06 18:45:37.489562,2.3004,2.3005
2025-02-06 18:45:38.803093,2.3,2.3001
2025-02-06 18:45:40.119829,2.2988,2.2989
2025-02-06 18:45:41.432873,2.2986,2.2987
2025-02-06 18:45:42.743818,2.299,2.2991
2025-02-06 18:45:44.057896,2.2995,2.2996
2025-02-06 18:45:45.371605,2.2977,2.2978
2025-02-06 18:45:46.685432,2.2976,2.2977
2025-02-06 18:45:47.998480,2.2972,2.2973
2025-02-06 18:45:49.311888,2.297,2.2971
2025-02-06 18:45:50.621582,2.2951,2.2952
2025-02-06 18:45:51.934422,2.2956,2.2957
2025-02-06 18:45:53.248276,2.2967,2.2968
2025-02-06 18:45:54.570550,2.2976,2.2978
2025-02-06 18:45:55.885065,2.2968,2.2969
2025-02-06 18:45:57.202353,2.2972,2.2973
2025-02-06 18:45:58.516089,2.2972,2.2973
2025-02-06 18:45:59.834473,2.2956,2.2957
2025-02-06 18:46:01.148210,2.2964,2.2965
2025-02-06 18:46:02.464181,2.2953,2.2954
2025-02-06 18:46:03.786774,2.2958,2.2959
2025-02-06 18:46:05.098917,2.2936,2.2937
2025-02-06 18:46:06.415452,2.2952,2.2953
2025-02-06 18:46:07.728840,2.2955,2.2956
2025-02-06 18:46:09.050074,2.2964,2.2965
2025-02-06 18:46:10.371282,2.2996,2.2997
2025-02-06 18:46:11.686015,2.2991,2.2992
2025-02-06 18:46:13.001819,2.2985,2.2986
2025-02-06 18:46:14.315522,2.2972,2.2973
2025-02-06 18:46:15.629900,2.2995,2.2996
2025-02-06 18:46:16.941096,2.2996,2.2997
2025-02-06 18:46:18.254915,2.3032,2.3033
2025-02-06 18:46:19.568639,2.3067,2.3068
2025-02-06 18:46:20.880715,2.3064,2.3065
2025-02-06 18:46:22.197061,2.3074,2.3075
2025-02-06 18:46:23.513284,2.3052,2.3053
2025-02-06 18:46:24.827995,2.3032,2.3033
2025-02-06 18:46:26.142485,2.3038,2.3039
2025-02-06 18:46:27.457856,2.3046,2.3047
2025-02-06 18:46:28.788543,2.3062,2.3063
2025-02-06 18:46:30.101378,2.307,2.3071
2025-02-06 18:46:31.413820,2.3081,2.3082
2025-02-06 18:46:32.726619,2.3086,2.3087
2025-02-06 18:46:34.038706,2.3068,2.3069
2025-02-06 18:46:35.354239,2.3068,2.3069
2025-02-06 18:46:36.667812,2.3061,2.3062
2025-02-06 18:46:37.982775,2.3048,2.3049
2025-02-06 18:46:39.295325,2.3058,2.3059
2025-02-06 18:46:40.607857,2.3048,2.3049
2025-02-06 18:46:41.919619,2.3024,2.3025
2025-02-06 18:46:43.233460,2.3009,2.301
2025-02-06 18:46:44.544637,2.3005,2.3006
2025-02-06 18:46:45.857156,2.301,2.3011
2025-02-06 18:46:47.169316,2.299,2.2991
2025-02-06 18:46:48.485122,2.2982,2.2983
2025-02-06 18:46:49.797232,2.2982,2.2983
2025-02-06 18:46:51.108982,2.2986,2.2987
2025-02-06 18:46:52.422612,2.2973,2.2974
2025-02-06 18:46:53.736666,2.2975,2.2976
2025-02-06 18:46:55.050389,2.2978,2.2981
2025-02-06 18:46:56.366975,2.2968,2.2969
2025-02-06 18:46:57.679052,2.2976,2.2977
2025-02-06 18:46:58.994767,2.2969,2.297
2025-02-06 18:47:00.308190,2.2975,2.2976
2025-02-06 18:47:01.619313,2.2972,2.2973
2025-02-06 18:47:02.934749,2.2969,2.297
2025-02-06 18:47:04.249740,2.297,2.2971
2025-02-06 18:47:05.573257,2.2974,2.2975
2025-02-06 18:47:06.884826,2.298,2.2981
2025-02-06 18:47:08.200910,2.2991,2.2992
2025-02-06 18:47:09.515952,2.2991,2.2992
2025-02-06 18:47:10.829726,2.2958,2.2959
2025-02-06 18:47:12.142659,2.2954,2.2955
2025-02-06 18:47:13.458471,2.2959,2.296
2025-02-06 18:47:14.777064,2.2953,2.2954
2025-02-06 18:47:16.089766,2.2936,2.2937
2025-02-06 18:47:17.403588,2.2937,2.2938
2025-02-06 18:47:18.714939,2.2933,2.2934
2025-02-06 18:47:20.026336,2.2926,2.2927
2025-02-06 18:47:21.342330,2.2928,2.2929
2025-02-06 18:47:22.655110,2.2926,2.2927
2025-02-06 18:47:23.967362,2.2914,2.2915
2025-02-06 18:47:25.734385,2.2893,2.2894
2025-02-06 18:47:27.047428,2.2909,2.291
2025-02-06 18:47:28.360889,2.2909,2.291
2025-02-06 18:47:29.675523,2.2914,2.2915
2025-02-06 18:47:30.989334,2.2914,2.2915
2025-02-06 18:47:32.301904,2.2914,2.2915
2025-02-06 18:47:33.616267,2.2928,2.2929
2025-02-06 18:47:34.928796,2.2926,2.2927
2025-02-06 18:47:36.239314,2.2945,2.2946
2025-02-06 18:47:37.556603,2.2945,2.2946
2025-02-06 18:47:38.869728,2.2984,2.2985
2025-02-06 18:47:40.180351,2.2997,2.2998
2025-02-06 18:47:41.493839,2.2979,2.298
2025-02-06 18:47:42.808187,2.2994,2.2995
2025-02-06 18:47:44.119284,2.3016,2.3017
2025-02-06 18:47:45.433384,2.3011,2.3012
2025-02-06 18:47:46.747487,2.3008,2.3009
2025-02-06 18:47:48.064220,2.299,2.2991
2025-02-06 18:47:49.376403,2.2993,2.2994
2025-02-06 18:47:50.690549,2.2999,2.3
2025-02-06 18:47:52.009244,2.2988,2.2989
2025-02-06 18:47:53.322620,2.2961,2.2962
2025-02-06 18:47:54.636541,2.2972,2.2973
2025-02-06 18:47:55.951103,2.2952,2.2953
2025-02-06 18:47:57.716461,2.2949,2.295
2025-02-06 18:47:59.030201,2.2958,2.2959
2025-02-06 18:48:00.349409,2.295,2.2951
2025-02-06 18:48:01.664530,2.2944,2.2945
2025-02-06 18:48:02.975144,2.2935,2.2936
2025-02-06 18:48:04.292906,2.2943,2.2944
2025-02-06 18:48:05.608320,2.2953,2.2954
2025-02-06 18:48:06.921767,2.2943,2.2944
2025-02-06 18:48:08.232270,2.2946,2.2947
2025-02-06 18:48:09.549052,2.2939,2.294
2025-02-06 18:48:10.862875,2.2947,2.2948
2025-02-06 18:48:12.176654,2.2927,2.2928
2025-02-06 18:48:13.492195,2.2935,2.2936
2025-02-06 18:48:14.808581,2.293,2.2931
2025-02-06 18:48:16.121196,2.2918,2.2919
2025-02-06 18:48:17.436248,2.2915,2.2916
2025-02-06 18:48:18.750278,2.2916,2.2917
2025-02-06 18:48:20.062679,2.2928,2.2929
2025-02-06 18:48:21.374912,2.2928,2.2929
2025-02-06 18:48:22.689274,2.2932,2.2933
2025-02-06 18:48:24.001018,2.2926,2.2927
2025-02-06 18:48:25.329475,2.2928,2.2929
2025-02-06 18:48:26.642546,2.2927,2.2928
2025-02-06 18:48:27.954684,2.2908,2.2909
2025-02-06 18:48:29.269160,2.2913,2.2914
2025-02-06 18:48:30.587130,2.2893,2.2894
2025-02-06 18:48:31.905392,2.2892,2.2893
2025-02-06 18:48:33.218305,2.2893,2.2894
2025-02-06 18:48:34.533403,2.2919,2.292
2025-02-06 18:48:35.848456,2.2906,2.2907
2025-02-06 18:48:37.178612,2.2913,2.2914
2025-02-06 18:48:38.491314,2.2913,2.2914
2025-02-06 18:48:39.808582,2.2937,2.2938
2025-02-06 18:48:41.121750,2.2938,2.2939
2025-02-06 18:48:42.436472,2.2934,2.2935
2025-02-06 18:48:43.780481,2.2934,2.2935
2025-02-06 18:48:45.094561,2.2943,2.2944
2025-02-06 18:48:46.411160,2.2939,2.294
2025-02-06 18:48:47.722468,2.293,2.2931
2025-02-06 18:48:49.034016,2.2917,2.2918
2025-02-06 18:48:50.345960,2.292,2.2921
2025-02-06 18:48:51.659664,2.2911,2.2912
2025-02-06 18:48:52.972685,2.2912,2.2913
2025-02-06 18:48:54.288280,2.2906,2.2907
2025-02-06 18:48:55.602546,2.2919,2.292
2025-02-06 18:48:56.913956,2.2928,2.2929
2025-02-06 18:48:58.229390,2.2918,2.2919
2025-02-06 18:48:59.541628,2.2938,2.2939
2025-02-06 18:49:00.854448,2.2932,2.2933
2025-02-06 18:49:02.166533,2.2929,2.293
2025-02-06 18:49:03.481673,2.2928,2.2929
2025-02-06 18:49:04.793233,2.2918,2.2919
2025-02-06 18:49:06.103887,2.2916,2.2917
2025-02-06 18:49:07.421496,2.2939,2.294
2025-02-06 18:49:08.736107,2.2927,2.2928
2025-02-06 18:49:10.052199,2.2944,2.2945
2025-02-06 18:49:11.364512,2.2934,2.2935
2025-02-06 18:49:12.677221,2.2951,2.2952
2025-02-06 18:49:13.990006,2.2958,2.2959
2025-02-06 18:49:15.310118,2.2961,2.2962
2025-02-06 18:49:16.621720,2.2961,2.2962
2025-02-06 18:49:17.935793,2.2979,2.298
2025-02-06 18:49:19.249464,2.2998,2.2999
2025-02-06 18:49:20.562480,2.3014,2.3015
2025-02-06 18:49:21.873846,2.3013,2.3014
2025-02-06 18:49:23.188389,2.3018,2.3019
2025-02-06 18:49:24.500167,2.3041,2.3042
2025-02-06 18:49:25.811774,2.3041,2.3042
2025-02-06 18:49:27.128801,2.3029,2.303
2025-02-06 18:49:28.439991,2.3044,2.3045
2025-02-06 18:49:29.752266,2.3053,2.3054
2025-02-06 18:49:31.065407,2.3044,2.3045
2025-02-06 18:49:32.378252,2.3042,2.3043
2025-02-06 18:49:33.691256,2.3046,2.3047
2025-02-06 18:49:35.005065,2.3029,2.303
2025-02-06 18:49:36.316300,2.3041,2.3042
2025-02-06 18:49:37.629129,2.3048,2.3049
2025-02-06 18:49:38.945129,2.304,2.3041
2025-02-06 18:49:40.257483,2.3028,2.3029
2025-02-06 18:49:41.573520,2.3032,2.3033
2025-02-06 18:49:42.899339,2.3015,2.3016
2025-02-06 18:49:44.212334,2.3004,2.3005
2025-02-06 18:49:45.527969,2.3009,2.301
2025-02-06 18:49:46.838975,2.3015,2.3016
2025-02-06 18:49:48.152410,2.3032,2.3033
2025-02-06 18:49:49.464884,2.3041,2.3042
2025-02-06 18:49:50.776074,2.3056,2.3057
2025-02-06 18:49:52.093587,2.3055,2.3056
2025-02-06 18:49:53.404681,2.3049,2.305
2025-02-06 18:49:54.717835,2.3055,2.3056
2025-02-06 18:49:56.031221,2.3054,2.3055
2025-02-06 18:49:57.344347,2.3047,2.3048
2025-02-06 18:49:58.654963,2.3051,2.3052
2025-02-06 18:49:59.969028,2.3035,2.3036
2025-02-06 18:50:01.280484,2.3013,2.3014
2025-02-06 18:50:02.594836,2.3028,2.3029
2025-02-06 18:50:03.917422,2.3046,2.3047
2025-02-06 18:50:05.233759,2.3054,2.3055
2025-02-06 18:50:06.551577,2.3061,2.3062
2025-02-06 18:50:07.867649,2.3055,2.3056
2025-02-06 18:50:09.179905,2.3044,2.3045
2025-02-06 18:50:10.492587,2.3043,2.3044
2025-02-06 18:50:11.810146,2.3022,2.3023
2025-02-06 18:50:13.127707,2.3007,2.3008
2025-02-06 18:50:14.442044,2.2996,2.2997
2025-02-06 18:50:15.754335,2.3006,2.3007
2025-02-06 18:50:17.066949,2.2992,2.2993
2025-02-06 18:50:18.381334,2.2997,2.2998
2025-02-06 18:50:19.695419,2.2989,2.2991
2025-02-06 18:50:21.007797,2.2972,2.2973
2025-02-06 18:50:22.324844,2.2967,2.2968
2025-02-06 18:50:23.647937,2.2951,2.2952
2025-02-06 18:50:24.959640,2.2963,2.2964
2025-02-06 18:50:26.274341,2.2961,2.2962
2025-02-06 18:50:27.590820,2.2965,2.2966
2025-02-06 18:50:28.904859,2.2972,2.2973
2025-02-06 18:50:30.216484,2.2994,2.2995
2025-02-06 18:50:31.535132,2.2995,2.2996
2025-02-06 18:50:32.845314,2.3001,2.3002
2025-02-06 18:50:34.157236,2.2993,2.2994
2025-02-06 18:50:35.472785,2.3002,2.3003
2025-02-06 18:50:36.784093,2.2992,2.2993
2025-02-06 18:50:38.110576,2.3003,2.3004
2025-02-06 18:50:39.422727,2.3015,2.3016
2025-02-06 18:50:40.734947,2.3005,2.3006
2025-02-06 18:50:42.046750,2.2997,2.2999
2025-02-06 18:50:43.360675,2.298,2.2981
2025-02-06 18:50:44.671948,2.2972,2.2973
2025-02-06 18:50:45.984994,2.298,2.2981
2025-02-06 18:50:47.297098,2.2993,2.2994
2025-02-06 18:50:48.608243,2.3005,2.3006
2025-02-06 18:50:49.919180,2.3,2.3001
2025-02-06 18:50:51.233829,2.2994,2.2995
2025-02-06 18:50:52.545187,2.2993,2.2994
2025-02-06 18:50:53.868424,2.2984,2.2985
2025-02-06 18:50:55.180997,2.2985,2.2986
2025-02-06 18:50:56.497421,2.3002,2.3003
2025-02-06 18:50:57.809591,2.2996,2.2997
2025-02-06 18:50:59.128013,2.2992,2.2993
2025-02-06 18:51:00.440020,2.2999,2.3
2025-02-06 18:51:01.752784,2.3014,2.3015
2025-02-06 18:51:03.066166,2.3036,2.3037
2025-02-06 18:51:04.382809,2.3034,2.3035
2025-02-06 18:51:05.695596,2.3029,2.303
2025-02-06 18:51:07.010454,2.3016,2.3017
2025-02-06 18:51:08.324379,2.304,2.3041
2025-02-06 18:51:09.638743,2.3055,2.3056
2025-02-06 18:51:10.951758,2.3042,2.3043
2025-02-06 18:51:12.263986,2.3061,2.3062
2025-02-06 18:51:13.578178,2.3059,2.306
2025-02-06 18:51:14.889268,2.3054,2.3055
2025-02-06 18:51:16.200754,2.3031,2.3032
2025-02-06 18:51:17.517672,2.3052,2.3053
2025-02-06 18:51:18.831169,2.3059,2.306
2025-02-06 18:51:20.142009,2.3062,2.3063
2025-02-06 18:51:21.456864,2.3058,2.3059
2025-02-06 18:51:22.769244,2.3061,2.3062
2025-02-06 18:51:24.082646,2.3061,2.3062
2025-02-06 18:51:25.394968,2.3056,2.3057
2025-02-06 18:51:26.709301,2.3063,2.3064
2025-02-06 18:51:28.021690,2.3075,2.3076
2025-02-06 18:51:29.335521,2.3069,2.307
2025-02-06 18:51:30.650425,2.3059,2.306
2025-02-06 18:51:31.962754,2.3043,2.3044
2025-02-06 18:51:33.276206,2.3043,2.3044
2025-02-06 18:51:34.592408,2.3062,2.3063
2025-02-06 18:51:35.905845,2.3065,2.3066
2025-02-06 18:51:37.219554,2.3071,2.3072
2025-02-06 18:51:38.535763,2.3081,2.3082
2025-02-06 18:51:39.849863,2.3068,2.3069
2025-02-06 18:51:41.160780,2.3068,2.3069
2025-02-06 18:51:42.472619,2.3079,2.308
2025-02-06 18:51:43.785198,2.3062,2.3063
2025-02-06 18:51:45.098163,2.3056,2.3057
2025-02-06 18:51:46.410643,2.3038,2.3039
2025-02-06 18:51:47.725119,2.3028,2.3029
2025-02-06 18:51:49.038426,2.3043,2.3044
2025-02-06 18:51:50.350595,2.3047,2.3048
2025-02-06 18:51:51.663157,2.3071,2.3072
2025-02-06 18:51:52.974724,2.3064,2.3065
2025-02-06 18:51:54.294399,2.3058,2.3059
2025-02-06 18:51:55.610007,2.3055,2.3056
2025-02-06 18:51:56.929502,2.3049,2.305
2025-02-06 18:51:58.241689,2.3027,2.3028
2025-02-06 18:51:59.554556,2.3026,2.3027
2025-02-06 18:52:00.868377,2.3045,2.3046
2025-02-06 18:52:02.180517,2.3045,2.3046
2025-02-06 18:52:03.496516,2.3036,2.3037
2025-02-06 18:52:04.810424,2.3011,2.3012
2025-02-06 18:52:06.121490,2.3025,2.3026
2025-02-06 18:52:07.432703,2.3017,2.3018
2025-02-06 18:52:08.742658,2.3001,2.3002
2025-02-06 18:52:10.070509,2.3001,2.3002
2025-02-06 18:52:11.381180,2.3021,2.3022
2025-02-06 18:52:12.693771,2.3022,2.3023
2025-02-06 18:52:14.010203,2.3035,2.3036
2025-02-06 18:52:15.325309,2.3032,2.3033
2025-02-06 18:52:16.648609,2.3018,2.3019
2025-02-06 18:52:17.962754,2.301,2.3011
2025-02-06 18:52:19.277129,2.3007,2.3008
2025-02-06 18:52:20.595755,2.3004,2.3005
2025-02-06 18:52:21.905322,2.3,2.3001
2025-02-06 18:52:23.217458,2.2985,2.2986
2025-02-06 18:52:24.528578,2.298,2.2981
2025-02-06 18:52:25.842987,2.299,2.2991
2025-02-06 18:52:27.156784,2.298,2.2981
2025-02-06 18:52:28.469632,2.2974,2.2975
2025-02-06 18:52:29.789190,2.2982,2.2983
2025-02-06 18:52:31.551156,2.2986,2.2987
2025-02-06 18:52:32.865350,2.2979,2.298
2025-02-06 18:52:34.179529,2.297,2.2971
2025-02-06 18:52:35.495030,2.2988,2.2989
2025-02-06 18:52:36.807548,2.3012,2.3013
2025-02-06 18:52:38.121957,2.3014,2.3015
2025-02-06 18:52:39.436774,2.3023,2.3024
2025-02-06 18:52:41.203213,2.3011,2.3012
2025-02-06 18:52:42.518634,2.2996,2.2997
2025-02-06 18:52:43.832191,2.299,2.2991
2025-02-06 18:52:45.146095,2.2987,2.2988
2025-02-06 18:52:46.458738,2.2977,2.2978
2025-02-06 18:52:47.773270,2.2964,2.2965
2025-02-06 18:52:49.085471,2.2966,2.2967
2025-02-06 18:52:50.400855,2.2984,2.2985
2025-02-06 18:52:51.722131,2.2978,2.2979
2025-02-06 18:52:53.036165,2.2978,2.2979
2025-02-06 18:52:54.348030,2.2974,2.2975
2025-02-06 18:52:55.663913,2.2972,2.2973
2025-02-06 18:52:56.975057,2.2971,2.2972
2025-02-06 18:52:58.289935,2.2963,2.2964
2025-02-06 18:52:59.603315,2.2968,2.2969
2025-02-06 18:53:00.915895,2.2962,2.2963
2025-02-06 18:53:02.230022,2.2966,2.2967
2025-02-06 18:53:03.541035,2.297,2.2971
2025-02-06 18:53:04.880218,2.2953,2.2954
2025-02-06 18:53:06.202264,2.297,2.2971
2025-02-06 18:53:07.515655,2.2956,2.2957
2025-02-06 18:53:08.834349,2.2954,2.2955
2025-02-06 18:53:10.150837,2.2959,2.296
2025-02-06 18:53:11.516708,2.2945,2.2946
2025-02-06 18:53:12.845035,2.2942,2.2943
2025-02-06 18:53:14.157632,2.2938,2.2939
2025-02-06 18:53:15.473796,2.2937,2.2938
2025-02-06 18:53:16.801928,2.2919,2.292
2025-02-06 18:53:18.573045,2.2918,2.2919
2025-02-06 18:53:19.889736,2.2904,2.2905
2025-02-06 18:53:21.203029,2.2894,2.2895
2025-02-06 18:53:22.516681,2.2892,2.2893
2025-02-06 18:53:23.829193,2.2893,2.2894
2025-02-06 18:53:25.143890,2.2914,2.2915
2025-02-06 18:53:26.460625,2.2905,2.2906
2025-02-06 18:53:27.772940,2.2891,2.2892
2025-02-06 18:53:29.087702,2.2885,2.2886
2025-02-06 18:53:30.400913,2.2882,2.2883
2025-02-06 18:53:31.712830,2.2888,2.2889
2025-02-06 18:53:33.025662,2.2884,2.2885
2025-02-06 18:53:34.345712,2.2878,2.2879
2025-02-06 18:53:35.661836,2.2878,2.2879
2025-02-06 18:53:36.973972,2.2881,2.2882
2025-02-06 18:53:38.287475,2.2881,2.2882
2025-02-06 18:53:39.603858,2.2879,2.288
2025-02-06 18:53:40.914864,2.2874,2.2875
2025-02-06 18:53:42.232803,2.2871,2.2872
2025-02-06 18:53:43.998886,2.2865,2.2866
2025-02-06 18:53:45.316318,2.2864,2.2865
2025-02-06 18:53:46.629260,2.2866,2.2867
2025-02-06 18:53:47.946360,2.2868,2.2869
2025-02-06 18:53:49.262849,2.286,2.2861
2025-02-06 18:53:50.583210,2.2867,2.2868
2025-02-06 18:53:51.929370,2.2868,2.2869
2025-02-06 18:53:53.241947,2.2868,2.2869
2025-02-06 18:53:54.559166,2.2882,2.2883
2025-02-06 18:53:55.871782,2.2882,2.2883
2025-02-06 18:53:57.186222,2.2876,2.2877
2025-02-06 18:53:58.503058,2.2885,2.2886
2025-02-06 18:53:59.815860,2.2885,2.2886
2025-02-06 18:54:01.127508,2.2895,2.2896
2025-02-06 18:54:02.439663,2.2908,2.2909
2025-02-06 18:54:03.760531,2.2887,2.2888
2025-02-06 18:54:05.073411,2.2908,2.2909
2025-02-06 18:54:06.392230,2.2903,2.2904
2025-02-06 18:54:07.705606,2.2921,2.2922
2025-02-06 18:54:09.017323,2.2928,2.2929
2025-02-06 18:54:10.330921,2.2925,2.2926
2025-02-06 18:54:11.642018,2.2941,2.2942
2025-02-06 18:54:12.953534,2.297,2.2971
2025-02-06 18:54:14.268973,2.302,2.3021
2025-02-06 18:54:15.582558,2.3037,2.3038
2025-02-06 18:54:16.898119,2.3034,2.3035
2025-02-06 18:54:18.210845,2.3032,2.3033
2025-02-06 18:54:19.527062,2.3008,2.3009
2025-02-06 18:54:20.840820,2.301,2.3011
2025-02-06 18:54:22.151403,2.3011,2.3012
2025-02-06 18:54:23.463336,2.3014,2.3015
2025-02-06 18:54:24.779459,2.3019,2.302
2025-02-06 18:54:26.102999,2.3007,2.3008
2025-02-06 18:54:27.427975,2.3011,2.3012
2025-02-06 18:54:28.740832,2.2995,2.2996
2025-02-06 18:54:30.057779,2.3001,2.3002
2025-02-06 18:54:31.371281,2.2992,2.2993
2025-02-06 18:54:32.684041,2.2976,2.2977
2025-02-06 18:54:33.997758,2.2968,2.2969
2025-02-06 18:54:35.765728,2.2966,2.2967
2025-02-06 18:54:37.077504,2.2968,2.2969
2025-02-06 18:54:38.387878,2.2982,2.2983
2025-02-06 18:54:39.702438,2.3005,2.3006
2025-02-06 18:54:41.038592,2.3008,2.3009
2025-02-06 18:54:42.352375,2.3005,2.3006
2025-02-06 18:54:43.664411,2.3002,2.3003
2025-02-06 18:54:44.977136,2.3,2.3001
2025-02-06 18:54:46.288633,2.2984,2.2985
2025-02-06 18:54:47.603165,2.2975,2.2976
2025-02-06 18:54:48.916169,2.2968,2.2969
2025-02-06 18:54:50.232872,2.2969,2.297
2025-02-06 18:54:51.551751,2.2979,2.298
2025-02-06 18:54:52.868078,2.2981,2.2982
2025-02-06 18:54:54.183970,2.2995,2.2996
2025-02-06 18:54:55.501659,2.3,2.3001
2025-02-06 18:54:56.821087,2.3002,2.3003
2025-02-06 18:54:58.141028,2.2994,2.2995
2025-02-06 18:54:59.458780,2.2991,2.2992
2025-02-06 18:55:00.775627,2.2991,2.2992
2025-02-06 18:55:02.090226,2.2984,2.2985
2025-02-06 18:55:03.406935,2.2998,2.2999
2025-02-06 18:55:04.723785,2.3018,2.3019
2025-02-06 18:55:06.034860,2.3023,2.3024
2025-02-06 18:55:07.361524,2.3034,2.3035
2025-02-06 18:55:08.675458,2.3055,2.3056
2025-02-06 18:55:09.989896,2.3042,2.3043
2025-02-06 18:55:11.301675,2.3052,2.3053
2025-02-06 18:55:12.615285,2.306,2.3061
2025-02-06 18:55:13.928368,2.3039,2.304
2025-02-06 18:55:15.240152,2.3043,2.3044
2025-02-06 18:55:16.552999,2.3034,2.3035
2025-02-06 18:55:17.867671,2.3028,2.3029
2025-02-06 18:55:19.201316,2.3025,2.3026
2025-02-06 18:55:20.512533,2.3009,2.301
2025-02-06 18:55:21.824160,2.3012,2.3013
2025-02-06 18:55:23.138572,2.3011,2.3012
2025-02-06 18:55:24.454380,2.3005,2.3006
2025-02-06 18:55:25.776684,2.3026,2.3027
2025-02-06 18:55:27.089600,2.3014,2.3015
2025-02-06 18:55:28.402314,2.3035,2.3036
2025-02-06 18:55:29.714729,2.3029,2.303
2025-02-06 18:55:31.026492,2.3031,2.3032
2025-02-06 18:55:32.338163,2.3018,2.3019
2025-02-06 18:55:34.111393,2.2989,2.299
2025-02-06 18:55:35.425153,2.2999,2.3
2025-02-06 18:55:36.737920,2.3018,2.3019
2025-02-06 18:55:38.051371,2.303,2.3031
2025-02-06 18:55:39.367219,2.3032,2.3033
2025-02-06 18:55:40.679235,2.3035,2.3036
2025-02-06 18:55:41.994386,2.3032,2.3033
2025-02-06 18:55:43.306896,2.303,2.3031
2025-02-06 18:55:44.622826,2.3017,2.3018
2025-02-06 18:55:45.941444,2.301,2.3011
2025-02-06 18:55:47.264906,2.2997,2.2998
2025-02-06 18:55:48.579582,2.2994,2.2995
2025-02-06 18:55:49.892989,2.2998,2.2999
2025-02-06 18:55:51.204803,2.2994,2.2995
2025-02-06 18:55:52.517770,2.2996,2.2997
2025-02-06 18:55:53.838961,2.3011,2.3012
2025-02-06 18:55:55.608568,2.3018,2.3019
2025-02-06 18:55:56.928228,2.3016,2.3017
2025-02-06 18:55:58.241221,2.3027,2.3028
2025-02-06 18:55:59.555935,2.3028,2.3029
2025-02-06 18:56:00.872305,2.3021,2.3022
2025-02-06 18:56:02.184297,2.3011,2.3012
2025-02-06 18:56:03.499868,2.3005,2.3006
2025-02-06 18:56:04.815431,2.3018,2.3019
2025-02-06 18:56:06.128338,2.3026,2.3027
2025-02-06 18:56:07.440919,2.3022,2.3023
2025-02-06 18:56:08.756304,2.3015,2.3016
2025-02-06 18:56:10.068213,2.3013,2.3014
2025-02-06 18:56:11.381943,2.3015,2.3016
2025-02-06 18:56:12.700023,2.3014,2.3015
2025-02-06 18:56:14.012499,2.3012,2.3013
2025-02-06 18:56:15.324840,2.3008,2.3009
2025-02-06 18:56:16.638834,2.3012,2.3013
2025-02-06 18:56:17.952863,2.3027,2.3028
2025-02-06 18:56:19.267126,2.3031,2.3032
2025-02-06 18:56:20.587794,2.3027,2.3028
2025-02-06 18:56:21.899821,2.3024,2.3025
2025-02-06 18:56:23.213233,2.3007,2.3008
2025-02-06 18:56:24.528076,2.3028,2.3029
2025-02-06 18:56:25.841952,2.3023,2.3024
2025-02-06 18:56:27.160750,2.3026,2.3027
2025-02-06 18:56:28.472990,2.3024,2.3025
2025-02-06 18:56:29.793130,2.3034,2.3035
2025-02-06 18:56:31.108191,2.3046,2.3047
2025-02-06 18:56:32.419989,2.3049,2.305
2025-02-06 18:56:33.744343,2.3055,2.3056
2025-02-06 18:56:35.057608,2.3041,2.3042
2025-02-06 18:56:36.369660,2.3056,2.3057
2025-02-06 18:56:37.685530,2.3046,2.3047
2025-02-06 18:56:38.996773,2.3037,2.3038
2025-02-06 18:56:40.309333,2.305,2.3051
2025-02-06 18:56:41.621033,2.3051,2.3052
2025-02-06 18:56:42.934197,2.3056,2.3057
2025-02-06 18:56:44.245772,2.3055,2.3056
2025-02-06 18:56:45.557320,2.3053,2.3054
2025-02-06 18:56:46.867976,2.3052,2.3053
2025-02-06 18:56:48.182592,2.3033,2.3034
2025-02-06 18:56:49.498987,2.3023,2.3024
2025-02-06 18:56:50.818133,2.3041,2.3042
2025-02-06 18:56:52.129470,2.3051,2.3052
2025-02-06 18:56:53.444066,2.305,2.3051
2025-02-06 18:56:54.759464,2.3064,2.3065
2025-02-06 18:56:56.071205,2.3052,2.3053
2025-02-06 18:56:57.384758,2.3046,2.3047
2025-02-06 18:56:58.699551,2.3047,2.3048
2025-02-06 18:57:00.012011,2.3034,2.3035
2025-02-06 18:57:01.327432,2.3031,2.3032
2025-02-06 18:57:02.642110,2.3031,2.3032
2025-02-06 18:57:03.955238,2.3034,2.3035
2025-02-06 18:57:05.266211,2.3038,2.3039
2025-02-06 18:57:06.582147,2.3034,2.3035
2025-02-06 18:57:07.898467,2.302,2.3021
2025-02-06 18:57:09.209471,2.3013,2.3014
2025-02-06 18:57:10.521802,2.3007,2.3008
2025-02-06 18:57:11.840526,2.2993,2.2994
2025-02-06 18:57:13.158692,2.2998,2.2999
2025-02-06 18:57:14.472005,2.3003,2.3004
2025-02-06 18:57:15.789345,2.3007,2.3008
2025-02-06 18:57:17.104339,2.3004,2.3005
2025-02-06 18:57:18.417746,2.3006,2.3007
2025-02-06 18:57:19.730679,2.3011,2.3012
2025-02-06 18:57:21.044360,2.3005,2.3006
2025-02-06 18:57:22.359324,2.3001,2.3002
2025-02-06 18:57:23.674580,2.2992,2.2993
2025-02-06 18:57:24.988798,2.3005,2.3006
2025-02-06 18:57:26.301107,2.3003,2.3004
2025-02-06 18:57:27.612753,2.2997,2.2998
2025-02-06 18:57:28.925009,2.3,2.3001
2025-02-06 18:57:30.238128,2.3013,2.3014
2025-02-06 18:57:31.552025,2.3021,2.3022
2025-02-06 18:57:32.862932,2.3029,2.303
2025-02-06 18:57:34.180738,2.3036,2.3037
2025-02-06 18:57:35.493345,2.3039,2.304
2025-02-06 18:57:36.809083,2.3035,2.3036
2025-02-06 18:57:38.123150,2.3041,2.3042
2025-02-06 18:57:39.436898,2.3044,2.3045
2025-02-06 18:57:40.748416,2.3044,2.3045
2025-02-06 18:57:42.060704,2.3051,2.3052
2025-02-06 18:57:43.375900,2.3052,2.3053
2025-02-06 18:57:44.692551,2.3045,2.3046
2025-02-06 18:57:46.006662,2.3061,2.3062
2025-02-06 18:57:47.319844,2.3048,2.3049
2025-02-06 18:57:48.631111,2.3047,2.3048
2025-02-06 18:57:49.941955,2.306,2.3061
2025-02-06 18:57:51.256446,2.3056,2.3057
2025-02-06 18:57:52.567332,2.3043,2.3044
2025-02-06 18:57:53.881244,2.3053,2.3054
2025-02-06 18:57:55.193802,2.3053,2.3054
2025-02-06 18:57:56.506183,2.3054,2.3055
2025-02-06 18:57:57.819691,2.3046,2.3047
2025-02-06 18:57:59.134074,2.3041,2.3042
2025-02-06 18:58:00.451432,2.303,2.3031
2025-02-06 18:58:01.764279,2.3046,2.3047
2025-02-06 18:58:03.078090,2.306,2.3061
2025-02-06 18:58:04.392791,2.3053,2.3054
2025-02-06 18:58:05.704702,2.3059,2.306
2025-02-06 18:58:07.021746,2.3055,2.3056
2025-02-06 18:58:08.341197,2.3044,2.3045
2025-02-06 18:58:09.670660,2.3028,2.3029
2025-02-06 18:58:10.985641,2.3029,2.303
2025-02-06 18:58:12.297209,2.3035,2.3036
2025-02-06 18:58:13.609659,2.3033,2.3034
2025-02-06 18:58:14.923043,2.3027,2.3028
2025-02-06 18:58:16.237104,2.3017,2.3018
2025-02-06 18:58:18.015214,2.3007,2.3008
2025-02-06 18:58:19.355288,2.3001,2.3002
2025-02-06 18:58:20.683196,2.3004,2.3005
2025-02-06 18:58:22.009204,2.3008,2.3009
2025-02-06 18:58:23.326397,2.302,2.3021
2025-02-06 18:58:24.638623,2.3017,2.3018
2025-02-06 18:58:25.953105,2.3028,2.3029
2025-02-06 18:58:27.269348,2.3012,2.3013
2025-02-06 18:58:28.583989,2.3009,2.301
2025-02-06 18:58:29.897082,2.3006,2.3007
2025-02-06 18:58:31.208059,2.2999,2.3
2025-02-06 18:58:32.523567,2.2981,2.2982
2025-02-06 18:58:33.838292,2.2983,2.2984
2025-02-06 18:58:35.149444,2.2996,2.2997
2025-02-06 18:58:36.920566,2.3007,2.3008
2025-02-06 18:58:38.236943,2.3004,2.3005
2025-02-06 18:58:39.547641,2.3001,2.3002
2025-02-06 18:58:40.859139,2.3017,2.3018
2025-02-06 18:58:42.171556,2.3007,2.3008
2025-02-06 18:58:43.496604,2.3013,2.3014
2025-02-06 18:58:44.810860,2.3035,2.3036
2025-02-06 18:58:46.124501,2.3032,2.3033
2025-02-06 18:58:47.435975,2.303,2.3031
2025-02-06 18:58:48.748988,2.3047,2.3048
2025-02-06 18:58:50.062521,2.3042,2.3043
2025-02-06 18:58:51.376359,2.3029,2.303
2025-02-06 18:58:52.687365,2.304,2.3041
2025-02-06 18:58:53.998414,2.3043,2.3044
2025-02-06 18:58:55.314901,2.3049,2.305
2025-02-06 18:58:56.628104,2.3053,2.3054
2025-02-06 18:58:57.940313,2.3062,2.3063
2025-02-06 18:58:59.254677,2.3061,2.3062
2025-02-06 18:59:00.566166,2.3073,2.3074
2025-02-06 18:59:01.877621,2.3072,2.3073
2025-02-06 18:59:03.192352,2.3068,2.3069
2025-02-06 18:59:04.517324,2.3068,2.3069
2025-02-06 18:59:05.831034,2.3082,2.3083
2025-02-06 18:59:07.154751,2.31,2.3101
2025-02-06 18:59:08.471004,2.3091,2.3092
2025-02-06 18:59:09.794759,2.3099,2.31
2025-02-06 18:59:11.115113,2.311,2.3111
2025-02-06 18:59:12.438305,2.3109,2.311
2025-02-06 18:59:13.750342,2.3097,2.3098
2025-02-06 18:59:15.061751,2.3111,2.3112
2025-02-06 18:59:16.375352,2.3115,2.3116
2025-02-06 18:59:17.686655,2.3118,2.3119
2025-02-06 18:59:19.000741,2.312,2.3121
2025-02-06 18:59:20.314996,2.3117,2.3118
2025-02-06 18:59:21.626416,2.3121,2.3122
2025-02-06 18:59:22.942858,2.3118,2.3119
2025-02-06 18:59:24.257474,2.3119,2.312
2025-02-06 18:59:25.571534,2.3128,2.3129
2025-02-06 18:59:26.885514,2.3123,2.3124
2025-02-06 18:59:28.197195,2.3106,2.3107
2025-02-06 18:59:29.512340,2.3131,2.3132
2025-02-06 18:59:30.825733,2.3148,2.3149
2025-02-06 18:59:32.149139,2.3149,2.315
2025-02-06 18:59:33.461272,2.3147,2.3148
2025-02-06 18:59:34.772450,2.3153,2.3154
2025-02-06 18:59:36.090009,2.3168,2.3169
2025-02-06 18:59:37.402228,2.3162,2.3163
2025-02-06 18:59:38.714451,2.3156,2.3157
2025-02-06 18:59:40.027821,2.3145,2.3146
2025-02-06 18:59:41.342089,2.3158,2.3159
2025-02-06 18:59:42.655069,2.3159,2.316
2025-02-06 18:59:43.973861,2.315,2.3151
2025-02-06 18:59:45.284859,2.315,2.3151
2025-02-06 18:59:46.596373,2.3132,2.3133
2025-02-06 18:59:47.909533,2.314,2.3141
2025-02-06 18:59:49.222639,2.3153,2.3154
2025-02-06 18:59:50.534097,2.3157,2.3158
2025-02-06 18:59:51.844553,2.3163,2.3164
2025-02-06 18:59:53.161074,2.3155,2.3156
2025-02-06 18:59:54.474848,2.3153,2.3154
2025-02-06 18:59:55.788287,2.3141,2.3142
2025-02-06 18:59:57.099685,2.3143,2.3144
2025-02-06 18:59:58.411899,2.3137,2.3138
2025-02-06 18:59:59.724043,2.3144,2.3145
2025-02-06 19:00:01.036048,2.3159,2.316
2025-02-06 19:00:02.352799,2.3157,2.3158
2025-02-06 19:00:03.688140,2.3158,2.3159
2025-02-06 19:00:05.016703,2.3154,2.3155
2025-02-06 19:00:06.332256,2.3157,2.3158
2025-02-06 19:00:07.645701,2.3132,2.3133
2025-02-06 19:00:08.960728,2.3137,2.3138
2025-02-06 19:00:10.274154,2.3134,2.3135
2025-02-06 19:00:11.586837,2.3147,2.3148
2025-02-06 19:00:12.901340,2.3153,2.3154
2025-02-06 19:00:14.215832,2.3158,2.3159
2025-02-06 19:00:15.528630,2.3156,2.3157
2025-02-06 19:00:16.842332,2.315,2.3151
2025-02-06 19:00:18.154798,2.3141,2.3142
2025-02-06 19:00:19.468518,2.3149,2.315
2025-02-06 19:00:20.781975,2.3134,2.3135
2025-02-06 19:00:22.097208,2.3128,2.3129
2025-02-06 19:00:23.410977,2.3119,2.312
2025-02-06 19:00:24.723667,2.3126,2.3127
2025-02-06 19:00:26.037422,2.3122,2.3123
2025-02-06 19:00:27.352806,2.3116,2.3117
2025-02-06 19:00:28.665390,2.3125,2.3126
2025-02-06 19:00:29.979610,2.3111,2.3112
2025-02-06 19:00:31.291943,2.3112,2.3113
2025-02-06 19:00:32.604387,2.3116,2.3117
2025-02-06 19:00:33.920610,2.3131,2.3132
2025-02-06 19:00:35.232989,2.314,2.3141
2025-02-06 19:00:36.544906,2.3132,2.3133
2025-02-06 19:00:37.855756,2.3145,2.3146
2025-02-06 19:00:39.169224,2.3138,2.3139
2025-02-06 19:00:40.482890,2.3169,2.317
2025-02-06 19:00:41.805097,2.3169,2.317
2025-02-06 19:00:43.120891,2.3157,2.3158
2025-02-06 19:00:44.432984,2.3147,2.3148
2025-02-06 19:00:45.747770,2.3162,2.3163
2025-02-06 19:00:47.059986,2.3141,2.3142
2025-02-06 19:00:48.371777,2.3122,2.3123
2025-02-06 19:00:49.684808,2.3119,2.312
2025-02-06 19:00:50.997475,2.3113,2.3114
2025-02-06 19:00:52.309868,2.3112,2.3113
2025-02-06 19:00:53.621352,2.3106,2.3107
2025-02-06 19:00:54.936102,2.3106,2.3107
2025-02-06 19:00:56.247777,2.313,2.3131
2025-02-06 19:00:57.560503,2.312,2.3121
2025-02-06 19:00:58.873398,2.3121,2.3122
2025-02-06 19:01:00.187639,2.3123,2.3124
2025-02-06 19:01:01.499742,2.3131,2.3132
2025-02-06 19:01:02.812808,2.313,2.3131
2025-02-06 19:01:04.132507,2.3155,2.3156
2025-02-06 19:01:05.447503,2.3142,2.3143
2025-02-06 19:01:06.768582,2.3155,2.3156
2025-02-06 19:01:08.092960,2.3175,2.3176
2025-02-06 19:01:09.406805,2.3181,2.3182
2025-02-06 19:01:10.721654,2.3184,2.3185
2025-02-06 19:01:12.050697,2.3174,2.3175
2025-02-06 19:01:13.364890,2.3211,2.3212
2025-02-06 19:01:14.678224,2.3232,2.3233
2025-02-06 19:01:15.990935,2.3234,2.3235
2025-02-06 19:01:17.303216,2.3254,2.3255
2025-02-06 19:01:18.617399,2.3265,2.3266
2025-02-06 19:01:19.934040,2.3271,2.3272
2025-02-06 19:01:21.246962,2.3324,2.3325
2025-02-06 19:01:22.559938,2.335,2.3351
2025-02-06 19:01:23.872558,2.3343,2.3344
2025-02-06 19:01:25.184936,2.3334,2.3335
2025-02-06 19:01:26.497670,2.3314,2.3315
2025-02-06 19:01:27.854047,2.3317,2.3318
2025-02-06 19:01:29.165475,2.3309,2.331
2025-02-06 19:01:30.478677,2.3304,2.3305
2025-02-06 19:01:31.791247,2.3286,2.3287
2025-02-06 19:01:33.108574,2.3283,2.3284
2025-02-06 19:01:34.422486,2.3295,2.3296
2025-02-06 19:01:35.735134,2.3289,2.329
2025-02-06 19:01:37.049270,2.3308,2.3309
2025-02-06 19:01:38.361476,2.3303,2.3304
2025-02-06 19:01:40.129770,2.331,2.3311
2025-02-06 19:01:41.450078,2.3321,2.3322
2025-02-06 19:01:42.764201,2.3318,2.3319
2025-02-06 19:01:44.076237,2.3311,2.3312
2025-02-06 19:01:45.390042,2.3303,2.3304
2025-02-06 19:01:46.703781,2.328,2.3281
2025-02-06 19:01:48.016820,2.3318,2.3319
2025-02-06 19:01:49.328356,2.3324,2.3325
2025-02-06 19:01:50.640773,2.3306,2.3307
2025-02-06 19:01:51.955234,2.3295,2.3296
2025-02-06 19:01:53.274293,2.3286,2.3287
2025-02-06 19:01:54.587923,2.3281,2.3282
2025-02-06 19:01:55.899119,2.3266,2.3267
2025-02-06 19:01:57.212897,2.3267,2.3268
2025-02-06 19:01:58.529998,2.3265,2.3266
2025-02-06 19:01:59.842243,2.3284,2.3285
2025-02-06 19:02:01.155546,2.3299,2.33
2025-02-06 19:02:02.467918,2.3303,2.3304
2025-02-06 19:02:03.781938,2.3297,2.3298
2025-02-06 19:02:05.094714,2.3304,2.3305
2025-02-06 19:02:06.409644,2.3308,2.3309
2025-02-06 19:02:07.721715,2.33,2.3301
2025-02-06 19:02:09.033138,2.3304,2.3305
2025-02-06 19:02:10.347227,2.3292,2.3293
2025-02-06 19:02:11.659526,2.3292,2.3293
2025-02-06 19:02:12.974937,2.3321,2.3322
2025-02-06 19:02:14.288491,2.3328,2.3329
2025-02-06 19:02:15.601912,2.3336,2.3337
2025-02-06 19:02:16.913978,2.3328,2.3329
2025-02-06 19:02:18.225745,2.3334,2.3335
2025-02-06 19:02:19.541188,2.3337,2.3338
2025-02-06 19:02:20.855708,2.3344,2.3345
2025-02-06 19:02:22.168576,2.3342,2.3343
2025-02-06 19:02:23.480099,2.3338,2.3339
2025-02-06 19:02:24.792718,2.3338,2.3339
2025-02-06 19:02:26.104612,2.3335,2.3336
2025-02-06 19:02:27.416884,2.333,2.3331
2025-02-06 19:02:28.731684,2.3317,2.3318
2025-02-06 19:02:30.047293,2.3315,2.3316
2025-02-06 19:02:31.362588,2.3305,2.3306
2025-02-06 19:02:32.674860,2.3281,2.3282
2025-02-06 19:02:33.991589,2.3288,2.3289
2025-02-06 19:02:35.304244,2.3295,2.3296
2025-02-06 19:02:36.619087,2.3305,2.3306
2025-02-06 19:02:37.933469,2.3315,2.3316
2025-02-06 19:02:39.249393,2.3317,2.3318
2025-02-06 19:02:41.019766,2.3315,2.3316
2025-02-06 19:02:42.334725,2.3311,2.3312
2025-02-06 19:02:43.648724,2.3305,2.3306
2025-02-06 19:02:44.961464,2.3301,2.3302
2025-02-06 19:02:46.272501,2.3285,2.3286
2025-02-06 19:02:47.585587,2.3277,2.3278
2025-02-06 19:02:48.897936,2.3276,2.3277
2025-02-06 19:02:50.210974,2.3272,2.3273
2025-02-06 19:02:51.530558,2.3302,2.3303
2025-02-06 19:02:52.847324,2.3303,2.3304
2025-02-06 19:02:54.162183,2.3328,2.3329
2025-02-06 19:02:55.473307,2.3331,2.3332
2025-02-06 19:02:56.786628,2.3346,2.3347
2025-02-06 19:02:58.100825,2.3341,2.3342
2025-02-06 19:02:59.414638,2.3336,2.3337
2025-02-06 19:03:00.729547,2.3336,2.3337
2025-02-06 19:03:02.040977,2.3325,2.3326
2025-02-06 19:03:03.353562,2.3335,2.3336
2025-02-06 19:03:04.664877,2.3358,2.3359
2025-02-06 19:03:05.979274,2.3353,2.3354
2025-02-06 19:03:07.293652,2.3348,2.3349
2025-02-06 19:03:08.609857,2.3335,2.3336
2025-02-06 19:03:09.922344,2.3334,2.3335
2025-02-06 19:03:11.243828,2.3351,2.3352
2025-02-06 19:03:13.008804,2.3364,2.3365
2025-02-06 19:03:14.322644,2.3363,2.3364
2025-02-06 19:03:15.635631,2.3368,2.3369
2025-02-06 19:03:16.947381,2.3381,2.3382
2025-02-06 19:03:18.258546,2.3378,2.3379
2025-02-06 19:03:19.572541,2.3381,2.3382
2025-02-06 19:03:20.883949,2.3373,2.3374
2025-02-06 19:03:22.200986,2.3367,2.3368
2025-02-06 19:03:23.515340,2.3377,2.3378
2025-02-06 19:03:24.828810,2.3368,2.3369
2025-02-06 19:03:26.143020,2.3361,2.3362
2025-02-06 19:03:27.456647,2.3373,2.3374
2025-02-06 19:03:28.768176,2.3373,2.3374
2025-02-06 19:03:30.080267,2.337,2.3371
2025-02-06 19:03:31.391755,2.3369,2.337
2025-02-06 19:03:32.704875,2.3374,2.3375
2025-02-06 19:03:34.018868,2.3392,2.3393
2025-02-06 19:03:35.330031,2.3367,2.3368
2025-02-06 19:03:36.649397,2.3362,2.3363
2025-02-06 19:03:37.965072,2.3352,2.3353
2025-02-06 19:03:39.276616,2.3354,2.3355
2025-02-06 19:03:40.588818,2.3377,2.3378
2025-02-06 19:03:41.905805,2.3382,2.3383
2025-02-06 19:03:43.219400,2.3374,2.3375
2025-02-06 19:03:44.531879,2.338,2.3381
2025-02-06 19:03:46.297575,2.3397,2.3398
2025-02-06 19:03:47.613769,2.3385,2.3386
2025-02-06 19:03:48.925006,2.3398,2.3399
2025-02-06 19:03:50.237829,2.3392,2.3393
2025-02-06 19:03:51.552116,2.3389,2.339
2025-02-06 19:03:52.873794,2.3391,2.3392
2025-02-06 19:03:54.188405,2.3398,2.3399
2025-02-06 19:03:55.499364,2.3394,2.3395
2025-02-06 19:03:56.811675,2.338,2.3381
2025-02-06 19:03:58.123064,2.3403,2.3404
2025-02-06 19:03:59.436431,2.3398,2.3399
2025-02-06 19:04:00.750698,2.3401,2.3402
2025-02-06 19:04:02.063096,2.3406,2.3407
2025-02-06 19:04:03.376625,2.3373,2.3374
2025-02-06 19:04:04.690424,2.3387,2.3388
2025-02-06 19:04:06.002572,2.3394,2.3395
2025-02-06 19:04:07.317129,2.3373,2.3374
2025-02-06 19:04:08.630225,2.3344,2.3345
2025-02-06 19:04:09.942090,2.3338,2.3339
2025-02-06 19:04:11.257717,2.3343,2.3344
2025-02-06 19:04:12.570774,2.3337,2.3338
2025-02-06 19:04:13.882468,2.3316,2.3317
2025-02-06 19:04:15.196076,2.3318,2.3319
2025-02-06 19:04:16.514806,2.3313,2.3314
2025-02-06 19:04:17.827067,2.3296,2.3297
2025-02-06 19:04:19.140832,2.33,2.3301
2025-02-06 19:04:20.457588,2.3295,2.3296
2025-02-06 19:04:21.778938,2.3285,2.3286
2025-02-06 19:04:23.091393,2.3297,2.3298
2025-02-06 19:04:24.406506,2.3298,2.3299
2025-02-06 19:04:25.721052,2.3276,2.3277
2025-02-06 19:04:27.036167,2.3283,2.3284
2025-02-06 19:04:28.348946,2.3284,2.3285
2025-02-06 19:04:29.661803,2.3278,2.3279
2025-02-06 19:04:30.974805,2.3261,2.3262
2025-02-06 19:04:32.285224,2.3267,2.3268
2025-02-06 19:04:33.597876,2.3271,2.3272
2025-02-06 19:04:34.909211,2.3272,2.3273
2025-02-06 19:04:36.221518,2.3278,2.3279
2025-02-06 19:04:37.533572,2.3256,2.3257
2025-02-06 19:04:38.844615,2.3268,2.3269
2025-02-06 19:04:40.157572,2.3273,2.3274
2025-02-06 19:04:41.471756,2.3286,2.3287
2025-02-06 19:04:43.241836,2.3269,2.327
2025-02-06 19:04:45.024526,2.3274,2.3275
2025-02-06 19:04:46.337067,2.3273,2.3274
2025-02-06 19:04:47.652874,2.3283,2.3284
2025-02-06 19:04:48.972407,2.3299,2.33
2025-02-06 19:04:50.287527,2.3313,2.3314
2025-02-06 19:04:51.601773,2.3324,2.3325
2025-02-06 19:04:52.918542,2.3333,2.3334
2025-02-06 19:04:54.236859,2.3332,2.3333
2025-02-06 19:04:55.549886,2.3343,2.3344
2025-02-06 19:04:56.860872,2.3338,2.3339
2025-02-06 19:04:58.176250,2.3327,2.3328
2025-02-06 19:04:59.490246,2.335,2.3351
2025-02-06 19:05:00.819578,2.3343,2.3344
2025-02-06 19:05:02.138106,2.3338,2.3339
2025-02-06 19:05:03.485886,2.3346,2.3347
2025-02-06 19:05:04.846763,2.3359,2.336
2025-02-06 19:05:06.168488,2.3353,2.3354
2025-02-06 19:05:07.514454,2.3351,2.3352
2025-02-06 19:05:08.854748,2.3342,2.3343
2025-02-06 19:05:10.170550,2.3343,2.3344
2025-02-06 19:05:11.513842,2.3341,2.3342
2025-02-06 19:05:12.831975,2.3336,2.3337
2025-02-06 19:05:14.161750,2.3334,2.3335
2025-02-06 19:05:15.490006,2.3302,2.3303
2025-02-06 19:05:16.821410,2.3312,2.3313
2025-02-06 19:05:18.147212,2.3301,2.3302
2025-02-06 19:05:19.470964,2.3286,2.3287
2025-02-06 19:05:20.800163,2.3271,2.3272
2025-02-06 19:05:22.135735,2.3271,2.3272
2025-02-06 19:05:23.458112,2.3273,2.3274
2025-02-06 19:05:24.772272,2.3281,2.3282
2025-02-06 19:05:26.085496,2.329,2.3291
2025-02-06 19:05:27.398141,2.3276,2.3277
2025-02-06 19:05:28.713847,2.3265,2.3266
2025-02-06 19:05:30.035004,2.3293,2.3294
2025-02-06 19:05:31.354664,2.3288,2.3289
2025-02-06 19:05:32.666409,2.3274,2.3275
2025-02-06 19:05:33.986048,2.3284,2.3285
2025-02-06 19:05:35.299575,2.3269,2.327
2025-02-06 19:05:36.613240,2.3269,2.327
2025-02-06 19:05:37.925897,2.328,2.3281
2025-02-06 19:05:39.239650,2.3299,2.33
2025-02-06 19:05:40.556578,2.3307,2.3308
2025-02-06 19:05:41.871072,2.3302,2.3303
2025-02-06 19:05:43.193096,2.333,2.3331
2025-02-06 19:05:44.964348,2.3329,2.333
2025-02-06 19:05:46.278418,2.3323,2.3324
2025-02-06 19:05:47.589220,2.3331,2.3332
2025-02-06 19:05:48.901332,2.3324,2.3325
2025-02-06 19:05:50.215541,2.332,2.3321
2025-02-06 19:05:51.528842,2.3313,2.3314
2025-02-06 19:05:52.842429,2.3303,2.3304
2025-02-06 19:05:54.156093,2.3296,2.3297
2025-02-06 19:05:55.472038,2.33,2.3301
2025-02-06 19:05:56.793451,2.3294,2.3295
2025-02-06 19:05:58.103541,2.3296,2.3297
2025-02-06 19:05:59.422834,2.3309,2.331
2025-02-06 19:06:00.739742,2.3319,2.332
2025-02-06 19:06:02.050406,2.3322,2.3323
2025-02-06 19:06:03.363154,2.3335,2.3336
2025-02-06 19:06:04.676488,2.3342,2.3343
2025-02-06 19:06:05.990750,2.3345,2.3346
2025-02-06 19:06:07.304116,2.3357,2.3358
2025-02-06 19:06:08.614607,2.3355,2.3356
2025-02-06 19:06:09.930062,2.3371,2.3372
2025-02-06 19:06:11.244137,2.3363,2.3364
2025-02-06 19:06:12.554996,2.3359,2.336
2025-02-06 19:06:13.873630,2.3356,2.3357
2025-02-06 19:06:15.187212,2.3356,2.3357
2025-02-06 19:06:16.515505,2.337,2.3371
2025-02-06 19:06:17.830090,2.3365,2.3366
2025-02-06 19:06:19.142805,2.337,2.3371
2025-02-06 19:06:20.456509,2.3371,2.3372
2025-02-06 19:06:21.770140,2.3387,2.3388
2025-02-06 19:06:23.082175,2.339,2.3392
2025-02-06 19:06:24.397360,2.338,2.3381
2025-02-06 19:06:25.715677,2.3364,2.3365
2025-02-06 19:06:27.032382,2.337,2.3371
2025-02-06 19:06:28.345756,2.3376,2.3377
2025-02-06 19:06:29.660428,2.3379,2.338
2025-02-06 19:06:30.971372,2.3386,2.3387
2025-02-06 19:06:32.284327,2.3399,2.34
2025-02-06 19:06:33.600541,2.3397,2.3398
2025-02-06 19:06:34.917808,2.3395,2.3396
2025-02-06 19:06:36.231055,2.3374,2.3375
2025-02-06 19:06:37.548901,2.3396,2.3397
2025-02-06 19:06:38.861861,2.3384,2.3385
2025-02-06 19:06:40.181064,2.3361,2.3362
2025-02-06 19:06:41.502821,2.3357,2.3358
2025-02-06 19:06:42.814713,2.3348,2.3349
2025-02-06 19:06:44.127233,2.3329,2.333
2025-02-06 19:06:45.440901,2.3334,2.3335
2025-02-06 19:06:46.755165,2.333,2.3331
2025-02-06 19:06:48.069798,2.3328,2.3329
2025-02-06 19:06:49.386790,2.3352,2.3353
2025-02-06 19:06:50.698564,2.3363,2.3364
2025-02-06 19:06:52.010654,2.3354,2.3355
2025-02-06 19:06:53.327943,2.3358,2.3359
2025-02-06 19:06:54.664744,2.3375,2.3376
2025-02-06 19:06:55.979744,2.3386,2.3387
2025-02-06 19:06:57.291952,2.3377,2.3378
2025-02-06 19:06:58.603476,2.336,2.3361
2025-02-06 19:06:59.914945,2.3346,2.3347
2025-02-06 19:07:01.228970,2.3337,2.3338
2025-02-06 19:07:02.541831,2.333,2.3331
2025-02-06 19:07:03.859917,2.3328,2.3329
2025-02-06 19:07:05.173818,2.3308,2.3309
2025-02-06 19:07:06.508393,2.3296,2.3297
2025-02-06 19:07:07.830876,2.3302,2.3303
2025-02-06 19:07:09.145931,2.3307,2.3308
2025-02-06 19:07:10.459077,2.3287,2.3288
2025-02-06 19:07:11.778724,2.3297,2.3298
2025-02-06 19:07:13.093270,2.3299,2.33
2025-02-06 19:07:14.406261,2.3288,2.3289
2025-02-06 19:07:15.719003,2.3294,2.3295
2025-02-06 19:07:17.032415,2.328,2.3281
2025-02-06 19:07:18.348904,2.3296,2.3297
2025-02-06 19:07:19.666968,2.3297,2.3298
2025-02-06 19:07:20.979667,2.33,2.3301
2025-02-06 19:07:22.294970,2.3323,2.3324
2025-02-06 19:07:23.606729,2.3331,2.3332
2025-02-06 19:07:24.936267,2.3337,2.3338
2025-02-06 19:07:26.250006,2.3347,2.3348
2025-02-06 19:07:27.561544,2.3334,2.3335
2025-02-06 19:07:28.875712,2.332,2.3321
2025-02-06 19:07:30.188741,2.3339,2.334
2025-02-06 19:07:31.499928,2.3339,2.334
2025-02-06 19:07:32.811480,2.3337,2.3338
2025-02-06 19:07:34.123089,2.3337,2.3338
2025-02-06 19:07:35.439563,2.3351,2.3352
2025-02-06 19:07:36.755949,2.3333,2.3334
2025-02-06 19:07:38.069059,2.3337,2.3338
2025-02-06 19:07:39.387215,2.333,2.3331
2025-02-06 19:07:40.699848,2.3344,2.3345
2025-02-06 19:07:42.014043,2.3341,2.3342
2025-02-06 19:07:43.329423,2.3343,2.3344
2025-02-06 19:07:44.641507,2.3334,2.3335
2025-02-06 19:07:45.956081,2.3321,2.3322
2025-02-06 19:07:47.269804,2.3324,2.3325
2025-02-06 19:07:49.041501,2.3314,2.3315
2025-02-06 19:07:50.356301,2.3315,2.3316
2025-02-06 19:07:52.333274,2.3299,2.33
2025-02-06 19:07:53.650110,2.3299,2.33
2025-02-06 19:07:54.967872,2.3295,2.3296
2025-02-06 19:07:56.282742,2.3295,2.3296
2025-02-06 19:07:57.596993,2.3295,2.3296
2025-02-06 19:07:58.913550,2.3289,2.329
2025-02-06 19:08:00.227008,2.328,2.3281
2025-02-06 19:08:01.539128,2.3283,2.3284
2025-02-06 19:08:02.859556,2.3269,2.327
2025-02-06 19:08:04.170791,2.3267,2.3268
2025-02-06 19:08:05.486086,2.3261,2.3262
2025-02-06 19:08:06.807709,2.3254,2.3255
2025-02-06 19:08:08.120383,2.3255,2.3256
2025-02-06 19:08:09.436527,2.3263,2.3264
2025-02-06 19:08:10.752681,2.327,2.3271
2025-02-06 19:08:12.066734,2.3258,2.3259
2025-02-06 19:08:13.380209,2.3254,2.3255
2025-02-06 19:08:14.694420,2.3262,2.3263
2025-02-06 19:08:16.008722,2.3266,2.3267
2025-02-06 19:08:17.321463,2.3279,2.328
2025-02-06 19:08:18.635200,2.3292,2.3293
2025-02-06 19:08:19.949197,2.3288,2.3289
2025-02-06 19:08:21.261500,2.331,2.3311
2025-02-06 19:08:22.575748,2.3317,2.3318
2025-02-06 19:08:23.888533,2.3318,2.3319
2025-02-06 19:08:25.204527,2.3333,2.3334
2025-02-06 19:08:26.516777,2.3329,2.333
2025-02-06 19:08:27.829870,2.3316,2.3317
2025-02-06 19:08:29.141927,2.3313,2.3314
2025-02-06 19:08:30.456603,2.3315,2.3316
2025-02-06 19:08:31.769856,2.3299,2.33
2025-02-06 19:08:33.082737,2.3308,2.3309
2025-02-06 19:08:34.394614,2.33,2.3301
2025-02-06 19:08:35.710558,2.3294,2.3295
2025-02-06 19:08:37.031093,2.328,2.3281
2025-02-06 19:08:38.344352,2.3274,2.3275
2025-02-06 19:08:39.656842,2.3266,2.3267
2025-02-06 19:08:40.977050,2.3268,2.3269
2025-02-06 19:08:42.290715,2.3255,2.3256
2025-02-06 19:08:43.605546,2.325,2.3251
2025-02-06 19:08:44.919899,2.3258,2.3259
2025-02-06 19:08:46.232742,2.3265,2.3266
2025-02-06 19:08:48.003317,2.3254,2.3255
2025-02-06 19:08:49.315878,2.3251,2.3252
2025-02-06 19:08:50.629645,2.3249,2.325
2025-02-06 19:08:52.192301,2.3238,2.3239
2025-02-06 19:08:53.508005,2.3231,2.3232
2025-02-06 19:08:54.821198,2.3221,2.3222
2025-02-06 19:08:56.134731,2.3227,2.3228
2025-02-06 19:08:57.557285,2.3238,2.3239
2025-02-06 19:08:58.878013,2.325,2.3251
2025-02-06 19:09:00.190955,2.3242,2.3243
2025-02-06 19:09:01.508498,2.3257,2.3258
2025-02-06 19:09:02.818748,2.3256,2.3257
2025-02-06 19:09:04.132925,2.3269,2.327
2025-02-06 19:09:05.452465,2.3277,2.3278
2025-02-06 19:09:06.765357,2.3273,2.3274
2025-02-06 19:09:08.082920,2.3293,2.3294
2025-02-06 19:09:09.397892,2.329,2.3291
2025-02-06 19:09:11.317226,2.3286,2.3287
2025-02-06 19:09:12.628170,2.329,2.3291
2025-02-06 19:09:13.942108,2.328,2.3281
2025-02-06 19:09:15.254688,2.3269,2.327
2025-02-06 19:09:16.582040,2.3261,2.3262
2025-02-06 19:09:17.897356,2.3254,2.3255
2025-02-06 19:09:19.214965,2.3259,2.326
2025-02-06 19:09:20.530744,2.3258,2.3259
2025-02-06 19:09:21.845233,2.3251,2.3252
2025-02-06 19:09:23.162967,2.3263,2.3264
2025-02-06 19:09:24.479342,2.3277,2.3278
2025-02-06 19:09:25.791904,2.3285,2.3286
2025-02-06 19:09:27.103440,2.3291,2.3292
2025-02-06 19:09:28.418724,2.3285,2.3286
2025-02-06 19:09:29.732559,2.3294,2.3295
2025-02-06 19:09:31.060679,2.3286,2.3287
2025-02-06 19:09:32.375433,2.3264,2.3265
2025-02-06 19:09:33.692294,2.327,2.3271
2025-02-06 19:09:35.004406,2.328,2.3281
2025-02-06 19:09:36.318179,2.3291,2.3292
2025-02-06 19:09:37.632578,2.3277,2.3278
2025-02-06 19:09:38.948815,2.3278,2.3279
2025-02-06 19:09:40.262490,2.329,2.3291
2025-02-06 19:09:41.574559,2.329,2.3291
2025-02-06 19:09:42.887458,2.3311,2.3312
2025-02-06 19:09:44.208449,2.3299,2.33
2025-02-06 19:09:45.521958,2.3301,2.3302
2025-02-06 19:09:46.836113,2.3301,2.3302
2025-02-06 19:09:48.149544,2.3314,2.3315
2025-02-06 19:09:49.462982,2.3311,2.3312
2025-02-06 19:09:50.775473,2.3311,2.3312
2025-02-06 19:09:52.090370,2.3312,2.3313
2025-02-06 19:09:53.402948,2.3293,2.3294
2025-02-06 19:09:54.728736,2.3284,2.3285
2025-02-06 19:09:56.043139,2.3288,2.3289
2025-02-06 19:09:57.809893,2.3275,2.3276
2025-02-06 19:09:59.120882,2.3281,2.3282
2025-02-06 19:10:00.434792,2.3287,2.3288
2025-02-06 19:10:01.747098,2.33,2.3301
2025-02-06 19:10:03.059017,2.3308,2.3309
2025-02-06 19:10:04.395551,2.3304,2.3305
2025-02-06 19:10:05.711446,2.3307,2.3308
2025-02-06 19:10:07.032286,2.33,2.3301
2025-02-06 19:10:08.344158,2.327,2.3271
2025-02-06 19:10:09.665512,2.3268,2.3269
2025-02-06 19:10:10.976666,2.3253,2.3254
2025-02-06 19:10:12.290508,2.3261,2.3262
2025-02-06 19:10:13.607370,2.3247,2.3248
2025-02-06 19:10:14.920105,2.3237,2.3238
2025-02-06 19:10:16.232341,2.326,2.3261
2025-02-06 19:10:17.545857,2.3261,2.3262
2025-02-06 19:10:18.860988,2.3257,2.3258
2025-02-06 19:10:20.182912,2.3257,2.3258
2025-02-06 19:10:21.495863,2.3265,2.3266
2025-02-06 19:10:22.808502,2.3266,2.3267
2025-02-06 19:10:24.123886,2.326,2.3261
2025-02-06 19:10:25.436490,2.3243,2.3244
2025-02-06 19:10:26.751834,2.3233,2.3234
2025-02-06 19:10:28.071620,2.3237,2.3238
2025-02-06 19:10:29.392162,2.3249,2.325
2025-02-06 19:10:30.705615,2.3251,2.3252
2025-02-06 19:10:32.018284,2.3248,2.3249
2025-02-06 19:10:33.333805,2.324,2.3241
2025-02-06 19:10:34.645515,2.3244,2.3245
2025-02-06 19:10:35.961856,2.3246,2.3247
2025-02-06 19:10:37.277163,2.3238,2.3239
2025-02-06 19:10:38.591616,2.3241,2.3242
2025-02-06 19:10:39.904950,2.3254,2.3255
2025-02-06 19:10:41.227607,2.3259,2.326
2025-02-06 19:10:42.543794,2.3256,2.3257
2025-02-06 19:10:43.859837,2.325,2.3251
2025-02-06 19:10:45.171559,2.3236,2.3237
2025-02-06 19:10:46.485185,2.3235,2.3236
2025-02-06 19:10:47.806950,2.3235,2.3236
2025-02-06 19:10:49.571475,2.3257,2.3258
2025-02-06 19:10:50.885700,2.3265,2.3266
2025-02-06 19:10:52.198282,2.326,2.3261
2025-02-06 19:10:53.512128,2.3259,2.326
2025-02-06 19:10:54.830056,2.3244,2.3245
2025-02-06 19:10:56.141656,2.3263,2.3264
2025-02-06 19:10:57.453199,2.3261,2.3262
2025-02-06 19:10:58.767163,2.3253,2.3254
2025-02-06 19:11:00.080496,2.3255,2.3256
2025-02-06 19:11:01.393328,2.3263,2.3264
2025-02-06 19:11:02.705296,2.3259,2.326
2025-02-06 19:11:04.018053,2.3254,2.3255
2025-02-06 19:11:05.331285,2.3241,2.3242
2025-02-06 19:11:06.646150,2.3227,2.3228
2025-02-06 19:11:07.959679,2.3254,2.3255
2025-02-06 19:11:09.271127,2.3265,2.3266
2025-02-06 19:11:10.582104,2.3252,2.3253
2025-02-06 19:11:11.894270,2.3262,2.3263
2025-02-06 19:11:13.220746,2.3276,2.3277
2025-02-06 19:11:14.532594,2.3257,2.3258
2025-02-06 19:11:15.846742,2.3266,2.3267
2025-02-06 19:11:17.159195,2.3259,2.326
2025-02-06 19:11:18.475615,2.3251,2.3252
2025-02-06 19:11:19.787916,2.3246,2.3247
2025-02-06 19:11:21.101445,2.3264,2.3265
2025-02-06 19:11:22.414542,2.3267,2.3268
2025-02-06 19:11:23.726772,2.3258,2.3259
2025-02-06 19:11:25.039927,2.325,2.3251
2025-02-06 19:11:26.353514,2.3262,2.3263
2025-02-06 19:11:27.666850,2.3277,2.3278
2025-02-06 19:11:28.979141,2.3291,2.3292
2025-02-06 19:11:30.293215,2.3292,2.3293
2025-02-06 19:11:31.608522,2.3307,2.3308
2025-02-06 19:11:32.921641,2.3311,2.3312
2025-02-06 19:11:34.234482,2.3299,2.33
2025-02-06 19:11:35.551758,2.3309,2.331
2025-02-06 19:11:36.864349,2.3297,2.3298
2025-02-06 19:11:38.199529,2.3297,2.3298
2025-02-06 19:11:39.514037,2.3311,2.3312
2025-02-06 19:11:40.827494,2.3302,2.3303
2025-02-06 19:11:42.140466,2.33,2.3301
2025-02-06 19:11:43.457883,2.3287,2.3288
2025-02-06 19:11:44.768800,2.3279,2.328
2025-02-06 19:11:46.080903,2.3306,2.3307
2025-02-06 19:11:47.395445,2.3288,2.3289
2025-02-06 19:11:48.708247,2.3303,2.3304
2025-02-06 19:11:50.020687,2.3293,2.3294
2025-02-06 19:11:51.332562,2.3293,2.3294
2025-02-06 19:11:52.646746,2.3283,2.3284
2025-02-06 19:11:53.960336,2.3287,2.3288
2025-02-06 19:11:55.273257,2.3291,2.3292
2025-02-06 19:11:56.588568,2.3278,2.3279
2025-02-06 19:11:57.905202,2.3268,2.3269
2025-02-06 19:11:59.217121,2.327,2.3271
2025-02-06 19:12:00.532151,2.3267,2.3268
2025-02-06 19:12:01.844575,2.3263,2.3264
2025-02-06 19:12:03.156522,2.3265,2.3268
2025-02-06 19:12:04.467922,2.3256,2.3257
2025-02-06 19:12:05.781547,2.3253,2.3254
2025-02-06 19:12:07.095441,2.3241,2.3242
2025-02-06 19:12:08.409202,2.3265,2.3266
2025-02-06 19:12:09.726278,2.3263,2.3264
2025-02-06 19:12:11.039672,2.3255,2.3256
2025-02-06 19:12:12.355058,2.3256,2.3257
2025-02-06 19:12:13.666766,2.3247,2.3248
2025-02-06 19:12:14.981463,2.3258,2.3259
2025-02-06 19:12:16.294911,2.3263,2.3264
2025-02-06 19:12:17.606573,2.3264,2.3265
2025-02-06 19:12:18.921931,2.3264,2.3265
2025-02-06 19:12:20.234359,2.3286,2.3287
2025-02-06 19:12:21.547201,2.3284,2.3285
2025-02-06 19:12:22.861211,2.3276,2.3277
2025-02-06 19:12:24.178203,2.3275,2.3276
2025-02-06 19:12:25.496259,2.3265,2.3266
2025-02-06 19:12:26.809570,2.3288,2.3289
2025-02-06 19:12:28.123168,2.3286,2.3287
2025-02-06 19:12:29.434949,2.3275,2.3276
2025-02-06 19:12:30.747753,2.3282,2.3283
2025-02-06 19:12:32.060394,2.3297,2.3298
2025-02-06 19:12:33.372946,2.3297,2.3298
2025-02-06 19:12:34.687719,2.3294,2.3295
2025-02-06 19:12:36.000206,2.33,2.3301
2025-02-06 19:12:37.312602,2.329,2.3291
2025-02-06 19:12:39.078673,2.3269,2.327
2025-02-06 19:12:40.391638,2.3286,2.3287
2025-02-06 19:12:41.704993,2.3299,2.33
2025-02-06 19:12:43.020211,2.33,2.3301
2025-02-06 19:12:44.333852,2.3296,2.3297
2025-02-06 19:12:45.649427,2.3292,2.3293
2025-02-06 19:12:46.965408,2.329,2.3291
2025-02-06 19:12:48.277241,2.3299,2.33
2025-02-06 19:12:49.590858,2.3298,2.3299
2025-02-06 19:12:50.905720,2.3299,2.33
2025-02-06 19:12:52.217595,2.3297,2.3298
2025-02-06 19:12:53.529313,2.3301,2.3302
2025-02-06 19:12:54.841271,2.3311,2.3312
2025-02-06 19:12:56.156688,2.3306,2.3307
2025-02-06 19:12:57.471006,2.3312,2.3313
2025-02-06 19:12:58.783650,2.3317,2.3318
2025-02-06 19:13:00.099760,2.3322,2.3323
2025-02-06 19:13:01.414481,2.3322,2.3323
2025-02-06 19:13:02.737898,2.3319,2.332
2025-02-06 19:13:04.050392,2.3326,2.3327
2025-02-06 19:13:05.364215,2.3313,2.3314
2025-02-06 19:13:06.676085,2.3308,2.3309
2025-02-06 19:13:07.990572,2.3304,2.3305
2025-02-06 19:13:09.306273,2.33,2.3301
2025-02-06 19:13:10.617955,2.331,2.3311
2025-02-06 19:13:11.930705,2.3323,2.3324
2025-02-06 19:13:13.243045,2.3314,2.3315
2025-02-06 19:13:14.560015,2.3318,2.3319
2025-02-06 19:13:15.879834,2.3308,2.3309
2025-02-06 19:13:17.192016,2.33,2.3301
2025-02-06 19:13:18.505018,2.3298,2.3299
2025-02-06 19:13:19.817580,2.3295,2.3296
2025-02-06 19:13:21.128868,2.3299,2.33
2025-02-06 19:13:22.440371,2.3299,2.33
2025-02-06 19:13:23.752598,2.33,2.3301
2025-02-06 19:13:25.067377,2.3281,2.3282
2025-02-06 19:13:26.381844,2.3289,2.329
2025-02-06 19:13:27.695042,2.3291,2.3292
2025-02-06 19:13:29.018011,2.3285,2.3286
2025-02-06 19:13:30.336643,2.3288,2.3289
2025-02-06 19:13:31.648384,2.3293,2.3294
2025-02-06 19:13:32.960890,2.3296,2.3297
2025-02-06 19:13:34.275345,2.3297,2.3298
2025-02-06 19:13:35.591843,2.3292,2.3293
2025-02-06 19:13:36.905475,2.3287,2.3288
2025-02-06 19:13:38.217484,2.3278,2.3279
2025-02-06 19:13:39.531671,2.3269,2.327
2025-02-06 19:13:40.844606,2.3278,2.3279
2025-02-06 19:13:42.155721,2.3271,2.3272
2025-02-06 19:13:43.469581,2.3272,2.3273
2025-02-06 19:13:44.781151,2.3288,2.3289
2025-02-06 19:13:46.093148,2.3282,2.3283
2025-02-06 19:13:47.418635,2.3285,2.3286
2025-02-06 19:13:48.734201,2.3292,2.3293
2025-02-06 19:13:50.046877,2.3296,2.3297
2025-02-06 19:13:51.359504,2.3292,2.3293
2025-02-06 19:13:52.671811,2.3287,2.3288
2025-02-06 19:13:54.440236,2.328,2.3281
2025-02-06 19:13:55.751687,2.3278,2.3279
2025-02-06 19:13:57.517606,2.3273,2.3274
2025-02-06 19:13:58.835983,2.327,2.3271
2025-02-06 19:14:00.146787,2.3261,2.3262
2025-02-06 19:14:01.458848,2.3262,2.3263
2025-02-06 19:14:02.771922,2.3274,2.3275
2025-02-06 19:14:04.084092,2.3274,2.3275
2025-02-06 19:14:05.401418,2.3291,2.3292
2025-02-06 19:14:06.713474,2.3292,2.3293
2025-02-06 19:14:08.024141,2.3293,2.3294
2025-02-06 19:14:09.338215,2.3298,2.3299
2025-02-06 19:14:10.650548,2.3297,2.3298
2025-02-06 19:14:12.027819,2.33,2.3301
2025-02-06 19:14:13.400744,2.3301,2.3302
2025-02-06 19:14:14.711427,2.3293,2.3294
2025-02-06 19:14:16.025389,2.3294,2.3295
2025-02-06 19:14:17.338917,2.3287,2.3288
2025-02-06 19:14:18.658535,2.3307,2.3308
2025-02-06 19:14:19.970985,2.331,2.3311
2025-02-06 19:14:21.285413,2.3312,2.3313
2025-02-06 19:14:22.599791,2.3306,2.3307
2025-02-06 19:14:23.915178,2.3307,2.3308
2025-02-06 19:14:25.241958,2.3298,2.3299
2025-02-06 19:14:26.554085,2.3286,2.3287
2025-02-06 19:14:27.865129,2.3282,2.3283
2025-02-06 19:14:29.178146,2.3286,2.3287
2025-02-06 19:14:30.498081,2.3281,2.3282
2025-02-06 19:14:31.817565,2.3282,2.3283
2025-02-06 19:14:33.131287,2.3286,2.3287
2025-02-06 19:14:34.446670,2.3288,2.3289
2025-02-06 19:14:35.766022,2.33,2.3301
2025-02-06 19:14:37.085823,2.3296,2.3297
2025-02-06 19:14:38.398581,2.3296,2.3297
2025-02-06 19:14:39.725907,2.3298,2.3299
2025-02-06 19:14:41.037524,2.3296,2.3297
2025-02-06 19:14:42.351280,2.3307,2.3308
2025-02-06 19:14:43.663292,2.3317,2.3318
2025-02-06 19:14:44.974523,2.3317,2.3318
2025-02-06 19:14:46.285518,2.3304,2.3305
2025-02-06 19:14:47.597292,2.33,2.3301
2025-02-06 19:14:48.909134,2.3302,2.3303
2025-02-06 19:14:50.222226,2.3302,2.3303
2025-02-06 19:14:51.532537,2.3303,2.3304
2025-02-06 19:14:52.850570,2.331,2.3311
2025-02-06 19:14:54.165058,2.3311,2.3312
2025-02-06 19:14:55.487845,2.3313,2.3314
2025-02-06 19:14:56.800364,2.3318,2.3319
2025-02-06 19:14:58.113888,2.3318,2.3319
2025-02-06 19:14:59.426777,2.3332,2.3333
2025-02-06 19:15:00.740406,2.3331,2.3332
2025-02-06 19:15:02.053396,2.3318,2.3319
2025-02-06 19:15:03.369055,2.3318,2.3319
2025-02-06 19:15:04.684527,2.3329,2.333
2025-02-06 19:15:06.000400,2.3316,2.3317
2025-02-06 19:15:07.763405,2.3315,2.3316
2025-02-06 19:15:09.078910,2.3317,2.3318
2025-02-06 19:15:10.392062,2.3322,2.3323
2025-02-06 19:15:11.707822,2.3308,2.3309
2025-02-06 19:15:13.020445,2.3308,2.3309
2025-02-06 19:15:14.333830,2.3306,2.3307
2025-02-06 19:15:15.648941,2.3299,2.33
2025-02-06 19:15:16.966057,2.3284,2.3285
2025-02-06 19:15:18.293942,2.3288,2.3289
2025-02-06 19:15:19.608039,2.3296,2.3297
2025-02-06 19:15:20.922353,2.3291,2.3292
2025-02-06 19:15:22.243908,2.3291,2.3292
2025-02-06 19:15:23.560373,2.3292,2.3293
2025-02-06 19:15:24.873283,2.3285,2.3286
2025-02-06 19:15:26.191103,2.3269,2.327
2025-02-06 19:15:27.505141,2.3271,2.3272
2025-02-06 19:15:28.819662,2.3268,2.3269
2025-02-06 19:15:30.135142,2.326,2.3261
2025-02-06 19:15:31.453477,2.3254,2.3255
2025-02-06 19:15:32.768125,2.3254,2.3255
2025-02-06 19:15:34.081959,2.3259,2.326
2025-02-06 19:15:35.395790,2.3261,2.3262
2025-02-06 19:15:36.710738,2.3255,2.3256
2025-02-06 19:15:38.024399,2.3253,2.3254
2025-02-06 19:15:39.335566,2.3245,2.3246
2025-02-06 19:15:40.650509,2.3241,2.3242
2025-02-06 19:15:41.963634,2.323,2.3231
2025-02-06 19:15:43.280687,2.3227,2.3228
2025-02-06 19:15:44.593051,2.3221,2.3223
2025-02-06 19:15:45.907817,2.3219,2.322
2025-02-06 19:15:47.220319,2.3228,2.3229
2025-02-06 19:15:48.533720,2.3222,2.3223
2025-02-06 19:15:49.851857,2.3219,2.322
2025-02-06 19:15:51.163266,2.3213,2.3214
2025-02-06 19:15:52.474418,2.3215,2.3216
2025-02-06 19:15:54.240529,2.3221,2.3222
2025-02-06 19:15:55.555600,2.324,2.3241
2025-02-06 19:15:56.867293,2.3236,2.3237
2025-02-06 19:15:58.181794,2.323,2.3231
2025-02-06 19:15:59.494599,2.3231,2.3232
2025-02-06 19:16:00.807946,2.3239,2.324
2025-02-06 19:16:02.120837,2.3234,2.3235
2025-02-06 19:16:03.434695,2.3243,2.3244
2025-02-06 19:16:04.746261,2.324,2.3241
2025-02-06 19:16:06.056386,2.3228,2.3229
2025-02-06 19:16:07.373737,2.322,2.3221
2025-02-06 19:16:08.685597,2.3212,2.3213
2025-02-06 19:16:10.000214,2.3201,2.3202
2025-02-06 19:16:11.321864,2.3188,2.3189
2025-02-06 19:16:12.639093,2.3186,2.3187
2025-02-06 19:16:13.949683,2.3197,2.3198
2025-02-06 19:16:15.264694,2.3181,2.3182
2025-02-06 19:16:16.579780,2.3173,2.3174
2025-02-06 19:16:17.893938,2.3171,2.3172
2025-02-06 19:16:19.207816,2.3171,2.3172
2025-02-06 19:16:20.519975,2.3175,2.3176
2025-02-06 19:16:21.832226,2.3174,2.3175
2025-02-06 19:16:23.144335,2.3156,2.3157
2025-02-06 19:16:24.455070,2.3161,2.3162
2025-02-06 19:16:25.767495,2.3169,2.317
2025-02-06 19:16:27.086105,2.3177,2.3178
2025-02-06 19:16:28.403598,2.3196,2.3197
2025-02-06 19:16:29.716438,2.3194,2.3195
2025-02-06 19:16:31.029716,2.3189,2.319
2025-02-06 19:16:32.340778,2.3201,2.3202
2025-02-06 19:16:33.656053,2.3197,2.3198
2025-02-06 19:16:34.968518,2.3206,2.3207
2025-02-06 19:16:36.280601,2.3213,2.3214
2025-02-06 19:16:37.597475,2.3225,2.3226
2025-02-06 19:16:38.911365,2.3237,2.3238
2025-02-06 19:16:40.223909,2.3253,2.3254
2025-02-06 19:16:41.538922,2.3247,2.3248
2025-02-06 19:16:42.849992,2.3235,2.3236
2025-02-06 19:16:44.164139,2.323,2.3231
2025-02-06 19:16:45.477028,2.3229,2.323
2025-02-06 19:16:46.789036,2.3215,2.3216
2025-02-06 19:16:48.102324,2.3225,2.3226
2025-02-06 19:16:49.415552,2.3236,2.3237
2025-02-06 19:16:50.727584,2.3235,2.3236
2025-02-06 19:16:52.041263,2.3219,2.322
2025-02-06 19:16:53.353964,2.3211,2.3212
2025-02-06 19:16:54.669125,2.3207,2.3208
2025-02-06 19:16:55.981155,2.3207,2.3208
2025-02-06 19:16:57.293843,2.3226,2.3227
2025-02-06 19:16:58.606373,2.3228,2.3229
2025-02-06 19:16:59.918670,2.322,2.3221
2025-02-06 19:17:01.325607,2.3218,2.3219
2025-02-06 19:17:02.682552,2.3215,2.3216
2025-02-06 19:17:04.016460,2.3223,2.3224
2025-02-06 19:17:05.331509,2.3216,2.3217
2025-02-06 19:17:06.646207,2.3214,2.3215
2025-02-06 19:17:07.962430,2.3191,2.3192
2025-02-06 19:17:09.275276,2.3176,2.3177
2025-02-06 19:17:10.589336,2.3182,2.3183
2025-02-06 19:17:11.901953,2.3181,2.3182
2025-02-06 19:17:13.216926,2.3176,2.3177
2025-02-06 19:17:14.529707,2.3169,2.317
2025-02-06 19:17:15.844551,2.3175,2.3176
2025-02-06 19:17:17.159319,2.3164,2.3165
2025-02-06 19:17:18.471742,2.3155,2.3156
2025-02-06 19:17:19.785418,2.3154,2.3155
2025-02-06 19:17:21.099606,2.3168,2.3169
2025-02-06 19:17:22.415198,2.3162,2.3163
2025-02-06 19:17:23.726722,2.3163,2.3164
2025-02-06 19:17:25.048803,2.3168,2.3169
2025-02-06 19:17:26.360972,2.3169,2.317
2025-02-06 19:17:27.675932,2.3168,2.3169
2025-02-06 19:17:28.989986,2.3158,2.3159
2025-02-06 19:17:30.307734,2.3156,2.3157
2025-02-06 19:17:31.627128,2.3157,2.3158
2025-02-06 19:17:32.943564,2.3145,2.3146
2025-02-06 19:17:34.258406,2.314,2.3141
2025-02-06 19:17:35.577257,2.3139,2.314
2025-02-06 19:17:36.888572,2.3142,2.3143
2025-02-06 19:17:38.203560,2.3136,2.3137
2025-02-06 19:17:39.517104,2.3129,2.313
2025-02-06 19:17:40.830160,2.3121,2.3122
2025-02-06 19:17:42.144005,2.3128,2.3129
2025-02-06 19:17:43.460399,2.3132,2.3133
2025-02-06 19:17:44.772083,2.3132,2.3133
2025-02-06 19:17:46.084490,2.3132,2.3133
2025-02-06 19:17:47.418576,2.3137,2.3138
2025-02-06 19:17:48.735392,2.3171,2.3172
2025-02-06 19:17:50.051033,2.3163,2.3164
2025-02-06 19:17:51.366484,2.3155,2.3156
2025-02-06 19:17:52.684191,2.313,2.3131
2025-02-06 19:17:54.002174,2.313,2.3131
2025-02-06 19:17:55.317424,2.313,2.3131
2025-02-06 19:17:57.083655,2.3128,2.3129
2025-02-06 19:17:58.397649,2.3052,2.3054
2025-02-06 19:17:59.710534,2.3084,2.3085
2025-02-06 19:18:01.023668,2.3097,2.3098
2025-02-06 19:18:02.336562,2.3117,2.3118
2025-02-06 19:18:03.648952,2.3118,2.3119
2025-02-06 19:18:05.413264,2.3114,2.3115
2025-02-06 19:18:06.726150,2.3128,2.3129
2025-02-06 19:18:08.039145,2.3129,2.313
2025-02-06 19:18:09.362694,2.3139,2.314
2025-02-06 19:18:10.674720,2.3134,2.3135
2025-02-06 19:18:11.987670,2.3146,2.3147
2025-02-06 19:18:13.301355,2.3157,2.3158
2025-02-06 19:18:14.613173,2.3141,2.3142
2025-02-06 19:18:15.941439,2.3138,2.3139
2025-02-06 19:18:17.253207,2.3127,2.3128
2025-02-06 19:18:18.566773,2.312,2.3121
2025-02-06 19:18:19.878881,2.3112,2.3113
2025-02-06 19:18:21.194211,2.3109,2.311
2025-02-06 19:18:22.513542,2.3112,2.3113
2025-02-06 19:18:23.827329,2.311,2.3111
2025-02-06 19:18:25.138892,2.3106,2.3107
2025-02-06 19:18:26.451041,2.311,2.3111
2025-02-06 19:18:27.767249,2.3103,2.3104
2025-02-06 19:18:29.079427,2.3109,2.311
2025-02-06 19:18:30.396094,2.3107,2.3108
2025-02-06 19:18:31.710032,2.3119,2.312
2025-02-06 19:18:33.023779,2.3114,2.3115
2025-02-06 19:18:34.345133,2.3114,2.3115
2025-02-06 19:18:35.658293,2.3116,2.3117
2025-02-06 19:18:36.971342,2.3131,2.3132
2025-02-06 19:18:38.285752,2.3118,2.3119
2025-02-06 19:18:39.606078,2.3118,2.3119
2025-02-06 19:18:40.921593,2.3124,2.3125
2025-02-06 19:18:42.234861,2.3121,2.3122
2025-02-06 19:18:43.569124,2.3123,2.3124
2025-02-06 19:18:45.069043,2.3116,2.3117
2025-02-06 19:18:46.383415,2.311,2.3111
2025-02-06 19:18:47.700246,2.3114,2.3115
2025-02-06 19:18:49.012380,2.3109,2.311
2025-02-06 19:18:50.335817,2.3119,2.312
2025-02-06 19:18:51.650455,2.312,2.3121
2025-02-06 19:18:52.963309,2.3114,2.3115
2025-02-06 19:18:54.275214,2.3116,2.3117
2025-02-06 19:18:55.585301,2.3116,2.3117
2025-02-06 19:18:56.897727,2.3114,2.3115
2025-02-06 19:18:58.211417,2.3108,2.3109
2025-02-06 19:18:59.523887,2.3096,2.3097
2025-02-06 19:19:01.287128,2.3097,2.3098
2025-02-06 19:19:02.598451,2.31,2.3101
2025-02-06 19:19:03.914534,2.309,2.3091
2025-02-06 19:19:05.235641,2.3091,2.3092
2025-02-06 19:19:06.561147,2.3074,2.3075
2025-02-06 19:19:07.878603,2.3059,2.306
2025-02-06 19:19:09.196285,2.3059,2.306
2025-02-06 19:19:10.535662,2.3047,2.3048
2025-02-06 19:19:11.847247,2.3031,2.3032
2025-02-06 19:19:13.158911,2.3023,2.3024
2025-02-06 19:19:14.469738,2.3024,2.3025
2025-02-06 19:19:15.781904,2.3018,2.3019
2025-02-06 19:19:17.093404,2.3025,2.3026
2025-02-06 19:19:18.403392,2.3012,2.3013
2025-02-06 19:19:19.717106,2.3016,2.3017
2025-02-06 19:19:21.029198,2.3004,2.3005
2025-02-06 19:19:22.341536,2.3002,2.3003
2025-02-06 19:19:23.633925,2.2979,2.298
2025-02-06 19:19:24.915978,2.2987,2.2988
2025-02-06 19:19:26.201183,2.2987,2.2988
2025-02-06 19:19:27.485749,2.2981,2.2982
2025-02-06 19:19:28.770383,2.2982,2.2983
2025-02-06 19:19:30.053420,2.2985,2.2986
2025-02-06 19:19:31.338482,2.2986,2.2987
2025-02-06 19:19:32.627233,2.2999,2.3
2025-02-06 19:19:33.913284,2.2995,2.2996
2025-02-06 19:19:35.200092,2.2987,2.2988
2025-02-06 19:19:36.486155,2.2992,2.2993
2025-02-06 19:19:37.769346,2.2978,2.2979
2025-02-06 19:19:39.055699,2.2983,2.2984
2025-02-06 19:19:40.344028,2.2982,2.2983
2025-02-06 19:19:41.629228,2.2963,2.2964
2025-02-06 19:19:42.917463,2.296,2.2961
2025-02-06 19:19:44.203727,2.2948,2.2949
2025-02-06 19:19:45.491670,2.2947,2.2948
2025-02-06 19:19:46.777400,2.2943,2.2944
2025-02-06 19:19:48.063896,2.296,2.2961
2025-02-06 19:19:49.352566,2.2958,2.2959
2025-02-06 19:19:50.640818,2.2956,2.2957
2025-02-06 19:19:51.928780,2.2964,2.2965
2025-02-06 19:19:53.214502,2.2963,2.2964
2025-02-06 19:19:54.503967,2.2959,2.296
2025-02-06 19:19:55.788527,2.2954,2.2955
2025-02-06 19:19:57.072407,2.295,2.2951
2025-02-06 19:19:58.357898,2.2952,2.2953
2025-02-06 19:19:59.640793,2.2951,2.2952
2025-02-06 19:20:00.926259,2.2933,2.2934
2025-02-06 19:20:02.211319,2.2929,2.293
2025-02-06 19:20:03.494396,2.2914,2.2915
2025-02-06 19:20:04.780407,2.2911,2.2912
2025-02-06 19:20:06.063356,2.292,2.2921
2025-02-06 19:20:07.347253,2.2919,2.292
2025-02-06 19:20:08.631250,2.2927,2.2928
2025-02-06 19:20:09.915949,2.2923,2.2924
2025-02-06 19:20:11.202441,2.2936,2.2937
2025-02-06 19:20:12.486820,2.2939,2.294
2025-02-06 19:20:13.773264,2.2926,2.2927
2025-02-06 19:20:15.059692,2.2928,2.2929
2025-02-06 19:20:16.348158,2.2926,2.2927
2025-02-06 19:20:17.635187,2.2924,2.2925
2025-02-06 19:20:18.920365,2.2911,2.2912
2025-02-06 19:20:20.203910,2.2909,2.291
2025-02-06 19:20:21.489180,2.293,2.2931
2025-02-06 19:20:22.773181,2.2927,2.2928
2025-02-06 19:20:24.067621,2.2914,2.2915
2025-02-06 19:20:25.352139,2.2914,2.2915
2025-02-06 19:20:26.637258,2.292,2.2921
2025-02-06 19:20:27.920333,2.292,2.2921
2025-02-06 19:20:29.272535,2.2908,2.2909
2025-02-06 19:20:30.555446,2.292,2.2921
2025-02-06 19:20:31.845583,2.2924,2.2925
2025-02-06 19:20:33.129017,2.2934,2.2935
2025-02-06 19:20:34.418828,2.2947,2.2948
2025-02-06 19:20:35.705047,2.2943,2.2944
2025-02-06 19:20:36.989567,2.295,2.2951
2025-02-06 19:20:38.275050,2.296,2.2961
2025-02-06 19:20:39.562162,2.2966,2.2967
2025-02-06 19:20:40.848079,2.2971,2.2972
2025-02-06 19:20:42.133626,2.2977,2.2978
2025-02-06 19:20:43.416514,2.2973,2.2974
2025-02-06 19:20:44.703315,2.2964,2.2965
2025-02-06 19:20:45.989929,2.2952,2.2953
2025-02-06 19:20:47.276392,2.2936,2.2937
2025-02-06 19:20:48.572008,2.2943,2.2944
2025-02-06 19:20:49.887233,2.2949,2.295
2025-02-06 19:20:51.171346,2.2935,2.2936
2025-02-06 19:20:52.455773,2.2935,2.2936
2025-02-06 19:20:53.748689,2.2929,2.293
2025-02-06 19:20:55.034418,2.2934,2.2935
2025-02-06 19:20:56.357399,2.293,2.2931
2025-02-06 19:20:57.640709,2.2939,2.294
2025-02-06 19:20:59.375131,2.2932,2.2933
2025-02-06 19:21:00.660429,2.2927,2.2928
2025-02-06 19:21:01.945068,2.2921,2.2922
2025-02-06 19:21:03.230079,2.2902,2.2903
2025-02-06 19:21:04.515929,2.29,2.2901
2025-02-06 19:21:05.804142,2.2922,2.2923
2025-02-06 19:21:07.090000,2.29,2.2901
2025-02-06 19:21:08.375003,2.2909,2.291
2025-02-06 19:21:09.660463,2.2916,2.2917
2025-02-06 19:21:10.950706,2.2916,2.2917
2025-02-06 19:21:12.250801,2.2905,2.2906
2025-02-06 19:21:13.536070,2.2899,2.29
2025-02-06 19:21:14.821877,2.2888,2.2889
2025-02-06 19:21:16.114440,2.2887,2.2888
2025-02-06 19:21:17.399850,2.2869,2.287
2025-02-06 19:21:18.685720,2.2869,2.287
2025-02-06 19:21:19.969900,2.2867,2.2868
2025-02-06 19:21:21.254257,2.2873,2.2874
2025-02-06 19:21:22.538249,2.2888,2.2889
2025-02-06 19:21:23.823146,2.2893,2.2894
2025-02-06 19:21:25.111419,2.2904,2.2905
2025-02-06 19:21:26.395207,2.2906,2.2907
2025-02-06 19:21:27.678213,2.2891,2.2892
2025-02-06 19:21:28.963271,2.2895,2.2896
2025-02-06 19:21:30.247889,2.2893,2.2894
2025-02-06 19:21:31.534928,2.2899,2.29
2025-02-06 19:21:32.823624,2.2901,2.2902
2025-02-06 19:21:34.108547,2.29,2.2901
2025-02-06 19:21:35.422201,2.2888,2.2889
2025-02-06 19:21:36.732610,2.2888,2.2889
2025-02-06 19:21:38.042673,2.2893,2.2894
2025-02-06 19:21:39.354656,2.2903,2.2904
2025-02-06 19:21:40.667383,2.2907,2.2908
2025-02-06 19:21:41.977608,2.2915,2.2916
2025-02-06 19:21:43.288485,2.2901,2.2902
2025-02-06 19:21:44.601069,2.2894,2.2895
2025-02-06 19:21:45.911553,2.2893,2.2894
2025-02-06 19:21:47.222909,2.2895,2.2896
2025-02-06 19:21:48.537847,2.2901,2.2902
2025-02-06 19:21:49.847482,2.2923,2.2924
2025-02-06 19:21:51.159590,2.2929,2.293
2025-02-06 19:21:52.471252,2.2921,2.2922
2025-02-06 19:21:53.783857,2.2913,2.2914
2025-02-06 19:21:55.094319,2.2902,2.2903
2025-02-06 19:21:56.407118,2.2902,2.2903
2025-02-06 19:21:57.721193,2.29,2.2901
2025-02-06 19:21:59.032539,2.2899,2.29
2025-02-06 19:22:00.345548,2.2899,2.29
2025-02-06 19:22:01.655918,2.2901,2.2902
2025-02-06 19:22:02.966301,2.2922,2.2923
2025-02-06 19:22:04.283389,2.2945,2.2946
2025-02-06 19:22:05.595009,2.2961,2.2962
2025-02-06 19:22:06.906315,2.2987,2.2988
2025-02-06 19:22:08.217443,2.3,2.3001
2025-02-06 19:22:09.528953,2.2989,2.299
2025-02-06 19:22:10.844253,2.2981,2.2982
2025-02-06 19:22:12.155589,2.297,2.2971
2025-02-06 19:22:13.466208,2.2969,2.297
2025-02-06 19:22:14.777665,2.298,2.2981
2025-02-06 19:22:16.088420,2.299,2.2991
2025-02-06 19:22:17.402119,2.2994,2.2995
2025-02-06 19:22:18.715804,2.2993,2.2994
2025-02-06 19:22:20.029189,2.2968,2.2969
2025-02-06 19:22:21.339742,2.2962,2.2963
2025-02-06 19:22:22.652576,2.296,2.2961
2025-02-06 19:22:23.965239,2.2955,2.2956
2025-02-06 19:22:25.275443,2.295,2.2951
2025-02-06 19:22:26.588738,2.295,2.2951
2025-02-06 19:22:27.901623,2.2929,2.293
2025-02-06 19:22:29.226047,2.2939,2.294
2025-02-06 19:22:30.538140,2.2941,2.2942
2025-02-06 19:22:31.848221,2.2933,2.2934
2025-02-06 19:22:33.160572,2.2929,2.293
2025-02-06 19:22:34.472388,2.2923,2.2924
2025-02-06 19:22:35.787835,2.2923,2.2924
2025-02-06 19:22:37.099228,2.2913,2.2914
2025-02-06 19:22:38.410228,2.2909,2.291
2025-02-06 19:22:39.724103,2.2923,2.2924
2025-02-06 19:22:41.039334,2.2923,2.2924
2025-02-06 19:22:42.351677,2.2924,2.2925
2025-02-06 19:22:43.661888,2.2931,2.2932
2025-02-06 19:22:44.970945,2.2927,2.2928
2025-02-06 19:22:46.284377,2.2908,2.2909
2025-02-06 19:22:47.595056,2.2908,2.2909
2025-02-06 19:22:48.907776,2.2922,2.2923
2025-02-06 19:22:50.218850,2.2912,2.2913
2025-02-06 19:22:51.530033,2.2923,2.2924
2025-02-06 19:22:52.846312,2.2912,2.2913
2025-02-06 19:22:54.159146,2.2908,2.2909
2025-02-06 19:22:55.469251,2.2908,2.2909
2025-02-06 19:22:56.781436,2.2907,2.2908
2025-02-06 19:22:58.093965,2.2907,2.2908
2025-02-06 19:22:59.403790,2.2912,2.2913
2025-02-06 19:23:00.716248,2.292,2.2921
2025-02-06 19:23:02.031538,2.2915,2.2916
2025-02-06 19:23:03.342553,2.292,2.2921
2025-02-06 19:23:04.653337,2.2916,2.2917
2025-02-06 19:23:05.965232,2.2932,2.2933
2025-02-06 19:23:07.279407,2.2939,2.294
2025-02-06 19:23:08.595335,2.2938,2.2939
2025-02-06 19:23:09.909898,2.2951,2.2952
2025-02-06 19:23:11.224472,2.2952,2.2953
2025-02-06 19:23:12.536937,2.2962,2.2963
2025-02-06 19:23:13.847196,2.2964,2.2965
2025-02-06 19:23:15.159402,2.2957,2.2958
2025-02-06 19:23:16.470920,2.2969,2.297
2025-02-06 19:23:17.783885,2.2979,2.298
2025-02-06 19:23:19.094067,2.2971,2.2972
2025-02-06 19:23:20.409542,2.2981,2.2982
2025-02-06 19:23:21.720656,2.3003,2.3004
2025-02-06 19:23:23.031943,2.302,2.3021
2025-02-06 19:23:24.353621,2.3028,2.3029
2025-02-06 19:23:25.666147,2.3032,2.3033
2025-02-06 19:23:26.978898,2.3025,2.3026
2025-02-06 19:23:28.291299,2.3037,2.3038
2025-02-06 19:23:29.603746,2.3022,2.3023
2025-02-06 19:23:30.913789,2.3032,2.3033
2025-02-06 19:23:32.222414,2.303,2.3031
2025-02-06 19:23:33.532528,2.305,2.3051
2025-02-06 19:23:34.850295,2.3053,2.3054
2025-02-06 19:23:36.159928,2.3037,2.3038
2025-02-06 19:23:37.472386,2.3044,2.3045
2025-02-06 19:23:38.788265,2.3029,2.303
2025-02-06 19:23:40.096566,2.3032,2.3033
2025-02-06 19:23:41.408754,2.3017,2.3018
2025-02-06 19:23:42.721783,2.3007,2.3008
2025-02-06 19:23:44.036369,2.3006,2.3007
2025-02-06 19:23:45.349584,2.3003,2.3004
2025-02-06 19:23:46.660829,2.2997,2.2998
2025-02-06 19:23:47.970648,2.3007,2.3008
2025-02-06 19:23:49.282048,2.3007,2.3008
2025-02-06 19:23:50.593960,2.3006,2.3007
2025-02-06 19:23:51.904368,2.3003,2.3004
2025-02-06 19:23:53.217158,2.2991,2.2992
2025-02-06 19:23:54.542271,2.2982,2.2983
2025-02-06 19:23:55.854406,2.2985,2.2986
2025-02-06 19:23:57.165049,2.2992,2.2993
2025-02-06 19:23:58.480066,2.2986,2.2987
2025-02-06 19:23:59.789971,2.2986,2.2987
2025-02-06 19:24:01.100885,2.2978,2.2979
2025-02-06 19:24:02.412216,2.2972,2.2973
2025-02-06 19:24:04.177374,2.2968,2.2969
2025-02-06 19:24:05.488586,2.2965,2.2966
2025-02-06 19:24:06.799665,2.2966,2.2967
2025-02-06 19:24:08.109423,2.298,2.2981
2025-02-06 19:24:09.419767,2.2977,2.2978
2025-02-06 19:24:10.729873,2.299,2.2991
2025-02-06 19:24:12.044449,2.2999,2.3
2025-02-06 19:24:13.356765,2.2997,2.2998
2025-02-06 19:24:14.668170,2.3008,2.3009
2025-02-06 19:24:15.979535,2.3016,2.3017
2025-02-06 19:24:17.291002,2.3014,2.3015
2025-02-06 19:24:18.603331,2.3009,2.301
2025-02-06 19:24:20.373110,2.3004,2.3005
2025-02-06 19:24:21.684144,2.3001,2.3002
2025-02-06 19:24:22.993697,2.3005,2.3006
2025-02-06 19:24:24.306071,2.2996,2.2997
2025-02-06 19:24:25.617475,2.3002,2.3003
2025-02-06 19:24:26.929176,2.3,2.3001
2025-02-06 19:24:28.243754,2.2998,2.2999
2025-02-06 19:24:30.019240,2.3003,2.3004
2025-02-06 19:24:31.330986,2.2998,2.2999
2025-02-06 19:24:32.656573,2.2996,2.2997
2025-02-06 19:24:33.967385,2.2987,2.2988
2025-02-06 19:24:35.277007,2.2983,2.2984
2025-02-06 19:24:36.592406,2.2983,2.2984
2025-02-06 19:24:37.912182,2.2984,2.2985
2025-02-06 19:24:39.224548,2.298,2.2981
2025-02-06 19:24:40.535682,2.2983,2.2984
2025-02-06 19:24:41.851155,2.3,2.3001
2025-02-06 19:24:43.162426,2.3,2.3001
2025-02-06 19:24:44.475794,2.3004,2.3005
2025-02-06 19:24:45.789271,2.3018,2.3019
2025-02-06 19:24:47.101513,2.3009,2.301
2025-02-06 19:24:48.415455,2.3007,2.3008
2025-02-06 19:24:49.725081,2.3001,2.3002
2025-02-06 19:24:51.036762,2.3004,2.3005
2025-02-06 19:24:52.348000,2.3015,2.3016
2025-02-06 19:24:53.658885,2.3,2.3001
2025-02-06 19:24:54.971689,2.3003,2.3004
2025-02-06 19:24:56.282871,2.3008,2.3009
2025-02-06 19:24:57.595634,2.3019,2.302
2025-02-06 19:24:58.907886,2.3019,2.302
2025-02-06 19:25:00.235287,2.3025,2.3026
2025-02-06 19:25:01.546113,2.302,2.3021
2025-02-06 19:25:02.857570,2.3026,2.3027
2025-02-06 19:25:04.169894,2.3026,2.3027
2025-02-06 19:25:05.482443,2.3023,2.3024
2025-02-06 19:25:06.793871,2.3029,2.303
2025-02-06 19:25:08.107474,2.3016,2.3017
2025-02-06 19:25:09.421941,2.3017,2.3018
2025-02-06 19:25:10.734312,2.3019,2.302
2025-02-06 19:25:12.048446,2.3023,2.3024
2025-02-06 19:25:13.358099,2.3026,2.3027
2025-02-06 19:25:14.667772,2.3018,2.3019
2025-02-06 19:25:15.980007,2.3016,2.3017
2025-02-06 19:25:17.290311,2.3021,2.3022
2025-02-06 19:25:18.618367,2.3019,2.302
2025-02-06 19:25:19.928314,2.3014,2.3015
2025-02-06 19:25:21.239872,2.3026,2.3027
2025-02-06 19:25:22.552153,2.3023,2.3024
2025-02-06 19:25:23.866224,2.3011,2.3012
2025-02-06 19:25:25.178096,2.3014,2.3015
2025-02-06 19:25:26.489706,2.3018,2.3019
2025-02-06 19:25:27.802291,2.3019,2.302
2025-02-06 19:25:29.087098,2.3029,2.303
2025-02-06 19:25:30.370332,2.3047,2.3048
2025-02-06 19:25:31.656147,2.3042,2.3043
2025-02-06 19:25:32.940645,2.306,2.3061
2025-02-06 19:25:34.223865,2.308,2.3081
2025-02-06 19:25:35.509935,2.3087,2.3088
2025-02-06 19:25:36.794019,2.3089,2.309
2025-02-06 19:25:38.078677,2.3079,2.308
2025-02-06 19:25:39.362235,2.3087,2.3088
2025-02-06 19:25:40.645653,2.3082,2.3083
2025-02-06 19:25:41.934070,2.3094,2.3095
2025-02-06 19:25:43.218271,2.3096,2.3097
2025-02-06 19:25:44.504165,2.3078,2.3079
2025-02-06 19:25:45.788767,2.3076,2.308
2025-02-06 19:25:47.073297,2.3071,2.3072
2025-02-06 19:25:48.360192,2.3061,2.3062
2025-02-06 19:25:49.647354,2.3061,2.3062
2025-02-06 19:25:50.931162,2.306,2.3061
2025-02-06 19:25:52.216488,2.3064,2.3065
2025-02-06 19:25:53.502786,2.3065,2.3066
2025-02-06 19:25:54.784776,2.3065,2.3066
2025-02-06 19:25:56.071782,2.3071,2.3072
2025-02-06 19:25:57.365196,2.3079,2.308
2025-02-06 19:25:58.649918,2.3072,2.3073
2025-02-06 19:25:59.934327,2.3058,2.3059
2025-02-06 19:26:01.219442,2.3064,2.3065
2025-02-06 19:26:02.504814,2.3069,2.307
2025-02-06 19:26:03.801598,2.3065,2.3066
2025-02-06 19:26:05.087039,2.3063,2.3064
2025-02-06 19:26:06.371962,2.3072,2.3073
2025-02-06 19:26:07.655705,2.3061,2.3062
2025-02-06 19:26:08.940419,2.3069,2.307
2025-02-06 19:26:10.226510,2.3065,2.3066
2025-02-06 19:26:11.512290,2.306,2.3061
2025-02-06 19:26:12.796039,2.3066,2.3067
2025-02-06 19:26:14.081001,2.3073,2.3074
2025-02-06 19:26:15.366990,2.3056,2.3057
2025-02-06 19:26:16.651652,2.3069,2.307
2025-02-06 19:26:17.935124,2.3072,2.3073
2025-02-06 19:26:19.217893,2.3068,2.3069
2025-02-06 19:26:20.501945,2.3058,2.3059
2025-02-06 19:26:21.785975,2.3059,2.306
2025-02-06 19:26:23.070240,2.3053,2.3054
2025-02-06 19:26:24.358891,2.3065,2.3066
2025-02-06 19:26:25.642594,2.3057,2.3058
2025-02-06 19:26:26.926750,2.3054,2.3055
2025-02-06 19:26:28.211983,2.3038,2.3039
2025-02-06 19:26:29.496402,2.3038,2.3039
2025-02-06 19:26:30.782217,2.3045,2.3046
2025-02-06 19:26:32.067532,2.3052,2.3053
2025-02-06 19:26:33.352303,2.3051,2.3052
2025-02-06 19:26:34.636121,2.3051,2.3052
2025-02-06 19:26:35.922033,2.306,2.3061
2025-02-06 19:26:37.204220,2.3056,2.3057
2025-02-06 19:26:38.495649,2.3048,2.3049
2025-02-06 19:26:39.778376,2.3054,2.3055
2025-02-06 19:26:41.064767,2.3047,2.3048
2025-02-06 19:26:42.346972,2.3044,2.3045
2025-02-06 19:26:43.630895,2.3045,2.3046
2025-02-06 19:26:44.916691,2.3054,2.3055
2025-02-06 19:26:46.200781,2.3055,2.3056
2025-02-06 19:26:47.486213,2.3051,2.3052
2025-02-06 19:26:48.816989,2.3057,2.3058
2025-02-06 19:26:50.194657,2.3061,2.3062
2025-02-06 19:26:51.528037,2.306,2.3061
2025-02-06 19:26:52.815800,2.3063,2.3064
2025-02-06 19:26:54.099884,2.3061,2.3062
2025-02-06 19:26:55.412151,2.3059,2.306
2025-02-06 19:26:56.722729,2.3062,2.3063
2025-02-06 19:26:58.034843,2.3048,2.3049
2025-02-06 19:26:59.347002,2.3044,2.3045
2025-02-06 19:27:00.660556,2.3048,2.3049
2025-02-06 19:27:01.971009,2.3038,2.3039
2025-02-06 19:27:03.294659,2.3032,2.3033
2025-02-06 19:27:05.061507,2.304,2.3041
2025-02-06 19:27:06.380776,2.3055,2.3056
2025-02-06 19:27:07.695017,2.3049,2.305
2025-02-06 19:27:09.007919,2.305,2.3051
2025-02-06 19:27:10.335543,2.3041,2.3042
2025-02-06 19:27:11.647727,2.3038,2.3039
2025-02-06 19:27:13.411981,2.3034,2.3035
2025-02-06 19:27:14.723287,2.3037,2.3038
2025-02-06 19:27:16.032854,2.3038,2.3039
2025-02-06 19:27:17.343173,2.3034,2.3035
2025-02-06 19:27:18.655567,2.3014,2.3015
2025-02-06 19:27:19.968668,2.3012,2.3013
2025-02-06 19:27:21.348857,2.301,2.3011
2025-02-06 19:27:22.660787,2.3007,2.3008
2025-02-06 19:27:23.972374,2.3,2.3001
2025-02-06 19:27:25.285005,2.3002,2.3003
2025-02-06 19:27:26.594385,2.3015,2.3016
2025-02-06 19:27:27.907836,2.2999,2.3
2025-02-06 19:27:29.218657,2.2996,2.2997
2025-02-06 19:27:30.529999,2.2995,2.2996
2025-02-06 19:27:31.841196,2.2999,2.3
2025-02-06 19:27:33.151168,2.3011,2.3012
2025-02-06 19:27:34.466861,2.301,2.3011
2025-02-06 19:27:35.776505,2.3015,2.3016
2025-02-06 19:27:37.087409,2.3015,2.3016
2025-02-06 19:27:38.397884,2.3015,2.3016
2025-02-06 19:27:39.710262,2.3021,2.3022
2025-02-06 19:27:41.018580,2.302,2.3021
2025-02-06 19:27:42.329535,2.3023,2.3024
2025-02-06 19:27:43.640008,2.3024,2.3025
2025-02-06 19:27:44.952728,2.3034,2.3035
2025-02-06 19:27:46.266430,2.305,2.3051
2025-02-06 19:27:47.578222,2.3049,2.305
2025-02-06 19:27:48.890073,2.3049,2.305
2025-02-06 19:27:50.203804,2.3039,2.304
2025-02-06 19:27:51.512655,2.3025,2.3026
2025-02-06 19:27:52.825820,2.3027,2.3028
2025-02-06 19:27:54.136967,2.3018,2.3019
2025-02-06 19:27:55.448160,2.3021,2.3022
2025-02-06 19:27:56.759766,2.3012,2.3013
2025-02-06 19:27:58.073349,2.301,2.3011
2025-02-06 19:27:59.384645,2.3,2.3001
2025-02-06 19:28:00.699493,2.3,2.3001
2025-02-06 19:28:02.009310,2.3011,2.3012
2025-02-06 19:28:03.325327,2.3007,2.3008
2025-02-06 19:28:04.634719,2.2994,2.2995
2025-02-06 19:28:05.946309,2.2988,2.2989
2025-02-06 19:28:07.256308,2.2986,2.2987
2025-02-06 19:28:09.022125,2.299,2.2991
2025-02-06 19:28:10.336483,2.2992,2.2993
2025-02-06 19:28:11.668520,2.2982,2.2983
2025-02-06 19:28:12.980764,2.2983,2.2984
2025-02-06 19:28:14.290636,2.2983,2.2984
2025-02-06 19:28:15.603344,2.2994,2.2995
2025-02-06 19:28:16.912379,2.2997,2.2998
2025-02-06 19:28:18.223634,2.2989,2.299
2025-02-06 19:28:19.534696,2.2991,2.2992
2025-02-06 19:28:20.846353,2.2994,2.2995
2025-02-06 19:28:22.156063,2.2997,2.2998
2025-02-06 19:28:23.473093,2.3004,2.3005
2025-02-06 19:28:24.782263,2.3005,2.3006
2025-02-06 19:28:26.093743,2.2997,2.2998
2025-02-06 19:28:27.404346,2.2998,2.2999
2025-02-06 19:28:28.714950,2.2998,2.2999
2025-02-06 19:28:30.024723,2.2998,2.2999
2025-02-06 19:28:31.338370,2.3008,2.3009
2025-02-06 19:28:32.650333,2.3015,2.3016
2025-02-06 19:28:33.960537,2.3008,2.3009
2025-02-06 19:28:35.271975,2.301,2.3011
2025-02-06 19:28:36.582747,2.3005,2.3006
2025-02-06 19:28:37.894077,2.3003,2.3004
2025-02-06 19:28:39.208075,2.3,2.3001
2025-02-06 19:28:40.520493,2.3004,2.3005
2025-02-06 19:28:41.850110,2.3002,2.3003
2025-02-06 19:28:43.163135,2.3002,2.3003
2025-02-06 19:28:44.475730,2.2997,2.2998
2025-02-06 19:28:45.784243,2.2985,2.2986
2025-02-06 19:28:47.094963,2.2987,2.2988
2025-02-06 19:28:48.403125,2.2982,2.2983
2025-02-06 19:28:49.716853,2.2985,2.2986
2025-02-06 19:28:51.027682,2.2988,2.2989
2025-02-06 19:28:52.339657,2.3003,2.3004
2025-02-06 19:28:53.649928,2.3005,2.3006
2025-02-06 19:28:54.959565,2.3006,2.3007
2025-02-06 19:28:56.271333,2.2999,2.3
2025-02-06 19:28:57.584188,2.3003,2.3004
2025-02-06 19:28:58.893752,2.3006,2.3007
2025-02-06 19:29:00.208507,2.3006,2.3007
2025-02-06 19:29:01.519637,2.3007,2.3008
2025-02-06 19:29:02.830623,2.3018,2.3019
2025-02-06 19:29:04.140382,2.3021,2.3022
2025-02-06 19:29:05.451549,2.3027,2.3028
2025-02-06 19:29:06.762657,2.3031,2.3032
2025-02-06 19:29:08.523624,2.3031,2.3032
2025-02-06 19:29:09.846859,2.3039,2.304
2025-02-06 19:29:11.165737,2.3033,2.3034
2025-02-06 19:29:12.477264,2.3035,2.3036
2025-02-06 19:29:13.788326,2.3044,2.3045
2025-02-06 19:29:15.096935,2.3038,2.3039
2025-02-06 19:29:16.409657,2.3038,2.3039
2025-02-06 19:29:17.718986,2.3036,2.3037
2025-02-06 19:29:19.028393,2.3031,2.3032
2025-02-06 19:29:20.339177,2.3014,2.3015
2025-02-06 19:29:21.648683,2.302,2.3021
2025-02-06 19:29:22.958624,2.3022,2.3023
2025-02-06 19:29:24.269084,2.3026,2.3027
2025-02-06 19:29:25.579829,2.3036,2.3037
2025-02-06 19:29:26.889878,2.3039,2.304
2025-02-06 19:29:28.201356,2.3042,2.3043
2025-02-06 19:29:29.513339,2.3043,2.3044
2025-02-06 19:29:30.824678,2.3035,2.3036
2025-02-06 19:29:32.135648,2.304,2.3041
2025-02-06 19:29:33.427741,2.3038,2.3039
2025-02-06 19:29:34.711416,2.3036,2.3037
2025-02-06 19:29:35.997691,2.3033,2.3034
2025-02-06 19:29:37.284219,2.3022,2.3023
2025-02-06 19:29:38.567118,2.3022,2.3023
2025-02-06 19:29:39.851981,2.3021,2.3022
2025-02-06 19:29:41.138373,2.3038,2.3039
2025-02-06 19:29:42.421101,2.3034,2.3035
2025-02-06 19:29:43.703917,2.3024,2.3025
2025-02-06 19:29:44.988431,2.3017,2.3018
2025-02-06 19:29:46.273813,2.3018,2.3019
2025-02-06 19:29:47.558187,2.3023,2.3024
2025-02-06 19:29:48.842988,2.3015,2.3016
2025-02-06 19:29:50.126376,2.3016,2.3017
2025-02-06 19:29:51.412170,2.3023,2.3024
2025-02-06 19:29:52.696105,2.3018,2.3019
2025-02-06 19:29:53.982088,2.3025,2.3026
2025-02-06 19:29:55.266335,2.3025,2.3026
2025-02-06 19:29:56.553516,2.3015,2.3016
2025-02-06 19:29:57.836744,2.3014,2.3015
2025-02-06 19:29:59.119928,2.3016,2.3017
2025-02-06 19:30:00.403806,2.3016,2.3017
2025-02-06 19:30:01.689191,2.3015,2.3016
2025-02-06 19:30:02.974000,2.3021,2.3022
2025-02-06 19:30:04.265401,2.3022,2.3023
2025-02-06 19:30:05.548875,2.3031,2.3032
2025-02-06 19:30:06.833238,2.3058,2.3059
2025-02-06 19:30:08.571444,2.3044,2.3045
2025-02-06 19:30:09.857019,2.304,2.3041
2025-02-06 19:30:11.143576,2.3064,2.3065
2025-02-06 19:30:12.427778,2.306,2.3061
2025-02-06 19:30:13.715911,2.3057,2.3058
2025-02-06 19:30:15.000814,2.3062,2.3063
2025-02-06 19:30:16.285285,2.3067,2.3068
2025-02-06 19:30:17.571106,2.3049,2.305
2025-02-06 19:30:18.856070,2.3031,2.3032
2025-02-06 19:30:20.497099,2.3037,2.3038
2025-02-06 19:30:21.782367,2.3031,2.3032
2025-02-06 19:30:23.069661,2.3023,2.3024
2025-02-06 19:30:24.359039,2.3033,2.3034
2025-02-06 19:30:25.644238,2.3029,2.303
2025-02-06 19:30:26.927504,2.3055,2.3056
2025-02-06 19:30:28.212051,2.3044,2.3045
2025-02-06 19:30:29.499627,2.306,2.3061
2025-02-06 19:30:30.783527,2.3056,2.3057
2025-02-06 19:30:32.068201,2.305,2.3051
2025-02-06 19:30:33.352933,2.303,2.3031
2025-02-06 19:30:34.636565,2.303,2.3031
2025-02-06 19:30:35.919133,2.3031,2.3032
2025-02-06 19:30:37.204039,2.3049,2.305
2025-02-06 19:30:38.508475,2.306,2.3061
2025-02-06 19:30:39.793033,2.3048,2.3049
2025-02-06 19:30:41.076155,2.3038,2.3039
2025-02-06 19:30:42.361882,2.3027,2.3028
2025-02-06 19:30:43.648478,2.3024,2.3025
2025-02-06 19:30:44.933779,2.3027,2.3028
2025-02-06 19:30:46.219504,2.3031,2.3032
2025-02-06 19:30:47.504022,2.3041,2.3042
2025-02-06 19:30:48.788876,2.3048,2.3049
2025-02-06 19:30:50.074863,2.3024,2.3025
2025-02-06 19:30:51.359872,2.3019,2.302
2025-02-06 19:30:52.646232,2.3018,2.3019
2025-02-06 19:30:53.928212,2.3022,2.3023
2025-02-06 19:30:55.211850,2.3036,2.3037
2025-02-06 19:30:56.500634,2.3035,2.3036
2025-02-06 19:30:57.785613,2.3024,2.3025
2025-02-06 19:30:59.070532,2.3008,2.3009
2025-02-06 19:31:00.358147,2.3011,2.3012
2025-02-06 19:31:01.646368,2.3018,2.3019
2025-02-06 19:31:02.931233,2.3028,2.3029
2025-02-06 19:31:04.217030,2.3035,2.3036
2025-02-06 19:31:05.500893,2.3035,2.3036
2025-02-06 19:31:06.787633,2.3018,2.3019
2025-02-06 19:31:08.074178,2.3019,2.302
2025-02-06 19:31:09.814597,2.3019,2.302
2025-02-06 19:31:11.100955,2.3016,2.3017
2025-02-06 19:31:12.391686,2.303,2.3031
2025-02-06 19:31:13.676262,2.3022,2.3023
2025-02-06 19:31:14.961629,2.302,2.3021
2025-02-06 19:31:16.244573,2.3012,2.3013
2025-02-06 19:31:17.985121,2.3012,2.3013
2025-02-06 19:31:19.268766,2.3017,2.3018
2025-02-06 19:31:20.557568,2.3023,2.3024
2025-02-06 19:31:21.841407,2.3006,2.3007
2025-02-06 19:31:23.125742,2.3002,2.3003
2025-02-06 19:31:24.409598,2.3015,2.3016
2025-02-06 19:31:25.692698,2.3028,2.3029
2025-02-06 19:31:26.975365,2.3033,2.3034
2025-02-06 19:31:28.258154,2.3022,2.3023
2025-02-06 19:31:29.544178,2.3011,2.3012
2025-02-06 19:31:30.828308,2.3018,2.3019
2025-02-06 19:31:32.114107,2.3028,2.3029
2025-02-06 19:31:33.402679,2.3043,2.3044
2025-02-06 19:31:34.687125,2.3046,2.3047
2025-02-06 19:31:35.974575,2.3015,2.3016
2025-02-06 19:31:37.260445,2.3021,2.3022
2025-02-06 19:31:38.545198,2.303,2.3031
2025-02-06 19:31:39.832874,2.3029,2.303
2025-02-06 19:31:41.118347,2.3037,2.3038
2025-02-06 19:31:42.404330,2.3041,2.3042
2025-02-06 19:31:43.688743,2.3035,2.3036
2025-02-06 19:31:44.973357,2.305,2.3051
2025-02-06 19:31:46.262680,2.3044,2.3045
2025-02-06 19:31:47.550968,2.3042,2.3043
2025-02-06 19:31:48.834912,2.3049,2.305
2025-02-06 19:31:50.122374,2.3054,2.3055
2025-02-06 19:31:51.408153,2.3053,2.3054
2025-02-06 19:31:52.697551,2.3039,2.304
2025-02-06 19:31:53.980583,2.3052,2.3053
2025-02-06 19:31:55.264181,2.3048,2.3049
2025-02-06 19:31:56.548069,2.3051,2.3052
2025-02-06 19:31:57.834469,2.3044,2.3045
2025-02-06 19:31:59.117687,2.3026,2.3027
2025-02-06 19:32:00.402316,2.3043,2.3044
2025-02-06 19:32:01.686778,2.3062,2.3063
2025-02-06 19:32:02.969834,2.3063,2.3064
2025-02-06 19:32:04.256663,2.3059,2.306
2025-02-06 19:32:05.566140,2.307,2.3071
2025-02-06 19:32:06.885344,2.3069,2.307
2025-02-06 19:32:08.203953,2.3054,2.3055
2025-02-06 19:32:09.518303,2.3066,2.3067
2025-02-06 19:32:11.283895,2.3081,2.3082
2025-02-06 19:32:12.594496,2.3086,2.3087
2025-02-06 19:32:13.907488,2.3074,2.3075
2025-02-06 19:32:15.219602,2.3071,2.3072
2025-02-06 19:32:16.530220,2.308,2.3081
2025-02-06 19:32:17.840256,2.3088,2.3089
2025-02-06 19:32:19.150917,2.3073,2.3074
2025-02-06 19:32:20.461715,2.3061,2.3062
2025-02-06 19:32:21.773755,2.3083,2.3084
2025-02-06 19:32:23.085532,2.3089,2.309
2025-02-06 19:32:24.398120,2.3093,2.3094
2025-02-06 19:32:25.727190,2.3075,2.3076
2025-02-06 19:32:27.039529,2.3053,2.3054
2025-02-06 19:32:28.351402,2.3053,2.3054
2025-02-06 19:32:29.663298,2.3051,2.3052
2025-02-06 19:32:30.973812,2.304,2.3041
2025-02-06 19:32:32.284526,2.3041,2.3042
2025-02-06 19:32:33.601328,2.304,2.3041
2025-02-06 19:32:34.914148,2.3031,2.3032
2025-02-06 19:32:36.225385,2.3036,2.3037
2025-02-06 19:32:37.537383,2.3043,2.3044
2025-02-06 19:32:38.849947,2.3038,2.3039
2025-02-06 19:32:40.160676,2.3031,2.3032
2025-02-06 19:32:41.471178,2.3023,2.3024
2025-02-06 19:32:42.782411,2.3028,2.3029
2025-02-06 19:32:44.094356,2.3016,2.3017
2025-02-06 19:32:45.409376,2.3012,2.3013
2025-02-06 19:32:46.721186,2.3014,2.3015
2025-02-06 19:32:48.035369,2.3015,2.3016
2025-02-06 19:32:49.346827,2.3,2.3001
2025-02-06 19:32:50.658094,2.2995,2.2996
2025-02-06 19:32:51.969289,2.2989,2.299
2025-02-06 19:32:53.281813,2.2987,2.2988
2025-02-06 19:32:54.596876,2.2985,2.2986
2025-02-06 19:32:55.911773,2.2975,2.2976
2025-02-06 19:32:57.221612,2.2965,2.2966
2025-02-06 19:32:58.533386,2.2976,2.2977
2025-02-06 19:32:59.844454,2.2978,2.2979
2025-02-06 19:33:01.159296,2.2972,2.2973
2025-02-06 19:33:02.472001,2.2962,2.2963
2025-02-06 19:33:03.784292,2.2949,2.295
2025-02-06 19:33:05.094892,2.2948,2.2949
2025-02-06 19:33:06.405545,2.2952,2.2953
2025-02-06 19:33:07.717469,2.2951,2.2952
2025-02-06 19:33:09.028935,2.2943,2.2944
2025-02-06 19:33:10.340443,2.2941,2.2942
2025-02-06 19:33:11.649937,2.2941,2.2942
2025-02-06 19:33:12.962134,2.2951,2.2952
2025-02-06 19:33:14.272643,2.2961,2.2962
2025-02-06 19:33:15.586688,2.2971,2.2972
2025-02-06 19:33:16.896427,2.2957,2.2958
2025-02-06 19:33:18.214412,2.2972,2.2973
2025-02-06 19:33:19.528207,2.2971,2.2972
2025-02-06 19:33:20.840981,2.2961,2.2962
2025-02-06 19:33:22.150510,2.2945,2.2946
2025-02-06 19:33:23.468847,2.2945,2.2946
2025-02-06 19:33:24.781235,2.296,2.2961
2025-02-06 19:33:26.091486,2.2956,2.2957
2025-02-06 19:33:27.408043,2.2971,2.2972
2025-02-06 19:33:28.719617,2.2962,2.2963
2025-02-06 19:33:30.028276,2.2953,2.2954
2025-02-06 19:33:31.338033,2.2938,2.2939
2025-02-06 19:33:32.652913,2.2941,2.2942
2025-02-06 19:33:33.965594,2.2948,2.2949
2025-02-06 19:33:35.279956,2.2945,2.2946
2025-02-06 19:33:36.591977,2.2945,2.2946
2025-02-06 19:33:37.905836,2.2952,2.2953
2025-02-06 19:33:39.216785,2.2945,2.2946
2025-02-06 19:33:40.525180,2.2955,2.2956
2025-02-06 19:33:41.834965,2.2948,2.2949
2025-02-06 19:33:43.144426,2.2944,2.2945
2025-02-06 19:33:44.455576,2.2937,2.2938
2025-02-06 19:33:45.765341,2.293,2.2931
2025-02-06 19:33:47.077954,2.292,2.2921
2025-02-06 19:33:48.397290,2.293,2.2931
2025-02-06 19:33:49.707138,2.2923,2.2924
2025-02-06 19:33:51.017971,2.2926,2.2927
2025-02-06 19:33:52.331537,2.2914,2.2915
2025-02-06 19:33:53.643261,2.2907,2.2908
2025-02-06 19:33:54.953437,2.2913,2.2914
2025-02-06 19:33:56.264724,2.2932,2.2933
2025-02-06 19:33:57.574719,2.2933,2.2934
2025-02-06 19:33:58.883866,2.2938,2.2939
2025-02-06 19:34:00.195171,2.2943,2.2944
2025-02-06 19:34:01.504954,2.2945,2.2946
2025-02-06 19:34:02.815086,2.293,2.2931
2025-02-06 19:34:04.127733,2.2942,2.2943
2025-02-06 19:34:05.438602,2.296,2.2961
2025-02-06 19:34:06.750504,2.2982,2.2983
2025-02-06 19:34:08.060290,2.2993,2.2994
2025-02-06 19:34:09.372410,2.2996,2.2997
2025-02-06 19:34:10.683533,2.3003,2.3004
2025-02-06 19:34:11.995196,2.3016,2.3017
2025-02-06 19:34:13.305956,2.3021,2.3022
2025-02-06 19:34:14.617493,2.3022,2.3023
2025-02-06 19:34:15.927361,2.3017,2.3018
2025-02-06 19:34:17.238546,2.302,2.3021
2025-02-06 19:34:18.547296,2.3007,2.3008
2025-02-06 19:34:19.858757,2.3002,2.3003
2025-02-06 19:34:21.168783,2.3015,2.3016
2025-02-06 19:34:22.482222,2.3019,2.302
2025-02-06 19:34:23.791394,2.3023,2.3024
2025-02-06 19:34:25.104203,2.3028,2.3029
2025-02-06 19:34:26.414659,2.3039,2.304
2025-02-06 19:34:27.725260,2.303,2.3031
2025-02-06 19:34:29.039929,2.3016,2.3017
2025-02-06 19:34:30.353770,2.3021,2.3022
2025-02-06 19:34:31.664561,2.3023,2.3024
2025-02-06 19:34:32.974141,2.3047,2.3048
2025-02-06 19:34:34.287711,2.3046,2.3047
2025-02-06 19:34:35.610146,2.3043,2.3044
2025-02-06 19:34:36.924737,2.3009,2.301
2025-02-06 19:34:38.234450,2.3023,2.3024
2025-02-06 19:34:39.545599,2.3032,2.3033
2025-02-06 19:34:40.856959,2.3024,2.3025
2025-02-06 19:34:42.170577,2.3026,2.3027
2025-02-06 19:34:43.481398,2.3025,2.3026
2025-02-06 19:34:44.790609,2.3043,2.3044
2025-02-06 19:34:46.106098,2.3043,2.3044
2025-02-06 19:34:47.416362,2.3055,2.3056
2025-02-06 19:34:48.729825,2.3054,2.3055
2025-02-06 19:34:50.042405,2.3052,2.3053
2025-02-06 19:34:51.353208,2.3033,2.3034
2025-02-06 19:34:52.664430,2.3029,2.303
2025-02-06 19:34:53.975837,2.3021,2.3022
2025-02-06 19:34:55.285961,2.3006,2.3007
2025-02-06 19:34:56.596819,2.2987,2.2988
2025-02-06 19:34:57.906953,2.299,2.2991
2025-02-06 19:34:59.216745,2.2983,2.2984
2025-02-06 19:35:00.528412,2.2976,2.2977
2025-02-06 19:35:01.843776,2.2983,2.2984
2025-02-06 19:35:03.154793,2.2979,2.298
2025-02-06 19:35:04.466660,2.2963,2.2964
2025-02-06 19:35:05.776729,2.2958,2.2959
2025-02-06 19:35:07.089273,2.2966,2.2967
2025-02-06 19:35:08.401551,2.2953,2.2954
2025-02-06 19:35:09.716103,2.2959,2.296
2025-02-06 19:35:11.027319,2.2953,2.2954
2025-02-06 19:35:12.343630,2.2951,2.2952
2025-02-06 19:35:13.653220,2.2953,2.2954
2025-02-06 19:35:15.418637,2.2957,2.2958
2025-02-06 19:35:16.729571,2.2965,2.2966
2025-02-06 19:35:18.038766,2.2974,2.2975
2025-02-06 19:35:19.350742,2.2991,2.2992
2025-02-06 19:35:20.662120,2.3003,2.3004
2025-02-06 19:35:21.973985,2.299,2.2991
2025-02-06 19:35:23.284590,2.298,2.2981
2025-02-06 19:35:24.597557,2.2965,2.2966
2025-02-06 19:35:25.909484,2.2976,2.2977
2025-02-06 19:35:27.222289,2.2999,2.3
2025-02-06 19:35:28.532081,2.2993,2.2994
2025-02-06 19:35:29.845526,2.2999,2.3
2025-02-06 19:35:31.161924,2.2993,2.2994
2025-02-06 19:35:32.473277,2.3014,2.3015
2025-02-06 19:35:33.783426,2.3025,2.3026
2025-02-06 19:35:35.099975,2.3022,2.3023
2025-02-06 19:35:36.409332,2.3018,2.3019
2025-02-06 19:35:37.718961,2.3015,2.3016
2025-02-06 19:35:39.032188,2.3012,2.3013
2025-02-06 19:35:40.345245,2.3012,2.3013
2025-02-06 19:35:42.095651,2.3019,2.302
2025-02-06 19:35:43.410211,2.303,2.3031
2025-02-06 19:35:44.719394,2.3032,2.3033
2025-02-06 19:35:46.030346,2.3021,2.3022
2025-02-06 19:35:47.343364,2.3015,2.3016
2025-02-06 19:35:48.655805,2.3011,2.3012
2025-02-06 19:35:49.966575,2.3004,2.3005
2025-02-06 19:35:51.278285,2.302,2.3021
2025-02-06 19:35:52.593687,2.3019,2.302
2025-02-06 19:35:53.902504,2.3014,2.3015
2025-02-06 19:35:55.214519,2.3003,2.3004
2025-02-06 19:35:56.529205,2.2994,2.2995
2025-02-06 19:35:57.841536,2.2981,2.2982
2025-02-06 19:35:59.153215,2.298,2.2981
2025-02-06 19:36:00.465571,2.2974,2.2975
2025-02-06 19:36:01.783272,2.2972,2.2973
2025-02-06 19:36:03.093893,2.2992,2.2993
2025-02-06 19:36:04.406932,2.299,2.2991
2025-02-06 19:36:05.726682,2.2977,2.2978
2025-02-06 19:36:07.036603,2.2969,2.297
2025-02-06 19:36:08.348923,2.2965,2.2966
2025-02-06 19:36:09.660378,2.2976,2.2977
2025-02-06 19:36:10.973222,2.2986,2.2987
2025-02-06 19:36:12.285949,2.3,2.3001
2025-02-06 19:36:14.052482,2.2991,2.2992
2025-02-06 19:36:15.363342,2.3005,2.3006
2025-02-06 19:36:16.681842,2.2988,2.2989
2025-02-06 19:36:17.991854,2.2982,2.2983
2025-02-06 19:36:19.302366,2.2973,2.2974
2025-02-06 19:36:20.615226,2.2976,2.2977
2025-02-06 19:36:21.935140,2.2987,2.2988
2025-02-06 19:36:23.247444,2.2999,2.3
2025-02-06 19:36:24.560185,2.3009,2.301
2025-02-06 19:36:25.871858,2.3018,2.3019
2025-02-06 19:36:27.183478,2.3017,2.3018
2025-02-06 19:36:28.494432,2.3021,2.3022
2025-02-06 19:36:29.805466,2.304,2.3041
2025-02-06 19:36:31.116957,2.3031,2.3032
2025-02-06 19:36:32.428851,2.3035,2.3036
2025-02-06 19:36:33.740591,2.3021,2.3022
2025-02-06 19:36:35.049498,2.3029,2.303
2025-02-06 19:36:36.361571,2.3035,2.3036
2025-02-06 19:36:37.674968,2.3043,2.3044
2025-02-06 19:36:39.003381,2.304,2.3041
2025-02-06 19:36:40.323934,2.3041,2.3044
2025-02-06 19:36:41.635255,2.3047,2.3048
2025-02-06 19:36:42.947834,2.3049,2.305
2025-02-06 19:36:44.260114,2.3031,2.3032
2025-02-06 19:36:45.573352,2.3035,2.3036
2025-02-06 19:36:46.891167,2.3042,2.3043
2025-02-06 19:36:48.203081,2.3048,2.3049
2025-02-06 19:36:49.517078,2.3051,2.3052
2025-02-06 19:36:50.828907,2.3042,2.3043
2025-02-06 19:36:52.138453,2.3054,2.3055
2025-02-06 19:36:53.453594,2.3054,2.3055
2025-02-06 19:36:54.765452,2.3055,2.3056
2025-02-06 19:36:56.078300,2.3057,2.3058
2025-02-06 19:36:57.387880,2.3046,2.3047
2025-02-06 19:36:58.699480,2.3069,2.307
2025-02-06 19:37:00.012483,2.3058,2.3059
2025-02-06 19:37:01.323946,2.3065,2.3066
2025-02-06 19:37:02.640887,2.3045,2.3046
2025-02-06 19:37:03.964918,2.3021,2.3022
2025-02-06 19:37:05.281500,2.3049,2.305
2025-02-06 19:37:06.591692,2.3053,2.3054
2025-02-06 19:37:07.913216,2.3051,2.3052
2025-02-06 19:37:09.225011,2.3071,2.3072
2025-02-06 19:37:10.536795,2.3072,2.3073
2025-02-06 19:37:11.847072,2.3067,2.3068
2025-02-06 19:37:13.161387,2.3058,2.3059
2025-02-06 19:37:14.470107,2.3046,2.3047
2025-02-06 19:37:15.787386,2.305,2.3051
2025-02-06 19:37:17.098992,2.3057,2.3058
2025-02-06 19:37:18.413915,2.3068,2.3069
2025-02-06 19:37:19.724217,2.3077,2.3078
2025-02-06 19:37:21.035491,2.3078,2.3079
2025-02-06 19:37:22.345609,2.3087,2.3088
2025-02-06 19:37:23.656063,2.3097,2.3098
2025-02-06 19:37:24.972385,2.3097,2.3098
2025-02-06 19:37:26.284695,2.3097,2.3098
2025-02-06 19:37:27.595044,2.3105,2.3106
2025-02-06 19:37:28.906315,2.3115,2.3116
2025-02-06 19:37:30.216173,2.3101,2.3102
2025-02-06 19:37:31.527741,2.3091,2.3092
2025-02-06 19:37:32.845052,2.3076,2.3077
2025-02-06 19:37:34.155895,2.3076,2.3077
2025-02-06 19:37:35.468860,2.3066,2.3067
2025-02-06 19:37:36.779981,2.3083,2.3084
2025-02-06 19:37:38.091384,2.3093,2.3094
2025-02-06 19:37:39.403425,2.3098,2.3099
2025-02-06 19:37:40.713708,2.3111,2.3112
2025-02-06 19:37:42.026174,2.3116,2.3117
2025-02-06 19:37:43.337064,2.3105,2.3106
2025-02-06 19:37:44.647799,2.3093,2.3094
2025-02-06 19:37:45.957399,2.3078,2.3079
2025-02-06 19:37:47.270381,2.3075,2.3076
2025-02-06 19:37:48.585112,2.3092,2.3093
2025-02-06 19:37:49.909131,2.3095,2.3096
2025-02-06 19:37:51.218320,2.3083,2.3084
2025-02-06 19:37:52.982619,2.3091,2.3092
2025-02-06 19:37:54.293793,2.3095,2.3096
2025-02-06 19:37:55.604353,2.3095,2.3096
2025-02-06 19:37:56.914534,2.31,2.3101
2025-02-06 19:37:58.226447,2.3102,2.3103
2025-02-06 19:37:59.541131,2.3107,2.3108
2025-02-06 19:38:00.852288,2.31,2.3101
2025-02-06 19:38:02.163033,2.31,2.3101
2025-02-06 19:38:03.473923,2.3084,2.3085
2025-02-06 19:38:04.786566,2.3068,2.3069
2025-02-06 19:38:06.096956,2.3079,2.308
2025-02-06 19:38:07.412130,2.3099,2.31
2025-02-06 19:38:08.727557,2.3095,2.3096
2025-02-06 19:38:10.040833,2.3092,2.3093
2025-02-06 19:38:11.354210,2.3091,2.3092
2025-02-06 19:38:12.665552,2.31,2.3101
2025-02-06 19:38:13.976264,2.3104,2.3105
2025-02-06 19:38:15.292264,2.3122,2.3123
2025-02-06 19:38:16.621416,2.3132,2.3133
2025-02-06 19:38:17.934841,2.3129,2.313
2025-02-06 19:38:19.246099,2.3137,2.3138
2025-02-06 19:38:20.578688,2.3138,2.3139
2025-02-06 19:38:21.887755,2.313,2.3131
2025-02-06 19:38:23.199255,2.3135,2.3136
2025-02-06 19:38:24.510259,2.3141,2.3142
2025-02-06 19:38:25.828269,2.3137,2.3138
2025-02-06 19:38:27.139504,2.3121,2.3122
2025-02-06 19:38:28.466642,2.3106,2.3107
2025-02-06 19:38:29.779146,2.3113,2.3114
2025-02-06 19:38:31.091083,2.3123,2.3124
2025-02-06 19:38:32.402844,2.3132,2.3133
2025-02-06 19:38:33.717113,2.3134,2.3135
2025-02-06 19:38:35.024760,2.3128,2.3129
2025-02-06 19:38:36.335782,2.3138,2.3139
2025-02-06 19:38:37.647964,2.3138,2.3139
2025-02-06 19:38:38.962740,2.3131,2.3132
2025-02-06 19:38:40.274733,2.3136,2.3137
2025-02-06 19:38:41.590857,2.3124,2.3125
2025-02-06 19:38:42.900918,2.3108,2.3109
2025-02-06 19:38:44.212932,2.31,2.3101
2025-02-06 19:38:45.525092,2.3104,2.3105
2025-02-06 19:38:46.835861,2.3109,2.311
2025-02-06 19:38:48.147716,2.312,2.3121
2025-02-06 19:38:49.458950,2.3112,2.3113
2025-02-06 19:38:50.770196,2.3105,2.3106
2025-02-06 19:38:52.084335,2.3099,2.31
2025-02-06 19:38:53.395883,2.3111,2.3112
2025-02-06 19:38:54.707113,2.3109,2.311
2025-02-06 19:38:56.019416,2.3111,2.3112
2025-02-06 19:38:57.332561,2.3113,2.3114
2025-02-06 19:38:58.642795,2.312,2.3121
2025-02-06 19:38:59.952624,2.3126,2.3127
2025-02-06 19:39:01.262761,2.3112,2.3113
2025-02-06 19:39:02.576350,2.3104,2.3105
2025-02-06 19:39:03.888874,2.3095,2.3096
2025-02-06 19:39:05.201281,2.3098,2.3099
2025-02-06 19:39:06.518588,2.3114,2.3115
2025-02-06 19:39:07.834336,2.312,2.3121
2025-02-06 19:39:09.150950,2.3117,2.3118
2025-02-06 19:39:10.461533,2.3124,2.3125
2025-02-06 19:39:11.772637,2.3122,2.3123
2025-02-06 19:39:13.091660,2.3112,2.3113
2025-02-06 19:39:14.403668,2.3116,2.3117
2025-02-06 19:39:15.717843,2.3114,2.3115
2025-02-06 19:39:17.030079,2.3111,2.3112
2025-02-06 19:39:18.340607,2.3107,2.3108
2025-02-06 19:39:19.651862,2.3089,2.309
2025-02-06 19:39:20.959927,2.3081,2.3082
2025-02-06 19:39:22.276620,2.3084,2.3085
2025-02-06 19:39:23.589598,2.3083,2.3084
2025-02-06 19:39:24.900201,2.3075,2.3076
2025-02-06 19:39:26.185196,2.3082,2.3083
2025-02-06 19:39:27.466152,2.3081,2.3082
2025-02-06 19:39:28.747804,2.3084,2.3085
2025-02-06 19:39:30.030537,2.3067,2.3068
2025-02-06 19:39:31.313780,2.3073,2.3074
2025-02-06 19:39:32.595283,2.3074,2.3075
2025-02-06 19:39:33.877794,2.3073,2.3074
2025-02-06 19:39:35.162421,2.3076,2.3077
2025-02-06 19:39:36.621360,2.3072,2.3073
2025-02-06 19:39:37.901913,2.3051,2.3052
2025-02-06 19:39:39.187603,2.3043,2.3044
2025-02-06 19:39:40.465382,2.3043,2.3044
2025-02-06 19:39:41.744848,2.3051,2.3052
2025-02-06 19:39:43.027237,2.3049,2.305
2025-02-06 19:39:44.312235,2.3048,2.3049
2025-02-06 19:39:45.591978,2.3061,2.3062
2025-02-06 19:39:46.872572,2.3052,2.3053
2025-02-06 19:39:48.153255,2.3049,2.305
2025-02-06 19:39:49.434611,2.3053,2.3054
2025-02-06 19:39:50.715836,2.3062,2.3063
2025-02-06 19:39:51.997574,2.3061,2.3062
2025-02-06 19:39:53.279773,2.3061,2.3062
2025-02-06 19:39:54.561465,2.3062,2.3063
2025-02-06 19:39:55.842276,2.3069,2.307
2025-02-06 19:39:57.121179,2.3066,2.3067
2025-02-06 19:39:58.402129,2.3068,2.3069
2025-02-06 19:39:59.684249,2.3072,2.3073
2025-02-06 19:40:00.972441,2.3072,2.3073
2025-02-06 19:40:02.251943,2.3063,2.3064
2025-02-06 19:40:03.532252,2.3064,2.3065
2025-02-06 19:40:04.815597,2.3068,2.3069
2025-02-06 19:40:06.097562,2.3073,2.3074
2025-02-06 19:40:07.381494,2.3073,2.3074
2025-02-06 19:40:08.665425,2.306,2.3061
2025-02-06 19:40:09.945726,2.3061,2.3062
2025-02-06 19:40:11.224699,2.306,2.3061
2025-02-06 19:40:12.507761,2.3055,2.3056
2025-02-06 19:40:13.796822,2.3038,2.3039
2025-02-06 19:40:15.077116,2.304,2.3041
2025-02-06 19:40:16.367132,2.3031,2.3032
2025-02-06 19:40:18.107335,2.3036,2.3037
2025-02-06 19:40:19.389586,2.3048,2.3049
2025-02-06 19:40:20.677873,2.304,2.3041
2025-02-06 19:40:21.959477,2.3043,2.3044
2025-02-06 19:40:23.239878,2.3056,2.3057
2025-02-06 19:40:24.521084,2.3057,2.3058
2025-02-06 19:40:25.804786,2.3046,2.3047
2025-02-06 19:40:27.088464,2.3055,2.3056
2025-02-06 19:40:28.368606,2.3052,2.3053
2025-02-06 19:40:29.649399,2.3054,2.3055
2025-02-06 19:40:30.930407,2.305,2.3051
2025-02-06 19:40:32.208609,2.3055,2.3056
2025-02-06 19:40:33.489987,2.3067,2.3068
2025-02-06 19:40:34.771403,2.3064,2.3065
2025-02-06 19:40:36.051230,2.3061,2.3062
2025-02-06 19:40:37.331021,2.3063,2.3064
2025-02-06 19:40:38.625956,2.3055,2.3056
2025-02-06 19:40:39.906320,2.3061,2.3062
2025-02-06 19:40:41.188553,2.3063,2.3064
2025-02-06 19:40:42.467899,2.3063,2.3064
2025-02-06 19:40:43.748737,2.3063,2.3064
2025-02-06 19:40:45.031272,2.3068,2.3069
2025-02-06 19:40:46.311701,2.3062,2.3063
2025-02-06 19:40:47.591703,2.3065,2.3066
2025-02-06 19:40:48.870375,2.3065,2.3066
2025-02-06 19:40:50.155373,2.3057,2.3058
2025-02-06 19:40:51.436783,2.3055,2.3056
2025-02-06 19:40:52.721978,2.3056,2.3057
2025-02-06 19:40:54.002381,2.3055,2.3056
2025-02-06 19:40:55.282385,2.3045,2.3046
2025-02-06 19:40:56.563006,2.305,2.3051
2025-02-06 19:40:57.842976,2.3061,2.3062
2025-02-06 19:40:59.125051,2.3056,2.3057
2025-02-06 19:41:00.404997,2.3034,2.3035
2025-02-06 19:41:01.685358,2.3025,2.3026
2025-02-06 19:41:02.964783,2.3022,2.3023
2025-02-06 19:41:04.247053,2.3029,2.303
2025-02-06 19:41:05.534360,2.3024,2.3025
2025-02-06 19:41:06.814168,2.3024,2.3025
2025-02-06 19:41:08.095685,2.3013,2.3014
2025-02-06 19:41:09.375895,2.3024,2.3025
2025-02-06 19:41:10.657159,2.3009,2.301
2025-02-06 19:41:11.936848,2.3007,2.3008
2025-02-06 19:41:13.219641,2.2998,2.2999
2025-02-06 19:41:14.514079,2.2993,2.2994
2025-02-06 19:41:15.797216,2.2993,2.2994
2025-02-06 19:41:17.078070,2.3004,2.3005
2025-02-06 19:41:18.358581,2.3004,2.3005
2025-02-06 19:41:19.639769,2.3001,2.3002
2025-02-06 19:41:20.921458,2.3005,2.3006
2025-02-06 19:41:22.203178,2.2997,2.2998
2025-02-06 19:41:23.484092,2.3008,2.3009
2025-02-06 19:41:24.762992,2.3007,2.3008
2025-02-06 19:41:26.048779,2.3013,2.3014
2025-02-06 19:41:27.335179,2.3015,2.3016
2025-02-06 19:41:28.616690,2.3022,2.3023
2025-02-06 19:41:29.897230,2.3022,2.3023
2025-02-06 19:41:31.177569,2.3014,2.3015
2025-02-06 19:41:32.488213,2.301,2.3011
2025-02-06 19:41:33.799725,2.3007,2.3008
2025-02-06 19:41:35.114993,2.3015,2.3016
2025-02-06 19:41:36.427499,2.3015,2.3016
2025-02-06 19:41:37.744037,2.3025,2.3026
2025-02-06 19:41:39.055790,2.3025,2.3026
2025-02-06 19:41:40.371200,2.302,2.3021
2025-02-06 19:41:41.680234,2.3012,2.3013
2025-02-06 19:41:42.994372,2.3025,2.3026
2025-02-06 19:41:44.305920,2.3037,2.3038
2025-02-06 19:41:45.616142,2.3037,2.3038
2025-02-06 19:41:46.927278,2.3049,2.305
2025-02-06 19:41:48.240026,2.305,2.3051
2025-02-06 19:41:49.553669,2.3038,2.3039
2025-02-06 19:41:50.865335,2.304,2.3041
2025-02-06 19:41:52.177747,2.3042,2.3043
2025-02-06 19:41:53.490534,2.3042,2.3043
2025-02-06 19:41:54.799357,2.3042,2.3043
2025-02-06 19:41:56.112472,2.3049,2.305
2025-02-06 19:41:57.430262,2.3048,2.3049
2025-02-06 19:41:58.754906,2.3059,2.306
2025-02-06 19:42:00.067179,2.3051,2.3052
2025-02-06 19:42:01.377709,2.3055,2.3056
2025-02-06 19:42:02.691243,2.3052,2.3053
2025-02-06 19:42:04.000860,2.3045,2.3046
2025-02-06 19:42:05.312389,2.3044,2.3045
2025-02-06 19:42:06.623729,2.3042,2.3043
2025-02-06 19:42:07.934987,2.3028,2.3029
2025-02-06 19:42:09.245894,2.3037,2.3038
2025-02-06 19:42:10.555569,2.3039,2.304
2025-02-06 19:42:11.865621,2.3043,2.3044
2025-02-06 19:42:13.176161,2.3047,2.3048
2025-02-06 19:42:14.488671,2.3045,2.3046
2025-02-06 19:42:15.801542,2.3043,2.3044
2025-02-06 19:42:17.113304,2.3047,2.3048
2025-02-06 19:42:18.426579,2.3058,2.3059
2025-02-06 19:42:20.190948,2.3049,2.305
2025-02-06 19:42:21.503534,2.3052,2.3053
2025-02-06 19:42:22.813485,2.305,2.3051
2025-02-06 19:42:24.123263,2.3047,2.3048
2025-02-06 19:42:25.433802,2.3048,2.3051
2025-02-06 19:42:26.745086,2.307,2.3071
2025-02-06 19:42:28.510144,2.3069,2.307
2025-02-06 19:42:29.819670,2.3073,2.3074
2025-02-06 19:42:31.131926,2.3064,2.3065
2025-02-06 19:42:32.443721,2.3062,2.3063
2025-02-06 19:42:33.753216,2.3067,2.3068
2025-02-06 19:42:35.063804,2.3075,2.3076
2025-02-06 19:42:36.373505,2.3093,2.3094
2025-02-06 19:42:37.683929,2.3094,2.3095
2025-02-06 19:42:38.996744,2.3095,2.3096
2025-02-06 19:42:40.306454,2.3084,2.3085
2025-02-06 19:42:41.616320,2.3089,2.309
2025-02-06 19:42:42.928707,2.3099,2.31
2025-02-06 19:42:44.240785,2.3105,2.3106
2025-02-06 19:42:45.551125,2.3099,2.31
2025-02-06 19:42:46.864816,2.3097,2.3098
2025-02-06 19:42:48.175502,2.3097,2.3098
2025-02-06 19:42:49.488003,2.3086,2.3087
2025-02-06 19:42:50.798424,2.3085,2.3086
2025-02-06 19:42:52.108230,2.3086,2.3087
2025-02-06 19:42:53.421615,2.3087,2.3088
2025-02-06 19:42:54.734323,2.3085,2.3086
2025-02-06 19:42:56.043920,2.3082,2.3083
2025-02-06 19:42:57.377262,2.3082,2.3083
2025-02-06 19:42:58.689477,2.3076,2.3077
2025-02-06 19:43:00.002483,2.3076,2.3077
2025-02-06 19:43:01.314676,2.3069,2.307
2025-02-06 19:43:02.625484,2.3069,2.307
2025-02-06 19:43:03.944966,2.3075,2.3076
2025-02-06 19:43:05.255195,2.3081,2.3082
2025-02-06 19:43:06.565252,2.3097,2.3098
2025-02-06 19:43:07.876854,2.3098,2.3099
2025-02-06 19:43:09.186323,2.3103,2.3104
2025-02-06 19:43:10.499957,2.3103,2.3104
2025-02-06 19:43:11.810842,2.3103,2.3104
2025-02-06 19:43:13.121403,2.3086,2.3087
2025-02-06 19:43:14.434775,2.308,2.3081
2025-02-06 19:43:15.745294,2.3079,2.308
2025-02-06 19:43:17.056352,2.3074,2.3075
2025-02-06 19:43:18.370680,2.3077,2.3078
2025-02-06 19:43:19.680954,2.307,2.3071
2025-02-06 19:43:20.992330,2.307,2.3071
2025-02-06 19:43:22.306189,2.3053,2.3054
2025-02-06 19:43:23.617387,2.3051,2.3052
2025-02-06 19:43:24.926786,2.3051,2.3052
2025-02-06 19:43:26.238336,2.3055,2.3056
2025-02-06 19:43:27.551187,2.3047,2.3048
2025-02-06 19:43:28.861852,2.3047,2.3048
2025-02-06 19:43:30.173516,2.3051,2.3052
2025-02-06 19:43:31.485618,2.305,2.3051
2025-02-06 19:43:32.796462,2.3044,2.3045
2025-02-06 19:43:34.108118,2.3041,2.3042
2025-02-06 19:43:35.418466,2.3041,2.3042
2025-02-06 19:43:36.731876,2.3035,2.3036
2025-02-06 19:43:38.043297,2.3038,2.3039
2025-02-06 19:43:39.354665,2.3037,2.3038
2025-02-06 19:43:40.666125,2.3033,2.3034
2025-02-06 19:43:41.978494,2.3043,2.3044
2025-02-06 19:43:43.289909,2.3045,2.3046
2025-02-06 19:43:44.602458,2.305,2.3051
2025-02-06 19:43:45.915345,2.3047,2.3048
2025-02-06 19:43:47.234952,2.3043,2.3044
2025-02-06 19:43:48.546709,2.3034,2.3035
2025-02-06 19:43:49.858089,2.3034,2.3035
2025-02-06 19:43:51.168419,2.3034,2.3035
2025-02-06 19:43:52.485073,2.3039,2.304
2025-02-06 19:43:53.795721,2.3036,2.3037
2025-02-06 19:43:55.106305,2.3037,2.3038
2025-02-06 19:43:56.418113,2.3039,2.304
2025-02-06 19:43:57.727682,2.3039,2.304
2025-02-06 19:43:59.038609,2.3036,2.3037
2025-02-06 19:44:00.349679,2.3038,2.3039
2025-02-06 19:44:01.660049,2.3035,2.3036
2025-02-06 19:44:02.971619,2.3027,2.3028
2025-02-06 19:44:04.281948,2.3026,2.3027
2025-02-06 19:44:05.595546,2.3022,2.3023
2025-02-06 19:44:06.919165,2.3019,2.302
2025-02-06 19:44:08.233801,2.3024,2.3025
2025-02-06 19:44:09.543520,2.3029,2.303
2025-02-06 19:44:10.854438,2.3033,2.3034
2025-02-06 19:44:12.166921,2.3044,2.3045
2025-02-06 19:44:13.480719,2.304,2.3041
2025-02-06 19:44:14.794602,2.3045,2.3046
2025-02-06 19:44:16.105340,2.3025,2.3026
2025-02-06 19:44:17.420898,2.3031,2.3032
2025-02-06 19:44:18.731674,2.3033,2.3034
2025-02-06 19:44:20.044428,2.3033,2.3034
2025-02-06 19:44:21.811627,2.3029,2.303
2025-02-06 19:44:23.575146,2.3031,2.3032
2025-02-06 19:44:24.896648,2.304,2.3041
2025-02-06 19:44:26.211859,2.3032,2.3033
2025-02-06 19:44:27.524118,2.3031,2.3032
2025-02-06 19:44:29.293666,2.3025,2.3026
2025-02-06 19:44:30.604723,2.3024,2.3025
2025-02-06 19:44:31.915841,2.3027,2.3028
2025-02-06 19:44:33.225946,2.3022,2.3023
2025-02-06 19:44:34.536555,2.3027,2.3028
2025-02-06 19:44:35.849260,2.3019,2.302
2025-02-06 19:44:37.163029,2.3023,2.3024
2025-02-06 19:44:38.477263,2.3022,2.3023
2025-02-06 19:44:40.241106,2.3022,2.3023
2025-02-06 19:44:41.552100,2.3029,2.303
2025-02-06 19:44:42.865061,2.3032,2.3033
2025-02-06 19:44:44.176658,2.3035,2.3036
2025-02-06 19:44:45.487745,2.3039,2.304
2025-02-06 19:44:46.800043,2.3044,2.3045
2025-02-06 19:44:48.111210,2.3047,2.3048
2025-02-06 19:44:49.421088,2.3052,2.3053
2025-02-06 19:44:50.733138,2.3041,2.3042
2025-02-06 19:44:52.041992,2.3039,2.304
2025-02-06 19:44:53.355205,2.3043,2.3044
2025-02-06 19:44:54.670993,2.305,2.3051
2025-02-06 19:44:55.981621,2.3051,2.3052
2025-02-06 19:44:57.294711,2.3049,2.305
2025-02-06 19:44:58.608557,2.3053,2.3054
2025-02-06 19:44:59.919418,2.3045,2.3046
2025-02-06 19:45:01.229884,2.3051,2.3052
2025-02-06 19:45:02.545571,2.3036,2.3037
2025-02-06 19:45:03.856417,2.3029,2.303
2025-02-06 19:45:05.173721,2.3028,2.3029
2025-02-06 19:45:06.483868,2.302,2.3021
2025-02-06 19:45:07.801054,2.3023,2.3024
2025-02-06 19:45:09.111799,2.3023,2.3024
2025-02-06 19:45:10.424491,2.3017,2.3018
2025-02-06 19:45:11.749770,2.3008,2.3009
2025-02-06 19:45:13.061477,2.3013,2.3014
2025-02-06 19:45:14.373488,2.3004,2.3005
2025-02-06 19:45:15.686289,2.3008,2.3009
2025-02-06 19:45:17.003079,2.3009,2.301
2025-02-06 19:45:18.316599,2.2998,2.2999
2025-02-06 19:45:19.629584,2.3001,2.3002
2025-02-06 19:45:20.940386,2.3001,2.3002
2025-02-06 19:45:22.251486,2.2988,2.2989
2025-02-06 19:45:23.563114,2.2982,2.2983
2025-02-06 19:45:24.873759,2.2972,2.2973
2025-02-06 19:45:26.188643,2.2965,2.2966
2025-02-06 19:45:27.499246,2.2976,2.2977
2025-02-06 19:45:28.810898,2.2979,2.298
2025-02-06 19:45:30.122285,2.2975,2.2976
2025-02-06 19:45:31.432841,2.2976,2.2977
2025-02-06 19:45:32.742729,2.2988,2.2989
2025-02-06 19:45:34.053140,2.2993,2.2994
2025-02-06 19:45:35.365153,2.3003,2.3004
2025-02-06 19:45:36.676480,2.3004,2.3005
2025-02-06 19:45:37.988769,2.3007,2.3008
2025-02-06 19:45:39.299902,2.2995,2.2996
2025-02-06 19:45:40.610808,2.3004,2.3005
2025-02-06 19:45:41.922885,2.3005,2.3006
2025-02-06 19:45:43.235690,2.3022,2.3023
2025-02-06 19:45:44.546500,2.302,2.3021
2025-02-06 19:45:45.856905,2.302,2.3021
2025-02-06 19:45:47.167253,2.302,2.3021
2025-02-06 19:45:48.479150,2.3022,2.3023
2025-02-06 19:45:49.788419,2.3031,2.3032
2025-02-06 19:45:51.099673,2.3034,2.3035
2025-02-06 19:45:52.410898,2.3042,2.3043
2025-02-06 19:45:53.720573,2.3039,2.304
2025-02-06 19:45:55.030981,2.3044,2.3045
2025-02-06 19:45:56.341983,2.3037,2.3038
2025-02-06 19:45:57.655514,2.304,2.3041
2025-02-06 19:45:58.966628,2.3046,2.3047
2025-02-06 19:46:00.276900,2.3041,2.3042
2025-02-06 19:46:01.587443,2.3044,2.3045
2025-02-06 19:46:02.899142,2.3062,2.3063
2025-02-06 19:46:04.211193,2.3069,2.307
2025-02-06 19:46:05.528194,2.3077,2.3078
2025-02-06 19:46:06.838144,2.3077,2.3078
2025-02-06 19:46:08.150151,2.3081,2.3082
2025-02-06 19:46:09.462627,2.3075,2.3076
2025-02-06 19:46:10.775246,2.3087,2.3088
2025-02-06 19:46:12.088158,2.3087,2.3088
2025-02-06 19:46:13.399867,2.3087,2.3088
2025-02-06 19:46:14.711505,2.3094,2.3095
2025-02-06 19:46:16.023764,2.3087,2.3088
2025-02-06 19:46:17.336232,2.3093,2.3094
2025-02-06 19:46:18.647792,2.3092,2.3093
2025-02-06 19:46:19.960535,2.3103,2.3104
2025-02-06 19:46:21.277358,2.3113,2.3114
2025-02-06 19:46:22.589605,2.3121,2.3122
2025-02-06 19:46:23.899718,2.3118,2.3119
2025-02-06 19:46:25.669539,2.3129,2.313
2025-02-06 19:46:26.984443,2.313,2.3131
2025-02-06 19:46:28.295611,2.3105,2.3106
2025-02-06 19:46:29.606372,2.3099,2.31
2025-02-06 19:46:30.919475,2.3112,2.3113
2025-02-06 19:46:32.230886,2.3121,2.3122
2025-02-06 19:46:33.543185,2.3123,2.3124
2025-02-06 19:46:34.856466,2.3129,2.313
2025-02-06 19:46:36.167390,2.3121,2.3122
2025-02-06 19:46:37.477989,2.3105,2.3106
2025-02-06 19:46:38.789520,2.3112,2.3113
2025-02-06 19:46:40.102028,2.3119,2.312
2025-02-06 19:46:41.413425,2.3131,2.3132
2025-02-06 19:46:42.722791,2.313,2.3131
2025-02-06 19:46:44.034686,2.3123,2.3124
2025-02-06 19:46:45.344394,2.312,2.3121
2025-02-06 19:46:46.655619,2.3119,2.312
2025-02-06 19:46:47.968508,2.3121,2.3122
2025-02-06 19:46:49.278213,2.3112,2.3113
2025-02-06 19:46:50.588543,2.3104,2.3105
2025-02-06 19:46:51.900157,2.3093,2.3094
2025-02-06 19:46:53.213189,2.3085,2.3086
2025-02-06 19:46:54.529193,2.3099,2.31
2025-02-06 19:46:55.839272,2.31,2.3101
2025-02-06 19:46:57.149807,2.3103,2.3104
2025-02-06 19:46:58.460151,2.3095,2.3096
2025-02-06 19:46:59.770187,2.3101,2.3102
2025-02-06 19:47:01.080834,2.3111,2.3112
2025-02-06 19:47:02.397943,2.3121,2.3122
2025-02-06 19:47:03.709552,2.3117,2.3118
2025-02-06 19:47:05.023106,2.311,2.3111
2025-02-06 19:47:06.333410,2.3094,2.3095
2025-02-06 19:47:07.645433,2.309,2.3091
2025-02-06 19:47:08.957067,2.31,2.3101
2025-02-06 19:47:10.266836,2.3108,2.3109
2025-02-06 19:47:11.578602,2.313,2.3131
2025-02-06 19:47:12.890094,2.3131,2.3132
2025-02-06 19:47:14.199784,2.3131,2.3132
2025-02-06 19:47:15.510279,2.3131,2.3132
2025-02-06 19:47:16.820590,2.3124,2.3125
2025-02-06 19:47:18.135712,2.313,2.3131
2025-02-06 19:47:19.452384,2.3123,2.3124
2025-02-06 19:47:20.764816,2.313,2.3131
2025-02-06 19:47:22.079999,2.3134,2.3135
2025-02-06 19:47:23.389228,2.3129,2.313
2025-02-06 19:47:24.700651,2.3138,2.3139
2025-02-06 19:47:26.459612,2.3149,2.315
2025-02-06 19:47:27.770600,2.315,2.3151
2025-02-06 19:47:29.083359,2.3148,2.3149
2025-02-06 19:47:30.395813,2.3136,2.3137
2025-02-06 19:47:31.707483,2.3137,2.3138
2025-02-06 19:47:33.476256,2.313,2.3131
2025-02-06 19:47:34.787155,2.3135,2.3136
2025-02-06 19:47:36.101653,2.3133,2.3134
2025-02-06 19:47:37.413184,2.3133,2.3134
2025-02-06 19:47:38.724354,2.3141,2.3142
2025-02-06 19:47:40.037659,2.3146,2.3147
2025-02-06 19:47:41.351935,2.314,2.3141
2025-02-06 19:47:42.663445,2.3142,2.3143
2025-02-06 19:47:43.979224,2.3131,2.3132
2025-02-06 19:47:45.291451,2.3125,2.3126
2025-02-06 19:47:46.604943,2.3115,2.3116
2025-02-06 19:47:47.917128,2.3115,2.3116
2025-02-06 19:47:49.229884,2.3123,2.3124
2025-02-06 19:47:50.544356,2.3142,2.3143
2025-02-06 19:47:51.856119,2.3144,2.3145
2025-02-06 19:47:53.172467,2.3138,2.3139
2025-02-06 19:47:54.485217,2.3142,2.3143
2025-02-06 19:47:55.797018,2.3135,2.3136
2025-02-06 19:47:57.108204,2.3136,2.3137
2025-02-06 19:47:58.423256,2.3136,2.3137
2025-02-06 19:47:59.733491,2.3141,2.3142
2025-02-06 19:48:01.048789,2.3147,2.3148
2025-02-06 19:48:02.361270,2.3147,2.3148
2025-02-06 19:48:03.674875,2.3156,2.3157
2025-02-06 19:48:04.989076,2.3163,2.3164
2025-02-06 19:48:06.310101,2.3159,2.316
2025-02-06 19:48:07.621777,2.3145,2.3146
2025-02-06 19:48:08.933081,2.3152,2.3153
2025-02-06 19:48:10.244291,2.316,2.3161
2025-02-06 19:48:11.554441,2.3166,2.3167
2025-02-06 19:48:12.868981,2.3178,2.3179
2025-02-06 19:48:14.178906,2.3182,2.3183
2025-02-06 19:48:15.492326,2.3182,2.3183
2025-02-06 19:48:16.808742,2.3186,2.3187
2025-02-06 19:48:18.121240,2.3186,2.3187
2025-02-06 19:48:19.435219,2.3181,2.3182
2025-02-06 19:48:20.748907,2.3168,2.3169
2025-02-06 19:48:22.059637,2.3163,2.3164
2025-02-06 19:48:23.370586,2.316,2.3161
2025-02-06 19:48:24.680835,2.3162,2.3163
2025-02-06 19:48:26.442794,2.3169,2.317
2025-02-06 19:48:27.753598,2.3172,2.3173
2025-02-06 19:48:29.064764,2.3179,2.318
2025-02-06 19:48:30.379898,2.3181,2.3182
2025-02-06 19:48:31.690671,2.3177,2.3178
2025-02-06 19:48:33.003228,2.3179,2.318
2025-02-06 19:48:34.320559,2.319,2.3191
2025-02-06 19:48:35.634271,2.3183,2.3184
2025-02-06 19:48:36.948255,2.3186,2.3187
2025-02-06 19:48:38.263290,2.3184,2.3185
2025-02-06 19:48:39.585316,2.3182,2.3183
2025-02-06 19:48:40.902325,2.3176,2.3177
2025-02-06 19:48:42.212840,2.3177,2.3178
2025-02-06 19:48:43.522203,2.3174,2.3175
2025-02-06 19:48:44.840741,2.3167,2.3168
2025-02-06 19:48:46.152591,2.317,2.3171
2025-02-06 19:48:47.467320,2.3172,2.3173
2025-02-06 19:48:48.779321,2.3157,2.3158
2025-02-06 19:48:50.090766,2.3147,2.3148
2025-02-06 19:48:51.400920,2.3157,2.3158
2025-02-06 19:48:52.713159,2.3153,2.3154
2025-02-06 19:48:54.025619,2.3159,2.316
2025-02-06 19:48:55.336857,2.3151,2.3152
2025-02-06 19:48:56.649652,2.3154,2.3155
2025-02-06 19:48:57.960313,2.316,2.3161
2025-02-06 19:48:59.271068,2.3146,2.3147
2025-02-06 19:49:00.582023,2.3133,2.3134
2025-02-06 19:49:01.890550,2.3131,2.3132
2025-02-06 19:49:03.202430,2.3123,2.3124
2025-02-06 19:49:04.513719,2.3126,2.3127
2025-02-06 19:49:05.826496,2.313,2.3131
2025-02-06 19:49:07.137734,2.3146,2.3147
2025-02-06 19:49:08.449938,2.316,2.3161
2025-02-06 19:49:09.764637,2.3165,2.3166
2025-02-06 19:49:11.077432,2.3172,2.3173
2025-02-06 19:49:12.390332,2.3173,2.3174
2025-02-06 19:49:13.701579,2.3171,2.3172
2025-02-06 19:49:15.013671,2.3158,2.3159
2025-02-06 19:49:16.324678,2.3165,2.3166
2025-02-06 19:49:17.635310,2.3158,2.3159
2025-02-06 19:49:18.948194,2.3141,2.3142
2025-02-06 19:49:20.260113,2.314,2.3141
2025-02-06 19:49:21.570607,2.3144,2.3145
2025-02-06 19:49:22.883622,2.3129,2.313
2025-02-06 19:49:24.195879,2.3123,2.3124
2025-02-06 19:49:25.509087,2.3127,2.3128
2025-02-06 19:49:27.273277,2.3121,2.3122
2025-02-06 19:49:28.589633,2.312,2.3121
2025-02-06 19:49:29.901475,2.3125,2.3126
2025-02-06 19:49:31.212161,2.3135,2.3136
2025-02-06 19:49:32.977325,2.3148,2.3149
2025-02-06 19:49:34.289845,2.3149,2.315
2025-02-06 19:49:35.600988,2.3151,2.3152
2025-02-06 19:49:36.913648,2.315,2.3151
2025-02-06 19:49:38.223341,2.3143,2.3144
2025-02-06 19:49:39.534348,2.3133,2.3134
2025-02-06 19:49:40.844474,2.3134,2.3135
2025-02-06 19:49:42.155984,2.3139,2.314
2025-02-06 19:49:43.465388,2.3137,2.3138
2025-02-06 19:49:44.775900,2.314,2.3141
2025-02-06 19:49:46.085284,2.3155,2.3156
2025-02-06 19:49:47.396876,2.315,2.3151
2025-02-06 19:49:48.708975,2.3149,2.315
2025-02-06 19:49:50.033203,2.3153,2.3154
2025-02-06 19:49:51.345422,2.3146,2.3147
2025-02-06 19:49:52.655120,2.3141,2.3142
2025-02-06 19:49:53.965780,2.315,2.3151
2025-02-06 19:49:55.277844,2.3143,2.3144
2025-02-06 19:49:56.588226,2.3144,2.3145
2025-02-06 19:49:57.900119,2.3144,2.3145
2025-02-06 19:49:59.210417,2.3137,2.3138
2025-02-06 19:50:00.520519,2.3132,2.3133
2025-02-06 19:50:01.836291,2.3136,2.3137
2025-02-06 19:50:03.162274,2.3119,2.312
2025-02-06 19:50:04.477450,2.3123,2.3124
2025-02-06 19:50:05.788538,2.3135,2.3136
2025-02-06 19:50:07.098741,2.3135,2.3136
2025-02-06 19:50:08.413029,2.3124,2.3125
2025-02-06 19:50:09.723905,2.3118,2.3119
2025-02-06 19:50:11.039969,2.3114,2.3115
2025-02-06 19:50:12.351457,2.3108,2.3109
2025-02-06 19:50:13.662550,2.3102,2.3103
2025-02-06 19:50:14.973427,2.3095,2.3096
2025-02-06 19:50:16.282992,2.3096,2.3097
2025-02-06 19:50:17.591851,2.3092,2.3093
2025-02-06 19:50:18.905340,2.3095,2.3096
2025-02-06 19:50:20.216701,2.3117,2.3118
2025-02-06 19:50:21.530291,2.3111,2.3112
2025-02-06 19:50:22.840647,2.3105,2.3106
2025-02-06 19:50:24.153263,2.3102,2.3103
2025-02-06 19:50:25.463592,2.3103,2.3104
2025-02-06 19:50:26.775162,2.31,2.3101
2025-02-06 19:50:28.085144,2.3097,2.3098
2025-02-06 19:50:29.398657,2.3085,2.3086
2025-02-06 19:50:31.165109,2.3086,2.3087
2025-02-06 19:50:32.476700,2.3081,2.3082
2025-02-06 19:50:33.793472,2.3082,2.3083
2025-02-06 19:50:35.104403,2.3087,2.3088
2025-02-06 19:50:36.415522,2.3101,2.3102
2025-02-06 19:50:37.726245,2.3098,2.3099
2025-02-06 19:50:39.035455,2.3093,2.3094
2025-02-06 19:50:40.347439,2.3086,2.3087
2025-02-06 19:50:41.658493,2.3084,2.3085
2025-02-06 19:50:42.969858,2.3082,2.3083
2025-02-06 19:50:44.279853,2.3086,2.3087
2025-02-06 19:50:45.593569,2.3083,2.3084
2025-02-06 19:50:46.910203,2.3078,2.3079
2025-02-06 19:50:48.222239,2.3072,2.3073
2025-02-06 19:50:49.534016,2.3064,2.3065
2025-02-06 19:50:50.847258,2.3066,2.3067
2025-02-06 19:50:52.159415,2.3086,2.3087
2025-02-06 19:50:53.470956,2.3092,2.3093
2025-02-06 19:50:54.783185,2.31,2.3101
2025-02-06 19:50:56.094169,2.3107,2.3108
2025-02-06 19:50:57.404975,2.3106,2.3107
2025-02-06 19:50:58.713911,2.3102,2.3103
2025-02-06 19:51:00.023822,2.3097,2.3098
2025-02-06 19:51:01.333651,2.3093,2.3094
2025-02-06 19:51:02.644827,2.3086,2.3087
2025-02-06 19:51:03.954793,2.3081,2.3082
2025-02-06 19:51:05.266539,2.3072,2.3073
2025-02-06 19:51:06.576238,2.3064,2.3065
2025-02-06 19:51:07.888045,2.307,2.3071
2025-02-06 19:51:09.197877,2.3065,2.3066
2025-02-06 19:51:10.510366,2.3067,2.3068
2025-02-06 19:51:11.821052,2.3076,2.3077
2025-02-06 19:51:13.134709,2.308,2.3081
2025-02-06 19:51:14.447344,2.3069,2.307
2025-02-06 19:51:15.759205,2.3067,2.3068
2025-02-06 19:51:17.073850,2.3069,2.307
2025-02-06 19:51:18.385288,2.3085,2.3086
2025-02-06 19:51:19.697082,2.3085,2.3086
2025-02-06 19:51:21.006775,2.3087,2.3088
2025-02-06 19:51:22.317341,2.3087,2.3088
2025-02-06 19:51:23.629295,2.3087,2.3088
2025-02-06 19:51:24.942680,2.309,2.3091
2025-02-06 19:51:26.252852,2.3093,2.3094
2025-02-06 19:51:27.563777,2.3091,2.3092
2025-02-06 19:51:28.875244,2.3091,2.3092
2025-02-06 19:51:30.185121,2.3087,2.3088
2025-02-06 19:51:31.497111,2.3087,2.3088
2025-02-06 19:51:32.815189,2.3085,2.3086
2025-02-06 19:51:34.131450,2.3081,2.3082
2025-02-06 19:51:35.440980,2.3074,2.3075
2025-02-06 19:51:36.753945,2.3083,2.3084
2025-02-06 19:51:38.068197,2.3097,2.3098
2025-02-06 19:51:39.379489,2.3099,2.31
2025-02-06 19:51:40.693146,2.3098,2.3099
2025-02-06 19:51:42.003914,2.3101,2.3102
2025-02-06 19:51:43.316304,2.3093,2.3094
2025-02-06 19:51:44.629920,2.3101,2.3102
2025-02-06 19:51:45.974917,2.309,2.3091
2025-02-06 19:51:47.285237,2.309,2.3091
2025-02-06 19:51:48.598270,2.3084,2.3085
2025-02-06 19:51:49.909658,2.3078,2.3079
2025-02-06 19:51:51.219472,2.3076,2.3077
2025-02-06 19:51:52.531860,2.3076,2.3077
2025-02-06 19:51:53.843728,2.3076,2.3077
2025-02-06 19:51:55.154741,2.3077,2.3078
2025-02-06 19:51:56.464624,2.3079,2.308
2025-02-06 19:51:57.779963,2.3081,2.3082
2025-02-06 19:51:59.091274,2.3076,2.3077
2025-02-06 19:52:00.406951,2.3062,2.3063
2025-02-06 19:52:01.716698,2.3061,2.3062
2025-02-06 19:52:03.027844,2.3044,2.3045
2025-02-06 19:52:04.341824,2.3041,2.3042
2025-02-06 19:52:05.656270,2.3048,2.3049
2025-02-06 19:52:06.966599,2.3037,2.3038
2025-02-06 19:52:08.279930,2.3037,2.3038
2025-02-06 19:52:09.594836,2.3037,2.3038
2025-02-06 19:52:10.910078,2.3042,2.3043
2025-02-06 19:52:12.221257,2.3034,2.3035
2025-02-06 19:52:13.531910,2.3032,2.3033
2025-02-06 19:52:14.839927,2.3041,2.3042
2025-02-06 19:52:16.152385,2.3045,2.3046
2025-02-06 19:52:17.471857,2.3044,2.3045
2025-02-06 19:52:18.781753,2.3032,2.3033
2025-02-06 19:52:20.091768,2.3035,2.3036
2025-02-06 19:52:21.403380,2.3028,2.3029
2025-02-06 19:52:22.715528,2.3028,2.3029
2025-02-06 19:52:24.026965,2.3031,2.3032
2025-02-06 19:52:25.337220,2.3027,2.3028
2025-02-06 19:52:26.653183,2.3026,2.3027
2025-02-06 19:52:27.962961,2.304,2.3041
2025-02-06 19:52:29.277238,2.3027,2.3028
2025-02-06 19:52:31.041544,2.3033,2.3034
2025-02-06 19:52:32.352356,2.3031,2.3032
2025-02-06 19:52:33.663956,2.3027,2.3028
2025-02-06 19:52:34.973951,2.3027,2.3028
2025-02-06 19:52:36.883140,2.3031,2.3032
2025-02-06 19:52:38.194906,2.3045,2.3046
2025-02-06 19:52:39.508266,2.3052,2.3053
2025-02-06 19:52:40.821658,2.3042,2.3043
2025-02-06 19:52:42.131883,2.3037,2.3038
2025-02-06 19:52:43.443267,2.3029,2.303
2025-02-06 19:52:44.760641,2.3026,2.3027
2025-02-06 19:52:46.069692,2.3026,2.3027
2025-02-06 19:52:47.381762,2.3026,2.3027
2025-02-06 19:52:48.692394,2.3021,2.3022
2025-02-06 19:52:50.003422,2.302,2.3021
2025-02-06 19:52:51.312858,2.3019,2.302
2025-02-06 19:52:52.625936,2.302,2.3021
2025-02-06 19:52:53.936944,2.3016,2.3017
2025-02-06 19:52:55.247070,2.3003,2.3004
2025-02-06 19:52:56.558614,2.3007,2.3008
2025-02-06 19:52:57.868457,2.3004,2.3005
2025-02-06 19:52:59.185181,2.3,2.3001
2025-02-06 19:53:00.503230,2.3,2.3001
2025-02-06 19:53:01.812636,2.3001,2.3002
2025-02-06 19:53:03.124472,2.2999,2.3
2025-02-06 19:53:04.437584,2.299,2.2991
2025-02-06 19:53:05.753420,2.2998,2.2999
2025-02-06 19:53:07.068727,2.3011,2.3012
2025-02-06 19:53:08.379563,2.3011,2.3012
2025-02-06 19:53:09.693992,2.3007,2.3008
2025-02-06 19:53:11.015512,2.3016,2.3017
2025-02-06 19:53:12.332733,2.3023,2.3024
2025-02-06 19:53:13.647277,2.3027,2.3028
2025-02-06 19:53:14.958778,2.3027,2.3028
2025-02-06 19:53:16.271739,2.3023,2.3024
2025-02-06 19:53:17.585455,2.3012,2.3013
2025-02-06 19:53:18.895679,2.3003,2.3004
2025-02-06 19:53:20.207005,2.3001,2.3002
2025-02-06 19:53:21.520948,2.3012,2.3013
2025-02-06 19:53:22.831515,2.3019,2.302
2025-02-06 19:53:24.143523,2.3018,2.3019
2025-02-06 19:53:25.451694,2.3016,2.3017
2025-02-06 19:53:26.764431,2.3017,2.3018
2025-02-06 19:53:28.076011,2.3011,2.3012
2025-02-06 19:53:29.385764,2.3007,2.3008
2025-02-06 19:53:31.151606,2.3012,2.3013
2025-02-06 19:53:32.463197,2.3002,2.3003
2025-02-06 19:53:33.774567,2.2999,2.3
2025-02-06 19:53:35.085942,2.2999,2.3
2025-02-06 19:53:36.404753,2.2999,2.3
2025-02-06 19:53:37.715513,2.2989,2.299
2025-02-06 19:53:39.050421,2.2994,2.2995
2025-02-06 19:53:40.361238,2.2988,2.2989
2025-02-06 19:53:41.669523,2.2993,2.2994
2025-02-06 19:53:42.989527,2.2997,2.2998
2025-02-06 19:53:44.301397,2.2996,2.2997
2025-02-06 19:53:45.611421,2.2988,2.2989
2025-02-06 19:53:46.922453,2.2979,2.298
2025-02-06 19:53:48.232391,2.2976,2.2977
2025-02-06 19:53:49.543722,2.2969,2.297
2025-02-06 19:53:50.853478,2.297,2.2971
2025-02-06 19:53:52.164427,2.2974,2.2975
2025-02-06 19:53:53.474255,2.2974,2.2975
2025-02-06 19:53:54.785095,2.2974,2.2975
2025-02-06 19:53:56.348096,2.2974,2.2975
2025-02-06 19:53:57.659352,2.2972,2.2973
2025-02-06 19:53:58.969861,2.2976,2.2977
2025-02-06 19:54:00.280600,2.2966,2.2967
2025-02-06 19:54:01.590059,2.2965,2.2966
2025-02-06 19:54:02.900593,2.2973,2.2974
2025-02-06 19:54:04.217025,2.296,2.2961
2025-02-06 19:54:05.531496,2.2966,2.2967
2025-02-06 19:54:06.841762,2.2975,2.2976
2025-02-06 19:54:08.152144,2.297,2.2971
2025-02-06 19:54:09.462889,2.2974,2.2975
2025-02-06 19:54:10.780258,2.2974,2.2975
2025-02-06 19:54:12.091488,2.2972,2.2973
2025-02-06 19:54:13.403134,2.2979,2.298
2025-02-06 19:54:14.713143,2.2979,2.298
2025-02-06 19:54:16.025220,2.2994,2.2995
2025-02-06 19:54:17.340146,2.3008,2.3009
2025-02-06 19:54:18.652675,2.3015,2.3016
2025-02-06 19:54:19.965016,2.3015,2.3016
2025-02-06 19:54:21.276665,2.3018,2.3019
2025-02-06 19:54:22.589653,2.3011,2.3012
2025-02-06 19:54:23.900539,2.301,2.3011
2025-02-06 19:54:25.210309,2.3012,2.3013
2025-02-06 19:54:26.522799,2.3016,2.3017
2025-02-06 19:54:27.835983,2.3019,2.302
2025-02-06 19:54:29.148759,2.3024,2.3025
2025-02-06 19:54:30.460330,2.3025,2.3026
2025-02-06 19:54:31.772461,2.3025,2.3026
2025-02-06 19:54:33.084317,2.3043,2.3044
2025-02-06 19:54:34.400130,2.3039,2.304
2025-02-06 19:54:35.710080,2.3032,2.3033
2025-02-06 19:54:37.476502,2.3024,2.3025
2025-02-06 19:54:39.956302,2.3024,2.3025
2025-02-06 19:54:41.266888,2.3023,2.3024
2025-02-06 19:54:42.578516,2.3019,2.302
2025-02-06 19:54:43.890104,2.3016,2.3017
2025-02-06 19:54:45.199903,2.3012,2.3013
2025-02-06 19:54:46.510792,2.3009,2.301
2025-02-06 19:54:47.822828,2.3006,2.3007
2025-02-06 19:54:49.133758,2.3005,2.3006
2025-02-06 19:54:50.444040,2.3012,2.3013
2025-02-06 19:54:51.755522,2.3006,2.3007
2025-02-06 19:54:53.065283,2.3006,2.3007
2025-02-06 19:54:54.375131,2.3005,2.3006
2025-02-06 19:54:55.686352,2.3006,2.3007
2025-02-06 19:54:56.996952,2.3006,2.3007
2025-02-06 19:54:58.309139,2.3002,2.3003
2025-02-06 19:54:59.619602,2.2988,2.2989
2025-02-06 19:55:00.930783,2.2987,2.2988
2025-02-06 19:55:02.240724,2.2985,2.2986
2025-02-06 19:55:03.563369,2.2979,2.298
2025-02-06 19:55:04.878020,2.2982,2.2983
2025-02-06 19:55:06.188667,2.2986,2.2987
2025-02-06 19:55:07.499836,2.2986,2.2987
2025-02-06 19:55:08.810712,2.2989,2.299
2025-02-06 19:55:10.122103,2.2986,2.2987
2025-02-06 19:55:11.434480,2.2992,2.2993
2025-02-06 19:55:12.748810,2.2988,2.2989
2025-02-06 19:55:14.059977,2.2982,2.2983
2025-02-06 19:55:15.370954,2.2982,2.2983
2025-02-06 19:55:16.682321,2.2965,2.2966
2025-02-06 19:55:17.992555,2.2964,2.2965
2025-02-06 19:55:19.304296,2.2958,2.2959
2025-02-06 19:55:20.619083,2.296,2.2961
2025-02-06 19:55:21.930338,2.2959,2.296
2025-02-06 19:55:23.243166,2.2962,2.2963
2025-02-06 19:55:24.554590,2.296,2.2961
2025-02-06 19:55:25.839201,2.2963,2.2964
2025-02-06 19:55:27.123918,2.2965,2.2966
2025-02-06 19:55:28.411851,2.2959,2.296
2025-02-06 19:55:29.696912,2.2959,2.296
2025-02-06 19:55:30.981671,2.2976,2.2977
2025-02-06 19:55:32.272434,2.2971,2.2972
2025-02-06 19:55:33.565991,2.2978,2.2979
2025-02-06 19:55:34.850100,2.2979,2.298
2025-02-06 19:55:36.134155,2.298,2.2981
2025-02-06 19:55:37.418703,2.298,2.2981
2025-02-06 19:55:38.705860,2.2978,2.2979
2025-02-06 19:55:39.992165,2.2978,2.2979
2025-02-06 19:55:41.276935,2.2996,2.2997
2025-02-06 19:55:42.564870,2.2999,2.3
2025-02-06 19:55:43.849838,2.2993,2.2994
2025-02-06 19:55:45.135193,2.2995,2.2996
2025-02-06 19:55:46.419055,2.3001,2.3002
2025-02-06 19:55:47.705465,2.2993,2.2994
2025-02-06 19:55:48.991610,2.2988,2.2989
2025-02-06 19:55:50.277281,2.2975,2.2976
2025-02-06 19:55:51.564700,2.2981,2.2982
2025-02-06 19:55:52.848318,2.2981,2.2982
2025-02-06 19:55:54.134606,2.2979,2.298
2025-02-06 19:55:55.425470,2.298,2.2981
2025-02-06 19:55:56.711860,2.2991,2.2992
2025-02-06 19:55:57.999329,2.298,2.2981
2025-02-06 19:55:59.283493,2.298,2.2981
2025-02-06 19:56:00.569975,2.2984,2.2985
2025-02-06 19:56:01.855800,2.2992,2.2993
2025-02-06 19:56:03.141854,2.2994,2.2995
2025-02-06 19:56:04.426641,2.2995,2.2996
2025-02-06 19:56:05.712808,2.3012,2.3013
2025-02-06 19:56:06.998287,2.3003,2.3004
2025-02-06 19:56:08.281768,2.3004,2.3005
2025-02-06 19:56:09.567252,2.3006,2.3007
2025-02-06 19:56:10.853318,2.3001,2.3002
2025-02-06 19:56:12.137308,2.3001,2.3002
2025-02-06 19:56:13.423672,2.3004,2.3005
2025-02-06 19:56:14.708407,2.2999,2.3
2025-02-06 19:56:15.996532,2.2998,2.2999
2025-02-06 19:56:17.285604,2.3008,2.3009
2025-02-06 19:56:18.573579,2.3002,2.3003
2025-02-06 19:56:19.862351,2.2999,2.3
2025-02-06 19:56:21.146793,2.3,2.3001
2025-02-06 19:56:22.431828,2.2999,2.3
2025-02-06 19:56:23.717703,2.3005,2.3006
2025-02-06 19:56:25.002695,2.3009,2.301
2025-02-06 19:56:26.286680,2.3007,2.3008
2025-02-06 19:56:27.574134,2.3014,2.3015
2025-02-06 19:56:28.859791,2.3026,2.3027
2025-02-06 19:56:30.152331,2.3021,2.3022
2025-02-06 19:56:31.437720,2.3016,2.3017
2025-02-06 19:56:32.722947,2.3014,2.3015
2025-02-06 19:56:34.006565,2.3023,2.3024
2025-02-06 19:56:35.295004,2.3018,2.3019
2025-02-06 19:56:36.584614,2.3019,2.302
2025-02-06 19:56:37.872673,2.3019,2.302
2025-02-06 19:56:39.159876,2.3016,2.3017
2025-02-06 19:56:40.447413,2.3027,2.3028
2025-02-06 19:56:41.733623,2.3027,2.3028
2025-02-06 19:56:43.020521,2.3027,2.3028
2025-02-06 19:56:44.305743,2.3023,2.3024
2025-02-06 19:56:45.591926,2.3021,2.3022
2025-02-06 19:56:46.877152,2.3013,2.3014
2025-02-06 19:56:48.159791,2.3015,2.3016
2025-02-06 19:56:49.447195,2.3018,2.3019
2025-02-06 19:56:50.736654,2.3012,2.3013
2025-02-06 19:56:52.025118,2.3017,2.3018
2025-02-06 19:56:53.320420,2.3017,2.3018
2025-02-06 19:56:54.608009,2.3036,2.3037
2025-02-06 19:56:55.895136,2.3034,2.3035
2025-02-06 19:56:57.180725,2.3032,2.3033
2025-02-06 19:56:58.468204,2.3032,2.3033
2025-02-06 19:56:59.754425,2.3031,2.3032
2025-02-06 19:57:01.040874,2.3026,2.3027
2025-02-06 19:57:02.338063,2.3026,2.3027
2025-02-06 19:57:03.622781,2.302,2.3021
2025-02-06 19:57:04.914366,2.3022,2.3023
2025-02-06 19:57:06.200466,2.3022,2.3023
2025-02-06 19:57:07.486276,2.3029,2.303
2025-02-06 19:57:08.775022,2.3031,2.3032
2025-02-06 19:57:10.061854,2.3032,2.3033
2025-02-06 19:57:11.348180,2.3032,2.3033
2025-02-06 19:57:12.634788,2.3029,2.303
2025-02-06 19:57:13.922856,2.3032,2.3033
2025-02-06 19:57:15.208396,2.303,2.3031
2025-02-06 19:57:16.495929,2.303,2.3031
2025-02-06 19:57:17.781162,2.3032,2.3033
2025-02-06 19:57:19.067006,2.3025,2.3026
2025-02-06 19:57:20.352985,2.3025,2.3026
2025-02-06 19:57:21.639600,2.3024,2.3025
2025-02-06 19:57:22.925609,2.302,2.3021
2025-02-06 19:57:24.213377,2.3017,2.3018
2025-02-06 19:57:25.501475,2.3019,2.302
2025-02-06 19:57:26.789164,2.3019,2.302
2025-02-06 19:57:28.077276,2.3017,2.3018
2025-02-06 19:57:29.363229,2.3026,2.3027
2025-02-06 19:57:30.649725,2.3051,2.3052
2025-02-06 19:57:31.942046,2.305,2.3051
2025-02-06 19:57:33.234542,2.3057,2.3058
2025-02-06 19:57:34.519471,2.3052,2.3053
2025-02-06 19:57:35.805344,2.304,2.3041
2025-02-06 19:57:37.089782,2.304,2.3041
2025-02-06 19:57:38.373793,2.3037,2.3038
2025-02-06 19:57:39.660709,2.3038,2.3039
2025-02-06 19:57:40.943456,2.3032,2.3033
2025-02-06 19:57:42.229832,2.3022,2.3023
2025-02-06 19:57:43.513614,2.3029,2.303
2025-02-06 19:57:44.813111,2.3021,2.3022
2025-02-06 19:57:46.097165,2.3023,2.3024
2025-02-06 19:57:47.381926,2.3024,2.3025
2025-02-06 19:57:48.668194,2.3024,2.3025
2025-02-06 19:57:50.405050,2.3018,2.3019
2025-02-06 19:57:51.690279,2.3021,2.3022
2025-02-06 19:57:52.983994,2.3016,2.3017
2025-02-06 19:57:54.268763,2.3016,2.3017
2025-02-06 19:57:55.558906,2.3013,2.3014
2025-02-06 19:57:56.845010,2.3013,2.3014
2025-02-06 19:57:58.129972,2.3015,2.3016
2025-02-06 19:57:59.413910,2.3011,2.3012
2025-02-06 19:58:00.698406,2.3004,2.3005
2025-02-06 19:58:01.983712,2.3004,2.3005
2025-02-06 19:58:03.271962,2.3001,2.3002
2025-02-06 19:58:04.557263,2.301,2.3011
2025-02-06 19:58:05.848067,2.3008,2.3009
2025-02-06 19:58:07.136713,2.3012,2.3013
2025-02-06 19:58:08.424601,2.301,2.3011
2025-02-06 19:58:09.712179,2.301,2.3011
2025-02-06 19:58:11.000326,2.3013,2.3014
2025-02-06 19:58:12.288181,2.3016,2.3017
2025-02-06 19:58:13.572389,2.3009,2.301
2025-02-06 19:58:14.858088,2.3009,2.301
2025-02-06 19:58:16.142761,2.3012,2.3013
2025-02-06 19:58:17.428116,2.3006,2.3007
2025-02-06 19:58:18.714073,2.3004,2.3005
2025-02-06 19:58:20.000834,2.3003,2.3004
2025-02-06 19:58:21.285296,2.3005,2.3006
2025-02-06 19:58:22.571578,2.3005,2.3006
2025-02-06 19:58:23.856355,2.3009,2.301
2025-02-06 19:58:25.143822,2.3013,2.3014
2025-02-06 19:58:26.429279,2.3009,2.301
2025-02-06 19:58:27.716138,2.3006,2.3007
2025-02-06 19:58:29.001677,2.3008,2.3009
2025-02-06 19:58:30.287054,2.3007,2.3008
2025-02-06 19:58:31.571243,2.301,2.3011
2025-02-06 19:58:32.855495,2.301,2.3011
2025-02-06 19:58:34.141365,2.301,2.3011
2025-02-06 19:58:35.425513,2.301,2.3011
2025-02-06 19:58:36.711794,2.301,2.3011
2025-02-06 19:58:38.451260,2.301,2.3011
2025-02-06 19:58:39.736072,2.301,2.3011
2025-02-06 19:58:41.023042,2.301,2.3011
2025-02-06 19:58:42.313977,2.301,2.3011
2025-02-06 19:58:43.598438,2.301,2.3011
2025-02-06 19:58:44.882833,2.3,2.3001
2025-02-06 19:58:46.178878,2.3003,2.3004
2025-02-06 19:58:47.466547,2.3005,2.3006
2025-02-06 19:58:48.751464,2.2978,2.2979
2025-02-06 19:58:50.038548,2.2975,2.2976
2025-02-06 19:58:51.329826,2.2977,2.2978
2025-02-06 19:58:52.614820,2.2977,2.2978
2025-02-06 19:58:53.900859,2.2977,2.2978
2025-02-06 19:58:55.189587,2.2977,2.2978
2025-02-06 19:58:56.472430,2.2977,2.2978
2025-02-06 19:58:57.758104,2.2984,2.2985
2025-02-06 19:58:59.043170,2.298,2.2981
2025-02-06 19:59:00.329977,2.2981,2.2982
2025-02-06 19:59:01.615818,2.2991,2.2992
2025-02-06 19:59:02.899602,2.2994,2.2995
2025-02-06 19:59:04.194897,2.2996,2.2997
2025-02-06 19:59:05.482754,2.3,2.3001
2025-02-06 19:59:06.769626,2.3003,2.3004
2025-02-06 19:59:08.057252,2.3004,2.3005
2025-02-06 19:59:09.342982,2.3005,2.3006
2025-02-06 19:59:10.652527,2.3005,2.3006
2025-02-06 19:59:11.938263,2.3009,2.301
2025-02-06 19:59:13.221537,2.3012,2.3013
2025-02-06 19:59:14.511369,2.3008,2.3009
2025-02-06 19:59:15.793628,2.3013,2.3014
2025-02-06 19:59:17.082424,2.3019,2.302
2025-02-06 19:59:18.367161,2.3021,2.3022
2025-02-06 19:59:19.652675,2.3021,2.3022
2025-02-06 19:59:20.937853,2.3015,2.3016
2025-02-06 19:59:22.224597,2.3015,2.3016
2025-02-06 19:59:23.512727,2.3015,2.3016
2025-02-06 19:59:24.801811,2.3017,2.3018
2025-02-06 19:59:26.087521,2.3018,2.3019
2025-02-06 19:59:27.378703,2.3019,2.302
2025-02-06 19:59:28.661672,2.3023,2.3024
2025-02-06 19:59:29.948035,2.3023,2.3024
2025-02-06 19:59:31.233866,2.3023,2.3024
2025-02-06 19:59:32.518328,2.3023,2.3024
2025-02-06 19:59:33.804219,2.3023,2.3024
2025-02-06 19:59:35.089081,2.3027,2.3028
2025-02-06 19:59:36.376262,2.3032,2.3033
2025-02-06 19:59:37.660618,2.3032,2.3033
2025-02-06 19:59:38.946043,2.3033,2.3034
2025-02-06 19:59:40.243938,2.3032,2.3033
2025-02-06 19:59:41.530892,2.3035,2.3036
2025-02-06 19:59:42.818112,2.3033,2.3034
2025-02-06 19:59:44.102221,2.3035,2.3036
2025-02-06 19:59:45.388002,2.3042,2.3043
2025-02-06 19:59:46.674318,2.3037,2.3038
2025-02-06 19:59:47.960353,2.3033,2.3034
2025-02-06 19:59:49.247092,2.3031,2.3032
2025-02-06 19:59:50.530516,2.3031,2.3032
2025-02-06 19:59:51.814699,2.3031,2.3032
2025-02-06 19:59:53.100322,2.3033,2.3034
2025-02-06 19:59:54.383488,2.3033,2.3034
2025-02-06 19:59:55.669716,2.3034,2.3035
2025-02-06 19:59:56.954349,2.3034,2.3035
2025-02-06 19:59:58.238035,2.3033,2.3034
2025-02-06 19:59:59.522878,2.3033,2.3034
2025-02-06 20:00:00.807754,2.304,2.3041
2025-02-06 20:00:02.094683,2.3038,2.3039
2025-02-06 20:00:03.379039,2.3044,2.3045
2025-02-06 20:00:04.663683,2.3042,2.3043
2025-02-06 20:00:05.950014,2.3037,2.3038
2025-02-06 20:00:07.234411,2.3087,2.3088
2025-02-06 20:00:08.520660,2.3074,2.3075
2025-02-06 20:00:09.804428,2.3075,2.3076
2025-02-06 20:00:11.094967,2.3062,2.3063
2025-02-06 20:00:12.381053,2.3052,2.3053
2025-02-06 20:00:13.665685,2.3043,2.3044
2025-02-06 20:00:14.951727,2.3043,2.3044
2025-02-06 20:00:16.242888,2.3035,2.3036
2025-02-06 20:00:17.527855,2.303,2.3031
2025-02-06 20:00:18.813851,2.3029,2.303
2025-02-06 20:00:20.107675,2.3029,2.303
2025-02-06 20:00:21.396250,2.3034,2.3035
2025-02-06 20:00:22.682033,2.3028,2.3029
2025-02-06 20:00:23.965822,2.3028,2.3029
2025-02-06 20:00:25.252952,2.3018,2.3019
2025-02-06 20:00:26.536306,2.3014,2.3015
2025-02-06 20:00:27.823006,2.3013,2.3014
2025-02-06 20:00:29.109943,2.3015,2.3016
2025-02-06 20:00:30.396136,2.3019,2.302
2025-02-06 20:00:31.682380,2.3024,2.3025
2025-02-06 20:00:32.964492,2.3037,2.3038
2025-02-06 20:00:34.248029,2.3047,2.3048
2025-02-06 20:00:35.534505,2.3044,2.3045
2025-02-06 20:00:36.819549,2.304,2.3041
2025-02-06 20:00:38.111765,2.3025,2.3026
2025-02-06 20:00:39.399847,2.3028,2.3029
2025-02-06 20:00:40.685897,2.3016,2.3017
2025-02-06 20:00:41.969805,2.3018,2.3019
2025-02-06 20:00:43.255233,2.3017,2.3018
2025-02-06 20:00:44.541682,2.301,2.3011
2025-02-06 20:00:45.826459,2.3003,2.3004
2025-02-06 20:00:47.111577,2.3,2.3001
2025-02-06 20:00:48.396865,2.2985,2.2986
2025-02-06 20:00:49.682674,2.2983,2.2984
2025-02-06 20:00:50.967738,2.2978,2.2979
2025-02-06 20:00:52.254883,2.2978,2.2979
2025-02-06 20:00:53.542692,2.2985,2.2986
2025-02-06 20:00:54.828383,2.2964,2.2965
2025-02-06 20:00:56.112427,2.2957,2.2958
2025-02-06 20:00:57.401388,2.2966,2.2967
2025-02-06 20:00:58.687612,2.2967,2.2968
2025-02-06 20:00:59.973205,2.2973,2.2974
2025-02-06 20:01:01.255933,2.2972,2.2973
2025-02-06 20:01:02.540795,2.2974,2.2975
2025-02-06 20:01:03.827596,2.2958,2.2959
2025-02-06 20:01:05.116134,2.296,2.2961
2025-02-06 20:01:06.416929,2.294,2.2941
2025-02-06 20:01:07.704041,2.2943,2.2944
2025-02-06 20:01:08.996084,2.2944,2.2945
2025-02-06 20:01:10.280740,2.2945,2.2946
2025-02-06 20:01:11.566851,2.2949,2.295
2025-02-06 20:01:12.852220,2.2953,2.2954
2025-02-06 20:01:14.136959,2.2961,2.2962
2025-02-06 20:01:15.421019,2.297,2.2971
2025-02-06 20:01:16.706389,2.2972,2.2973
2025-02-06 20:01:17.992735,2.2972,2.2973
2025-02-06 20:01:19.277088,2.2972,2.2973
2025-02-06 20:01:20.563264,2.2989,2.299
2025-02-06 20:01:21.848544,2.299,2.2991
2025-02-06 20:01:23.134198,2.2997,2.2998
2025-02-06 20:01:24.418391,2.3001,2.3002
2025-02-06 20:01:25.712861,2.3,2.3001
2025-02-06 20:01:26.997145,2.2987,2.2988
2025-02-06 20:01:28.281733,2.2991,2.2992
2025-02-06 20:01:29.570955,2.3005,2.3006
2025-02-06 20:01:30.853933,2.3006,2.3007
2025-02-06 20:01:32.137868,2.3015,2.3016
2025-02-06 20:01:33.422574,2.3017,2.3018
2025-02-06 20:01:34.708453,2.3018,2.3019
2025-02-06 20:01:35.992899,2.3001,2.3002
2025-02-06 20:01:37.276953,2.3001,2.3002
2025-02-06 20:01:39.018318,2.3023,2.3024
2025-02-06 20:01:40.304853,2.3029,2.303
2025-02-06 20:01:41.593643,2.3029,2.303
2025-02-06 20:01:42.879564,2.3023,2.3024
2025-02-06 20:01:44.164330,2.3021,2.3022
2025-02-06 20:01:45.449309,2.3027,2.3028
2025-02-06 20:01:46.736067,2.3024,2.3025
2025-02-06 20:01:48.476096,2.302,2.3021
2025-02-06 20:01:49.760993,2.3035,2.3036
2025-02-06 20:01:51.045237,2.3039,2.304
2025-02-06 20:01:52.334444,2.3047,2.3048
2025-02-06 20:01:53.618890,2.305,2.3051
2025-02-06 20:01:54.905683,2.3052,2.3053
2025-02-06 20:01:56.642691,2.3061,2.3062
2025-02-06 20:01:57.928725,2.3062,2.3063
2025-02-06 20:01:59.213195,2.3055,2.3056
2025-02-06 20:02:00.497730,2.3049,2.305
2025-02-06 20:02:01.783028,2.3055,2.3056
2025-02-06 20:02:03.067344,2.3076,2.3077
2025-02-06 20:02:04.353417,2.3082,2.3083
2025-02-06 20:02:05.638351,2.307,2.3071
2025-02-06 20:02:06.924640,2.3077,2.3078
2025-02-06 20:02:08.212181,2.3082,2.3083
2025-02-06 20:02:09.496032,2.3085,2.3086
2025-02-06 20:02:10.783808,2.3078,2.3079
2025-02-06 20:02:12.069916,2.3062,2.3063
2025-02-06 20:02:13.353982,2.3057,2.3058
2025-02-06 20:02:14.643320,2.3075,2.3076
2025-02-06 20:02:15.928028,2.3084,2.3085
2025-02-06 20:02:17.213013,2.3086,2.3087
2025-02-06 20:02:18.499945,2.3084,2.3085
2025-02-06 20:02:19.787758,2.3092,2.3093
2025-02-06 20:02:21.075561,2.3079,2.308
2025-02-06 20:02:22.359481,2.3074,2.3075
2025-02-06 20:02:23.643555,2.307,2.3071
2025-02-06 20:02:24.930047,2.3066,2.3067
2025-02-06 20:02:26.214203,2.3072,2.3073
2025-02-06 20:02:27.498751,2.3077,2.3078
2025-02-06 20:02:28.781002,2.3079,2.308
2025-02-06 20:02:30.065775,2.3085,2.3086
2025-02-06 20:02:31.350602,2.3091,2.3092
2025-02-06 20:02:32.636267,2.3087,2.3088
2025-02-06 20:02:33.920778,2.3074,2.3075
2025-02-06 20:02:35.204875,2.3071,2.3072
2025-02-06 20:02:36.488932,2.307,2.3071
2025-02-06 20:02:37.775511,2.3087,2.3088
2025-02-06 20:02:39.060175,2.3093,2.3094
2025-02-06 20:02:40.346368,2.3097,2.3098
2025-02-06 20:02:41.633865,2.3088,2.3089
2025-02-06 20:02:42.920936,2.3101,2.3102
2025-02-06 20:02:44.205741,2.3098,2.3099
2025-02-06 20:02:45.943361,2.31,2.3101
2025-02-06 20:02:47.232153,2.3119,2.312
2025-02-06 20:02:48.514928,2.3128,2.3129
2025-02-06 20:02:49.800220,2.312,2.3121
2025-02-06 20:02:51.084811,2.3114,2.3115
2025-02-06 20:02:52.370140,2.3117,2.3118
2025-02-06 20:02:53.654911,2.3107,2.3108
2025-02-06 20:02:54.941419,2.31,2.3101
2025-02-06 20:02:56.226532,2.3095,2.3096
2025-02-06 20:02:57.512283,2.3129,2.313
2025-02-06 20:02:58.796768,2.3126,2.3127
2025-02-06 20:03:00.081887,2.3122,2.3123
2025-02-06 20:03:01.366200,2.3121,2.3122
2025-02-06 20:03:02.649836,2.3114,2.3115
2025-02-06 20:03:03.945680,2.3123,2.3124
2025-02-06 20:03:05.233889,2.3127,2.3128
2025-02-06 20:03:06.517103,2.3146,2.3147
2025-02-06 20:03:07.803720,2.3148,2.3149
2025-02-06 20:03:09.089770,2.3149,2.315
2025-02-06 20:03:10.373929,2.3152,2.3153
2025-02-06 20:03:11.661036,2.3152,2.3153
2025-02-06 20:03:12.944827,2.3129,2.313
2025-02-06 20:03:14.229666,2.3125,2.3126
2025-02-06 20:03:15.513650,2.3127,2.3128
2025-02-06 20:03:16.799145,2.3136,2.3137
2025-02-06 20:03:18.083439,2.3139,2.314
2025-02-06 20:03:19.368768,2.3145,2.3146
2025-02-06 20:03:20.654514,2.3155,2.3156
2025-02-06 20:03:21.938351,2.3154,2.3155
2025-02-06 20:03:23.222518,2.3152,2.3153
2025-02-06 20:03:24.509715,2.3153,2.3154
2025-02-06 20:03:25.794223,2.3155,2.3156
2025-02-06 20:03:27.079096,2.3149,2.315
2025-02-06 20:03:28.364618,2.3144,2.3145
2025-02-06 20:03:29.649068,2.3154,2.3155
2025-02-06 20:03:30.935700,2.3151,2.3152
2025-02-06 20:03:32.220348,2.3153,2.3154
2025-02-06 20:03:33.506253,2.316,2.3161
2025-02-06 20:03:34.792074,2.3163,2.3164
2025-02-06 20:03:36.077073,2.3161,2.3162
2025-02-06 20:03:37.361201,2.3176,2.3177
2025-02-06 20:03:38.644792,2.3177,2.3178
2025-02-06 20:03:39.927504,2.3174,2.3175
2025-02-06 20:03:41.213477,2.318,2.3181
2025-02-06 20:03:42.499205,2.3186,2.3187
2025-02-06 20:03:43.785615,2.3184,2.3185
2025-02-06 20:03:45.070294,2.3189,2.319
2025-02-06 20:03:46.355128,2.318,2.3181
2025-02-06 20:03:47.639188,2.3177,2.3178
2025-02-06 20:03:48.925359,2.3184,2.3185
2025-02-06 20:03:50.208316,2.3189,2.319
2025-02-06 20:03:51.492978,2.3186,2.3187
2025-02-06 20:03:52.777544,2.3185,2.3186
2025-02-06 20:03:54.062001,2.3175,2.3176
2025-02-06 20:03:55.348565,2.3175,2.3176
2025-02-06 20:03:56.633230,2.3171,2.3172
2025-02-06 20:03:57.919500,2.3166,2.3167
2025-02-06 20:03:59.205430,2.3168,2.3169
2025-02-06 20:04:00.489060,2.3171,2.3172
2025-02-06 20:04:01.775289,2.3163,2.3164
2025-02-06 20:04:03.060962,2.3176,2.3177
2025-02-06 20:04:04.344047,2.3179,2.318
2025-02-06 20:04:05.628239,2.3179,2.318
2025-02-06 20:04:06.915191,2.3178,2.3179
2025-02-06 20:04:08.200246,2.3198,2.3199
2025-02-06 20:04:09.485893,2.3196,2.3197
2025-02-06 20:04:10.773297,2.319,2.3191
2025-02-06 20:04:12.057328,2.319,2.3191
2025-02-06 20:04:13.350478,2.3189,2.319
2025-02-06 20:04:14.636082,2.3184,2.3185
2025-02-06 20:04:15.920158,2.3181,2.3182
2025-02-06 20:04:17.204480,2.3188,2.3189
2025-02-06 20:04:18.489898,2.3189,2.319
2025-02-06 20:04:19.776669,2.3201,2.3202
2025-02-06 20:04:21.060706,2.3193,2.3194
2025-02-06 20:04:22.361627,2.3191,2.3192
2025-02-06 20:04:23.646496,2.3192,2.3193
2025-02-06 20:04:24.936989,2.3182,2.3183
2025-02-06 20:04:26.223629,2.3179,2.318
2025-02-06 20:04:27.509501,2.3166,2.3167
2025-02-06 20:04:28.794378,2.3167,2.3168
2025-02-06 20:04:30.077275,2.3169,2.317
2025-02-06 20:04:31.368933,2.3175,2.3176
2025-02-06 20:04:32.652600,2.3164,2.3165
2025-02-06 20:04:33.937989,2.3159,2.316
2025-02-06 20:04:35.222571,2.3153,2.3154
2025-02-06 20:04:36.510210,2.3145,2.3146
2025-02-06 20:04:37.793986,2.3147,2.3148
2025-02-06 20:04:39.080648,2.3147,2.3148
2025-02-06 20:04:40.366387,2.3133,2.3134
2025-02-06 20:04:41.649358,2.3136,2.3137
2025-02-06 20:04:42.936593,2.314,2.3141
2025-02-06 20:04:44.220236,2.3161,2.3162
2025-02-06 20:04:45.507088,2.3169,2.317
2025-02-06 20:04:46.796312,2.3171,2.3172
2025-02-06 20:04:48.080755,2.3173,2.3174
2025-02-06 20:04:49.365934,2.3189,2.319
2025-02-06 20:04:50.651659,2.3184,2.3185
2025-02-06 20:04:51.937121,2.3184,2.3185
2025-02-06 20:04:53.221503,2.3182,2.3183
2025-02-06 20:04:54.510001,2.3174,2.3175
2025-02-06 20:04:55.796493,2.3176,2.3177
2025-02-06 20:04:57.082040,2.317,2.3171
2025-02-06 20:04:58.368619,2.317,2.3171
2025-02-06 20:04:59.655634,2.3177,2.3178
2025-02-06 20:05:00.939907,2.3172,2.3173
2025-02-06 20:05:02.224421,2.3163,2.3164
2025-02-06 20:05:03.509570,2.3148,2.3149
2025-02-06 20:05:04.795470,2.3147,2.3148
2025-02-06 20:05:06.081911,2.3143,2.3144
2025-02-06 20:05:07.365502,2.3157,2.3158
2025-02-06 20:05:08.655128,2.3155,2.3156
2025-02-06 20:05:09.939303,2.3152,2.3153
2025-02-06 20:05:11.221893,2.3153,2.3154
2025-02-06 20:05:12.506640,2.3147,2.3148
2025-02-06 20:05:13.793483,2.3146,2.3147
2025-02-06 20:05:15.077585,2.3147,2.3148
2025-02-06 20:05:16.363402,2.3142,2.3143
2025-02-06 20:05:17.647380,2.3137,2.3138
2025-02-06 20:05:18.933055,2.3133,2.3134
2025-02-06 20:05:20.216897,2.3121,2.3122
2025-02-06 20:05:21.505298,2.3121,2.3122
2025-02-06 20:05:22.789673,2.313,2.3131
2025-02-06 20:05:24.074461,2.3138,2.3139
2025-02-06 20:05:25.363806,2.3128,2.3129
2025-02-06 20:05:26.648351,2.3141,2.3142
2025-02-06 20:05:27.935946,2.3137,2.3138
2025-02-06 20:05:29.221055,2.3131,2.3132
2025-02-06 20:05:30.506933,2.3142,2.3143
2025-02-06 20:05:31.791035,2.316,2.3161
2025-02-06 20:05:33.077429,2.317,2.3171
2025-02-06 20:05:34.363546,2.3182,2.3183
2025-02-06 20:05:35.650752,2.317,2.3171
2025-02-06 20:05:36.935897,2.3178,2.3179
2025-02-06 20:05:38.220231,2.3188,2.3189
2025-02-06 20:05:39.507540,2.3199,2.32
2025-02-06 20:05:40.793365,2.3199,2.32
2025-02-06 20:05:42.079088,2.32,2.3201
2025-02-06 20:05:43.363195,2.3211,2.3212
2025-02-06 20:05:44.647093,2.3213,2.3214
2025-02-06 20:05:45.931649,2.3205,2.3206
2025-02-06 20:05:47.216932,2.3204,2.3205
2025-02-06 20:05:48.501746,2.3202,2.3203
2025-02-06 20:05:49.786102,2.3206,2.3207
2025-02-06 20:05:51.071490,2.3201,2.3202
2025-02-06 20:05:52.356225,2.3199,2.32
2025-02-06 20:05:53.642271,2.32,2.3201
2025-02-06 20:05:54.926390,2.3199,2.32
2025-02-06 20:05:56.213485,2.321,2.3211
2025-02-06 20:05:57.497799,2.3209,2.321
2025-02-06 20:05:58.781690,2.321,2.3211
2025-02-06 20:06:00.064470,2.3201,2.3202
2025-02-06 20:06:01.350294,2.32,2.3201
2025-02-06 20:06:02.633584,2.319,2.3191
2025-02-06 20:06:03.918999,2.3174,2.3175
2025-02-06 20:06:05.202151,2.3167,2.3168
2025-02-06 20:06:06.488839,2.3171,2.3172
2025-02-06 20:06:07.771823,2.3178,2.3179
2025-02-06 20:06:09.059817,2.3191,2.3192
2025-02-06 20:06:10.344483,2.3193,2.3194
2025-02-06 20:06:11.628584,2.3204,2.3205
2025-02-06 20:06:12.912876,2.321,2.3211
2025-02-06 20:06:14.197292,2.3216,2.3217
2025-02-06 20:06:15.484545,2.3211,2.3212
2025-02-06 20:06:16.775904,2.3206,2.3207
2025-02-06 20:06:18.059679,2.3213,2.3214
2025-02-06 20:06:19.343792,2.3215,2.3216
2025-02-06 20:06:20.629785,2.3211,2.3212
2025-02-06 20:06:21.917632,2.3196,2.3197
2025-02-06 20:06:23.202744,2.3201,2.3202
2025-02-06 20:06:24.489545,2.3193,2.3194
2025-02-06 20:06:25.775326,2.3181,2.3182
2025-02-06 20:06:27.064398,2.3181,2.3182
2025-02-06 20:06:28.348170,2.3179,2.318
2025-02-06 20:06:29.631667,2.3178,2.3179
2025-02-06 20:06:30.916754,2.3189,2.319
2025-02-06 20:06:32.205016,2.3183,2.3184
2025-02-06 20:06:33.499206,2.3177,2.3178
2025-02-06 20:06:34.784592,2.3167,2.3168
2025-02-06 20:06:36.068209,2.3156,2.3157
2025-02-06 20:06:37.352757,2.3162,2.3163
2025-02-06 20:06:38.639255,2.3156,2.3157
2025-02-06 20:06:39.924061,2.3147,2.3148
2025-02-06 20:06:41.212967,2.3153,2.3154
2025-02-06 20:06:42.499086,2.3149,2.315
2025-02-06 20:06:44.239106,2.3156,2.3157
2025-02-06 20:06:45.523116,2.3149,2.315
2025-02-06 20:06:46.808491,2.3141,2.3142
2025-02-06 20:06:48.092296,2.3139,2.314
2025-02-06 20:06:49.380912,2.3144,2.3145
2025-02-06 20:06:50.666411,2.3144,2.3145
2025-02-06 20:06:51.950894,2.3154,2.3155
2025-02-06 20:06:53.235906,2.3155,2.3156
2025-02-06 20:06:54.520116,2.3165,2.3166
2025-02-06 20:06:55.803572,2.3166,2.3167
2025-02-06 20:06:57.087940,2.3164,2.3165
2025-02-06 20:06:58.370829,2.3171,2.3172
2025-02-06 20:06:59.655226,2.3175,2.3176
2025-02-06 20:07:00.939666,2.3179,2.318
2025-02-06 20:07:02.225783,2.3178,2.3179
2025-02-06 20:07:03.509025,2.3183,2.3184
2025-02-06 20:07:04.793780,2.3187,2.3188
2025-02-06 20:07:06.079130,2.3194,2.3195
2025-02-06 20:07:07.364732,2.3189,2.319
2025-02-06 20:07:08.650504,2.3187,2.3188
2025-02-06 20:07:09.940625,2.3183,2.3184
2025-02-06 20:07:11.223750,2.3183,2.3184
2025-02-06 20:07:12.511719,2.3191,2.3192
2025-02-06 20:07:13.798007,2.3191,2.3192
2025-02-06 20:07:15.084013,2.3178,2.3179
2025-02-06 20:07:16.378535,2.3173,2.3174
2025-02-06 20:07:17.662705,2.3178,2.3179
2025-02-06 20:07:18.947722,2.318,2.3181
2025-02-06 20:07:20.235201,2.3195,2.3196
2025-02-06 20:07:21.522778,2.3195,2.3196
2025-02-06 20:07:22.807224,2.3187,2.3188
2025-02-06 20:07:24.092671,2.3179,2.318
2025-02-06 20:07:25.378533,2.3169,2.317
2025-02-06 20:07:26.662181,2.317,2.3171
2025-02-06 20:07:27.951041,2.3176,2.3177
2025-02-06 20:07:29.235899,2.3177,2.3178
2025-02-06 20:07:30.519315,2.3181,2.3182
2025-02-06 20:07:31.803915,2.3183,2.3184
2025-02-06 20:07:33.089251,2.3181,2.3182
2025-02-06 20:07:34.376080,2.3188,2.3189
2025-02-06 20:07:35.661080,2.3181,2.3182
2025-02-06 20:07:36.943620,2.3188,2.3189
2025-02-06 20:07:38.228103,2.3189,2.319
2025-02-06 20:07:39.513346,2.3191,2.3192
2025-02-06 20:07:40.798015,2.3199,2.32
2025-02-06 20:07:42.083983,2.3199,2.32
2025-02-06 20:07:43.368568,2.3193,2.3194
2025-02-06 20:07:45.104743,2.3189,2.319
2025-02-06 20:07:46.388030,2.3184,2.3185
2025-02-06 20:07:47.671959,2.318,2.3181
2025-02-06 20:07:48.960684,2.3181,2.3182
2025-02-06 20:07:50.245274,2.3175,2.3176
2025-02-06 20:07:51.532041,2.3176,2.3177
2025-02-06 20:07:52.817334,2.318,2.3181
2025-02-06 20:07:54.103071,2.3174,2.3175
2025-02-06 20:07:55.390590,2.3171,2.3172
2025-02-06 20:07:56.673455,2.3173,2.3174
2025-02-06 20:07:57.958451,2.3164,2.3165
2025-02-06 20:07:59.241117,2.3163,2.3164
2025-02-06 20:08:00.524760,2.3163,2.3164
2025-02-06 20:08:01.811034,2.3163,2.3164
2025-02-06 20:08:03.094704,2.3177,2.3178
2025-02-06 20:08:04.379274,2.3178,2.3179
2025-02-06 20:08:05.663213,2.3184,2.3185
2025-02-06 20:08:06.946290,2.3191,2.3192
2025-02-06 20:08:08.231546,2.3183,2.3184
2025-02-06 20:08:09.518864,2.3173,2.3174
2025-02-06 20:08:10.805143,2.3171,2.3172
2025-02-06 20:08:12.091847,2.317,2.3171
2025-02-06 20:08:13.378360,2.3184,2.3185
2025-02-06 20:08:14.661160,2.3184,2.3185
2025-02-06 20:08:15.947808,2.3194,2.3195
2025-02-06 20:08:17.231622,2.3204,2.3205
2025-02-06 20:08:18.515779,2.3203,2.3204
2025-02-06 20:08:19.798634,2.3214,2.3215
2025-02-06 20:08:21.086030,2.3216,2.3217
2025-02-06 20:08:22.371389,2.3219,2.322
2025-02-06 20:08:23.659151,2.322,2.3221
2025-02-06 20:08:24.942767,2.3216,2.3217
2025-02-06 20:08:26.228598,2.3216,2.3217
2025-02-06 20:08:27.514799,2.3219,2.322
2025-02-06 20:08:28.798509,2.3232,2.3233
2025-02-06 20:08:30.083481,2.323,2.3231
2025-02-06 20:08:31.367032,2.3228,2.3229
2025-02-06 20:08:32.655002,2.3223,2.3224
2025-02-06 20:08:33.938995,2.3231,2.3232
2025-02-06 20:08:35.220816,2.3229,2.323
2025-02-06 20:08:36.506131,2.3229,2.323
2025-02-06 20:08:37.790572,2.3228,2.3229
2025-02-06 20:08:39.080010,2.3229,2.323
2025-02-06 20:08:40.366154,2.323,2.3231
2025-02-06 20:08:41.651295,2.3233,2.3234
2025-02-06 20:08:42.934817,2.3227,2.3228
2025-02-06 20:08:44.219283,2.3238,2.3239
2025-02-06 20:08:45.953558,2.324,2.3241
2025-02-06 20:08:47.237831,2.324,2.3241
2025-02-06 20:08:48.972655,2.3238,2.3239
2025-02-06 20:08:50.256466,2.3232,2.3233
2025-02-06 20:08:51.541021,2.3222,2.3223
2025-02-06 20:08:52.826450,2.3228,2.3229
2025-02-06 20:08:54.108869,2.3238,2.3239
2025-02-06 20:08:55.394522,2.3244,2.3245
2025-02-06 20:08:56.678051,2.3243,2.3244
2025-02-06 20:08:57.967199,2.3244,2.3245
2025-02-06 20:08:59.251153,2.3247,2.3248
2025-02-06 20:09:00.539336,2.3246,2.3247
2025-02-06 20:09:01.822808,2.3243,2.3244
2025-02-06 20:09:03.109135,2.324,2.3241
2025-02-06 20:09:04.393713,2.323,2.3231
2025-02-06 20:09:05.679308,2.3218,2.3219
2025-02-06 20:09:06.963658,2.3213,2.3214
2025-02-06 20:09:08.247970,2.3214,2.3215
2025-02-06 20:09:09.534800,2.3219,2.322
2025-02-06 20:09:10.818450,2.3215,2.3216
2025-02-06 20:09:12.102662,2.3211,2.3212
2025-02-06 20:09:13.387978,2.3214,2.3215
2025-02-06 20:09:14.671835,2.3214,2.3215
2025-02-06 20:09:15.959323,2.3212,2.3213
2025-02-06 20:09:17.247265,2.321,2.3211
2025-02-06 20:09:18.533022,2.3217,2.3218
2025-02-06 20:09:19.819319,2.3217,2.3218
2025-02-06 20:09:21.104119,2.3228,2.3229
2025-02-06 20:09:22.390179,2.3225,2.3226
2025-02-06 20:09:23.675037,2.3221,2.3222
2025-02-06 20:09:24.961092,2.3215,2.3216
2025-02-06 20:09:26.244017,2.3212,2.3213
2025-02-06 20:09:27.529316,2.3222,2.3223
2025-02-06 20:09:28.813044,2.3232,2.3233
2025-02-06 20:09:30.098485,2.3225,2.3226
2025-02-06 20:09:31.382195,2.3226,2.3227
2025-02-06 20:09:32.666847,2.3215,2.3216
2025-02-06 20:09:33.954727,2.3207,2.3208
2025-02-06 20:09:35.242333,2.3205,2.3206
2025-02-06 20:09:36.526360,2.3197,2.3198
2025-02-06 20:09:37.813263,2.3199,2.32
2025-02-06 20:09:39.096675,2.3202,2.3203
2025-02-06 20:09:40.381949,2.3203,2.3204
2025-02-06 20:09:41.666395,2.3195,2.3196
2025-02-06 20:09:42.951300,2.318,2.3181
2025-02-06 20:09:44.235480,2.318,2.3181
2025-02-06 20:09:45.518507,2.3184,2.3185
2025-02-06 20:09:46.805379,2.3183,2.3184
2025-02-06 20:09:48.090281,2.318,2.3181
2025-02-06 20:09:49.375357,2.3186,2.3187
2025-02-06 20:09:50.661070,2.3183,2.3184
2025-02-06 20:09:51.946738,2.3183,2.3184
2025-02-06 20:09:53.230698,2.3183,2.3184
2025-02-06 20:09:54.517316,2.3177,2.3178
2025-02-06 20:09:55.801740,2.3173,2.3174
2025-02-06 20:09:57.087709,2.3176,2.3177
2025-02-06 20:09:58.370833,2.3175,2.3176
2025-02-06 20:09:59.657343,2.3162,2.3163
2025-02-06 20:10:01.396473,2.3165,2.3166
2025-02-06 20:10:02.680620,2.3167,2.3168
2025-02-06 20:10:03.967450,2.3161,2.3162
2025-02-06 20:10:05.258724,2.3144,2.3145
2025-02-06 20:10:06.542157,2.3147,2.3148
2025-02-06 20:10:07.826562,2.3144,2.3145
2025-02-06 20:10:09.110136,2.3151,2.3152
2025-02-06 20:10:10.398245,2.3152,2.3153
2025-02-06 20:10:11.685471,2.3155,2.3156
2025-02-06 20:10:12.970188,2.3157,2.3158
2025-02-06 20:10:14.255887,2.315,2.3151
2025-02-06 20:10:15.540883,2.3142,2.3143
2025-02-06 20:10:16.835667,2.3141,2.3142
2025-02-06 20:10:18.119463,2.314,2.3141
2025-02-06 20:10:19.403228,2.3138,2.3139
2025-02-06 20:10:20.693485,2.3141,2.3142
2025-02-06 20:10:21.976311,2.3145,2.3146
2025-02-06 20:10:23.261021,2.3142,2.3143
2025-02-06 20:10:24.548573,2.3137,2.3138
2025-02-06 20:10:25.838241,2.3141,2.3142
2025-02-06 20:10:27.123735,2.3149,2.315
2025-02-06 20:10:28.409356,2.3165,2.3166
2025-02-06 20:10:29.693173,2.3158,2.3159
2025-02-06 20:10:30.978456,2.3166,2.3167
2025-02-06 20:10:32.264307,2.3169,2.317
2025-02-06 20:10:33.548113,2.317,2.3171
2025-02-06 20:10:34.833513,2.3172,2.3173
2025-02-06 20:10:36.119104,2.3171,2.3172
2025-02-06 20:10:37.416415,2.3178,2.3179
2025-02-06 20:10:38.704311,2.3182,2.3183
2025-02-06 20:10:39.988289,2.3174,2.3175
2025-02-06 20:10:41.275463,2.3173,2.3174
2025-02-06 20:10:42.561513,2.3173,2.3174
2025-02-06 20:10:43.845968,2.3173,2.3174
2025-02-06 20:10:45.130603,2.3183,2.3184
2025-02-06 20:10:46.417220,2.3181,2.3182
2025-02-06 20:10:48.150273,2.3176,2.3177
2025-02-06 20:10:49.441492,2.3179,2.318
2025-02-06 20:10:50.725441,2.3179,2.318
2025-02-06 20:10:52.013000,2.3176,2.3177
2025-02-06 20:10:53.298489,2.3176,2.3177
2025-02-06 20:10:54.584866,2.3177,2.3178
2025-02-06 20:10:55.871494,2.3181,2.3182
2025-02-06 20:10:57.166747,2.3178,2.3179
2025-02-06 20:10:58.453158,2.3177,2.3178
2025-02-06 20:10:59.738542,2.3178,2.3179
2025-02-06 20:11:01.023453,2.3173,2.3174
2025-02-06 20:11:02.307805,2.3172,2.3173
2025-02-06 20:11:03.592117,2.3173,2.3174
2025-02-06 20:11:04.880210,2.3164,2.3165
2025-02-06 20:11:06.166727,2.3154,2.3155
2025-02-06 20:11:07.452523,2.3146,2.3147
2025-02-06 20:11:08.737394,2.315,2.3151
2025-02-06 20:11:10.022689,2.3146,2.3147
2025-02-06 20:11:11.308377,2.3145,2.3146
2025-02-06 20:11:12.594331,2.3142,2.3143
2025-02-06 20:11:13.879435,2.3152,2.3153
2025-02-06 20:11:15.163484,2.3154,2.3155
2025-02-06 20:11:16.450470,2.3157,2.3158
2025-02-06 20:11:17.737493,2.3155,2.3156
2025-02-06 20:11:19.021384,2.3167,2.3168
2025-02-06 20:11:20.309919,2.318,2.3181
2025-02-06 20:11:21.594786,2.3183,2.3184
2025-02-06 20:11:22.879158,2.3179,2.318
2025-02-06 20:11:24.168931,2.3165,2.3166
2025-02-06 20:11:25.452585,2.3157,2.3158
2025-02-06 20:11:26.736691,2.3157,2.3158
2025-02-06 20:11:28.022962,2.3161,2.3162
2025-02-06 20:11:29.310270,2.3165,2.3166
2025-02-06 20:11:30.594440,2.3158,2.3159
2025-02-06 20:11:31.880341,2.3157,2.3158
2025-02-06 20:11:33.165564,2.3159,2.316
2025-02-06 20:11:34.451752,2.3159,2.316
2025-02-06 20:11:35.738968,2.3154,2.3155
2025-02-06 20:11:37.021970,2.3144,2.3145
2025-02-06 20:11:38.307468,2.3147,2.3148
2025-02-06 20:11:39.593308,2.3146,2.3147
2025-02-06 20:11:40.878654,2.3146,2.3147
2025-02-06 20:11:42.163364,2.314,2.3141
2025-02-06 20:11:43.449225,2.314,2.3141
2025-02-06 20:11:44.733095,2.3134,2.3135
2025-02-06 20:11:46.016282,2.3124,2.3125
2025-02-06 20:11:47.300542,2.3122,2.3123
2025-02-06 20:11:49.044434,2.3121,2.3122
2025-02-06 20:11:50.329248,2.3126,2.3127
2025-02-06 20:11:51.615672,2.3124,2.3125
2025-02-06 20:11:52.901298,2.3124,2.3125
2025-02-06 20:11:54.185649,2.3116,2.3117
2025-02-06 20:11:55.472335,2.3116,2.3117
2025-02-06 20:11:56.757807,2.3117,2.3118
2025-02-06 20:11:58.048356,2.3111,2.3112
2025-02-06 20:11:59.331950,2.3109,2.311
2025-02-06 20:12:00.618631,2.3109,2.311
2025-02-06 20:12:01.904489,2.3109,2.311
