time_step,best_bid,best_ask,assets,ema_swim_bid,cash,total_profit
49,2.4019,2.402,0,49.27995,2.402298336071722,1.0
50,2.4019,2.402,0,49.27995,2.4022802298866437,1.0
51,2.4019,2.402,0,49.27995,2.402254990961989,1.0
52,2.4027,2.4028,0,49.27995,2.4022560704159597,1.0
53,2.4023,2.4024,0,49.27995,2.4022577374188283,1.0
54,2.4022,2.4023,0,49.27995,2.4022576926893735,1.0
55,2.4024,2.4025,0,49.27995,2.4022603970127783,1.0
56,2.4024,2.4025,0,49.27995,2.402264815982914,1.0
57,2.4029,2.403,0,49.27995,2.402307109609281,1.0
58,2.4032,2.4033,0,49.27995,2.402406650968361,1.0
59,2.4029,2.403,0,49.27995,2.402453731905954,1.0
60,2.4024,2.4025,0,49.27995,2.4024641530099107,1.0
61,2.4023,2.4024,1,46.87755,2.402496124976814,0.9999979707771618
62,2.4032,2.4033,0,49.28075,2.402530377456582,1.0000162337827048
63,2.4044,2.4045,0,49.28075,2.402749386465651,1.0000162337827048
64,2.4041,2.4042,0,49.28075,2.4034246932328256,1.0000162337827048
65,2.4044,2.4045,0,49.28075,2.403912346616413,1.0000162337827048
66,2.4047,2.4048,0,49.28075,2.404227407969848,1.0000162337827048
67,2.4046,2.4047,0,49.28075,2.4043516053132317,1.0000162337827048
68,2.4056,2.4057,0,49.28075,2.404975802656616,1.0000162337827048
69,2.4068,2.4069,0,49.28075,2.405887901328308,1.0000162337827048
70,2.407,2.4071,0,49.28075,2.406443950664154,1.0000162337827048
71,2.4071,2.4072,0,49.28075,2.406771975332077,1.0000162337827048
72,2.4071,2.4072,0,49.28075,2.406903185199246,1.0000162337827048
73,2.4067,2.4068,0,49.28075,2.4068354567994974,1.0000162337827048
74,2.4069,2.407,0,49.28075,2.4068538977139267,1.0000162337827048
75,2.4066,2.4067,0,49.28075,2.4066854023239594,1.0000162337827048
76,2.4065,2.4066,0,49.28075,2.4065959445025586,1.0000162337827048
77,2.4073,2.4074,0,49.28075,2.406562992310276,1.0000162337827048
78,2.4079,2.408,0,49.28075,2.4072314961551378,1.0000162337827048
79,2.4081,2.4082,0,49.28075,2.407665748077569,1.0000162337827048
80,2.408,2.4081,0,49.28075,2.407799448846541,1.0000162337827048
81,2.4069,2.407,0,49.28075,2.4074493178668006,1.0000162337827048
82,2.4066,2.4067,0,49.28075,2.407228871750834,1.0000162337827048
83,2.407,2.4071,0,49.28075,2.4071178827260447,1.0000162337827048
84,2.4068,2.4069,0,49.28075,2.407058440301492,1.0000162337827048
85,2.4065,2.4066,0,49.28075,2.407000278079236,1.0000162337827048
86,2.4065,2.4066,0,49.28075,2.406947096880299,1.0000162337827048
87,2.4065,2.4066,0,49.28075,2.4068995793635564,1.0000162337827048
88,2.4067,2.4068,0,49.28075,2.406865596905391,1.0000162337827048
89,2.4067,2.4068,0,49.28075,2.406840112519155,1.0000162337827048
90,2.4061,2.4062,0,49.28075,2.406800481726712,1.0000162337827048
91,2.4065,2.4066,0,49.28075,2.4067670573244793,1.0000162337827048
92,2.4057,2.4058,0,49.28075,2.4066016840176863,1.0000162337827048
93,2.405,2.4051,0,49.28075,2.4063884236632997,1.0000162337827048
94,2.405,2.4051,0,49.28075,2.4056942118316496,1.0000162337827048
95,2.4056,2.4057,1,46.875049999999995,2.4057518000167555,1.0000142045598666
96,2.405,2.4051,1,46.875049999999995,2.4057455010510393,1.000002029222838
97,2.405,2.4051,1,46.875049999999995,2.405532500750742,1.000002029222838
98,2.4044,2.4045,1,46.875049999999995,2.405457015469124,0.9999898538858095
99,2.4044,2.4045,1,46.875049999999995,2.4050342092814745,0.9999898538858095
100,2.4041,2.4042,1,46.875049999999995,2.40472280618765,0.9999837662172951
101,2.403,2.4031,1,46.875049999999995,2.403861403093825,0.9999614447660762
102,2.4029,2.403,1,46.875049999999995,2.4033807015469124,0.9999594155432381
103,2.4028,2.4029,1,46.875049999999995,2.4030903507734562,0.9999573863204
104,2.4029,2.403,1,46.875049999999995,2.4030142104640735,0.9999594155432381
105,2.4026,2.4027,1,46.875049999999995,2.4028761403093823,0.9999533278747238
106,2.403,2.4031,1,46.875049999999995,2.403054666761033,0.9999614447660762
107,2.4031,2.4032,1,46.875049999999995,2.403137646794166,0.9999634739889143
108,2.4033,2.4034,1,46.875049999999995,2.403191075475172,0.9999675324345905
109,2.4039,2.404,1,46.875049999999995,2.403312576623022,0.999979707771619
110,2.4045,2.4046,1,46.875049999999995,2.403495081725292,0.9999918831086475
111,2.4046,2.4047,1,46.875049999999995,2.4040475408626456,0.9999939123314857
112,2.4054,2.4055,1,46.875049999999995,2.4040877561050102,1.0000101461141904
113,2.4054,2.4055,1,46.875049999999995,2.404612653663006,1.0000101461141904
114,2.4057,2.4058,1,46.875049999999995,2.405156326831503,1.0000162337827048
115,2.4057,2.4058,1,46.875049999999995,2.405373796098902,1.0000162337827048
116,2.4059,2.406,0,49.28095,2.405549197399268,1.000020292228381
117,2.4064,2.4065,0,49.28095,2.4057922838566204,1.000020292228381
118,2.4061,2.4062,0,49.28095,2.4058692128924655,1.000020292228381
119,2.4055,2.4056,0,49.28095,2.4057886381325746,1.000020292228381
120,2.4055,2.4056,0,49.28095,2.4057304479198365,1.000020292228381
121,2.4054,2.4055,0,49.28095,2.4056845814105654,1.000020292228381
122,2.4057,2.4058,0,49.28095,2.405650648758595,1.000020292228381
123,2.4056,2.4057,0,49.28095,2.4056295024357914,1.000020292228381
124,2.4062,2.4063,0,49.28095,2.405629490665623,1.000020292228381
125,2.4069,2.407,0,49.28095,2.405744962623789,1.000020292228381
126,2.407,2.4071,0,49.28095,2.4063724813118945,1.000020292228381
127,2.4072,2.4073,0,49.28095,2.406703488787137,1.000020292228381
128,2.4072,2.4073,0,49.28095,2.4068689925247577,1.000020292228381
129,2.4072,2.4073,0,49.28095,2.4069635660891127,1.000020292228381
130,2.407,2.4071,0,49.28095,2.406886722603838,1.000020292228381
131,2.4061,2.4062,0,49.28095,2.4067208944533793,1.000020292228381
132,2.4057,2.4058,0,49.28095,2.406560247077884,1.000020292228381
133,2.4067,2.4068,0,49.28095,2.4065409690525086,1.000020292228381
134,2.4065,2.4066,0,49.28095,2.406529765180655,1.000020292228381
135,2.406,2.4061,0,49.28095,2.4064865303899694,1.000020292228381
136,2.406,2.4061,0,49.28095,2.406442306672461,1.000020292228381
137,2.405,2.4051,0,49.28095,2.4062569133216583,1.000020292228381
138,2.4041,2.4042,0,49.28095,2.4051784566608294,1.000020292228381
139,2.4041,2.4042,0,49.28095,2.4046392283304145,1.000020292228381
140,2.4043,2.4044,0,49.28095,2.4045035369982486,1.000020292228381
141,2.4043,2.4044,0,49.28095,2.404435691332166,1.000020292228381
142,2.4044,2.4045,0,49.28095,2.4045773491353684,1.000020292228381
143,2.4049,2.405,0,49.28095,2.404664453733125,1.000020292228381
144,2.4054,2.4055,0,49.28095,2.404838222672816,1.000020292228381
145,2.4055,2.4056,0,49.28095,2.4049694715415244,1.000020292228381
146,2.4055,2.4056,0,49.28095,2.405051009604627,1.000020292228381
147,2.4059,2.406,0,49.28095,2.4051358200483435,1.000020292228381
148,2.4059,2.406,0,49.28095,2.4052151693441925,1.000020292228381
149,2.4064,2.4065,0,49.28095,2.4053230919537567,1.000020292228381
150,2.4057,2.4058,0,49.28095,2.405387376293306,1.000020292228381
151,2.4049,2.405,1,46.875949999999996,2.4053993104309104,1.0000182630055428
152,2.4047,2.4048,1,46.875949999999996,2.4053699117857854,1.0000142045598666
153,2.4047,2.4048,1,46.875949999999996,2.405311569553869,1.0000142045598666
154,2.4051,2.4052,0,49.28104999999999,2.405274879879972,1.000022321451219
155,2.4037,2.4038,0,49.28104999999999,2.40513632810215,1.000022321451219
156,2.4037,2.4038,0,49.28104999999999,2.4046575520681004,1.000022321451219
157,2.4037,2.4038,0,49.28104999999999,2.4041787760340503,1.000022321451219
158,2.4039,2.404,0,49.28104999999999,2.404270955122284,1.000022321451219
159,2.4031,2.4032,0,49.28104999999999,2.4042376977721807,1.000022321451219
160,2.4031,2.4032,0,49.28104999999999,2.403912641265843,1.000022321451219
161,2.4027,2.4028,0,49.28104999999999,2.4033063206329217,1.000022321451219
162,2.4027,2.4028,0,49.28104999999999,2.403063792379753,1.000022321451219
163,2.4038,2.4039,0,49.28104999999999,2.4031708553932525,1.000022321451219
164,2.4039,2.404,0,49.28104999999999,2.403412335288684,1.000022321451219
165,2.4031,2.4032,0,49.28104999999999,2.403435799659616,1.000022321451219
166,2.4029,2.403,0,49.28104999999999,2.403435580042451,1.000022321451219
167,2.4025,2.4026,0,49.28104999999999,2.403350033172698,1.000022321451219
168,2.4025,2.4026,0,49.28104999999999,2.403010019903619,1.000022321451219
169,2.4019,2.402,0,49.28104999999999,2.4029670810018025,1.000022321451219
170,2.4019,2.402,0,49.28104999999999,2.4026113873345354,1.000022321451219
171,2.4024,2.4025,0,49.28104999999999,2.40262407042771,1.000022321451219
172,2.4025,2.4026,0,49.28104999999999,2.4026259755319583,1.000022321451219
173,2.4021,2.4022,0,49.28104999999999,2.4026079402541387,1.000022321451219
174,2.4014,2.4015,0,49.28104999999999,2.4025460180216176,1.000022321451219
175,2.401,2.4011,0,49.28104999999999,2.4017730090108085,1.000022321451219
176,2.4019,2.402,0,49.28104999999999,2.4018197561410064,1.000022321451219
177,2.4026,2.4027,0,49.28104999999999,2.401986306530864,1.000022321451219
178,2.4027,2.4028,0,49.28104999999999,2.4021193220057273,1.000022321451219
179,2.4029,2.403,0,49.28104999999999,2.402219630924357,1.000022321451219
180,2.4032,2.4033,0,49.28104999999999,2.402340173053549,1.000022321451219
181,2.403,2.4031,0,49.28104999999999,2.402416717797367,1.000022321451219
182,2.4037,2.4038,0,49.28104999999999,2.4025281157490856,1.000022321451219
183,2.4037,2.4038,0,49.28104999999999,2.4028210868118145,1.000022321451219
184,2.4038,2.4039,0,49.28104999999999,2.403065815108861,1.000022321451219
185,2.4037,2.4038,0,49.28104999999999,2.403097763904984,1.000022321451219
186,2.4032,2.4033,0,49.28104999999999,2.4031201544644953,1.000022321451219
187,2.4038,2.4039,0,49.28104999999999,2.4031576174187306,1.000022321451219
188,2.4038,2.4039,0,49.28104999999999,2.403200072188565,1.000022321451219
189,2.4034,2.4035,0,49.28104999999999,2.4032300763478562,1.000022321451219
190,2.4033,2.4034,0,49.28104999999999,2.4032514105527776,1.000022321451219
191,2.4032,2.4033,0,49.28104999999999,2.403264424528713,1.000022321451219
192,2.4024,2.4025,0,49.28104999999999,2.403231371126041,1.000022321451219
193,2.4029,2.403,0,49.28104999999999,2.403220759038116,1.000022321451219
194,2.4029,2.403,0,49.28104999999999,2.4032075468308207,1.000022321451219
195,2.4031,2.4032,0,49.28104999999999,2.4031958624448886,1.000022321451219
196,2.4031,2.4032,0,49.28104999999999,2.403186008244453,1.000022321451219
197,2.4028,2.4029,0,49.28104999999999,2.403173244998397,1.000022321451219
198,2.4031,2.4032,0,49.28104999999999,2.403162552375874,1.000022321451219
199,2.4036,2.4037,0,49.28104999999999,2.4031594715217794,1.000022321451219
200,2.4037,2.4038,0,49.28104999999999,2.403179630590383,1.000022321451219
201,2.4041,2.4042,0,49.28104999999999,2.4032696578442105,1.000022321451219
202,2.4013,2.4014,0,49.28104999999999,2.402284828922105,1.000022321451219
203,2.4002,2.4003,0,49.28104999999999,2.4012424144610525,1.000022321451219
204,2.3996,2.3997,0,49.28104999999999,2.400421207230526,1.000022321451219
205,2.3999,2.4,0,49.28104999999999,2.400160603615263,1.000022321451219
206,2.3999,2.4,0,49.28104999999999,2.400056362169158,1.000022321451219
207,2.4002,2.4003,0,49.28104999999999,2.4000974015493988,1.000022321451219
208,2.4011,2.4012,0,49.28104999999999,2.400596163504302,1.000022321451219
209,2.4019,2.402,0,49.28104999999999,2.400918733076371,1.000022321451219
210,2.4016,2.4017,0,49.28104999999999,2.401112626712547,1.000022321451219
211,2.4019,2.402,0,49.28104999999999,2.4012333463234743,1.000022321451219
212,2.4023,2.4024,0,49.28104999999999,2.4013701834907675,1.000022321451219
213,2.4011,2.4012,0,49.28104999999999,2.4013998865538793,1.000022321451219
214,2.4009,2.401,0,49.28104999999999,2.4013966172910077,1.000022321451219
215,2.4011,2.4012,0,49.28104999999999,2.401363633666993,1.000022321451219
216,2.4012,2.4013,0,49.28104999999999,2.4013533176347597,1.000022321451219
217,2.4015,2.4016,0,49.28104999999999,2.4013512608649252,1.000022321451219
218,2.4015,2.4016,0,49.28104999999999,2.401354506002681,1.000022321451219
219,2.4014,2.4015,0,49.28104999999999,2.4013578209564383,1.000022321451219
220,2.4016,2.4017,0,49.28104999999999,2.4013662423629074,1.000022321451219
221,2.4026,2.4027,0,49.28104999999999,2.401454796036347,1.000022321451219
222,2.403,2.4031,0,49.28104999999999,2.4022273980181734,1.000022321451219
223,2.403,2.4031,0,49.28104999999999,2.4026136990090867,1.000022321451219
224,2.4038,2.4039,0,49.28104999999999,2.403206849504543,1.000022321451219
225,2.4038,2.4039,0,49.28104999999999,2.403444109702726,1.000022321451219
226,2.4044,2.4045,0,49.28104999999999,2.403922054851363,1.000022321451219
227,2.4046,2.4047,0,49.28104999999999,2.404193232910818,1.000022321451219
228,2.4045,2.4046,0,49.28104999999999,2.4042954886072123,1.000022321451219
229,2.4035,2.4036,0,49.28104999999999,2.4041347876160986,1.000022321451219
230,2.4038,2.4039,0,49.28104999999999,2.4040174274176933,1.000022321451219
231,2.4031,2.4032,0,49.28104999999999,2.4037419809641487,1.000022321451219
232,2.4031,2.4032,0,49.28104999999999,2.4036051453274143,1.000022321451219
233,2.4027,2.4028,0,49.28104999999999,2.403494309819816,1.000022321451219
234,2.4027,2.4028,0,49.28104999999999,2.4034012277736756,1.000022321451219
235,2.4019,2.402,0,49.28104999999999,2.403169554974334,1.000022321451219
236,2.4022,2.4023,0,49.28104999999999,2.4028925392673814,1.000022321451219
237,2.4025,2.4026,0,49.28104999999999,2.4028565293599873,1.000022321451219
238,2.4032,2.4033,0,49.28104999999999,2.4028435599863682,1.000022321451219
239,2.4032,2.4033,0,49.28104999999999,2.4028652383741753,1.000022321451219
240,2.4035,2.4036,0,49.28104999999999,2.402922044973704,1.000022321451219
241,2.4029,2.403,0,49.28104999999999,2.4029314319756034,1.000022321451219
242,2.4017,2.4018,0,49.28104999999999,2.4028425244370277,1.000022321451219
243,2.4014,2.4015,0,49.28104999999999,2.4021212622185137,1.000022321451219
244,2.401,2.4011,0,49.28104999999999,2.4015606311092568,1.000022321451219
245,2.4007,2.4008,0,49.28104999999999,2.401216378665554,1.000022321451219
246,2.4,2.4001,0,49.28104999999999,2.400608189332777,1.000022321451219
247,2.4,2.4001,0,49.28104999999999,2.400364913599666,1.000022321451219
248,2.3996,2.3997,0,49.28104999999999,2.4000589481597996,1.000022321451219
249,2.3996,2.3997,0,49.28104999999999,2.3999059654398667,1.000022321451219
250,2.3996,2.3997,0,49.28104999999999,2.399818546742762,1.000022321451219
251,2.3996,2.3997,0,49.28104999999999,2.3997639100570716,1.000022321451219
252,2.3996,2.3997,0,49.28104999999999,2.3997274855999446,1.000022321451219
253,2.3997,2.3998,0,49.28104999999999,2.399808127078521,1.000022321451219
254,2.3997,2.3998,0,49.28104999999999,2.39985253764169,1.000022321451219
255,2.3997,2.3998,0,49.28104999999999,2.3998751672254013,1.000022321451219
256,2.4003,2.4004,0,49.28104999999999,2.399897809611052,1.000022321451219
257,2.4003,2.4004,0,49.28104999999999,2.3999220023421715,1.000022321451219
258,2.4003,2.4004,0,49.28104999999999,2.399946388838173,1.000022321451219
259,2.3998,2.3999,0,49.28104999999999,2.399961767370034,1.000022321451219
260,2.3998,2.3999,0,49.28104999999999,2.3999686691108595,1.000022321451219
261,2.3996,2.3997,0,49.28104999999999,2.3999659269824147,1.000022321451219
262,2.3987,2.3988,0,49.28104999999999,2.3998666801746755,1.000022321451219
263,2.3986,2.3987,0,49.28104999999999,2.3992333400873376,1.000022321451219
264,2.3988,2.3989,0,49.28104999999999,2.3991095286338124,1.000022321451219
265,2.3993,2.3994,0,49.28104999999999,2.3991342648401357,1.000022321451219
266,2.3988,2.3989,0,49.28104999999999,2.3991634853645873,1.000022321451219
267,2.3981,2.3982,0,49.28104999999999,2.399132147073446,1.000022321451219
268,2.3979,2.398,0,49.28104999999999,2.3985160735367232,1.000022321451219
269,2.3973,2.3974,0,49.28104999999999,2.397908036768362,1.000022321451219
270,2.3974,2.3975,0,49.28104999999999,2.397704822061017,1.000022321451219
271,2.3981,2.3982,0,49.28104999999999,2.3978765880573496,1.000022321451219
272,2.3983,2.3984,0,49.28104999999999,2.3979479753119373,1.000022321451219
273,2.3985,2.3986,0,49.28104999999999,2.398104938069485,1.000022321451219
274,2.3973,2.3974,0,49.28104999999999,2.398115223343989,1.000022321451219
275,2.3972,2.3973,0,49.28104999999999,2.397932178675191,1.000022321451219
276,2.3983,2.3984,0,49.28104999999999,2.3979452523802394,1.000022321451219
277,2.3974,2.3975,0,49.28104999999999,2.397941209026566,1.000022321451219
278,2.3966,2.3967,0,49.28104999999999,2.397854409966917,1.000022321451219
279,2.3965,2.3966,0,49.28104999999999,2.3971772049834588,1.000022321451219
280,2.3968,2.3969,0,49.28104999999999,2.397244325501338,1.000022321451219
281,2.3971,2.3972,0,49.28104999999999,2.397263036894935,1.000022321451219
282,2.3971,2.3972,0,49.28104999999999,2.397263315629867,1.000022321451219
283,2.397,2.3971,0,49.28104999999999,2.3972514892725085,1.000022321451219
284,2.3974,2.3975,0,49.28104999999999,2.3972512759692197,1.000022321451219
285,2.3974,2.3975,0,49.28104999999999,2.3972538316997647,1.000022321451219
286,2.3978,2.3979,0,49.28104999999999,2.397283362399188,1.000022321451219
287,2.3978,2.3979,0,49.28104999999999,2.3973203442999163,1.000022321451219
288,2.3977,2.3978,0,49.28104999999999,2.397355330504882,1.000022321451219
289,2.3977,2.3978,0,49.28104999999999,2.3973875427754434,1.000022321451219
290,2.3975,2.3976,0,49.28104999999999,2.397398666494766,1.000022321451219
291,2.398,2.3981,0,49.28104999999999,2.39743433273659,1.000022321451219
292,2.3979,2.398,0,49.28104999999999,2.397467271897744,1.000022321451219
293,2.3979,2.398,0,49.28104999999999,2.3974993224541907,1.000022321451219
294,2.3987,2.3988,0,49.28104999999999,2.397654824732145,1.000022321451219
295,2.3959,2.396,0,49.28104999999999,2.3967774123660726,1.000022321451219
296,2.3959,2.396,0,49.28104999999999,2.3963387061830366,1.000022321451219
297,2.3964,2.3965,0,49.28104999999999,2.396369353091518,1.000022321451219
298,2.3958,2.3959,0,49.28104999999999,2.396560454303817,1.000022321451219
299,2.3959,2.396,0,49.28104999999999,2.3963403028692114,1.000022321451219
300,2.3952,2.3953,0,49.28104999999999,2.3963735216656117,1.000022321451219
301,2.395,2.3951,0,49.28104999999999,2.395824112999367,1.000022321451219
302,2.3944,2.3945,0,49.28104999999999,2.3951120564996833,1.000022321451219
303,2.3943,2.3944,0,49.28104999999999,2.3947872338998097,1.000022321451219
304,2.3941,2.3942,0,49.28104999999999,2.3945581559332068,1.000022321451219
305,2.3944,2.3945,0,49.28104999999999,2.394512968523719,1.000022321451219
306,2.3945,2.3946,0,49.28104999999999,2.394638151078402,1.000022321451219
307,2.3943,2.3944,0,49.28104999999999,2.3946927698020306,1.000022321451219
308,2.3949,2.395,0,49.28104999999999,2.394725117532186,1.000022321451219
309,2.3953,2.3954,0,49.28104999999999,2.3948040694349926,1.000022321451219
310,2.3951,2.3952,0,49.28104999999999,2.3948302122321423,1.000022321451219
311,2.3958,2.3959,0,49.28104999999999,2.394952077198753,1.000022321451219
312,2.3958,2.3959,0,49.28104999999999,2.3950533203094118,1.000022321451219
313,2.3958,2.3959,0,49.28104999999999,2.395139443306114,1.000022321451219
314,2.3959,2.396,0,49.28104999999999,2.3952180542336947,1.000022321451219
315,2.396,2.3961,0,49.28104999999999,2.3952925266898015,1.000022321451219
316,2.396,2.3961,0,49.28104999999999,2.3953609053986704,1.000022321451219
317,2.3961,2.3962,0,49.28104999999999,2.395432538539069,1.000022321451219
318,2.3952,2.3953,0,49.28104999999999,2.395450007266145,1.000022321451219
319,2.3958,2.3959,0,49.28104999999999,2.395481785880195,1.000022321451219
320,2.3965,2.3966,0,49.28104999999999,2.39554144653532,1.000022321451219
321,2.3965,2.3966,0,49.28104999999999,2.3957384176017715,1.000022321451219
322,2.3969,2.397,0,49.28104999999999,2.395887359579754,1.000022321451219
323,2.3976,2.3977,0,49.28104999999999,2.3960850322176905,1.000022321451219
324,2.3976,2.3977,0,49.28104999999999,2.3965900214784606,1.000022321451219
325,2.3976,2.3977,0,49.28104999999999,2.396878586770329,1.000022321451219
326,2.3977,2.3978,0,49.28104999999999,2.397152391180219,1.000022321451219
327,2.3984,2.3985,0,49.28104999999999,2.397173030307258,1.000022321451219
328,2.3981,2.3982,0,49.28104999999999,2.3974378787908988,1.000022321451219
329,2.398,2.3981,0,49.28104999999999,2.3974492206821187,1.000022321451219
330,2.398,2.3981,0,49.28104999999999,2.397475744831377,1.000022321451219
331,2.3983,2.3984,0,49.28104999999999,2.3975230790079323,1.000022321451219
332,2.3983,2.3984,0,49.28104999999999,2.397576928137521,1.000022321451219
333,2.3978,2.3979,0,49.28104999999999,2.3976136698644206,1.000022321451219
334,2.3984,2.3985,0,49.28104999999999,2.3976611016931293,1.000022321451219
335,2.3985,2.3986,0,49.28104999999999,2.397713383149426,1.000022321451219
336,2.3985,2.3986,0,49.28104999999999,2.3977666732384098,1.000022321451219
337,2.3987,2.3988,0,49.28104999999999,2.3978233110080547,1.000022321451219
338,2.3993,2.3994,0,49.28104999999999,2.398020933961736,1.000022321451219
339,2.4009,2.401,0,49.28104999999999,2.3984443587454995,1.000022321451219
340,2.4007,2.4008,0,49.28104999999999,2.3995721793727496,1.000022321451219
341,2.4002,2.4003,0,49.28104999999999,2.3998233076236497,1.000022321451219
342,2.4003,2.4004,0,49.28104999999999,2.3999822050824333,1.000022321451219
343,2.4007,2.4008,0,49.28104999999999,2.399907662431057,1.000022321451219
344,2.4009,2.401,0,49.28104999999999,2.400191187450755,1.000022321451219
345,2.401,2.4011,0,49.28104999999999,2.400393390588066,1.000022321451219
346,2.4015,2.4016,0,49.28104999999999,2.4008360343528397,1.000022321451219
347,2.4016,2.4017,0,49.28104999999999,2.40109068956856,1.000022321451219
348,2.4019,2.402,0,49.28104999999999,2.4013604597123734,1.000022321451219
349,2.4023,2.4024,0,49.28104999999999,2.401736275827424,1.000022321451219
350,2.4023,2.4024,0,49.28104999999999,2.401924183884949,1.000022321451219
351,2.4017,2.4018,0,49.28104999999999,2.4018187412600485,1.000022321451219
352,2.4017,2.4018,0,49.28104999999999,2.4017520732101882,1.000022321451219
353,2.4021,2.4022,0,49.28104999999999,2.4017156331658303,1.000022321451219
354,2.4017,2.4018,0,49.28104999999999,2.4016968484395567,1.000022321451219
355,2.4018,2.4019,0,49.28104999999999,2.4016874518054054,1.000022321451219
356,2.4018,2.4019,0,49.28104999999999,2.4016840297223143,1.000022321451219
357,2.4021,2.4022,0,49.28104999999999,2.401692234250815,1.000022321451219
358,2.4022,2.4023,0,49.28104999999999,2.4017111767967556,1.000022321451219
359,2.4024,2.4025,0,49.28104999999999,2.4017402742984197,1.000022321451219
360,2.403,2.4031,0,49.28104999999999,2.4018937890348013,1.000022321451219
361,2.4031,2.4032,0,49.28104999999999,2.402295859356534,1.000022321451219
362,2.4031,2.4032,0,49.28104999999999,2.4025256138260955,1.000022321451219
363,2.4031,2.4032,0,49.28104999999999,2.402535577869685,1.000022321451219
364,2.4025,2.4026,0,49.28104999999999,2.4025373767191174,1.000022321451219
365,2.4018,2.4019,0,49.28104999999999,2.4024769655084706,1.000022321451219
366,2.4025,2.4026,0,49.28104999999999,2.4024728528480344,1.000022321451219
367,2.4031,2.4032,0,49.28104999999999,2.402486249133863,1.000022321451219
368,2.403,2.4031,0,49.28104999999999,2.402560355251797,1.000022321451219
369,2.4032,2.4033,0,49.28104999999999,2.4026311277811723,1.000022321451219
370,2.4026,2.4027,0,49.28104999999999,2.402637373750293,1.000022321451219
371,2.4024,2.4025,1,46.87854999999999,2.4026387193204233,1.0000202922283807
372,2.4027,2.4028,0,49.28124999999999,2.402640564020752,1.0000263798968951
373,2.4032,2.4033,0,49.28124999999999,2.402667359995409,1.0000263798968951
374,2.4036,2.4037,0,49.28124999999999,2.402790512414085,1.0000263798968951
375,2.4037,2.4038,0,49.28124999999999,2.402896961393718,1.0000263798968951
376,2.4038,2.4039,0,49.28124999999999,2.40299523831607,1.0000263798968951
377,2.4038,2.4039,0,49.28124999999999,2.4030829917698413,1.0000263798968951
378,2.4045,2.4046,0,49.28124999999999,2.4032287029568162,1.0000263798968951
379,2.404,2.4041,0,49.28124999999999,2.4033233710352686,1.0000263798968951
380,2.4039,2.404,0,49.28124999999999,2.4033983063089592,1.0000263798968951
381,2.4034,2.4035,0,49.28124999999999,2.403423588111134,1.0000263798968951
382,2.4035,2.4036,0,49.28124999999999,2.4034423693780482,1.0000263798968951
383,2.4042,2.4043,0,49.28124999999999,2.4034858165365596,1.0000263798968951
384,2.4045,2.4046,0,49.28124999999999,2.403546172431406,1.0000263798968951
385,2.4051,2.4052,0,49.28124999999999,2.4038108847225557,1.0000263798968951
386,2.4054,2.4055,0,49.28124999999999,2.404605442361278,1.0000263798968951
387,2.4054,2.4055,0,49.28124999999999,2.404923265416767,1.0000263798968951
388,2.4054,2.4055,0,49.28124999999999,2.4050821769445117,1.0000263798968951
389,2.4059,2.406,0,49.28124999999999,2.4050205882406965,1.0000263798968951
390,2.4059,2.406,0,49.28124999999999,2.4052718487433546,1.0000263798968951
391,2.4059,2.406,0,49.28124999999999,2.405428886557516,1.0000263798968951
392,2.4066,2.4067,0,49.28124999999999,2.4054485903859906,1.0000263798968951
393,2.4067,2.4068,0,49.28124999999999,2.405865726923994,1.0000263798968951
394,2.4065,2.4066,0,49.28124999999999,2.405992581539195,1.0000263798968951
395,2.4064,2.4065,0,49.28124999999999,2.405984199939462,1.0000263798968951
396,2.4064,2.4065,0,49.28124999999999,2.405991656686915,1.0000263798968951
397,2.4064,2.4065,0,49.28124999999999,2.4060077719353283,1.0000263798968951
398,2.406,2.4061,0,49.28124999999999,2.406017252673823,1.0000263798968951
399,2.4057,2.4058,0,49.28124999999999,2.406016344922167,1.0000263798968951
400,2.4057,2.4058,0,49.28124999999999,2.4060089665457105,1.0000263798968951
401,2.4044,2.4045,0,49.28124999999999,2.4058400586592463,1.0000263798968951
402,2.4049,2.405,0,49.28124999999999,2.405526705772831,1.0000263798968951
403,2.4052,2.4053,0,49.28124999999999,2.40551072422403,1.0000263798968951
404,2.4055,2.4056,0,49.28124999999999,2.4055049509922712,1.0000263798968951
405,2.4052,2.4053,0,49.28124999999999,2.4054873813475504,1.0000263798968951
406,2.4057,2.4058,0,49.28124999999999,2.40548349630198,1.0000263798968951
407,2.4057,2.4058,0,49.28124999999999,2.40549292686239,1.0000263798968951
408,2.4056,2.4057,0,49.28124999999999,2.405502616268855,1.0000263798968951
409,2.4055,2.4056,0,49.28124999999999,2.4055053583163075,1.0000263798968951
410,2.4049,2.405,0,49.28124999999999,2.405492038466573,1.0000263798968951
411,2.4047,2.4048,0,49.28124999999999,2.4054621248455494,1.0000263798968951
412,2.4046,2.4047,0,49.28124999999999,2.405421645024624,1.0000263798968951
413,2.4048,2.4049,0,49.28124999999999,2.4053806068476535,1.0000263798968951
414,2.4048,2.4049,0,49.28124999999999,2.405340536057873,1.0000263798968951
415,2.4046,2.4047,0,49.28124999999999,2.4052982547404396,1.0000263798968951
416,2.4048,2.4049,0,49.28124999999999,2.4052595871391373,1.0000263798968951
417,2.4048,2.4049,0,49.28124999999999,2.4052243394502475,1.0000263798968951
418,2.4048,2.4049,0,49.28124999999999,2.4051922724225365,1.0000263798968951
419,2.4048,2.4049,0,49.28124999999999,2.4051631296480376,1.0000263798968951
420,2.4046,2.4047,0,49.28124999999999,2.405133492422734,1.0000263798968951
421,2.4046,2.4047,0,49.28124999999999,2.405104191645183,1.0000263798968951
422,2.4046,2.4047,0,49.28124999999999,2.4050757613886895,1.0000263798968951
423,2.4045,2.4046,0,49.28124999999999,2.4050319747114224,1.0000263798968951
424,2.4047,2.4048,0,49.28124999999999,2.4050076006364165,1.0000263798968951
425,2.4052,2.4053,0,49.28124999999999,2.4049928214219274,1.0000263798968951
426,2.405,2.4051,0,49.28124999999999,2.404982025558871,1.0000263798968951
427,2.4046,2.4047,0,49.28124999999999,2.4049691508324296,1.0000263798968951
428,2.4046,2.4047,0,49.28124999999999,2.4049553061567908,1.0000263798968951
429,2.4049,2.405,0,49.28124999999999,2.404944742286353,1.0000263798968951
430,2.4053,2.4054,0,49.28124999999999,2.4049409921905354,1.0000263798968951
431,2.4054,2.4055,0,49.28124999999999,2.404942518416772,1.0000263798968951
432,2.4054,2.4055,0,49.28124999999999,2.404947832416021,1.0000263798968951
433,2.4056,2.4057,0,49.28124999999999,2.4049600254134846,1.0000263798968951
434,2.4054,2.4055,0,49.28124999999999,2.4049711980209265,1.0000263798968951
435,2.4059,2.406,0,49.28124999999999,2.405059122414057,1.0000263798968951
436,2.4056,2.4057,0,49.28124999999999,2.4050765755139882,1.0000263798968951
437,2.4057,2.4058,0,49.28124999999999,2.4051240564020064,1.0000263798968951
438,2.4059,2.406,0,49.28124999999999,2.4051956187019248,1.0000263798968951
439,2.4059,2.406,0,49.28124999999999,2.4052608768192405,1.0000263798968951
440,2.405,2.4051,0,49.28124999999999,2.4052708555863513,1.0000263798968951
441,2.405,2.4051,0,49.28124999999999,2.4052762870037703,1.0000263798968951
442,2.4054,2.4055,0,49.28124999999999,2.405281008477454,1.0000263798968951
443,2.4055,2.4056,0,49.28124999999999,2.4052863096460384,1.0000263798968951
444,2.4055,2.4056,0,49.28124999999999,2.4052920275846645,1.0000263798968951
445,2.4055,2.4056,0,49.28124999999999,2.405298031292206,1.0000263798968951
446,2.4055,2.4056,0,49.28124999999999,2.405304215794913,1.0000263798968951
447,2.4048,2.4049,1,46.876349999999995,2.405305406416713,1.0000243506740571
448,2.4048,2.4049,1,46.876349999999995,2.405302665912987,1.0000243506740571
449,2.4045,2.4046,1,46.876349999999995,2.4052663472248748,1.0000182630055428
450,2.4044,2.4045,1,46.876349999999995,2.4052178078109616,1.0000162337827048
451,2.4043,2.4044,1,46.876349999999995,2.4050959929852636,1.0000142045598666
452,2.4042,2.4043,1,46.876349999999995,2.404992495509079,1.0000121753370286
453,2.4034,2.4035,1,46.876349999999995,2.404825414168706,0.9999959415543237
454,2.4038,2.4039,1,46.876349999999995,2.404723226442158,1.000004058445676
455,2.4038,2.4039,1,46.876349999999995,2.404631128873602,1.000004058445676
456,2.4037,2.4038,1,46.876349999999995,2.404545545894838,1.000002029222838
457,2.4033,2.4034,1,46.876349999999995,2.4044251983710074,0.9999939123314857
458,2.4033,2.4034,1,46.876349999999995,2.4043153557575043,0.9999939123314857
459,2.4033,2.4034,1,46.876349999999995,2.404216429383932,0.9999939123314857
460,2.4028,2.4029,1,46.876349999999995,2.4040782601536783,0.9999837662172951
461,2.4028,2.4029,1,46.876349999999995,2.4038226081229426,0.9999837662172951
462,2.4031,2.4032,1,46.876349999999995,2.4037499256336794,0.9999898538858095
463,2.4022,2.4023,1,46.876349999999995,2.403605140104493,0.9999715908802667
464,2.4027,2.4028,1,46.876349999999995,2.403525147244395,0.9999817369944571
465,2.4024,2.4025,1,46.876349999999995,2.403412239225056,0.9999756493259429
466,2.4024,2.4025,1,46.876349999999995,2.403311591834208,0.9999756493259429
467,2.4022,2.4023,1,46.876349999999995,2.4032161463342416,0.9999715908802667
468,2.4021,2.4022,1,46.876349999999995,2.403097467422115,0.9999695616574285
469,2.4022,2.4023,1,46.876349999999995,2.4030186703353515,0.9999715908802667
470,2.4023,2.4024,1,46.876349999999995,2.4029496717492194,0.9999736201031046
471,2.4023,2.4024,1,46.876349999999995,2.4028890381039103,0.9999736201031046
472,2.402,2.4021,1,46.876349999999995,2.4028163368589452,0.9999675324345905
473,2.4018,2.4019,1,46.876349999999995,2.402726055935521,0.9999634739889143
474,2.4021,2.4022,1,46.876349999999995,2.4026656610102357,0.9999695616574285
475,2.4021,2.4022,1,46.876349999999995,2.402612867402605,0.9999695616574285
476,2.4023,2.4024,1,46.876349999999995,2.4025765963781867,0.9999736201031046
477,2.4023,2.4024,1,46.876349999999995,2.402546395011706,0.9999736201031046
478,2.4019,2.402,1,46.876349999999995,2.4025034975463946,0.9999655032117523
479,2.4018,2.4019,1,46.876349999999995,2.4024600372029465,0.9999634739889143
480,2.4018,2.4019,1,46.876349999999995,2.40241746094329,0.9999634739889143
481,2.4018,2.4019,1,46.876349999999995,2.4023766245273777,0.9999634739889143
482,2.4021,2.4022,1,46.876349999999995,2.4023473745368955,0.9999695616574285
483,2.4021,2.4022,1,46.876349999999995,2.4023227163686665,0.9999695616574285
484,2.4012,2.4013,1,46.876349999999995,2.402276806769154,0.9999512986518858
485,2.4011,2.4012,1,46.876349999999995,2.4021583078216584,0.9999492694290476
486,2.4012,2.4013,1,46.876349999999995,2.402109395852053,0.9999512986518858
487,2.4011,2.4012,1,46.876349999999995,2.40200690386684,0.9999492694290476
488,2.4011,2.4012,1,46.876349999999995,2.4019165291223734,0.9999492694290476
489,2.4011,2.4012,1,46.876349999999995,2.401836809937118,0.9999492694290476
490,2.4011,2.4012,1,46.876349999999995,2.4017664239690095,0.9999492694290476
491,2.4013,2.4014,1,46.876349999999995,2.4017356857208547,0.9999533278747238
492,2.4013,2.4014,1,46.876349999999995,2.4017076747711625,0.9999533278747238
493,2.4013,2.4014,1,46.876349999999995,2.4016821070140115,0.9999533278747238
494,2.4013,2.4014,1,46.876349999999995,2.4016587301727856,0.9999533278747238
495,2.4013,2.4014,1,46.876349999999995,2.4016373202970724,0.9999533278747238
496,2.4013,2.4014,1,46.876349999999995,2.4016176785680616,0.9999533278747238
497,2.4012,2.4013,1,46.876349999999995,2.401597363918442,0.9999512986518858
498,2.4006,2.4007,1,46.876349999999995,2.4015435320373557,0.9999391233148571
499,2.4002,2.4003,1,46.876349999999995,2.401478521635397,0.9999310064235047
500,2.4013,2.4014,1,46.876349999999995,2.4014552034761687,0.9999533278747238
501,2.4011,2.4012,1,46.876349999999995,2.401423326988672,0.9999492694290476
502,2.401,2.4011,1,46.876349999999995,2.40139433488774,0.9999472402062096
503,2.401,2.4011,1,46.876349999999995,2.401367938815847,0.9999472402062096
504,2.401,2.4011,1,46.876349999999995,2.4013438775449396,0.9999472402062096
505,2.4014,2.4015,1,46.876349999999995,2.4012736717323158,0.999955357097562
506,2.4017,2.4018,1,46.876349999999995,2.4012571495903003,0.9999614447660762
507,2.4017,2.4018,1,46.876349999999995,2.401266030458684,0.9999614447660762
508,2.4004,2.4005,1,46.876349999999995,2.4012558744197805,0.9999350648691809
509,2.4002,2.4003,1,46.876349999999995,2.4011100289179073,0.9999310064235047
510,2.3994,2.3995,1,46.876349999999995,2.400894907674604,0.9999147726408001
511,2.3987,2.3988,1,46.876349999999995,2.399797453837302,0.9999005680809334
512,2.3987,2.3988,1,46.876349999999995,2.3992487269186507,0.9999005680809334
513,2.3983,2.3984,1,46.876349999999995,2.3988692361511905,0.999892451189581
514,2.3982,2.3983,1,46.876349999999995,2.3986015416907147,0.999890421966743
515,2.3984,2.3985,1,46.876349999999995,2.3985439583505106,0.9998944804124192
516,2.3982,2.3983,1,46.876349999999995,2.398445684536079,0.999890421966743
517,2.3982,2.3983,1,46.876349999999995,2.3983842634020593,0.999890421966743
518,2.398,2.3981,1,46.876349999999995,2.398462823691669,0.9998863635210669
519,2.3982,2.3983,1,46.876349999999995,2.3984982600869302,0.999890421966743
520,2.3982,2.3983,1,46.876349999999995,2.39850948636884,0.999890421966743
521,2.3982,2.3983,1,46.876349999999995,2.398506996848835,0.999890421966743
522,2.3982,2.3983,1,46.876349999999995,2.3984968426936195,0.999890421966743
523,2.3982,2.3983,1,46.876349999999995,2.3984826048225756,0.999890421966743
524,2.3987,2.3988,1,46.876349999999995,2.398478808746649,0.9999005680809334
525,2.399,2.3991,1,46.876349999999995,2.398487399438877,0.9999066557494477
526,2.4001,2.4002,1,46.876349999999995,2.398660357295588,0.9999289772006668
527,2.4005,2.4006,1,46.876349999999995,2.3995801786477937,0.9999370940920191
528,2.4005,2.4006,1,46.876349999999995,2.400040089323897,0.9999370940920191
529,2.3999,2.4,1,46.876349999999995,2.399852743432567,0.9999249187549906
530,2.3998,2.3999,1,46.876349999999995,2.3997737045028154,0.9999228895321525
531,2.4001,2.4002,1,46.876349999999995,2.399740034954885,0.9999289772006668
532,2.3994,2.3995,1,46.876349999999995,2.399711141360269,0.9999147726408001
533,2.3993,2.3994,1,46.876349999999995,2.3996547034170352,0.9999127434179621
534,2.3995,2.3996,1,46.876349999999995,2.3996346232683643,0.9999168018636382
535,2.3997,2.3998,1,46.876349999999995,2.399623814132323,0.9999208603093144
536,2.3998,2.3999,1,46.876349999999995,2.3996214416583146,0.9999228895321525
537,2.4004,2.4005,1,46.876349999999995,2.399641427715474,0.9999350648691809
538,2.4001,2.4002,1,46.876349999999995,2.399664536253637,0.9999289772006668
539,2.4,2.4001,1,46.876349999999995,2.399687522355628,0.9999269479778286
540,2.3991,2.3992,1,46.876349999999995,2.3996999350699104,0.9999086849722857
541,2.3978,2.3979,1,46.876349999999995,2.3995322916284887,0.9998823050753906
542,2.3991,2.3992,1,46.876349999999995,2.3994603711972835,0.9999086849722857
543,2.3995,2.3996,1,46.876349999999995,2.3994498490314284,0.9999168018636382
544,2.3995,2.3996,1,46.876349999999995,2.3994135152476344,0.9999168018636382
545,2.3998,2.3999,1,46.876349999999995,2.39942973217311,0.9999228895321525
546,2.4,2.4001,1,46.876349999999995,2.399470928056374,0.9999269479778286
547,2.4,2.4001,1,46.876349999999995,2.39951767272614,0.9999269479778286
548,2.4,2.4001,1,46.876349999999995,2.399563500217446,0.9999269479778286
549,2.4009,2.4011,1,46.876349999999995,2.3996819954244266,0.9999452109833714
550,2.4007,2.4008,1,46.876349999999995,2.3999728538745906,0.9999411525376952
551,2.4009,2.401,1,46.876349999999995,2.4000330243995576,0.9999452109833714
552,2.4011,2.4012,1,46.876349999999995,2.4001184461126255,0.9999492694290476
553,2.4019,2.402,1,46.876349999999995,2.400385241295697,0.9999655032117523
554,2.4025,2.4026,1,46.876349999999995,2.4014426206478485,0.9999776785487808
555,2.4025,2.4026,1,46.876349999999995,2.4019713103239244,0.9999776785487808
556,2.4025,2.4026,1,46.876349999999995,2.4021827861943548,0.9999776785487808
557,2.4022,2.4023,1,46.876349999999995,2.4020212288976373,0.9999715908802667
558,2.4018,2.4019,1,46.876349999999995,2.4019538322534815,0.9999634739889143
559,2.4015,2.4016,1,46.876349999999995,2.401898722729311,0.9999573863204
560,2.4024,2.4025,1,46.876349999999995,2.4018688767889818,0.9999756493259429
561,2.4032,2.4033,1,46.876349999999995,2.401947154029966,0.9999918831086475
562,2.4045,2.4046,1,46.876349999999995,2.403223577014983,1.0000182630055428
563,2.4053,2.4054,0,49.28164999999999,2.4042617885074913,1.0000344967882473
564,2.4054,2.4055,0,49.28164999999999,2.4048308942537457,1.0000344967882473
565,2.4055,2.4056,0,49.28164999999999,2.4050985365522473,1.0000344967882473
566,2.4065,2.4066,0,49.28164999999999,2.4057992682761236,1.0000344967882473
567,2.4067,2.4068,0,49.28164999999999,2.406249634138062,1.0000344967882473
568,2.4074,2.4075,0,49.28164999999999,2.406824817069031,1.0000344967882473
569,2.4081,2.4082,0,49.28164999999999,2.4074624085345153,1.0000344967882473
570,2.4092,2.4093,0,49.28164999999999,2.4083312042672578,1.0000344967882473
571,2.413,2.4131,0,49.28164999999999,2.410665602133629,1.0000344967882473
572,2.4145,2.4146,0,49.28164999999999,2.412582801066814,1.0000344967882473
573,2.4172,2.4173,0,49.28164999999999,2.4148914005334072,1.0000344967882473
574,2.4178,2.4179,0,49.28164999999999,2.416345700266704,1.0000344967882473
575,2.4172,2.4173,0,49.28164999999999,2.416772850133352,1.0000344967882473
576,2.4148,2.4149,0,49.28164999999999,2.415786425066676,1.0000344967882473
577,2.4171,2.4172,0,49.28164999999999,2.416224283377784,1.0000344967882473
578,2.4152,2.4153,0,49.28164999999999,2.415712141688892,1.0000344967882473
579,2.4151,2.4152,0,49.28164999999999,2.415467285013335,1.0000344967882473
580,2.4141,2.4142,0,49.28164999999999,2.4148475536793748,1.0000344967882473
581,2.4157,2.4158,0,49.28164999999999,2.4147067286115784,1.0000344967882473
582,2.4157,2.4158,0,49.28164999999999,2.415037819074386,1.0000344967882473
583,2.4159,2.416,0,49.28164999999999,2.415468909537193,1.0000344967882473
584,2.4167,2.4168,0,49.28164999999999,2.415961345722316,1.0000344967882473
585,2.416,2.4161,0,49.28164999999999,2.415974230481544,1.0000344967882473
586,2.4162,2.4163,0,49.28164999999999,2.415848889272609,1.0000344967882473
587,2.4171,2.4172,0,49.28164999999999,2.4158373272454727,1.0000344967882473
588,2.4175,2.4176,0,49.28164999999999,2.4166686636227364,1.0000344967882473
589,2.4175,2.4176,0,49.28164999999999,2.417084331811368,1.0000344967882473
590,2.4191,2.4192,0,49.28164999999999,2.418092165905684,1.0000344967882473
591,2.4186,2.4187,0,49.28164999999999,2.41829529954341,1.0000344967882473
592,2.4192,2.4193,0,49.28164999999999,2.418747649771705,1.0000344967882473
593,2.4192,2.4193,0,49.28164999999999,2.418928589863023,1.0000344967882473
594,2.4192,2.4193,0,49.28164999999999,2.419019059908682,1.0000344967882473
595,2.4199,2.42,0,49.28164999999999,2.4193714359452096,1.0000344967882473
596,2.4194,2.4195,0,49.28164999999999,2.4193785769589073,1.0000344967882473
597,2.4209,2.421,0,49.28164999999999,2.419199098926086,1.0000344967882473
598,2.4209,2.421,0,49.28164999999999,2.4198794593556516,1.0000344967882473
599,2.4209,2.421,0,49.28164999999999,2.420389729677826,1.0000344967882473
600,2.4212,2.4213,0,49.28164999999999,2.4207138378066952,1.0000344967882473
601,2.4217,2.4218,0,49.28164999999999,2.421042558537797,1.0000344967882473
602,2.4216,2.4217,0,49.28164999999999,2.421201827526998,1.0000344967882473
603,2.4223,2.4224,0,49.28164999999999,2.4216410965161987,1.0000344967882473
604,2.4218,2.4219,0,49.28164999999999,2.421676408401488,1.0000344967882473
605,2.4218,2.4219,0,49.28164999999999,2.4217011267211905,1.0000344967882473
606,2.4228,2.4229,0,49.28164999999999,2.4215991043266545,1.0000344967882473
607,2.4206,2.4207,0,49.28164999999999,2.4210995521633274,1.0000344967882473
608,2.421,2.4211,1,46.86054999999999,2.4211460698431075,1.0000324675654093
609,2.4205,2.4206,1,46.86054999999999,2.421125396140827,1.0000223214512187
610,2.4207,2.4208,1,46.86054999999999,2.4210876923007474,1.000026379896895
611,2.4207,2.4208,1,46.86054999999999,2.421048771499458,1.000026379896895
612,2.4213,2.4214,0,49.28184999999999,2.4210436255923895,1.0000385552339235
613,2.4213,2.4214,0,49.28184999999999,2.4210526475448026,1.0000385552339235
614,2.4206,2.4207,0,49.28184999999999,2.421039279820066,1.0000385552339235
615,2.4209,2.421,0,49.28184999999999,2.421026559038806,1.0000385552339235
616,2.4223,2.4224,0,49.28184999999999,2.4210898600629576,1.0000385552339235
617,2.4216,2.4217,0,49.28184999999999,2.4211225827646063,1.0000385552339235
618,2.4222,2.4223,0,49.28184999999999,2.421287462584832,1.0000385552339235
619,2.4214,2.4215,0,49.28184999999999,2.421309657301876,1.0000385552339235
620,2.4214,2.4215,0,49.28184999999999,2.421326374879047,1.0000385552339235
621,2.4204,2.4206,0,49.28184999999999,2.421286612538429,1.0000385552339235
622,2.42,2.4201,0,49.28184999999999,2.4206433062692145,1.0000385552339235
623,2.4193,2.4194,0,49.28184999999999,2.419971653134607,1.0000385552339235
624,2.419,2.4191,0,49.28184999999999,2.4194858265673034,1.0000385552339235
625,2.4189,2.419,0,49.28184999999999,2.419251495940382,1.0000385552339235
626,2.4202,2.4203,0,49.28184999999999,2.4195049144841727,1.0000385552339235
627,2.4208,2.4209,0,49.28184999999999,2.4198818275872154,1.0000385552339235
628,2.422,2.4221,0,49.28184999999999,2.4202285804396224,1.0000385552339235
629,2.4214,2.4215,0,49.28184999999999,2.4208142902198113,1.0000385552339235
630,2.422,2.4221,0,49.28184999999999,2.4208856657572375,1.0000385552339235
631,2.422,2.4221,0,49.28184999999999,2.421331399454343,1.0000385552339235
632,2.4209,2.421,0,49.28184999999999,2.4212740048487484,1.0000385552339235
633,2.4209,2.421,0,49.28184999999999,2.421227587393222,1.0000385552339235
634,2.4208,2.4209,0,49.28184999999999,2.421122254455244,1.0000385552339235
635,2.4206,2.4207,0,49.28184999999999,2.4210497997151603,1.0000385552339235
636,2.4211,2.4212,0,49.28184999999999,2.4210365006481687,1.0000385552339235
637,2.4203,2.4204,0,49.28184999999999,2.4209826965102215,1.0000385552339235
638,2.4203,2.4204,0,49.28184999999999,2.420924151371034,1.0000385552339235
639,2.4211,2.4212,0,49.28184999999999,2.4209092541407293,1.0000385552339235
640,2.4219,2.422,0,49.28184999999999,2.4209597088564436,1.0000385552339235
641,2.4238,2.4239,0,49.28184999999999,2.421238557707741,1.0000385552339235
642,2.4232,2.4233,0,49.28184999999999,2.422219278853871,1.0000385552339235
643,2.4242,2.4243,0,49.28184999999999,2.4232096394269353,1.0000385552339235
644,2.4242,2.4243,0,49.28184999999999,2.423605783656161,1.0000385552339235
645,2.4244,2.4245,0,49.28184999999999,2.4240028918280805,1.0000385552339235
646,2.4241,2.4242,0,49.28184999999999,2.4240306370200577,1.0000385552339235
647,2.4232,2.4233,0,49.28184999999999,2.4238120398773755,1.0000385552339235
648,2.4222,2.4223,0,49.28184999999999,2.4233972124861403,1.0000385552339235
649,2.4223,2.4224,0,49.28184999999999,2.4231277637818947,1.0000385552339235
650,2.4231,2.4232,0,49.28184999999999,2.4230525951181976,1.0000385552339235
651,2.4231,2.4232,0,49.28184999999999,2.423019913918641,1.0000385552339235
652,2.422,2.4221,0,49.28184999999999,2.4229478319750744,1.0000385552339235
653,2.4218,2.4219,0,49.28184999999999,2.422769763444147,1.0000385552339235
654,2.4217,2.4218,0,49.28184999999999,2.4222348817220736,1.0000385552339235
655,2.4236,2.4237,0,49.28184999999999,2.4229174408610366,1.0000385552339235
656,2.4241,2.4242,0,49.28184999999999,2.4235087204305183,1.0000385552339235
657,2.4262,2.4263,0,49.28184999999999,2.4235073863174934,1.0000385552339235
658,2.4282,2.4283,0,49.28184999999999,2.4258536931587464,1.0000385552339235
659,2.4279,2.428,0,49.28184999999999,2.4268768465793733,1.0000385552339235
660,2.4283,2.4284,0,49.28184999999999,2.427588423289687,1.0000385552339235
661,2.4276,2.4277,0,49.28184999999999,2.427593053973812,1.0000385552339235
662,2.4276,2.4277,0,49.28184999999999,2.427595369315875,1.0000385552339235
663,2.4275,2.4276,0,49.28184999999999,2.427568120939911,1.0000385552339235
664,2.4283,2.4284,0,49.28184999999999,2.427751090704933,1.0000385552339235
665,2.4281,2.4282,0,49.28184999999999,2.427828626103837,1.0000385552339235
666,2.4281,2.4282,0,49.28184999999999,2.42788290088307,1.0000385552339235
667,2.4276,2.4277,0,49.28184999999999,2.427778111822771,1.0000385552339235
668,2.4287,2.4288,0,49.28184999999999,2.4277417454502315,1.0000385552339235
669,2.429,2.4291,0,49.28184999999999,2.428101246750165,1.0000385552339235
670,2.4293,2.4294,0,49.28184999999999,2.4287006233750823,1.0000385552339235
671,2.4296,2.4297,0,49.28184999999999,2.4290603740250494,1.0000385552339235
672,2.4302,2.4303,0,49.28184999999999,2.4295162244150297,1.0000385552339235
673,2.4296,2.4297,0,49.28184999999999,2.4295401602964497,1.0000385552339235
674,2.4299,2.43,0,49.28184999999999,2.4294179046306743,1.0000385552339235
675,2.4303,2.4304,0,49.28184999999999,2.429669931879053,1.0000385552339235
676,2.432,2.4321,0,49.28184999999999,2.4297215037424236,1.0000385552339235
677,2.4308,2.4309,0,49.28184999999999,2.429991127806818,1.0000385552339235
678,2.4309,2.431,0,49.28184999999999,2.430294085204545,1.0000385552339235
679,2.4304,2.4305,0,49.28184999999999,2.4302368893778636,1.0000385552339235
680,2.4307,2.4308,0,49.28184999999999,2.430251851516196,1.0000385552339235
681,2.4302,2.4303,0,49.28184999999999,2.430254829874835,1.0000385552339235
682,2.4318,2.4319,0,49.28184999999999,2.4303977367251,1.0000385552339235
683,2.4331,2.4332,0,49.28184999999999,2.43174886836255,1.0000385552339235
684,2.4328,2.4329,0,49.28184999999999,2.432274434181275,1.0000385552339235
685,2.4339,2.434,0,49.28184999999999,2.4330872170906375,1.0000385552339235
686,2.4349,2.435,0,49.28184999999999,2.4339936085453187,1.0000385552339235
687,2.4346,2.4347,0,49.28184999999999,2.4342968042726594,1.0000385552339235
688,2.4353,2.4354,0,49.28184999999999,2.4347984021363294,1.0000385552339235
689,2.4382,2.4383,0,49.28184999999999,2.4364992010681648,1.0000385552339235
690,2.4379,2.438,0,49.28184999999999,2.4371996005340826,1.0000385552339235
691,2.4378,2.4379,0,49.28184999999999,2.4374998002670414,1.0000385552339235
692,2.4372,2.4373,0,49.28184999999999,2.4373798801602247,1.0000385552339235
693,2.4374,2.4375,0,49.28184999999999,2.437386586773483,1.0000385552339235
694,2.436,2.4361,0,49.28184999999999,2.4366952847712997,1.0000385552339235
695,2.436,2.4361,0,49.28184999999999,2.4364184743144905,1.0000385552339235
696,2.4357,2.4358,0,49.28184999999999,2.4361832975055857,1.0000385552339235
697,2.4342,2.4343,0,49.28184999999999,2.435906789037799,1.0000385552339235
698,2.4339,2.434,0,49.28184999999999,2.4349033945188996,1.0000385552339235
699,2.4332,2.4333,0,49.28184999999999,2.4340516972594495,1.0000385552339235
700,2.4323,2.4324,0,49.28184999999999,2.433175848629725,1.0000385552339235
701,2.4334,2.4335,0,49.28184999999999,2.4332505657531502,1.0000385552339235
702,2.4334,2.4335,0,49.28184999999999,2.43329326125225,1.0000385552339235
703,2.4313,2.4314,1,46.850449999999995,2.4334138471850197,1.0000365260110855
704,2.4313,2.4314,1,46.850449999999995,2.4323569235925095,1.0000365260110855
705,2.4317,2.4318,0,49.282149999999994,2.432028461796255,1.0000446429024379
706,2.4339,2.434,0,49.282149999999994,2.4329642308981274,1.0000446429024379
707,2.4337,2.4338,0,49.282149999999994,2.4330821905067195,1.0000446429024379
708,2.4337,2.4338,0,49.282149999999994,2.4331866112096234,1.0000446429024379
709,2.4332,2.4333,0,49.282149999999994,2.4332217589880556,1.0000446429024379
710,2.4321,2.4322,0,49.282149999999994,2.4331413488531792,1.0000446429024379
711,2.4321,2.4322,0,49.282149999999994,2.4326206744265897,1.0000446429024379
712,2.4312,2.4313,0,49.282149999999994,2.4326001555446277,1.0000446429024379
713,2.4297,2.4298,0,49.282149999999994,2.4311500777723136,1.0000446429024379
714,2.4288,2.4289,0,49.282149999999994,2.4299750388861567,1.0000446429024379
715,2.4277,2.4278,0,49.282149999999994,2.4288375194430785,1.0000446429024379
716,2.4298,2.4299,0,49.282149999999994,2.4292225116658472,1.0000446429024379
717,2.4317,2.4318,0,49.282149999999994,2.430461255832924,1.0000446429024379
718,2.4335,2.4336,0,49.282149999999994,2.4308766036089846,1.0000446429024379
719,2.4338,2.4339,0,49.282149999999994,2.432338301804492,1.0000446429024379
720,2.4338,2.4339,0,49.282149999999994,2.433069150902246,1.0000446429024379
721,2.4339,2.434,0,49.282149999999994,2.4334014905413475,1.0000446429024379
722,2.4342,2.4343,0,49.282149999999994,2.4336676603608987,1.0000446429024379
723,2.434,2.4341,0,49.282149999999994,2.433762614543499,1.0000446429024379
724,2.4337,2.4338,0,49.282149999999994,2.4336014203696497,1.0000446429024379
725,2.4334,2.4335,0,49.282149999999994,2.433505358078069,1.0000446429024379
726,2.4342,2.4343,0,49.282149999999994,2.433475600290052,1.0000446429024379
727,2.4337,2.4338,0,49.282149999999994,2.4334653113487508,1.0000446429024379
728,2.4343,2.4344,0,49.282149999999994,2.4334842912757177,1.0000446429024379
729,2.4332,2.4333,1,46.84884999999999,2.4334882844807817,1.0000426136795997
730,2.4323,2.4324,1,46.84884999999999,2.433389243330286,1.000024350674057
731,2.4317,2.4318,1,46.84884999999999,2.4325446216651434,1.0000121753370284
732,2.4311,2.4312,1,46.84884999999999,2.4318223108325716,0.9999999999999999
733,2.433,2.4331,1,46.84884999999999,2.432120898779207,1.0000385552339235
734,2.4336,2.4337,0,49.28244999999999,2.4324996617556165,1.000050730570952
735,2.4332,2.4333,0,49.28244999999999,2.4327182773590916,1.000050730570952
736,2.4327,2.4328,0,49.28244999999999,2.432788495021386,1.000050730570952
737,2.4322,2.4323,0,49.28244999999999,2.4327780835849406,1.000050730570952
738,2.4318,2.4319,0,49.28244999999999,2.4326849076714003,1.000050730570952
739,2.4315,2.4316,0,49.28244999999999,2.432568238632685,1.000050730570952
740,2.4302,2.4303,0,49.28244999999999,2.432281351846866,1.000050730570952
741,2.4297,2.4298,0,49.28244999999999,2.430990675923433,1.000050730570952
742,2.4287,2.4288,0,49.28244999999999,2.4298453379617166,1.000050730570952
743,2.4301,2.4302,0,49.28244999999999,2.42994720277703,1.000050730570952
744,2.4309,2.431,0,49.28244999999999,2.4301814471832697,1.000050730570952
745,2.4308,2.4309,0,49.28244999999999,2.430525161028812,1.000050730570952
746,2.4309,2.431,0,49.28244999999999,2.4306649102125304,1.000050730570952
747,2.431,2.4311,0,49.28244999999999,2.4307423888051103,1.000050730570952
748,2.4313,2.4314,0,49.28244999999999,2.430807579377999,1.000050730570952
749,2.4313,2.4314,0,49.28244999999999,2.4308632982219534,1.000050730570952
750,2.4305,2.4306,0,49.28244999999999,2.430879011602617,1.000050730570952
751,2.4296,2.4297,0,49.28244999999999,2.4307852365246934,1.000050730570952
752,2.4293,2.4294,0,49.28244999999999,2.4300426182623465,1.000050730570952
753,2.4292,2.4293,0,49.28244999999999,2.429621309131173,1.000050730570952
754,2.4296,2.4297,0,49.28244999999999,2.4297814676438465,1.000050730570952
755,2.4296,2.4297,0,49.28244999999999,2.429846920057883,1.000050730570952
756,2.4301,2.4302,0,49.28244999999999,2.4298709059875807,1.000050730570952
757,2.4284,2.4285,0,49.28244999999999,2.429835937008311,1.000050730570952
758,2.4292,2.4293,0,49.28244999999999,2.4297911685950404,1.000050730570952
759,2.4286,2.4287,0,49.28244999999999,2.429618780312854,1.000050730570952
760,2.4267,2.4268,0,49.28244999999999,2.4292829141689722,1.000050730570952
761,2.4267,2.4268,0,49.28244999999999,2.4279914570844863,1.000050730570952
762,2.4273,2.4274,0,49.28244999999999,2.427645728542243,1.000050730570952
763,2.4257,2.4258,0,49.28244999999999,2.4277227032441413,1.000050730570952
764,2.4242,2.4243,0,49.28244999999999,2.4259613516220706,1.000050730570952
765,2.4249,2.425,0,49.28244999999999,2.425430675811035,1.000050730570952
766,2.4233,2.4234,0,49.28244999999999,2.4243653379055177,1.000050730570952
767,2.4236,2.4237,0,49.28244999999999,2.4240592027433108,1.000050730570952
768,2.4233,2.4234,0,49.28244999999999,2.4236796013716555,1.000050730570952
769,2.4219,2.422,0,49.28244999999999,2.4227898006858277,1.000050730570952
770,2.424,2.4241,0,49.28244999999999,2.423221972746766,1.000050730570952
771,2.4242,2.4243,0,49.28244999999999,2.4234972192144792,1.000050730570952
772,2.4245,2.4246,0,49.28244999999999,2.4239824840010247,1.000050730570952
773,2.4252,2.4253,0,49.28244999999999,2.4242298445492745,1.000050730570952
774,2.4242,2.4243,0,49.28244999999999,2.424329228740269,1.000050730570952
775,2.4241,2.4242,0,49.28244999999999,2.4243637860898106,1.000050730570952
776,2.4244,2.4245,0,49.28244999999999,2.4243831035485623,1.000050730570952
777,2.4238,2.4239,0,49.28244999999999,2.4243596622499863,1.000050730570952
778,2.4237,2.4238,0,49.28244999999999,2.4243100930975396,1.000050730570952
779,2.4244,2.4245,0,49.28244999999999,2.4242983173795376,1.000050730570952
780,2.4244,2.4245,0,49.28244999999999,2.4242941726622926,1.000050730570952
781,2.4237,2.4238,0,49.28244999999999,2.4242663977612704,1.000050730570952
782,2.4254,2.4255,0,49.28244999999999,2.4247198386567623,1.000050730570952
783,2.4251,2.4252,0,49.28244999999999,2.4246537327525055,1.000050730570952
784,2.4244,2.4245,0,49.28244999999999,2.424634444436805,1.000050730570952
785,2.4235,2.4236,0,49.28244999999999,2.424476078402135,1.000050730570952
786,2.4232,2.4233,0,49.28244999999999,2.424295285169576,1.000050730570952
787,2.4237,2.4238,0,49.28244999999999,2.4241928230084056,1.000050730570952
788,2.4227,2.4228,0,49.28244999999999,2.424033954455947,1.000050730570952
789,2.4216,2.4217,0,49.28244999999999,2.4228169772279733,1.000050730570952
790,2.4224,2.4225,0,49.28244999999999,2.422608488613987,1.000050730570952
791,2.4229,2.423,0,49.28244999999999,2.4227458536949515,1.000050730570952
792,2.4224,2.4225,0,49.28244999999999,2.4228372824766526,1.000050730570952
793,2.4224,2.4225,0,49.28244999999999,2.4228573124277517,1.000050730570952
794,2.4224,2.4225,0,49.28244999999999,2.422846768087848,1.000050730570952
795,2.4226,2.4227,0,49.28244999999999,2.422834976673407,1.000050730570952
796,2.4226,2.4227,0,49.28244999999999,2.4228209827293976,1.000050730570952
797,2.4234,2.4235,0,49.28244999999999,2.4228303834225846,1.000050730570952
798,2.4227,2.4228,0,49.28244999999999,2.4228308119679207,1.000050730570952
799,2.4222,2.4223,0,49.28244999999999,2.422813517505911,1.000050730570952
800,2.422,2.4221,0,49.28244999999999,2.422700648829488,1.000050730570952
801,2.4229,2.423,0,49.28244999999999,2.422692017840023,1.000050730570952
802,2.4233,2.4234,0,49.28244999999999,2.42270226109121,1.000050730570952
803,2.4264,2.4265,0,49.28244999999999,2.4230635616994682,1.000050730570952
804,2.4256,2.4257,0,49.28244999999999,2.424331780849734,1.000050730570952
805,2.425,2.4251,0,49.28244999999999,2.4246658904248672,1.000050730570952
806,2.4255,2.4256,0,49.28244999999999,2.4249995342549204,1.000050730570952
807,2.4254,2.4255,0,49.28244999999999,2.4251330228366137,1.000050730570952
808,2.426,2.4261,0,49.28244999999999,2.425380730597581,1.000050730570952
809,2.4257,2.4258,0,49.28244999999999,2.4254605479481857,1.000050730570952
810,2.426,2.4261,0,49.28244999999999,2.425388060881662,1.000050730570952
811,2.4253,2.4254,0,49.28244999999999,2.425343343347865,1.000050730570952
812,2.4258,2.4259,0,49.28244999999999,2.4253318306550975,1.000050730570952
813,2.4267,2.4268,0,49.28244999999999,2.425390793632571,1.000050730570952
814,2.426,2.4261,0,49.28244999999999,2.4254263891532424,1.000050730570952
815,2.4258,2.4259,0,49.28244999999999,2.425458976165798,1.000050730570952
816,2.4262,2.4263,0,49.28244999999999,2.425498270060906,1.000050730570952
817,2.4254,2.4255,1,46.85694999999999,2.425574711978796,1.000048701348114
818,2.4261,2.4262,0,49.28304999999999,2.42559698515456,1.0000629059079806
819,2.4258,2.4259,0,49.28304999999999,2.425616272720771,1.0000629059079806
820,2.4251,2.4252,1,46.85784999999999,2.4256243672509004,1.0000608766851427
821,2.4251,2.4252,1,46.85784999999999,2.4256075958935606,1.0000608766851427
822,2.4247,2.4248,1,46.85784999999999,2.4255223780919852,1.0000527597937903
823,2.4251,2.4252,1,46.85784999999999,2.425489399637353,1.0000608766851427
824,2.4255,2.4256,0,49.28334999999999,2.425479008912552,1.000068993576495
825,2.4257,2.4258,0,49.28334999999999,2.4254749184480158,1.000068993576495
826,2.4264,2.4265,0,49.28334999999999,2.4255406096805103,1.000068993576495
827,2.4266,2.4267,0,49.28334999999999,2.425639155198017,1.000068993576495
828,2.4254,2.4255,1,46.85784999999999,2.4256488376308614,1.0000669643536568
829,2.425,2.4251,1,46.85784999999999,2.4256175793584736,1.0000588474623044
830,2.425,2.4251,1,46.85784999999999,2.4255486483053623,1.0000588474623044
831,2.4247,2.4248,1,46.85784999999999,2.4254643691748634,1.0000527597937903
832,2.4239,2.424,1,46.85784999999999,2.425309223479901,1.0000365260110855
833,2.4254,2.4255,1,46.85784999999999,2.425292661455297,1.0000669643536568
834,2.4254,2.4255,1,46.85784999999999,2.425282732727906,1.0000669643536568
835,2.4274,2.4275,0,49.28524999999999,2.4254345940496806,1.0001075488104187
836,2.4272,2.4273,0,49.28524999999999,2.4263172970248403,1.0001075488104187
837,2.4261,2.4262,0,49.28524999999999,2.4261848175347085,1.0001075488104187
838,2.426,2.4261,0,49.28524999999999,2.426059623630536,1.0001075488104187
839,2.426,2.4261,0,49.28524999999999,2.4260143148160407,1.0001075488104187
840,2.4251,2.4252,0,49.28524999999999,2.4259255766841217,1.0001075488104187
841,2.4259,2.426,0,49.28524999999999,2.4258877246189963,1.0001075488104187
842,2.4248,2.4249,0,49.28524999999999,2.4258011553338372,1.0001075488104187
843,2.4238,2.4239,0,49.28524999999999,2.4255484027065397,1.0001075488104187
844,2.4238,2.4239,0,49.28524999999999,2.4246742013532696,1.0001075488104187
845,2.4228,2.4229,0,49.28524999999999,2.423737100676635,1.0001075488104187
846,2.4224,2.4225,0,49.28524999999999,2.423068550338318,1.0001075488104187
847,2.4233,2.4234,0,49.28524999999999,2.423145700225545,1.0001075488104187
848,2.4234,2.4235,0,49.28524999999999,2.4233701538360783,1.0001075488104187
849,2.4227,2.4228,0,49.28524999999999,2.423454469712552,1.0001075488104187
850,2.4233,2.4234,0,49.28524999999999,2.423494218990121,1.0001075488104187
851,2.4229,2.423,0,49.28524999999999,2.423495376522179,1.0001075488104187
852,2.4224,2.4225,0,49.28524999999999,2.423451960726416,1.0001075488104187
853,2.4221,2.4222,0,49.28524999999999,2.423001307150944,1.0001075488104187
854,2.4219,2.422,0,49.28524999999999,2.4225607842905665,1.0001075488104187
855,2.4215,2.4216,0,49.28524999999999,2.42213647057434,1.0001075488104187
856,2.422,2.4221,0,49.28524999999999,2.422242042403374,1.0001075488104187
857,2.4223,2.4224,0,49.28524999999999,2.4222743967065754,1.0001075488104187
858,2.4225,2.4226,0,49.28524999999999,2.4223010432394205,1.0001075488104187
859,2.424,2.4241,0,49.28524999999999,2.4225263494072657,1.0001075488104187
860,2.4242,2.4243,0,49.28524999999999,2.423363174703633,1.0001075488104187
861,2.4249,2.425,0,49.28524999999999,2.4241315873518166,1.0001075488104187
862,2.4261,2.4262,0,49.28524999999999,2.425115793675908,1.0001075488104187
863,2.4252,2.4253,0,49.28524999999999,2.4251438624506054,1.0001075488104187
864,2.4251,2.4252,0,49.28524999999999,2.425131330321861,1.0001075488104187
865,2.4251,2.4252,0,49.28524999999999,2.425123497741396,1.0001075488104187
866,2.4243,2.4244,0,49.28524999999999,2.4248369697832786,1.0001075488104187
867,2.4241,2.4242,0,49.28524999999999,2.4246750889650626,1.0001075488104187
868,2.4242,2.4243,0,49.28524999999999,2.4245747244804385,1.0001075488104187
869,2.4253,2.4254,0,49.28524999999999,2.4245613748958945,1.0001075488104187
870,2.4257,2.4258,0,49.28524999999999,2.424640310897448,1.0001075488104187
871,2.4263,2.4264,0,49.28524999999999,2.425470155448724,1.0001075488104187
872,2.4261,2.4262,0,49.28524999999999,2.4257220932692345,1.0001075488104187
873,2.4265,2.4266,0,49.28524999999999,2.425981395512823,1.0001075488104187
874,2.4256,2.4257,0,49.28524999999999,2.4258352143815793,1.0001075488104187
875,2.4251,2.4252,0,49.28524999999999,2.4257871385814163,1.0001075488104187
876,2.4246,2.4247,0,49.28524999999999,2.425521877909844,1.0001075488104187
877,2.4238,2.4239,0,49.28524999999999,2.4252568278251245,1.0001075488104187
878,2.427,2.4271,0,49.28524999999999,2.4261284139125623,1.0001075488104187
879,2.4289,2.429,0,49.28524999999999,2.427514206956281,1.0001075488104187
880,2.4291,2.4292,0,49.28524999999999,2.4283071034781405,1.0001075488104187
881,2.4299,2.43,0,49.28524999999999,2.42910355173907,1.0001075488104187
882,2.4297,2.4298,0,49.28524999999999,2.429342131043442,1.0001075488104187
883,2.4303,2.4304,0,49.28524999999999,2.4297252786260652,1.0001075488104187
884,2.4311,2.4312,0,49.28524999999999,2.430275167175639,1.0001075488104187
885,2.431,2.4311,0,49.28524999999999,2.43063758358782,1.0001075488104187
886,2.4315,2.4316,0,49.28524999999999,2.430982550152692,1.0001075488104187
887,2.4321,2.4322,0,49.28524999999999,2.4314295300916156,1.0001075488104187
888,2.4332,2.4333,0,49.28524999999999,2.432314765045808,1.0001075488104187
889,2.4328,2.4329,0,49.28524999999999,2.432557382522904,1.0001075488104187
890,2.4331,2.4332,0,49.28524999999999,2.4327744295137426,1.0001075488104187
891,2.4334,2.4335,0,49.28524999999999,2.4330246577082457,1.0001075488104187
892,2.4344,2.4345,0,49.28524999999999,2.433712328854123,1.0001075488104187
893,2.4346,2.4347,0,49.28524999999999,2.4341561644270615,1.0001075488104187
894,2.4343,2.4344,0,49.28524999999999,2.434204109618041,1.0001075488104187
895,2.4341,2.4342,0,49.28524999999999,2.4341743640128866,1.0001075488104187
896,2.4335,2.4336,0,49.28524999999999,2.4339839799428713,1.0001075488104187
897,2.4332,2.4333,0,49.28524999999999,2.433677733164461,1.0001075488104187
898,2.4328,2.4329,0,49.28524999999999,2.4334100150809403,1.0001075488104187
899,2.4323,2.4324,0,49.28524999999999,2.433241669884083,1.0001075488104187
900,2.432,2.4321,0,49.28524999999999,2.433068724432238,1.0001075488104187
901,2.4314,2.4315,0,49.28524999999999,2.432810896592948,1.0001075488104187
902,2.4318,2.4319,0,49.28524999999999,2.4326793134493263,1.0001075488104187
903,2.4315,2.4316,0,49.28524999999999,2.4325360672831495,1.0001075488104187
904,2.4315,2.4316,0,49.28524999999999,2.4324152733725652,1.0001075488104187
905,2.4321,2.4322,0,49.28524999999999,2.432354393195597,1.0001075488104187
906,2.4322,2.4323,0,49.28524999999999,2.432313063067298,1.0001075488104187
907,2.4322,2.4323,0,49.28524999999999,2.432284275244106,1.0001075488104187
908,2.4316,2.4317,0,49.28524999999999,2.4322439115693806,1.0001075488104187
909,2.4315,2.4316,0,49.28524999999999,2.4321938481072385,1.0001075488104187
910,2.4319,2.432,0,49.28524999999999,2.432156957821383,1.0001075488104187
911,2.4315,2.4316,0,49.28524999999999,2.4321140228723057,1.0001075488104187
912,2.4312,2.4313,0,49.28524999999999,2.432063761866308,1.0001075488104187
913,2.4312,2.4313,0,49.28524999999999,2.4320107187687685,1.0001075488104187
914,2.4312,2.4313,0,49.28524999999999,2.4319576369218967,1.0001075488104187
915,2.4308,2.4309,0,49.28524999999999,2.4318384793762875,1.0001075488104187
916,2.431,2.4311,0,49.28524999999999,2.4317836266344766,1.0001075488104187
917,2.4299,2.43,0,49.28524999999999,2.431432869785416,1.0001075488104187
918,2.4301,2.4302,0,49.28524999999999,2.431099652339062,1.0001075488104187
919,2.4299,2.43,0,49.28524999999999,2.4309734628482036,1.0001075488104187
920,2.4295,2.4296,0,49.28524999999999,2.4307837051561356,1.0001075488104187
921,2.429,2.4291,0,49.28524999999999,2.430189136770757,1.0001075488104187
922,2.4285,2.4286,0,49.28524999999999,2.4293445683853783,1.0001075488104187
923,2.4276,2.4277,0,49.28524999999999,2.428472284192689,1.0001075488104187
924,2.4276,2.4277,0,49.28524999999999,2.4280361420963446,1.0001075488104187
925,2.4274,2.4275,0,49.28524999999999,2.4277816852578065,1.0001075488104187
926,2.4281,2.4282,0,49.28524999999999,2.4280433440529,1.0001075488104187
927,2.4287,2.4288,0,49.28524999999999,2.428174264685333,1.0001075488104187
928,2.4286,2.4287,0,49.28524999999999,2.428275439474368,1.0001075488104187
929,2.4282,2.4283,0,49.28524999999999,2.428338919719032,1.0001075488104187
930,2.4289,2.429,0,49.28524999999999,2.428442175760542,1.0001075488104187
931,2.4294,2.4295,0,49.28524999999999,2.428556547191636,1.0001075488104187
932,2.4298,2.4299,0,49.28524999999999,2.428763164981473,1.0001075488104187
933,2.4296,2.4297,0,49.28524999999999,2.428891646077676,1.0001075488104187
934,2.4285,2.4286,0,49.28524999999999,2.4289024551986236,1.0001075488104187
935,2.4275,2.4276,0,49.28524999999999,2.4288059126632806,1.0001075488104187
936,2.4272,2.4273,0,49.28524999999999,2.4280029563316403,1.0001075488104187
937,2.4268,2.4269,0,49.28524999999999,2.4274014781658204,1.0001075488104187
938,2.427,2.4271,0,49.28524999999999,2.4272408868994924,1.0001075488104187
939,2.4271,2.4272,0,49.28524999999999,2.4271939245996617,1.0001075488104187
940,2.4268,2.4269,0,49.28524999999999,2.4273104112955077,1.0001075488104187
941,2.427,2.4271,0,49.28524999999999,2.427355868751542,1.0001075488104187
942,2.4265,2.4266,0,49.28524999999999,2.427346083171943,1.0001075488104187
943,2.4268,2.4269,0,49.28524999999999,2.4273206211337386,1.0001075488104187
944,2.4265,2.4266,0,49.28524999999999,2.427278342197493,1.0001075488104187
945,2.4267,2.4268,0,49.28524999999999,2.427234872783661,1.0001075488104187
946,2.4283,2.4284,0,49.28524999999999,2.4272427878204894,1.0001075488104187
947,2.429,2.4291,0,49.28524999999999,2.428121393910245,1.0001075488104187
948,2.4292,2.4293,0,49.28524999999999,2.4286606969551223,1.0001075488104187
949,2.4295,2.4296,0,49.28524999999999,2.4289964181730737,1.0001075488104187
950,2.4294,2.4295,0,49.28524999999999,2.4291309454487156,1.0001075488104187
951,2.4282,2.4283,0,49.28524999999999,2.4289088029642327,1.0001075488104187
952,2.4279,2.428,0,49.28524999999999,2.4285899024265363,1.0001075488104187
953,2.4272,2.4273,0,49.28524999999999,2.4283330883496115,1.0001075488104187
954,2.4278,2.4279,0,49.28524999999999,2.428210270044464,1.0001075488104187
955,2.4269,2.427,0,49.28524999999999,2.4280546850550673,1.0001075488104187
956,2.4266,2.4267,0,49.28524999999999,2.4274728110330406,1.0001075488104187
957,2.4259,2.426,0,49.28524999999999,2.42668640551652,1.0001075488104187
958,2.425,2.4251,0,49.28524999999999,2.42584320275826,1.0001075488104187
959,2.4253,2.4254,0,49.28524999999999,2.42557160137913,1.0001075488104187
960,2.4253,2.4254,0,49.28524999999999,2.4254629608274785,1.0001075488104187
961,2.4259,2.426,0,49.28524999999999,2.4256650000982596,1.0001075488104187
962,2.426,2.4261,0,49.28524999999999,2.4257887386864327,1.0001075488104187
963,2.4266,2.4267,0,49.28524999999999,2.4260396608752774,1.0001075488104187
964,2.4281,2.4282,0,49.28524999999999,2.4263296144184157,1.0001075488104187
965,2.4274,2.4275,0,49.28524999999999,2.4265455395571163,1.0001075488104187
966,2.4274,2.4275,0,49.28524999999999,2.4266783485438097,1.0001075488104187
967,2.4273,2.4274,0,49.28524999999999,2.4267703553387414,1.0001075488104187
968,2.4267,2.4268,0,49.28524999999999,2.4268254612162425,1.0001075488104187
969,2.4269,2.427,0,49.28524999999999,2.426841697705584,1.0001075488104187
970,2.4263,2.4264,0,49.28524999999999,2.426828739736886,1.0001075488104187
971,2.426,2.4261,0,49.28524999999999,2.4267578657816324,1.0001075488104187
972,2.4269,2.427,0,49.28524999999999,2.426748459768217,1.0001075488104187
973,2.4268,2.4269,0,49.28524999999999,2.42674186854639,1.0001075488104187
974,2.4262,2.4263,0,49.28524999999999,2.4267200334872405,1.0001075488104187
975,2.4262,2.4263,0,49.28524999999999,2.4266908761104213,1.0001075488104187
976,2.427,2.4271,0,49.28524999999999,2.426683455424029,1.0001075488104187
977,2.4282,2.4283,0,49.28524999999999,2.426798555097686,1.0001075488104187
978,2.4285,2.4286,0,49.28524999999999,2.427649277548843,1.0001075488104187
979,2.4283,2.4284,0,49.28524999999999,2.4279746387744217,1.0001075488104187
980,2.4278,2.4279,0,49.28524999999999,2.427807799335292,1.0001075488104187
981,2.4277,2.4278,0,49.28524999999999,2.4277241965151637,1.0001075488104187
982,2.4276,2.4277,0,49.28524999999999,2.427675799776909,1.0001075488104187
983,2.4279,2.428,0,49.28524999999999,2.4276584601509152,1.0001075488104187
984,2.4275,2.4276,0,49.28524999999999,2.4276472508194784,1.0001075488104187
985,2.4266,2.4267,0,49.28524999999999,2.4275771260003474,1.0001075488104187
986,2.4265,2.4266,0,49.28524999999999,2.4274074868898405,1.0001075488104187
987,2.4257,2.4258,0,49.28524999999999,2.4271828629910113,1.0001075488104187
988,2.4261,2.4262,0,49.28524999999999,2.426749717794607,1.0001075488104187
989,2.4257,2.4258,0,49.28524999999999,2.426700410668765,1.0001075488104187
990,2.4247,2.4248,0,49.28524999999999,2.4265226525013945,1.0001075488104187
991,2.423,2.4231,0,49.28524999999999,2.4247613262506973,1.0001075488104187
992,2.4232,2.4233,0,49.28524999999999,2.4239806631253487,1.0001075488104187
993,2.4232,2.4233,0,49.28524999999999,2.423590331562674,1.0001075488104187
994,2.4223,2.4224,0,49.28524999999999,2.4230741989376043,1.0001075488104187
995,2.4227,2.4228,0,49.28524999999999,2.422949465958403,1.0001075488104187
996,2.4214,2.4215,0,49.28524999999999,2.422174732979202,1.0001075488104187
997,2.4217,2.4218,0,49.28524999999999,2.421984839787521,1.0001075488104187
998,2.421,2.4211,0,49.28524999999999,2.4214924198937604,1.0001075488104187
999,2.4209,2.421,0,49.28524999999999,2.4212554519362564,1.0001075488104187
1000,2.4207,2.4208,0,49.28524999999999,2.421070301290838,1.0001075488104187
1001,2.4216,2.4217,0,49.28524999999999,2.421290181274196,1.0001075488104187
1002,2.4221,2.4222,0,49.28524999999999,2.421409703748705,1.0001075488104187
1003,2.4225,2.4226,0,49.28524999999999,2.421777747157377,1.0001075488104187
1004,2.4219,2.422,0,49.28524999999999,2.4218208610526895,1.0001075488104187
1005,2.4213,2.4214,0,49.28524999999999,2.421845331148068,1.0001075488104187
1006,2.4209,2.421,0,49.28524999999999,2.421804439173827,1.0001075488104187
1007,2.4201,2.4202,0,49.28524999999999,2.421632761623108,1.0001075488104187
1008,2.4198,2.4199,0,49.28524999999999,2.420716380811554,1.0001075488104187
1009,2.4194,2.4195,0,49.28524999999999,2.420058190405777,1.0001075488104187
1010,2.4197,2.4198,0,49.28524999999999,2.4199387936038512,1.0001075488104187
1011,2.4203,2.4204,0,49.28524999999999,2.420097025545743,1.0001075488104187
1012,2.4204,2.4205,0,49.28524999999999,2.420195575269775,1.0001075488104187
1013,2.4182,2.4183,0,49.28524999999999,2.4201552646228413,1.0001075488104187
1014,2.4183,2.4184,0,49.28524999999999,2.4192276323114204,1.0001075488104187
1015,2.4196,2.4197,0,49.28524999999999,2.419322850586952,1.0001075488104187
1016,2.4202,2.4203,0,49.28524999999999,2.4195778796317318,1.0001075488104187
1017,2.4201,2.4202,0,49.28524999999999,2.4197296751835298,1.0001075488104187
1018,2.4193,2.4194,0,49.28524999999999,2.4197367634296714,1.0001075488104187
1019,2.419,2.4191,0,49.28524999999999,2.419711248459777,1.0001075488104187
1020,2.4193,2.4194,0,49.28524999999999,2.4196929284463624,1.0001075488104187
1021,2.419,2.4191,0,49.28524999999999,2.419648245215863,1.0001075488104187
1022,2.4186,2.4187,0,49.28524999999999,2.4195359698604175,1.0001075488104187
1023,2.4184,2.4185,0,49.28524999999999,2.4194244660651223,1.0001075488104187
1024,2.4184,2.4185,0,49.28524999999999,2.4193208804395683,1.0001075488104187
1025,2.4185,2.4186,0,49.28524999999999,2.419231212302819,1.0001075488104187
1026,2.4189,2.419,0,49.28524999999999,2.419188945988719,1.0001075488104187
1027,2.4189,2.419,0,49.28524999999999,2.419154281541534,1.0001075488104187
1028,2.418,2.4181,0,49.28524999999999,2.419086214522508,1.0001075488104187
1029,2.4181,2.4182,0,49.28524999999999,2.419015788719694,1.0001075488104187
1030,2.4183,2.4184,0,49.28524999999999,2.4189519230745162,1.0001075488104187
1031,2.4183,2.4184,0,49.28524999999999,2.4188943159110177,1.0001075488104187
1032,2.4189,2.419,0,49.28524999999999,2.4188652366825614,1.0001075488104187
1033,2.4189,2.419,0,49.28524999999999,2.4188452635635684,1.0001075488104187
1034,2.419,2.4191,0,49.28524999999999,2.418833499865256,1.0001075488104187
1035,2.4192,2.4193,0,49.28524999999999,2.4188312049002803,1.0001075488104187
1036,2.4194,2.4195,0,49.28524999999999,2.4188483447914413,1.0001075488104187
1037,2.4194,2.4195,0,49.28524999999999,2.418878221463963,1.0001075488104187
1038,2.4196,2.4197,0,49.28524999999999,2.4189240235963787,1.0001075488104187
1039,2.4199,2.42,0,49.28524999999999,2.4189967676281805,1.0001075488104187
1040,2.4205,2.4206,0,49.28524999999999,2.4191343754657235,1.0001075488104187
1041,2.4202,2.4203,0,49.28524999999999,2.4192207791915625,1.0001075488104187
1042,2.4212,2.4213,0,49.28524999999999,2.419491971646594,1.0001075488104187
1043,2.4202,2.4203,0,49.28524999999999,2.4195629808053316,1.0001075488104187
1044,2.4193,2.4194,0,49.28524999999999,2.4195769154987903,1.0001075488104187
1045,2.4191,2.4192,0,49.28524999999999,2.419639019838029,1.0001075488104187
1046,2.4194,2.4195,0,49.28524999999999,2.41964196163356,1.0001075488104187
1047,2.4201,2.4202,0,49.28524999999999,2.4196521839969023,1.0001075488104187
1048,2.4195,2.4196,1,46.86564999999999,2.4196622006600665,1.0001055195875805
1049,2.4196,2.4197,1,46.86564999999999,2.419664495514636,1.0001075488104187
1050,2.4203,2.4204,0,49.285949999999985,2.419677959858516,1.0001217533702853
1051,2.4204,2.4205,0,49.285949999999985,2.4197023387781353,1.0001217533702853
1052,2.4204,2.4205,0,49.285949999999985,2.41973248810499,1.0001217533702853
1053,2.4203,2.4204,0,49.285949999999985,2.419762284185461,1.0001217533702853
1054,2.4191,2.4192,1,46.86674999999998,2.4197793890317456,1.000119724147447
1055,2.4185,2.4186,1,46.86674999999998,2.4197015668420914,1.0001075488104185
1056,2.4186,2.4187,1,46.86674999999998,2.4191507834210455,1.0001095780332565
1057,2.4189,2.419,1,46.86674999999998,2.4192264149017095,1.000115665701771
1058,2.4192,2.4193,1,46.86674999999998,2.419236769930432,1.0001217533702853
1059,2.4183,2.4184,1,46.86674999999998,2.4192062614779095,1.0001034903647423
1060,2.4182,2.4183,1,46.86674999999998,2.418954696108432,1.0001014611419041
1061,2.4179,2.418,1,46.86674999999998,2.418913210321388,1.00009537347339
1062,2.4179,2.418,1,46.86674999999998,2.4187105682571106,1.00009537347339
1063,2.4172,2.4173,1,46.86674999999998,2.418591642792359,1.0000811689135234
1064,2.4172,2.4173,1,46.86674999999998,2.418194030565971,1.0000811689135234
1065,2.4172,2.4173,1,46.86674999999998,2.417945522924478,1.0000811689135234
1066,2.417,2.4171,1,46.86674999999998,2.417912201821805,1.0000771104678472
1067,2.417,2.4171,1,46.86674999999998,2.417859946942208,1.0000771104678472
1068,2.4167,2.4168,1,46.86674999999998,2.4177750768502912,1.0000710227993328
1069,2.4164,2.4165,1,46.86674999999998,2.4176518140867467,1.0000649351308186
1070,2.4165,2.4166,1,46.86674999999998,2.4175380419091868,1.0000669643536566
1071,2.4176,2.4177,1,46.86674999999998,2.4174931080466995,1.0000892858048758
1072,2.4174,2.4175,1,46.86674999999998,2.417461439626485,1.0000852273591996
1073,2.4181,2.4182,1,46.86674999999998,2.417435281361234,1.0000994319190661
1074,2.4181,2.4182,1,46.86674999999998,2.417475063648153,1.0000994319190661
1075,2.4182,2.4183,1,46.86674999999998,2.41753527375655,1.0001014611419041
1076,2.4182,2.4183,1,46.86674999999998,2.417597955170525,1.0001014611419041
1077,2.4186,2.4187,1,46.86674999999998,2.417675555658557,1.0001095780332565
1078,2.4186,2.4187,1,46.86674999999998,2.417755234484006,1.0001095780332565
1079,2.4181,2.4182,1,46.86674999999998,2.4178134056482543,1.0000994319190661
1080,2.4177,2.4178,1,46.86674999999998,2.4178281673132065,1.0000913150277138
1081,2.4183,2.4184,1,46.86674999999998,2.4178636012936843,1.0001034903647423
1082,2.4181,2.4182,1,46.86674999999998,2.4178925149515043,1.0000994319190661
1083,2.4178,2.4179,1,46.86674999999998,2.417907620359493,1.0000933442505517
1084,2.4176,2.4177,1,46.86674999999998,2.417909427939617,1.0000892858048758
1085,2.4168,2.4169,1,46.86674999999998,2.4178361369172414,1.000073052022171
1086,2.4164,2.4165,1,46.86674999999998,2.4171180684586204,1.0000649351308186
1087,2.4165,2.4166,1,46.86674999999998,2.4169120456390805,1.0000669643536566
1088,2.4164,2.4165,1,46.86674999999998,2.416988446173537,1.0000649351308186
1089,2.4158,2.4159,1,46.86674999999998,2.4169580921515115,1.00005275979379
1090,2.4158,2.4159,1,46.86674999999998,2.416627208679651,1.00005275979379
1091,2.4158,2.4159,1,46.86674999999998,2.4164204065097383,1.00005275979379
1092,2.4151,2.4152,1,46.86674999999998,2.416371528961498,1.0000385552339235
1093,2.4139,2.414,1,46.86674999999998,2.415135764480749,1.0000142045598663
1094,2.4137,2.4138,1,46.86674999999998,2.4144178822403743,1.0000101461141901
1095,2.4135,2.4136,1,46.86674999999998,2.413958941120187,1.000006087668514
1096,2.4149,2.415,1,46.86674999999998,2.4142040029084333,1.0000344967882473
1097,2.4153,2.4154,1,46.86674999999998,2.4146545229317464,1.0000426136795997
1098,2.4158,2.4159,1,46.86674999999998,2.414942960856579,1.00005275979379
1099,2.4154,2.4155,1,46.86674999999998,2.415070597933319,1.0000446429024377
1100,2.416,2.4161,1,46.86674999999998,2.4151791404990566,1.0000568182394662
1101,2.4156,2.4157,1,46.86674999999998,2.4152517505038658,1.0000487013481139
1102,2.4144,2.4145,1,46.86674999999998,2.415249213198429,1.0000243506740567
1103,2.4145,2.4146,1,46.86674999999998,2.4151795459247807,1.0000263798968947
1104,2.415,2.4151,1,46.86674999999998,2.4151616168827372,1.0000365260110853
1105,2.4149,2.415,1,46.86674999999998,2.4151422998698604,1.0000344967882473
1106,2.4146,2.4147,1,46.86674999999998,2.4150938079539843,1.000028409119733
1107,2.4152,2.4153,1,46.86674999999998,2.415081518667059,1.0000405844567615
1108,2.4152,2.4153,1,46.86674999999998,2.4150766958483976,1.0000405844567615
1109,2.4153,2.4154,1,46.86674999999998,2.4150789525283427,1.0000426136795997
1110,2.416,2.4161,1,46.86674999999998,2.41515073837271,1.0000568182394662
1111,2.416,2.4161,1,46.86674999999998,2.4152315757106964,1.0000568182394662
1112,2.416,2.4161,1,46.86674999999998,2.4153092879356928,1.0000568182394662
1113,2.4153,2.4154,1,46.86674999999998,2.4153258424734063,1.0000426136795997
1114,2.4153,2.4154,1,46.86674999999998,2.415336885538754,1.0000426136795997
1115,2.4156,2.4157,1,46.86674999999998,2.4153491861207077,1.0000487013481139
1116,2.4156,2.4157,1,46.86674999999998,2.415362023538192,1.0000487013481139
1117,2.4156,2.4157,1,46.86674999999998,2.4153749193523995,1.0000487013481139
1118,2.4161,2.4162,1,46.86674999999998,2.415412245446634,1.0000588474623042
1119,2.4156,2.4157,1,46.86674999999998,2.41542841381588,1.0000487013481139
1120,2.4156,2.4157,1,46.86674999999998,2.4154425159038886,1.0000487013481139
1121,2.4156,2.4157,1,46.86674999999998,2.4154548929658226,1.0000487013481139
1122,2.4161,2.4162,1,46.86674999999998,2.415483584233586,1.0000588474623042
1123,2.4156,2.4157,1,46.86674999999998,2.415497186064977,1.0000487013481139
1124,2.4163,2.4164,1,46.86674999999998,2.4155283654944895,1.0000629059079804
1125,2.4163,2.4164,1,46.86674999999998,2.4155640790887505,1.0000629059079804
1126,2.4169,2.417,1,46.86674999999998,2.4156419062629833,1.000075081245009
1127,2.4163,2.4164,1,46.86674999999998,2.415684622234872,1.0000629059079804
1128,2.4163,2.4164,1,46.86674999999998,2.4157247423376407,1.0000629059079804
1129,2.4162,2.4163,1,46.86674999999998,2.415760665557613,1.0000608766851424
1130,2.4162,2.4163,1,46.86674999999998,2.4157929205951554,1.0000608766851424
1131,2.416,2.4161,1,46.86674999999998,2.415819162239878,1.0000568182394662
1132,2.4151,2.4152,2,44.45154999999998,2.4158554160879366,1.0000365260110853
1133,2.4153,2.4154,1,46.866849999999985,2.415848708801697,1.0000446429024377
1134,2.4161,2.4162,1,46.866849999999985,2.415850724385823,1.0000608766851424
1135,2.4169,2.417,1,46.866849999999985,2.4159572445994453,1.0000771104678472
1136,2.4166,2.4167,1,46.866849999999985,2.41603885160758,1.000071022799333
1137,2.4165,2.4166,1,46.866849999999985,2.4161001846801455,1.0000689935764948
1138,2.4164,2.4165,1,46.866849999999985,2.4161095710489935,1.0000669643536568
1139,2.4161,2.4162,1,46.866849999999985,2.416116470815605,1.0000608766851424
1140,2.4159,2.416,2,44.45084999999999,2.4161191532307282,1.0000547890166283
1141,2.4162,2.4163,1,46.86704999999999,2.4161221645680437,1.0000669643536568
1142,2.4163,2.4164,1,46.86704999999999,2.416126176388551,1.000068993576495
1143,2.4163,2.4164,1,46.86704999999999,2.416130863034258,1.000068993576495
1144,2.4156,2.4157,1,46.86704999999999,2.416129763072571,1.0000547890166283
1145,2.4154,2.4155,1,46.86704999999999,2.4161017115375367,1.000050730570952
1146,2.4155,2.4156,1,46.86704999999999,2.4160662644126285,1.0000527597937903
1147,2.4158,2.4159,1,46.86704999999999,2.416057854731023,1.0000588474623044
1148,2.415,2.4151,1,46.86704999999999,2.415995361732347,1.0000426136795997
1149,2.415,2.4151,1,46.86704999999999,2.415926851279149,1.0000426136795997
1150,2.4147,2.4148,1,46.86704999999999,2.4158010178029623,1.0000365260110855
1151,2.4147,2.4148,1,46.86704999999999,2.415687895793609,1.0000365260110855
1152,2.4148,2.4149,1,46.86704999999999,2.4155908206139394,1.0000385552339235
1153,2.4149,2.415,1,46.86704999999999,2.415510219825576,1.0000405844567617
1154,2.414,2.4141,1,46.86704999999999,2.4153673841078516,1.000022321451219
1155,2.4136,2.4137,1,46.86704999999999,2.414862417219894,1.0000142045598666
1156,2.4143,2.4144,1,46.86704999999999,2.4148146429219137,1.0000284091197331
1157,2.4151,2.4152,1,46.86704999999999,2.4148046934797396,1.0000446429024379
1158,2.4151,2.4152,1,46.86704999999999,2.4147928723767675,1.0000446429024379
1159,2.4151,2.4152,1,46.86704999999999,2.414811340206575,1.0000446429024379
1160,2.4141,2.4142,1,46.86704999999999,2.414796101703838,1.000024350674057
1161,2.414,2.4141,1,46.86704999999999,2.4147668279758934,1.000022321451219
1162,2.4141,2.4142,1,46.86704999999999,2.4147322124186594,1.000024350674057
1163,2.4143,2.4144,1,46.86704999999999,2.4146996433818355,1.0000284091197331
1164,2.4135,2.4136,1,46.86704999999999,2.4145603192379177,1.0000121753370284
1165,2.4132,2.4133,1,46.86704999999999,2.4144245147426875,1.0000060876685142
1166,2.413,2.4131,1,46.86704999999999,2.4140683860570156,1.0000020292228378
1167,2.4137,2.4138,1,46.86704999999999,2.4140206552415417,1.0000162337827045
1168,2.4137,2.4138,1,46.86704999999999,2.413981658311169,1.0000162337827045
1169,2.4137,2.4138,1,46.86704999999999,2.4139491425076023,1.0000162337827045
1170,2.4143,2.4144,1,46.86704999999999,2.413944482090484,1.0000284091197331
1171,2.4146,2.4147,1,46.86704999999999,2.4139702291972807,1.0000344967882473
1172,2.4146,2.4147,1,46.86704999999999,2.414014982172028,1.0000344967882473
1173,2.4146,2.4147,1,46.86704999999999,2.4140644589353863,1.0000344967882473
1174,2.4146,2.4147,1,46.86704999999999,2.414113084283667,1.0000344967882473
1175,2.4146,2.4147,1,46.86704999999999,2.414158639372822,1.0000344967882473
1176,2.4146,2.4147,1,46.86704999999999,2.4142003369672667,1.0000344967882473
1177,2.4133,2.4134,1,46.86704999999999,2.414199265949472,1.0000081168913522
1178,2.4129,2.413,1,46.86704999999999,2.41407742664219,0.9999999999999999
1179,2.4116,2.4117,1,46.86704999999999,2.413802362685375,0.9999736201031046
1180,2.4118,2.4119,1,46.86704999999999,2.4128011813426875,0.9999776785487808
1181,2.4121,2.4122,1,46.86704999999999,2.4125674542284585,0.9999837662172951
1182,2.4119,2.412,1,46.86704999999999,2.4123449694856394,0.999979707771619
1183,2.4115,2.4116,1,46.86704999999999,2.4120633129904263,0.9999715908802667
1184,2.4116,2.4117,1,46.86704999999999,2.4119474847428197,0.9999736201031046
1185,2.4109,2.411,1,46.86704999999999,2.411991279106255,0.999959415543238
1186,2.4101,2.4102,1,46.86704999999999,2.4110456395531275,0.9999431817605333
1187,2.4101,2.4102,1,46.86704999999999,2.4105728197765637,0.9999431817605333
1188,2.4103,2.4104,1,46.86704999999999,2.4104948712689738,0.9999472402062095
1189,2.4103,2.4104,1,46.86704999999999,2.4104461534517303,0.9999472402062095
1190,2.4097,2.4098,1,46.86704999999999,2.4105538159233166,0.9999350648691809
1191,2.4083,2.4084,1,46.86704999999999,2.410459032912592,0.9999066557494476
1192,2.4084,2.4085,1,46.86704999999999,2.4094295164562958,0.9999086849722857
1193,2.4078,2.4079,1,46.86704999999999,2.408614758228148,0.9998965096352572
1194,2.4096,2.4097,1,46.86704999999999,2.4087947589079914,0.9999330356463427
1195,2.4091,2.4092,1,46.86704999999999,2.4089253458454736,0.9999228895321525
1196,2.4095,2.4096,1,46.86704999999999,2.4092179858126137,0.9999310064235047
1197,2.409,2.4091,1,46.86704999999999,2.4092487241074254,0.9999208603093143
1198,2.4093,2.4094,1,46.86704999999999,2.409297939179496,0.9999269479778286
1199,2.4105,2.4106,1,46.86704999999999,2.4094175752863425,0.9999512986518856
1200,2.4109,2.411,1,46.86704999999999,2.409625754234967,0.999959415543238
1201,2.4102,2.4103,1,46.86704999999999,2.4096868068019908,0.9999452109833714
1202,2.4097,2.4098,1,46.86704999999999,2.4097222530248503,0.9999350648691809
1203,2.4095,2.4096,1,46.86704999999999,2.409760051114543,0.9999310064235047
1204,2.4095,2.4096,1,46.86704999999999,2.409753508590112,0.9999310064235047
1205,2.4095,2.4096,1,46.86704999999999,2.4097354679458682,0.9999310064235047
1206,2.409,2.4091,1,46.86704999999999,2.409688827231891,0.9999208603093143
1207,2.41,2.4101,1,46.86704999999999,2.409683650619427,0.9999411525376951
1208,2.4101,2.4102,1,46.86704999999999,2.4096896718345633,0.9999431817605333
1209,2.4101,2.4102,1,46.86704999999999,2.4097025059830606,0.9999431817605333
1210,2.4102,2.4103,1,46.86704999999999,2.4097213069230348,0.9999452109833714
1211,2.4107,2.4108,1,46.86704999999999,2.4098216418876426,0.9999553570975618
1212,2.4111,2.4112,1,46.86704999999999,2.409934959954854,0.9999634739889142
1213,2.411,2.4111,1,46.86704999999999,2.4100413176049122,0.9999614447660762
1214,2.4121,2.4122,1,46.86704999999999,2.410359000393173,0.9999837662172951
1215,2.4126,2.4127,1,46.86704999999999,2.4114795001965863,0.9999939123314855
1216,2.4119,2.412,1,46.86704999999999,2.4115996429975617,0.999979707771619
1217,2.4114,2.4115,1,46.86704999999999,2.4115313931798594,0.9999695616574285
1218,2.4108,2.4109,1,46.86704999999999,2.4113392611809203,0.9999573863204
1219,2.4108,2.4109,1,46.86704999999999,2.411237162622655,0.9999573863204
1220,2.4108,2.4109,1,46.86704999999999,2.411168900326234,0.9999573863204
1221,2.4108,2.4109,1,46.86704999999999,2.411117821833038,0.9999573863204
1222,2.4112,2.4113,1,46.86704999999999,2.4110954375202427,0.9999655032117523
1223,2.4108,2.4109,1,46.86704999999999,2.411071291025577,0.9999573863204
1224,2.4098,2.4099,1,46.86704999999999,2.4109962183748244,0.9999370940920189
1225,2.4101,2.4102,1,46.86704999999999,2.4109267747690066,0.9999431817605333
1226,2.4098,2.4099,1,46.86704999999999,2.4107539195200083,0.9999370940920189
1227,2.4096,2.4097,1,46.86704999999999,2.4106132714926902,0.9999330356463427
1228,2.4099,2.41,1,46.86704999999999,2.410553298652128,0.9999391233148571
1229,2.4083,2.4084,1,46.86704999999999,2.4102257816007846,0.9999066557494476
1230,2.4092,2.4093,1,46.86704999999999,2.410112163040247,0.9999249187549905
1231,2.4099,2.41,1,46.86704999999999,2.410069835437641,0.9999391233148571
1232,2.4098,2.4099,1,46.86704999999999,2.4099327520000156,0.9999370940920189
1233,2.4094,2.4095,1,46.86704999999999,2.4098947477861534,0.9999289772006666
1234,2.4094,2.4095,1,46.86704999999999,2.4098564346614,0.9999289772006666
1235,2.41,2.4101,1,46.86704999999999,2.4098191110266804,0.9999411525376951
1236,2.4104,2.4105,1,46.86704999999999,2.40982642912135,0.9999492694290476
1237,2.411,2.4111,1,46.86704999999999,2.4099420986810483,0.9999614447660762
1238,2.4115,2.4116,1,46.86704999999999,2.4107210493405242,0.9999715908802667
1239,2.4121,2.4122,1,46.86704999999999,2.411410524670262,0.9999837662172951
1240,2.4129,2.413,1,46.86704999999999,2.412155262335131,0.9999999999999999
1241,2.4133,2.4134,1,46.86704999999999,2.4127276311675656,1.0000081168913522
1242,2.4133,2.4134,1,46.86704999999999,2.4129565787005394,1.0000081168913522
1243,2.4132,2.4133,1,46.86704999999999,2.413037719133693,1.0000060876685142
1244,2.4132,2.4133,1,46.86704999999999,2.413084085095495,1.0000060876685142
1245,2.4129,2.413,1,46.86704999999999,2.4129072363282202,0.9999999999999999
1246,2.4127,2.4128,1,46.86704999999999,2.4128128837941683,0.9999959415543237
1247,2.4121,2.4122,1,46.86704999999999,2.412739816236377,0.9999837662172951
1248,2.4112,2.4113,1,46.86704999999999,2.4124503765739513,0.9999655032117523
1249,2.4109,2.411,1,46.86704999999999,2.4116751882869756,0.999959415543238
1250,2.4111,2.4112,1,46.86704999999999,2.411445112972185,0.9999634739889142
1251,2.4116,2.4117,1,46.86704999999999,2.41152074739039,0.9999736201031046
1252,2.4116,2.4117,1,46.86704999999999,2.4115652046532334,0.9999736201031046
1253,2.4117,2.4118,1,46.86704999999999,2.411595568189108,0.9999756493259429
1254,2.4116,2.4117,1,46.86704999999999,2.4116137822537898,0.9999736201031046
1255,2.4124,2.4125,1,46.86704999999999,2.411673784983973,0.9999898538858093
1256,2.4121,2.4122,1,46.86704999999999,2.4116928541741127,0.9999837662172951
1257,2.4118,2.4119,1,46.86704999999999,2.4117168114131875,0.9999776785487808
1258,2.4125,2.4126,1,46.86704999999999,2.4117745905663925,0.9999918831086475
1259,2.4128,2.4129,1,46.86704999999999,2.4118449698789957,0.9999979707771617
1260,2.4135,2.4136,1,46.86704999999999,2.4121105933106195,1.0000121753370284
1261,2.4133,2.4134,1,46.86704999999999,2.4125863559863716,1.0000081168913522
1262,2.4139,2.414,1,46.86704999999999,2.4126680898104067,1.0000202922283807
1263,2.4144,2.4145,1,46.86704999999999,2.413360853886244,1.0000304383425713
1264,2.4145,2.4146,1,46.86704999999999,2.413740569257496,1.0000324675654093
1265,2.4146,2.4147,1,46.86704999999999,2.4139861208982114,1.0000344967882473
1266,2.4147,2.4148,1,46.86704999999999,2.4142240805988076,1.0000365260110855
1267,2.4146,2.4147,1,46.86704999999999,2.414307618243517,1.0000344967882473
1268,2.4146,2.4147,1,46.86704999999999,2.41425567978829,1.0000344967882473
1269,2.4139,2.414,1,46.86704999999999,2.4142165715464,1.0000202922283807
1270,2.4144,2.4145,1,46.86704999999999,2.4141954652740085,1.0000304383425713
1271,2.4142,2.4143,1,46.86704999999999,2.414182308451552,1.0000263798968951
1272,2.4148,2.4149,1,46.86704999999999,2.41419115876042,1.0000385552339235
1273,2.4152,2.4153,1,46.86704999999999,2.414224948220255,1.0000466721252759
1274,2.4144,2.4145,1,46.86704999999999,2.414247933240952,1.0000304383425713
1275,2.4143,2.4144,1,46.86704999999999,2.414264534201615,1.0000284091197331
1276,2.4148,2.4149,1,46.86704999999999,2.414289437570269,1.0000385552339235
1277,2.4152,2.4153,1,46.86704999999999,2.4143256946513882,1.0000466721252759
1278,2.4144,2.4145,1,46.86704999999999,2.414349294321141,1.0000304383425713
1279,2.4147,2.4148,1,46.86704999999999,2.414374298958535,1.0000365260110855
1280,2.4143,2.4144,1,46.86704999999999,2.4143888795936053,1.0000284091197331
1281,2.4142,2.4143,2,44.452749999999995,2.41439626692933,1.0000243506740571
1282,2.4142,2.4143,3,42.03845,2.414398581848779,1.000022321451219
1283,2.4138,2.4139,3,42.03845,2.4143734393378162,0.9999979707771618
1284,2.4142,2.4143,3,42.03845,2.4143670576233247,1.000022321451219
1285,2.4142,2.4143,3,42.03845,2.414360166442101,1.000022321451219
1286,2.4142,2.4143,3,42.03845,2.4143530522163092,1.000022321451219
1287,2.414,2.4141,3,42.03845,2.4143437281626716,1.0000101461141906
1288,2.4142,2.4143,3,42.03845,2.4143348658167096,1.000022321451219
1289,2.4145,2.4146,2,44.452949999999994,2.4143302535749234,1.0000405844567617
1290,2.4147,2.4148,2,44.452949999999994,2.4143310874858144,1.000048701348114
1291,2.4153,2.4154,2,44.452949999999994,2.4143723581484533,1.0000730520221712
1292,2.4159,2.416,2,44.452949999999994,2.4145703267655545,1.0000974026962284
1293,2.4159,2.416,2,44.452949999999994,2.415102196059333,1.0000974026962284
1294,2.4165,2.4166,2,44.452949999999994,2.415161919043848,1.0001217533702853
1295,2.4167,2.4168,2,44.452949999999994,2.4157771514263087,1.0001298702616377
1296,2.4171,2.4172,2,44.452949999999994,2.4162181009508727,1.0001461040443425
1297,2.4178,2.4179,2,44.452949999999994,2.416850860570524,1.0001745131640758
1298,2.4178,2.4179,2,44.452949999999994,2.4171672403803495,1.0001745131640758
1299,2.4173,2.4174,2,44.452949999999994,2.4172051717002496,1.0001542209356948
1300,2.4167,2.4168,2,44.452949999999994,2.417090286658192,1.0001298702616377
1301,2.4169,2.417,2,44.452949999999994,2.4170156348428122,1.00013798715299
1302,2.4169,2.417,2,44.452949999999994,2.4169663216881383,1.00013798715299
1303,2.4167,2.4168,2,44.452949999999994,2.4169278358792345,1.0001298702616377
1304,2.417,2.4171,2,44.452949999999994,2.4169049693948295,1.0001420455986663
1305,2.4175,2.4176,2,44.452949999999994,2.416904343815143,1.0001623378270472
1306,2.4177,2.4178,2,44.452949999999994,2.4169246080511857,1.0001704547183996
1307,2.4174,2.4175,2,44.452949999999994,2.4169493965680813,1.000158279381371
1308,2.4177,2.4178,2,44.452949999999994,2.4169829344669704,1.0001704547183996
1309,2.4181,2.4182,2,44.452949999999994,2.4170958440434918,1.0001866885011041
1310,2.4182,2.4183,2,44.452949999999994,2.417203770802236,1.0001907469467803
1311,2.418,2.4181,2,44.452949999999994,2.417249290811141,1.0001826300554282
1312,2.4181,2.4182,2,44.452949999999994,2.4173398155205756,1.0001866885011041
1313,2.4185,2.4186,2,44.452949999999994,2.4174412565841847,1.000202922283809
1314,2.4181,2.4182,2,44.452949999999994,2.417516549995117,1.0001866885011041
1315,2.4179,2.418,2,44.452949999999994,2.4175508896934783,1.000178571609752
1316,2.4187,2.4188,2,44.452949999999994,2.4176262574342555,1.0002110391751615
1317,2.4187,2.4188,2,44.452949999999994,2.4177025975420476,1.0002110391751615
1318,2.4182,2.4183,2,44.452949999999994,2.4177607472095097,1.0001907469467803
1319,2.4181,2.4182,2,44.452949999999994,2.4178071850130505,1.0001866885011041
1320,2.4177,2.4178,3,42.035149999999994,2.4178261472319655,1.0001684254955614
1321,2.4169,2.417,4,39.61814999999999,2.417839466691934,1.0001176949246091
1322,2.4164,2.4165,4,39.61814999999999,2.4171197333459666,1.0000771104678472
1323,2.4162,2.4163,4,39.61814999999999,2.4166598666729833,1.0000608766851427
1324,2.4169,2.417,4,39.61814999999999,2.4168100269859347,1.0001176949246091
1325,2.4163,2.4164,5,37.20174999999999,2.416901974697384,1.0000669643536568
1326,2.4163,2.4164,6,34.78534999999999,2.4169136918249503,1.0000649351308188
1327,2.4165,2.4166,5,37.201849999999986,2.416902302970816,1.0000892858048758
1328,2.4163,2.4164,5,37.201849999999986,2.4168707200446167,1.0000689935764948
1329,2.4157,2.4158,5,37.201849999999986,2.416810060003444,1.0000081168913522
1330,2.4153,2.4154,5,37.201849999999986,2.41667489425048,0.9999675324345904
1331,2.4154,2.4155,5,37.201849999999986,2.41635617068786,0.9999776785487807
1332,2.4147,2.4148,5,37.201849999999986,2.4161736871046617,0.9999066557494476
1333,2.4143,2.4144,5,37.201849999999986,2.415424212262797,0.9998660712926857
1334,2.4141,2.4142,5,37.201849999999986,2.414982808175198,0.9998457790643048
1335,2.4133,2.4134,5,37.201849999999986,2.414141404087599,0.9997646101507811
1336,2.4132,2.4133,5,37.201849999999986,2.413764842452559,0.9997544640365906
1337,2.4131,2.4132,5,37.201849999999986,2.413543228301706,0.9997443179224003
1338,2.4134,2.4135,5,37.201849999999986,2.4135074212262797,0.9997747562649716
1339,2.4133,2.4134,5,37.201849999999986,2.4136372129165355,0.9997646101507811
1340,2.412,2.4121,5,37.201849999999986,2.413643185638713,0.9996327106663051
1341,2.4115,2.4116,5,37.201849999999986,2.4125715928193565,0.9995819800953528
1342,2.4113,2.4114,5,37.201849999999986,2.4119357964096784,0.999561687866972
1343,2.4116,2.4117,5,37.201849999999986,2.411801477845807,0.9995921262095434
1344,2.4117,2.4118,5,37.201849999999986,2.411767651897205,0.9996022723237339
1345,2.411,2.4111,5,37.201849999999986,2.4118975704079575,0.9995312495244006
1346,2.4108,2.4109,5,37.201849999999986,2.4116231778059682,0.9995109572960198
1347,2.4105,2.4106,5,37.201849999999986,2.4113423833544765,0.9994805189534484
1348,2.4098,2.4099,5,37.201849999999986,2.410725430012686,0.9994094961541151
1349,2.4095,2.4096,5,37.201849999999986,2.410235258007612,0.9993790578115438
1350,2.4092,2.4093,5,37.201849999999986,2.409821154804567,0.9993486194689724
1351,2.4096,2.4097,5,37.201849999999986,2.409757967717548,0.9993892039257343
1352,2.41,2.4101,5,37.201849999999986,2.4099005229040786,0.9994297883824962
1353,2.4102,2.4103,5,37.201849999999986,2.409993058223489,0.999450080610877
1354,2.4102,2.4103,5,37.201849999999986,2.410054961612775,0.999450080610877
1355,2.4103,2.4104,5,37.201849999999986,2.4101003731891466,0.9994602267250674
1356,2.4095,2.4096,5,37.201849999999986,2.410113142500638,0.9993790578115438
1357,2.4095,2.4096,5,37.201849999999986,2.410104028291069,0.9993790578115438
1358,2.4086,2.4087,5,37.201849999999986,2.409946791474897,0.9992877427838297
1359,2.4087,2.4088,5,37.201849999999986,2.4094480748849385,0.9992978888980202
1360,2.4084,2.4085,5,37.201849999999986,2.4094236585386,0.9992674505554487
1361,2.4089,2.409,5,37.201849999999986,2.4093850400629817,0.999318181126401
1362,2.4088,2.4089,5,37.201849999999986,2.4093386992487233,0.9993080350122105
1363,2.4078,2.4079,5,37.201849999999986,2.4092262680673615,0.9992065738703061
1364,2.406,2.4061,5,37.201849999999986,2.4088179845348447,0.9990239438148778
1365,2.4057,2.4058,5,37.201849999999986,2.4072589922674226,0.9989935054723065
1366,2.4051,2.4052,5,37.201849999999986,2.4061794961337113,0.9989326287871637
1367,2.405,2.4051,5,37.201849999999986,2.405707697680227,0.9989224826729732
1368,2.4044,2.4045,5,37.201849999999986,2.405184618608136,0.9988616059878305
1369,2.4045,2.4046,5,37.201849999999986,2.4049564124054243,0.998871752102021
1370,2.404,2.4041,5,37.201849999999986,2.404637608270283,0.9988210215310687
1371,2.4035,2.4036,5,37.201849999999986,2.40418256496217,0.9987702909601165
1372,2.4036,2.4037,5,37.201849999999986,2.403988376641447,0.9987804370743069
1373,2.4036,2.4037,5,37.201849999999986,2.403877411886748,0.9987804370743069
1374,2.4053,2.4054,5,37.201849999999986,2.404369658013791,0.9989529210155446
1375,2.4057,2.4058,5,37.201849999999986,2.4046919716099637,0.9989935054723065
1376,2.4049,2.405,5,37.201849999999986,2.404792483099225,0.9989123365587826
1377,2.4049,2.405,5,37.201849999999986,2.4048450607773617,0.9989123365587826
1378,2.4039,2.404,5,37.201849999999986,2.4048129187866047,0.9988108754168782
1379,2.4036,2.4037,5,37.201849999999986,2.404714187314241,0.9987804370743069
1380,2.4036,2.4037,5,37.201849999999986,2.4043427915428275,0.9987804370743069
1381,2.4035,2.4036,5,37.201849999999986,2.4042970907887087,0.9987702909601165
1382,2.4042,2.4043,5,37.201849999999986,2.4042786557487537,0.9988413137594496
1383,2.4041,2.4042,5,37.201849999999986,2.4042613818583236,0.998831167645259
1384,2.4044,2.4045,5,37.201849999999986,2.4042590711114387,0.9988616059878305
1385,2.4047,2.4048,5,37.201849999999986,2.4042644805100037,0.9988920443304018
1386,2.4052,2.4053,5,37.201849999999986,2.404336669211349,0.9989427749013542
1387,2.4049,2.405,5,37.201849999999986,2.404399683710089,0.9989123365587826
1388,2.4058,2.4059,5,37.201849999999986,2.4045530822119607,0.999003651586497
1389,2.4057,2.4058,5,37.201849999999986,2.4048807730085433,0.9989935054723065
1390,2.4065,2.4066,5,37.201849999999986,2.4050562442610746,0.9990746743858301
1391,2.4062,2.4063,5,37.201849999999986,2.4053830316150533,0.9990442360432586
1392,2.4064,2.4065,5,37.201849999999986,2.405451412141722,0.9990645282716397
1393,2.406,2.4061,5,37.201849999999986,2.405493739872569,0.9990239438148778
1394,2.406,2.4061,5,37.201849999999986,2.4055356624934836,0.9990239438148778
1395,2.4062,2.4063,5,37.201849999999986,2.405585687967204,0.9990442360432586
1396,2.4063,2.4064,5,37.201849999999986,2.4056484998899546,0.9990543821574491
1397,2.4064,2.4065,5,37.201849999999986,2.4057107185583693,0.9990645282716397
1398,2.407,2.4071,5,37.201849999999986,2.405787967330401,0.9991254049567825
1399,2.4074,2.4075,5,37.201849999999986,2.405991005514662,0.9991659894135442
1400,2.4082,2.4083,5,37.201849999999986,2.4063579453459054,0.9992471583270679
1401,2.4092,2.4093,5,37.201849999999986,2.4077789726729524,0.9993486194689724
1402,2.4091,2.4092,5,37.201849999999986,2.4084394863364764,0.9993384733547819
1403,2.4087,2.4088,5,37.201849999999986,2.408526324224318,0.9992978888980202
1404,2.4087,2.4088,5,37.201849999999986,2.408575945874513,0.9992978888980202
1405,2.4084,2.4085,5,37.201849999999986,2.408432423148465,0.9992674505554487
1406,2.4084,2.4085,5,37.201849999999986,2.408352827998966,0.9992674505554487
1407,2.4079,2.408,5,37.201849999999986,2.4082964163757072,0.9992167199844963
1408,2.4078,2.4079,5,37.201849999999986,2.408221927659948,0.9992065738703061
1409,2.4081,2.4082,5,37.201849999999986,2.4081903884900826,0.9992370122128774
1410,2.4065,2.4066,5,37.201849999999986,2.4079657536769683,0.9990746743858301
1411,2.4069,2.407,5,37.201849999999986,2.407610502451312,0.9991152588425919
1412,2.4063,2.4064,5,37.201849999999986,2.4074822372916564,0.9990543821574491
1413,2.4063,2.4064,5,37.201849999999986,2.4070093423749936,0.9990543821574491
1414,2.4068,2.4069,6,34.794949999999986,2.407028701999085,0.9991030835055633
1415,2.4067,2.4068,6,34.794949999999986,2.407027466263,0.9990909081685347
1416,2.4065,2.4066,6,34.794949999999986,2.4070028586132746,0.9990665574944777
1417,2.4058,2.4059,6,34.794949999999986,2.4069408359108677,0.9989813301352779
1418,2.4059,2.406,6,34.794949999999986,2.4068674652390945,0.9989935054723065
1419,2.4056,2.4057,6,34.794949999999986,2.4067819069802177,0.9989569794612208
1420,2.4056,2.4057,6,34.794949999999986,2.4066935899583246,0.9989569794612208
1421,2.405,2.4051,6,34.794949999999986,2.406470515840087,0.9988839274390495
1422,2.4051,2.4052,6,34.794949999999986,2.4060789398857763,0.998896102776078
1423,2.4044,2.4045,6,34.794949999999986,2.4059164661935277,0.9988108754168782
1424,2.4046,2.4047,6,34.794949999999986,2.4056239181505212,0.9988352260909352
1425,2.4046,2.4047,6,34.794949999999986,2.4055518833196423,0.9988352260909352
1426,2.4056,2.4057,6,34.794949999999986,2.405526660889835,0.9989569794612208
1427,2.4068,2.4069,6,34.794949999999986,2.405559872856844,0.9991030835055633
1428,2.4075,2.4076,5,37.202449999999985,2.406529936428422,0.9991883108647632
1429,2.4081,2.4082,5,37.202449999999985,2.407314968214211,0.9992491875499059
1430,2.4089,2.409,5,37.202449999999985,2.4081074841071057,0.9993303564634295
1431,2.4091,2.4092,5,37.202449999999985,2.408603742053553,0.9993506486918106
1432,2.4083,2.4084,5,37.202449999999985,2.4085024947023688,0.9992694797782868
1433,2.4079,2.408,5,37.202449999999985,2.4082525545894473,0.999228895321525
1434,2.4082,2.4083,5,37.202449999999985,2.408096793402452,0.9992593336640962
1435,2.408,2.4081,5,37.202449999999985,2.4080168090596565,0.9992390414357154
1436,2.4083,2.4084,5,37.202449999999985,2.407974753524021,0.9992694797782868
1437,2.4097,2.4098,5,37.202449999999985,2.408062775963524,0.9994115253769533
1438,2.4106,2.4107,5,37.202449999999985,2.409331387981762,0.9995028404046673
1439,2.4109,2.411,5,37.202449999999985,2.410115693990881,0.9995332787472386
1440,2.4108,2.4109,5,37.202449999999985,2.4103894163945285,0.9995231326330483
1441,2.4104,2.4105,5,37.202449999999985,2.410392944263019,0.9994825481762863
1442,2.4106,2.4107,5,37.202449999999985,2.4102025233553506,0.9995028404046673
1443,2.4102,2.4103,5,37.202449999999985,2.410105034329595,0.9994622559479055
1444,2.4102,2.4103,5,37.202449999999985,2.4100556954941483,0.9994622559479055
1445,2.4101,2.4102,5,37.202449999999985,2.410029048870424,0.999452109833715
1446,2.4101,2.4102,5,37.202449999999985,2.4100155385200943,0.999452109833715
1447,2.4101,2.4102,5,37.202449999999985,2.410009807516632,0.999452109833715
1448,2.4101,2.4102,5,37.202449999999985,2.410008723458043,0.999452109833715
1449,2.4101,2.4102,5,37.202449999999985,2.410010397382508,0.999452109833715
1450,2.4101,2.4102,5,37.202449999999985,2.4100136652268245,0.999452109833715
1451,2.4118,2.4119,5,37.202449999999985,2.4101847487922257,0.9996245937749527
1452,2.4121,2.4122,5,37.202449999999985,2.411142374396113,0.9996550321175243
1453,2.4117,2.4118,5,37.202449999999985,2.411421187198057,0.9996144476607624
1454,2.4117,2.4118,5,37.202449999999985,2.4115327123188344,0.9996144476607624
1455,2.4117,2.4118,5,37.202449999999985,2.4114009675618355,0.9996144476607624
1456,2.4129,2.413,5,37.202449999999985,2.411417244425481,0.9997362010310479
1457,2.4134,2.4135,5,37.202449999999985,2.4124086222127405,0.9997869316020002
1458,2.4134,2.4135,5,37.202449999999985,2.41290431110637,0.9997869316020002
1459,2.4126,2.4127,5,37.202449999999985,2.4127616210519136,0.9997057626884766
1460,2.4126,2.4127,5,37.202449999999985,2.412671371728537,0.9997057626884766
1461,2.4126,2.4127,5,37.202449999999985,2.4126138286822667,0.9997057626884766
1462,2.4118,2.4119,5,37.202449999999985,2.412460479793296,0.9996245937749527
1463,2.411,2.4111,5,37.202449999999985,2.412233608448401,0.9995434248614291
1464,2.4109,2.411,5,37.202449999999985,2.4115668042242007,0.9995332787472386
1465,2.4103,2.4104,5,37.202449999999985,2.4115492934566625,0.9994724020620959
1466,2.4102,2.4103,5,37.202449999999985,2.4110095760739974,0.9994622559479055
1467,2.4112,2.4113,5,37.202449999999985,2.4110849378044943,0.99956371708981
1468,2.4112,2.4113,5,37.202449999999985,2.4111287051528394,0.99956371708981
1469,2.4112,2.4113,5,37.202449999999985,2.4111554588518223,0.99956371708981
1470,2.4113,2.4114,5,37.202449999999985,2.411171288555519,0.9995738632040005
1471,2.4114,2.4115,5,37.202449999999985,2.411187405350609,0.999584009318191
1472,2.4124,2.4125,5,37.202449999999985,2.411273002655379,0.9996854704600955
1473,2.4116,2.4117,5,37.202449999999985,2.4113316375200737,0.9996043015465719
1474,2.4112,2.4113,6,34.79114999999999,2.4113487786409387,0.999561687866972
1475,2.4112,2.4113,7,32.37984999999999,2.411356391528755,0.999559658644134
1476,2.4112,2.4113,8,29.96854999999999,2.4113578980160244,0.9995576294212958
1477,2.4108,2.4109,8,29.96854999999999,2.411326962036205,0.999492694290477
1478,2.411,2.4111,8,29.96854999999999,2.411295513420382,0.9995251618558865
1479,2.4107,2.4108,8,29.96854999999999,2.411252362950001,0.9994764605077722
1480,2.4097,2.4098,8,29.96854999999999,2.41109709790999,0.9993141226807248
1481,2.4097,2.4098,8,29.96854999999999,2.41063139860666,0.9993141226807248
1482,2.4098,2.4099,8,29.96854999999999,2.4103938561476146,0.9993303564634297
1483,2.409,2.4091,8,29.96854999999999,2.410326411977113,0.9992004862017917
1484,2.4091,2.4092,8,29.96854999999999,2.4099176079847417,0.9992167199844966
1485,2.4086,2.4087,8,29.96854999999999,2.4098732498673305,0.999135551070973
1486,2.4087,2.4088,8,29.96854999999999,2.409579937400498,0.9991517848536776
1487,2.4086,2.4087,8,29.96854999999999,2.4093621735337205,0.999135551070973
1488,2.4086,2.4087,8,29.96854999999999,2.4093394993805908,0.999135551070973
1489,2.4089,2.409,8,29.96854999999999,2.4093114784173864,0.999184252419087
1490,2.4093,2.4094,8,29.96854999999999,2.40929393590459,0.9992491875499061
1491,2.4102,2.4103,8,29.96854999999999,2.4093404229552715,0.9993952915942486
1492,2.4102,2.4103,8,29.96854999999999,2.409418151593293,0.9993952915942486
1493,2.4101,2.4102,8,29.96854999999999,2.409491273818345,0.9993790578115439
1494,2.4102,2.4103,8,29.96854999999999,2.409562277777156,0.9993952915942486
1495,2.4102,2.4103,8,29.96854999999999,2.409627573993496,0.9993952915942486
1496,2.4101,2.4102,8,29.96854999999999,2.409682278030954,0.9993790578115439
1497,2.4105,2.4106,8,29.96854999999999,2.409750128962631,0.9994439929423626
1498,2.4107,2.4108,8,29.96854999999999,2.409831685456016,0.9994764605077722
1499,2.4114,2.4115,7,32.37994999999999,2.409935424703827,0.9995900969867052
1500,2.4114,2.4115,7,32.37994999999999,2.4102017111213128,0.9995900969867052
1501,2.4106,2.4107,7,32.37994999999999,2.4102555876268714,0.9994764605077722
1502,2.4099,2.41,7,32.37994999999999,2.4103444836164813,0.9993770285887057
1503,2.4096,2.4097,7,32.37994999999999,2.410313169828914,0.9993344149091059
1504,2.4105,2.4106,7,32.37994999999999,2.4103142134227102,0.9994622559479055
1505,2.4103,2.4104,7,32.37994999999999,2.4103146125624293,0.9994338468281722
1506,2.4098,2.4099,7,32.37994999999999,2.4102885792327196,0.999362824028839
1507,2.4095,2.4096,7,32.37994999999999,2.4102394222239942,0.999320210349239
1508,2.4096,2.4097,7,32.37994999999999,2.4101867740687704,0.9993344149091059
1509,2.4109,2.411,7,32.37994999999999,2.4101846652957972,0.9995190741873721
1510,2.4109,2.411,7,32.37994999999999,2.4102419316047765,0.9995190741873721
1511,2.4107,2.4108,7,32.37994999999999,2.410253762460737,0.9994906650676388
1512,2.412,2.4121,7,32.37994999999999,2.4104194807194643,0.9996753243459051
1513,2.4119,2.412,7,32.37994999999999,2.4109129871463097,0.9996611197860384
1514,2.4121,2.4122,7,32.37994999999999,2.411506493573155,0.9996895289057718
1515,2.4121,2.4122,7,32.37994999999999,2.411743896143893,0.9996895289057718
1516,2.4115,2.4116,7,32.37994999999999,2.411651764395165,0.999604301546572
1517,2.4121,2.4122,7,32.37994999999999,2.4115996688399632,0.9996895289057718
1518,2.4117,2.4118,7,32.37994999999999,2.411583611192493,0.9996327106663052
1519,2.4118,2.4119,7,32.37994999999999,2.4115803148726815,0.9996469152261719
1520,2.4118,2.4119,7,32.37994999999999,2.4115843853043337,0.9996469152261719
1521,2.4126,2.4127,7,32.37994999999999,2.4116212896970297,0.9997605517051049
1522,2.4126,2.4127,7,32.37994999999999,2.411673593462335,0.9997605517051049
1523,2.4126,2.4127,7,32.37994999999999,2.4117324253856083,0.9997605517051049
1524,2.4133,2.4134,7,32.37994999999999,2.411952328274002,0.9998599836241714
1525,2.4127,2.4128,7,32.37994999999999,2.412006437758188,0.9997747562649716
1526,2.4127,2.4128,7,32.37994999999999,2.4120581710457842,0.9997747562649716
1527,2.4132,2.4133,7,32.37994999999999,2.4121841450236707,0.9998457790643048
1528,2.4136,2.4137,7,32.37994999999999,2.4123100643641875,0.9999025973037714
1529,2.4137,2.4138,7,32.37994999999999,2.412432724918695,0.9999168018636381
1530,2.4122,2.4123,8,29.967649999999985,2.4124686370107398,0.9997017042428001
1531,2.4123,2.4124,9,27.555249999999987,2.4124909019928533,0.999715908802667
1532,2.4126,2.4127,8,29.967849999999988,2.4125084379596715,0.9997706978192954
1533,2.4129,2.413,8,29.967849999999988,2.412532290091937,0.9998193991674097
1534,2.4129,2.413,8,29.967849999999988,2.412555761607145,0.9998193991674097
1535,2.4133,2.4134,8,29.967849999999988,2.412593080330999,0.9998843342982285
1536,2.4133,2.4134,8,29.967849999999988,2.4126333468437346,0.9998843342982285
1537,2.4133,2.4134,8,29.967849999999988,2.4126742690247664,0.9998843342982285
1538,2.4137,2.4138,8,29.967849999999988,2.4127878567289662,0.9999492694290475
1539,2.4138,2.4139,8,29.967849999999988,2.412890708336147,0.9999655032117521
1540,2.4138,2.4139,8,29.967849999999988,2.4129826794080365,0.9999655032117521
1541,2.4134,2.4135,8,29.967849999999988,2.413016940563176,0.9999005680809334
1542,2.4137,2.4138,8,29.967849999999988,2.4130843590909983,0.9999492694290475
1543,2.4137,2.4138,8,29.967849999999988,2.4131440110570117,0.9999492694290475
1544,2.4137,2.4138,8,29.967849999999988,2.413196800020696,0.9999492694290475
1545,2.4137,2.4138,8,29.967849999999988,2.4132435515843023,0.9999492694290475
1546,2.4137,2.4138,8,29.967849999999988,2.413285004576375,0.9999492694290475
1547,2.4133,2.4134,8,29.967849999999988,2.4133021573643476,0.9998843342982285
1548,2.4132,2.4133,9,27.55454999999999,2.4133134586901415,0.9998660712926857
1549,2.413,2.4131,10,25.14144999999999,2.413317449030803,0.999827516058762
1550,2.4128,2.4129,10,25.14144999999999,2.4133153568080465,0.9997869316020003
1551,2.4124,2.4125,10,25.14144999999999,2.413282197963995,0.9997057626884766
1552,2.4128,2.4129,10,25.14144999999999,2.413271563574773,0.9997869316020003
1553,2.4123,2.4124,10,25.14144999999999,2.4131838972745565,0.9996854704600956
1554,2.412,2.4121,10,25.14144999999999,2.4130882450593045,0.9996245937749527
1555,2.4121,2.4122,10,25.14144999999999,2.4129975262429584,0.9996448860033338
1556,2.4118,2.4119,10,25.14144999999999,2.412883164023274,0.999584009318191
1557,2.412,2.4121,10,25.14144999999999,2.412801819508628,0.9996245937749527
1558,2.412,2.4121,10,25.14144999999999,2.4127281951425257,0.9996245937749527
1559,2.4123,2.4124,10,25.14144999999999,2.4126697432411346,0.9996854704600956
1560,2.4118,2.4119,10,25.14144999999999,2.412601269266905,0.999584009318191
1561,2.4118,2.4119,10,25.14144999999999,2.4125364380947216,0.999584009318191
1562,2.4118,2.4119,10,25.14144999999999,2.412476150100935,0.999584009318191
1563,2.4116,2.4117,10,25.14144999999999,2.4124121604301667,0.9995434248614293
1564,2.4122,2.4123,10,25.14144999999999,2.412372277974662,0.9996651782317147
1565,2.4132,2.4133,9,27.554649999999988,2.412308843256686,0.9998681005155238
1566,2.4127,2.4128,9,27.554649999999988,2.412309611987686,0.9997767854878098
1567,2.4123,2.4124,9,27.554649999999988,2.412310825391988,0.9997037334656385
1568,2.4123,2.4124,9,27.554649999999988,2.4123115175311436,0.9997037334656385
1569,2.4123,2.4124,9,27.554649999999988,2.4123118385318096,0.9997037334656385
1570,2.4125,2.4126,9,27.554649999999988,2.4123133225390907,0.9997402594767241
1571,2.4126,2.4127,9,27.554649999999988,2.4123165730863434,0.9997585224822669
1572,2.413,2.4131,9,27.554649999999988,2.4123541907596877,0.9998315745044382
1573,2.4142,2.4143,9,27.554649999999988,2.412583547792461,1.000050730570952
1574,2.4142,2.4143,9,27.554649999999988,2.4133917738962305,1.000050730570952
1575,2.4142,2.4143,9,27.554649999999988,2.4137150643377385,1.000050730570952
1576,2.4149,2.415,9,27.554649999999988,2.4136560581721684,1.0001785716097518
1577,2.4155,2.4156,9,27.554649999999988,2.4142707054481125,1.0002881496430087
1578,2.4155,2.4156,9,27.554649999999988,2.4146219324629374,1.0002881496430087
1579,2.4153,2.4154,9,27.554649999999988,2.414791449347203,1.000251623631923
1580,2.4152,2.4153,9,27.554649999999988,2.4147377322907895,1.0002333606263802
1581,2.4151,2.4152,9,27.554649999999988,2.4147201404388148,1.0002150976208373
1582,2.4151,2.4152,9,27.554649999999988,2.4147222299008195,1.0002150976208373
1583,2.4153,2.4154,9,27.554649999999988,2.41474102025551,1.000251623631923
1584,2.4152,2.4153,9,27.554649999999988,2.4147656849471186,1.0002333606263802
1585,2.4155,2.4156,9,27.554649999999988,2.4148006139385525,1.0002881496430087
1586,2.4157,2.4158,9,27.554649999999988,2.414856446327345,1.0003246756540944
1587,2.4159,2.416,9,27.554649999999988,2.4149207759055407,1.0003612016651802
1588,2.4163,2.4164,9,27.554649999999988,2.415003891462318,1.0004342536873512
1589,2.4163,2.4164,9,27.554649999999988,2.4150909880484983,1.0004342536873512
1590,2.4163,2.4164,9,27.554649999999988,2.415177306103731,1.0004342536873512
1591,2.4162,2.4163,9,27.554649999999988,2.415253188392754,1.0004159906818084
1592,2.416,2.4161,9,27.554649999999988,2.415320013420265,1.000379464670723
1593,2.4153,2.4154,9,27.554649999999988,2.4153594462726633,1.000251623631923
1594,2.4153,2.4154,9,27.554649999999988,2.4153865614044463,1.000251623631923
1595,2.4153,2.4154,10,25.13924999999999,2.4154046618373597,1.000249594409085
1596,2.4148,2.4149,11,22.72434999999999,2.4154223169641393,1.0001461040443425
1597,2.4156,2.4157,10,25.139949999999992,2.4154276383740503,1.0003246756540944
1598,2.4157,2.4158,10,25.139949999999992,2.4154355747110845,1.0003449678824754
1599,2.416,2.4161,10,25.139949999999992,2.4154494986961335,1.0004058445676183
1600,2.4159,2.416,10,25.139949999999992,2.4154658772629887,1.000385552339237
1601,2.4158,2.4159,10,25.139949999999992,2.415482288917496,1.0003652601108564
1602,2.4163,2.4164,10,25.139949999999992,2.4155727235485895,1.000466721252761
1603,2.4163,2.4164,10,25.139949999999992,2.4156520265509176,1.000466721252761
1604,2.4163,2.4164,10,25.139949999999992,2.415721463479423,1.000466721252761
1605,2.4164,2.4165,10,25.139949999999992,2.415785905957406,1.0004870134811417
1606,2.4164,2.4165,10,25.139949999999992,2.4158445525242254,1.0004870134811417
1607,2.4162,2.4163,10,25.139949999999992,2.415891311325858,1.00044642902438
1608,2.416,2.4161,10,25.139949999999992,2.4159037258896108,1.0004058445676183
1609,2.4162,2.4163,10,25.139949999999992,2.415934638167548,1.00044642902438
1610,2.4162,2.4163,10,25.139949999999992,2.4159613046726816,1.00044642902438
1611,2.4155,2.4156,11,22.72434999999999,2.4159642018599765,1.0003023542028755
1612,2.4158,2.4159,10,25.14014999999999,2.4159650009762803,1.0003693185565325
1613,2.4158,2.4159,10,25.14014999999999,2.4159640660340362,1.0003693185565325
1614,2.4156,2.4157,10,25.14014999999999,2.4159600487615287,1.0003287340997706
1615,2.4157,2.4158,10,25.14014999999999,2.415954695984935,1.0003490263281516
1616,2.4158,2.4159,10,25.14014999999999,2.4159492899058783,1.0003693185565325
1617,2.4158,2.4159,10,25.14014999999999,2.4159439128486184,1.0003693185565325
1618,2.4158,2.4159,10,25.14014999999999,2.4159386240355536,1.0003693185565325
1619,2.4156,2.4157,10,25.14014999999999,2.415931848949734,1.0003287340997706
1620,2.415,2.4151,10,25.14014999999999,2.4158933680163335,1.000206980729485
1621,2.4146,2.4147,10,25.14014999999999,2.4158200669460816,1.0001258118159615
1622,2.4147,2.4148,10,25.14014999999999,2.4157426028614175,1.0001461040443425
1623,2.4139,2.414,10,25.14014999999999,2.4154691600281915,0.999983766217295
1624,2.4143,2.4144,10,25.14014999999999,2.415312541890401,1.0000649351308188
1625,2.415,2.4151,10,25.14014999999999,2.415274823782391,1.000206980729485
1626,2.4145,2.4146,10,25.14014999999999,2.4152255744314433,1.0001055195875805
1627,2.4145,2.4146,10,25.14014999999999,2.4151773372592023,1.0001055195875805
1628,2.4146,2.4147,10,25.14014999999999,2.415133052561406,1.0001258118159615
1629,2.4146,2.4147,10,25.14014999999999,2.4150925627022763,1.0001258118159615
1630,2.4147,2.4148,10,25.14014999999999,2.415057369594103,1.0001461040443425
1631,2.4148,2.4149,10,25.14014999999999,2.4150282476937965,1.0001663962727232
1632,2.4151,2.4152,10,25.14014999999999,2.415019238725014,1.000227272957866
1633,2.4152,2.4153,10,25.14014999999999,2.4150134772169887,1.000247565186247
1634,2.4152,2.4153,10,25.14014999999999,2.4150103083436525,1.000247565186247
1635,2.4151,2.4152,10,25.14014999999999,2.4150084716406415,1.000227272957866
1636,2.4148,2.4149,10,25.14014999999999,2.415002992373762,1.0001663962727232
1637,2.4151,2.4152,10,25.14014999999999,2.4150014563655025,1.000227272957866
1638,2.4151,2.4152,10,25.14014999999999,2.415000966581811,1.000227272957866
1639,2.4159,2.416,0,49.29915,2.415024634743476,1.0003896107849135
1640,2.4159,2.416,0,49.29915,2.41506258675017,1.0003896107849135
1641,2.4158,2.4159,0,49.29915,2.4150981850821003,1.0003896107849135
1642,2.4164,2.4165,0,49.29915,2.415232385334953,1.0003896107849135
1643,2.4157,2.4158,0,49.29915,2.415268337471492,1.0003896107849135
1644,2.4162,2.4163,0,49.29915,2.4153648111708184,1.0003896107849135
1645,2.4168,2.4169,0,49.29915,2.4154991134250716,1.0003896107849135
1646,2.4178,2.4179,0,49.29915,2.4158731104257396,1.0003896107849135
1647,2.4182,2.4183,0,49.29915,2.41703655521287,1.0003896107849135
1648,2.4181,2.4182,0,49.29915,2.417461933127722,1.0003896107849135
1649,2.4182,2.4183,0,49.29915,2.4177571598766336,1.0003896107849135
1650,2.4182,2.4183,0,49.29915,2.417904773251089,1.0003896107849135
1651,2.4181,2.4182,0,49.29915,2.417792538942641,1.0003896107849135
1652,2.4181,2.4182,0,49.29915,2.4177437428979265,1.0003896107849135
1653,2.4181,2.4182,0,49.29915,2.4177287508760292,1.0003896107849135
1654,2.418,2.4181,0,49.29915,2.417728796916684,1.0003896107849135
1655,2.4179,2.418,0,49.29915,2.417734013141126,1.0003896107849135
1656,2.4175,2.4176,0,49.29915,2.417730983320576,1.0003896107849135
1657,2.4175,2.4176,0,49.29915,2.417723400569656,1.0003896107849135
1658,2.4175,2.4176,0,49.29915,2.417713282477973,1.0003896107849135
1659,2.418,2.4181,0,49.29915,2.417712555151473,1.0003896107849135
1660,2.418,2.4181,0,49.29915,2.417718213634121,1.0003896107849135
1661,2.418,2.4181,0,49.29915,2.417727764344328,1.0003896107849135
1662,2.4173,2.4174,0,49.29915,2.4177262381847484,1.0003896107849135
1663,2.4174,2.4175,0,49.29915,2.417719518744961,1.0003896107849135
1664,2.4172,2.4173,0,49.29915,2.417706183624368,1.0003896107849135
1665,2.4171,2.4172,0,49.29915,2.417687112255972,1.0003896107849135
1666,2.4175,2.4176,0,49.29915,2.4176706238557797,1.0003896107849135
1667,2.4174,2.4175,0,49.29915,2.417654815860648,1.0003896107849135
1668,2.4172,2.4173,0,49.29915,2.4176370133486382,1.0003896107849135
1669,2.4171,2.4172,0,49.29915,2.4176168335641646,1.0003896107849135
1670,2.4171,2.4172,0,49.29915,2.417595379714284,1.0003896107849135
1671,2.4171,2.4172,0,49.29915,2.4175734307496155,1.0003896107849135
1672,2.4173,2.4174,0,49.29915,2.4175539540180613,1.0003896107849135
1673,2.4175,2.4176,0,49.29915,2.417538927764619,1.0003896107849135
1674,2.4179,2.418,0,49.29915,2.417531662183367,1.0003896107849135
1675,2.4179,2.418,0,49.29915,2.417530460577003,1.0003896107849135
1676,2.4179,2.418,0,49.29915,2.4175336388799606,1.0003896107849135
1677,2.4189,2.419,0,49.29915,2.4176491332618752,1.0003896107849135
1678,2.4199,2.42,0,49.29915,2.4187745666309377,1.0003896107849135
1679,2.4203,2.4204,0,49.29915,2.419537283315469,1.0003896107849135
1680,2.4205,2.4206,0,49.29915,2.4200186416577347,1.0003896107849135
1681,2.4205,2.4206,0,49.29915,2.420211184994641,1.0003896107849135
1682,2.4205,2.4206,0,49.29915,2.420307456663094,1.0003896107849135
1683,2.4205,2.4206,0,49.29915,2.4203624690450676,1.0003896107849135
1684,2.4203,2.4204,0,49.29915,2.420211945937808,1.0003896107849135
1685,2.4202,2.4203,0,49.29915,2.420137618378324,1.0003896107849135
1686,2.4202,2.4203,0,49.29915,2.4200954526114136,1.0003896107849135
1687,2.4205,2.4206,0,49.29915,2.4200805994083936,1.0003896107849135
1688,2.4207,2.4208,0,49.29915,2.4200902546578016,1.0003896107849135
1689,2.4225,2.4226,0,49.29915,2.420329071789972,1.0003896107849135
1690,2.4236,2.4237,0,49.29915,2.421964535894986,1.0003896107849135
1691,2.4234,2.4235,0,49.29915,2.422682267947493,1.0003896107849135
1692,2.4231,2.4232,0,49.29915,2.4228493607684958,1.0003896107849135
1693,2.4228,2.4229,0,49.29915,2.4228329071789974,1.0003896107849135
1694,2.4241,2.4242,0,49.29915,2.422681741686656,1.0003896107849135
1695,2.4257,2.4258,0,49.29915,2.424190870843328,1.0003896107849135
1696,2.4262,2.4263,0,49.29915,2.425195435421664,1.0003896107849135
1697,2.4256,2.4257,0,49.29915,2.4253977177108323,1.0003896107849135
1698,2.4258,2.4259,0,49.29915,2.425558630626499,1.0003896107849135
1699,2.4253,2.4254,0,49.29915,2.425484736161785,1.0003896107849135
1700,2.4253,2.4254,0,49.29915,2.425267200768332,1.0003896107849135
1701,2.4253,2.4254,0,49.29915,2.4251498703206575,1.0003896107849135
1702,2.4248,2.4249,0,49.29915,2.4250356976000584,1.0003896107849135
1703,2.4246,2.4247,0,49.29915,2.424957509386113,1.0003896107849135
1704,2.4251,2.4252,0,49.29915,2.4249298411959805,1.0003896107849135
1705,2.4251,2.4252,0,49.29915,2.424917187336569,1.0003896107849135
1706,2.4248,2.4249,0,49.29915,2.424902960217329,1.0003896107849135
1707,2.4246,2.4247,0,49.29915,2.4248850493269676,1.0003896107849135
1708,2.4246,2.4247,0,49.29915,2.4248658033308805,1.0003896107849135
1709,2.4246,2.4247,0,49.29915,2.424846526922204,1.0003896107849135
1710,2.4243,2.4244,0,49.29915,2.424816681049296,1.0003896107849135
1711,2.4257,2.4258,0,49.29915,2.4248196029401288,1.0003896107849135
1712,2.4257,2.4258,0,49.29915,2.424912276314852,1.0003896107849135
1713,2.4257,2.4258,0,49.29915,2.4250192837087075,1.0003896107849135
1714,2.4257,2.4258,0,49.29915,2.4251038109496994,1.0003896107849135
1715,2.4255,2.4256,0,49.29915,2.4251197902542776,1.0003896107849135
1716,2.4257,2.4258,0,49.29915,2.4251872852387844,1.0003896107849135
1717,2.4257,2.4258,0,49.29915,2.4252451049359167,1.0003896107849135
1718,2.426,2.4261,0,49.29915,2.425307143763204,1.0003896107849135
1719,2.4263,2.4264,0,49.29915,2.425378778954716,1.0003896107849135
1720,2.4258,2.4259,0,49.29915,2.4254353295164512,1.0003896107849135
1721,2.4259,2.426,0,49.29915,2.42548411192126,1.0003896107849135
1722,2.4263,2.4264,0,49.29915,2.4255376361782375,1.0003896107849135
1723,2.4263,2.4264,0,49.29915,2.4255918462868595,1.0003896107849135
1724,2.4265,2.4266,0,49.29915,2.42564934511464,1.0003896107849135
1725,2.427,2.4271,0,49.29915,2.425749592903001,1.0003896107849135
1726,2.4273,2.4274,0,49.29915,2.4259665883461112,1.0003896107849135
1727,2.4273,2.4274,0,49.29915,2.426347563104365,1.0003896107849135
1728,2.427,2.4271,0,49.29915,2.426389820226196,1.0003896107849135
1729,2.4273,2.4274,0,49.29915,2.4264726938449126,1.0003896107849135
1730,2.4266,2.4267,0,49.29915,2.426497500176512,1.0003896107849135
1731,2.4259,2.426,1,46.873149999999995,2.426531170758284,1.0003875815620753
1732,2.4258,2.4259,1,46.873149999999995,2.426485362182709,1.0003855523392373
1733,2.4258,2.4259,1,46.873149999999995,2.4264205257628695,1.0003855523392373
1734,2.4254,2.4255,1,46.873149999999995,2.4263321517267005,1.000377435447885
1735,2.4272,2.4273,0,49.300349999999995,2.42676607586335,1.0004139614589704
1736,2.4271,2.4272,0,49.300349999999995,2.4267377225712328,1.0004139614589704
1737,2.4267,2.4268,0,49.300349999999995,2.426722319572506,1.0004139614589704
1738,2.4269,2.427,0,49.300349999999995,2.426669709027194,1.0004139614589704
1739,2.4258,2.4259,0,49.300349999999995,2.426580630466608,1.0004139614589704
1740,2.4257,2.4258,0,49.300349999999995,2.4264728551392944,1.0004139614589704
1741,2.4258,2.4259,0,49.300349999999995,2.4264001102770263,1.0004139614589704
1742,2.4253,2.4254,0,49.300349999999995,2.426260583733205,1.0004139614589704
1743,2.4253,2.4254,0,49.300349999999995,2.426145287496599,1.0004139614589704
1744,2.4251,2.4252,0,49.300349999999995,2.426037082113427,1.0004139614589704
1745,2.4244,2.4245,0,49.300349999999995,2.4258294899189465,1.0004139614589704
1746,2.4236,2.4237,0,49.300349999999995,2.4247147449594735,1.0004139614589704
1747,2.4236,2.4237,0,49.300349999999995,2.424157372479737,1.0004139614589704
1748,2.4234,2.4235,0,49.300349999999995,2.423854423487842,1.0004139614589704
1749,2.4229,2.423,0,49.300349999999995,2.423472654092705,1.0004139614589704
1750,2.4232,2.4233,0,49.300349999999995,2.423394752923361,1.0004139614589704
1751,2.4222,2.4223,0,49.300349999999995,2.423539345982976,1.0004139614589704
1752,2.422,2.4221,0,49.300349999999995,2.4229236075897855,1.0004139614589704
1753,2.422,2.4221,0,49.300349999999995,2.4226157383931906,1.0004139614589704
1754,2.4213,2.4214,0,49.300349999999995,2.4220894430359143,1.0004139614589704
1755,2.4213,2.4214,0,49.300349999999995,2.4218262953572762,1.0004139614589704
1756,2.4214,2.4215,0,49.300349999999995,2.421704496683769,1.0004139614589704
1757,2.4209,2.421,0,49.300349999999995,2.4217990425022924,1.0004139614589704
1758,2.4207,2.4208,0,49.300349999999995,2.421524281876719,1.0004139614589704
1759,2.4206,2.4207,0,49.300349999999995,2.4212602013405133,1.0004139614589704
1760,2.4209,2.421,0,49.300349999999995,2.4212999453067803,1.0004139614589704
1761,2.4216,2.4217,0,49.300349999999995,2.421333426216178,1.0004139614589704
1762,2.4219,2.422,0,49.300349999999995,2.421365423652427,1.0004139614589704
1763,2.4219,2.422,0,49.300349999999995,2.421398844137833,1.0004139614589704
1764,2.4212,2.4213,0,49.300349999999995,2.4214195447718314,1.0004139614589704
1765,2.421,2.4211,0,49.300349999999995,2.4214237708803004,1.0004139614589704
1766,2.421,2.4211,0,49.300349999999995,2.4214175538008664,1.0004139614589704
1767,2.4213,2.4214,0,49.300349999999995,2.4214109400588106,1.0004139614589704
1768,2.4212,2.4213,0,49.300349999999995,2.4214023460918668,1.0004139614589704
1769,2.4211,2.4212,0,49.300349999999995,2.421390872176822,1.0004139614589704
1770,2.4215,2.4216,0,49.300349999999995,2.421384715194378,1.0004139614589704
1771,2.4208,2.4209,0,49.300349999999995,2.4213700324897225,1.0004139614589704
1772,2.421,2.4211,0,49.300349999999995,2.4213542582902954,1.0004139614589704
1773,2.421,2.4211,0,49.300349999999995,2.4213375978476708,1.0004139614589704
1774,2.4211,2.4212,0,49.300349999999995,2.421322146360288,1.0004139614589704
1775,2.4211,2.4212,0,49.300349999999995,2.4213078559989962,1.0004139614589704
1776,2.4211,2.4212,0,49.300349999999995,2.421294663601572,1.0004139614589704
1777,2.4211,2.4212,0,49.300349999999995,2.4212824981995373,1.0004139614589704
1778,2.4206,2.4207,0,49.300349999999995,2.4212629992594175,1.0004139614589704
1779,2.4207,2.4208,0,49.300349999999995,2.4212427366634817,1.0004139614589704
1780,2.4207,2.4208,0,49.300349999999995,2.421221237398432,1.0004139614589704
1781,2.4213,2.4214,0,49.300349999999995,2.421206740908698,1.0004139614589704
1782,2.4212,2.4213,0,49.300349999999995,2.4211958841156878,1.0004139614589704
1783,2.4208,2.4209,0,49.300349999999995,2.4211831772790138,1.0004139614589704
1784,2.4203,2.4204,0,49.300349999999995,2.4211539296899716,1.0004139614589704
1785,2.4206,2.4207,0,49.300349999999995,2.421133322844827,1.0004139614589704
1786,2.4206,2.4207,0,49.300349999999995,2.4211122463710977,1.0004139614589704
1787,2.4206,2.4207,0,49.300349999999995,2.421091158033647,1.0004139614589704
1788,2.4213,2.4214,0,49.300349999999995,2.421078505659854,1.0004139614589704
1789,2.4213,2.4214,0,49.300349999999995,2.4210709436982345,1.0004139614589704
1790,2.4216,2.4217,0,49.300349999999995,2.421069901645758,1.0004139614589704
1791,2.4214,2.4215,0,49.300349999999995,2.4210719679509483,1.0004139614589704
1792,2.4216,2.4217,0,49.300349999999995,2.421078006001825,1.0004139614589704
1793,2.422,2.4221,0,49.300349999999995,2.421154837388398,1.0004139614589704
1794,2.4227,2.4228,0,49.300349999999995,2.4213008686435833,1.0004139614589704
1795,2.423,2.4231,0,49.300349999999995,2.4221504343217917,1.0004139614589704
1796,2.4236,2.4237,0,49.300349999999995,2.422875217160896,1.0004139614589704
1797,2.4239,2.424,0,49.300349999999995,2.4232851302965375,1.0004139614589704
1798,2.4241,2.4242,0,49.300349999999995,2.4236110781779225,1.0004139614589704
1799,2.4241,2.4242,0,49.300349999999995,2.423774052118615,1.0004139614589704
1800,2.4238,2.4239,0,49.300349999999995,2.4236203859987473,1.0004139614589704
1801,2.4239,2.424,0,49.300349999999995,2.423547865650587,1.0004139614589704
1802,2.4239,2.424,0,49.300349999999995,2.4235191361548014,1.0004139614589704
1803,2.4242,2.4243,0,49.300349999999995,2.4235250900792034,1.0004139614589704
1804,2.4245,2.4246,0,49.300349999999995,2.4235644384632047,1.0004139614589704
1805,2.4243,2.4244,0,49.300349999999995,2.423608190961654,1.0004139614589704
1806,2.4249,2.425,0,49.300349999999995,2.423677167939031,1.0004139614589704
1807,2.4244,2.4245,0,49.300349999999995,2.4237407991013233,1.0004139614589704
1808,2.4241,2.4242,0,49.300349999999995,2.423787685699273,1.0004139614589704
1809,2.4241,2.4242,0,49.300349999999995,2.423825952683153,1.0004139614589704
1810,2.4233,2.4234,1,46.876949999999994,2.4238753677601776,1.0004119322361325
1811,2.4228,2.4229,1,46.876949999999994,2.4238214175063404,1.000401786121942
1812,2.4228,2.4229,1,46.876949999999994,2.423480945004227,1.000401786121942
1813,2.4228,2.4229,1,46.876949999999994,2.42346627089953,1.000401786121942
1814,2.4223,2.4224,1,46.876949999999994,2.4233855827433257,1.0003916400077515
1815,2.422,2.4221,1,46.876949999999994,2.4229897019595183,1.000385552339237
1816,2.422,2.4221,1,46.876949999999994,2.4227422764696387,1.000385552339237
1817,2.422,2.4221,1,46.876949999999994,2.422726327977619,1.000385552339237
1818,2.4224,2.4225,1,46.876949999999994,2.4227053273693673,1.0003936692305897
1819,2.4222,2.4223,1,46.876949999999994,2.4226761261026595,1.0003896107849135
1820,2.4223,2.4224,1,46.876949999999994,2.4226468093828566,1.0003916400077515
1821,2.4227,2.4228,1,46.876949999999994,2.422629846149894,1.0003997568991039
1822,2.4227,2.4228,1,46.876949999999994,2.422620763392343,1.0003997568991039
1823,2.4224,2.4225,1,46.876949999999994,2.4226094664748588,1.0003936692305897
1824,2.4224,2.4225,1,46.876949999999994,2.4225971959905115,1.0003936692305897
1825,2.4219,2.422,1,46.876949999999994,2.4225725660757966,1.000383523116399
1826,2.422,2.4221,1,46.876949999999994,2.422545325502275,1.000385552339237
1827,2.4225,2.4226,1,46.876949999999994,2.4225256894037286,1.0003956984534277
1828,2.4235,2.4236,0,49.30044999999999,2.4225459830243534,1.0004159906818086
1829,2.4228,2.4229,0,49.30044999999999,2.4225514429179262,1.0004159906818086
1830,2.4226,2.4227,0,49.30044999999999,2.422556509646081,1.0004159906818086
1831,2.4229,2.423,0,49.30044999999999,2.4225648222732943,1.0004159906818086
1832,2.4229,2.423,0,49.30044999999999,2.4225755265556015,1.0004159906818086
1833,2.4231,2.4232,0,49.30044999999999,2.4225898447983156,1.0004159906818086
1834,2.4234,2.4235,0,49.30044999999999,2.4226564214609607,1.0004159906818086
1835,2.4234,2.4235,0,49.30044999999999,2.422721590950986,1.0004159906818086
1836,2.4234,2.4235,0,49.30044999999999,2.422782796235927,1.0004159906818086
1837,2.4226,2.4227,0,49.30044999999999,2.4227960452739725,1.0004159906818086
1838,2.4239,2.424,0,49.30044999999999,2.4228538887220723,1.0004159906818086
1839,2.4239,2.424,0,49.30044999999999,2.422919555543336,1.0004159906818086
1840,2.4238,2.4239,0,49.30044999999999,2.4229802997441343,1.0004159906818086
1841,2.4234,2.4235,0,49.30044999999999,2.4230302194743443,1.0004159906818086
1842,2.4238,2.4239,0,49.30044999999999,2.423080321121986,1.0004159906818086
1843,2.4233,2.4234,0,49.30044999999999,2.423116887810712,1.0004159906818086
1844,2.4233,2.4234,0,49.30044999999999,2.423145647593131,1.0004159906818086
1845,2.4216,2.4217,0,49.30044999999999,2.423111022465389,1.0004159906818086
1846,2.4217,2.4218,0,49.30044999999999,2.4224055112326948,1.0004159906818086
1847,2.4217,2.4218,0,49.30044999999999,2.422052755616347,1.0004159906818086
1848,2.4216,2.4217,0,49.30044999999999,2.4218716533698084,1.0004159906818086
1849,2.4209,2.421,0,49.30044999999999,2.4219665914647686,1.0004159906818086
1850,2.4205,2.4206,0,49.30044999999999,2.4215475653319776,1.0004159906818086
1851,2.4205,2.4206,0,49.30044999999999,2.4212856739989834,1.0004159906818086
1852,2.4203,2.4204,0,49.30044999999999,2.4209571159993226,1.0004159906818086
1853,2.4204,2.4205,0,49.30044999999999,2.420845692799458,1.0004159906818086
1854,2.42,2.4201,0,49.30044999999999,2.4208832698713105,1.0004159906818086
1855,2.4201,2.4202,0,49.30044999999999,2.4206874524034827,1.0004159906818086
1856,2.4202,2.4203,0,49.30044999999999,2.420691442258037,1.0004159906818086
1857,2.4202,2.4203,0,49.30044999999999,2.4206758567289897,1.0004159906818086
1858,2.4204,2.4205,0,49.30044999999999,2.4206623683350057,1.0004159906818086
1859,2.4204,2.4205,0,49.30044999999999,2.4206474387018457,1.0004159906818086
1860,2.42,2.4201,0,49.30044999999999,2.4206161737467022,1.0004159906818086
1861,2.4198,2.4199,0,49.30044999999999,2.4205748755288705,1.0004159906818086
1862,2.4198,2.4199,0,49.30044999999999,2.4205290591068023,1.0004159906818086
1863,2.4198,2.4199,0,49.30044999999999,2.4204820320737954,1.0004159906818086
1864,2.4198,2.4199,0,49.30044999999999,2.4204357564884798,1.0004159906818086
1865,2.4198,2.4199,0,49.30044999999999,2.4203913613876136,1.0004159906818086
1866,2.4197,2.4198,0,49.30044999999999,2.420347541578641,1.0004159906818086
1867,2.4197,2.4198,0,49.30044999999999,2.4203052934100624,1.0004159906818086
1868,2.4197,2.4198,0,49.30044999999999,2.420265183553136,1.0004159906818086
1869,2.419,2.4191,0,49.30044999999999,2.4201666751254747,1.0004159906818086
1870,2.4188,2.4189,0,49.30044999999999,2.4200648123743957,1.0004159906818086
1871,2.4188,2.4189,0,49.30044999999999,2.419965323583524,1.0004159906818086
1872,2.4183,2.4184,0,49.30044999999999,2.419665129317516,1.0004159906818086
1873,2.4183,2.4184,0,49.30044999999999,2.4192100862116774,1.0004159906818086
1874,2.4181,2.4182,0,49.30044999999999,2.4191146468723286,1.0004159906818086
1875,2.4172,2.4173,0,49.30044999999999,2.418897313094874,1.0004159906818086
1876,2.4167,2.4168,0,49.30044999999999,2.417798656547437,1.0004159906818086
1877,2.4168,2.4169,0,49.30044999999999,2.4173991939284623,1.0004159906818086
1878,2.4168,2.4169,0,49.30044999999999,2.417199462618975,1.0004159906818086
1879,2.4173,2.4174,0,49.30044999999999,2.4173050754511314,1.0004159906818086
1880,2.4171,2.4172,0,49.30044999999999,2.4173581055113256,1.0004159906818086
1881,2.417,2.4171,0,49.30044999999999,2.4173778223897444,1.0004159906818086
1882,2.4174,2.4175,0,49.30044999999999,2.417390593432115,1.0004159906818086
1883,2.4175,2.4176,0,49.30044999999999,2.41740021173566,1.0004159906818086
1884,2.4177,2.4178,0,49.30044999999999,2.417412642187917,1.0004159906818086
1885,2.4178,2.4179,0,49.30044999999999,2.4174289429066196,1.0004159906818086
1886,2.418,2.4181,0,49.30044999999999,2.417451103346173,1.0004159906818086
1887,2.4187,2.4188,0,49.30044999999999,2.4175600141756144,1.0004159906818086
1888,2.4186,2.4187,0,49.30044999999999,2.4176629792963236,1.0004159906818086
1889,2.4187,2.4188,0,49.30044999999999,2.4177610419158486,1.0004159906818086
1890,2.4187,2.4188,0,49.30044999999999,2.417851348982819,1.0004159906818086
1891,2.4184,2.4185,0,49.30044999999999,2.417923222643071,1.0004159906818086
1892,2.4179,2.418,0,49.30044999999999,2.4179440549191007,1.0004159906818086
1893,2.418,2.4181,0,49.30044999999999,2.4179599152738622,1.0004159906818086
1894,2.4182,2.4183,0,49.30044999999999,2.4179833707579954,1.0004159906818086
1895,2.4178,2.4179,0,49.30044999999999,2.417991270132431,1.0004159906818086
1896,2.4177,2.4178,0,49.30044999999999,2.417993412367817,1.0004159906818086
1897,2.4174,2.4175,0,49.30044999999999,2.4179871730200984,1.0004159906818086
1898,2.4177,2.4178,0,49.30044999999999,2.4179796875499604,1.0004159906818086
1899,2.4181,2.4182,0,49.30044999999999,2.4179741100578926,1.0004159906818086
1900,2.4178,2.4179,0,49.30044999999999,2.4179691492213613,1.0004159906818086
1901,2.4179,2.418,0,49.30044999999999,2.4179647089265006,1.0004159906818086
1902,2.4179,2.418,0,49.30044999999999,2.417960715054745,1.0004159906818086
1903,2.418,2.4181,0,49.30044999999999,2.417958116468557,1.0004159906818086
1904,2.418,2.4181,0,49.30044999999999,2.4179565743721256,1.0004159906818086
1905,2.4181,2.4182,0,49.30044999999999,2.4179568408634453,1.0004159906818086
1906,2.4181,2.4182,0,49.30044999999999,2.4179587170873713,1.0004159906818086
1907,2.4184,2.4185,0,49.30044999999999,2.417966309094426,1.0004159906818086
1908,2.4184,2.4185,0,49.30044999999999,2.417977487552899,1.0004159906818086
1909,2.4184,2.4185,0,49.30044999999999,2.4179909853869774,1.0004159906818086
1910,2.4184,2.4185,0,49.30044999999999,2.4180058824540476,1.0004159906818086
1911,2.4184,2.4185,0,49.30044999999999,2.418021514510017,1.0004159906818086
1912,2.4183,2.4184,0,49.30044999999999,2.418035005181622,1.0004159906818086
1913,2.4183,2.4184,0,49.30044999999999,2.4180477999006627,1.0004159906818086
1914,2.4183,2.4184,0,49.30044999999999,2.41805989814249,1.0004159906818086
1915,2.4183,2.4184,0,49.30044999999999,2.418071312864035,1.0004159906818086
1916,2.4183,2.4184,0,49.30044999999999,2.418082066053602,1.0004159906818086
1917,2.4198,2.4199,0,49.30044999999999,2.4183196239606817,1.0004159906818086
1918,2.4195,2.4196,0,49.30044999999999,2.418501220274423,1.0004159906818086
1919,2.4195,2.4196,0,49.30044999999999,2.418553739847131,1.0004159906818086
1920,2.4203,2.4204,0,49.30044999999999,2.418783869928293,1.0004159906818086
1921,2.4204,2.4205,0,49.30044999999999,2.4193225799521954,1.0004159906818086
1922,2.4205,2.4206,0,49.30044999999999,2.41965898568014,1.0004159906818086
1923,2.4205,2.4206,0,49.30044999999999,2.419869239260105,1.0004159906818086
1924,2.4206,2.4207,0,49.30044999999999,2.419874713442744,1.0004159906818086
1925,2.4211,2.4212,0,49.30044999999999,2.419942843569176,1.0004159906818086
1926,2.4215,2.4216,0,49.30044999999999,2.420332132676882,1.0004159906818086
1927,2.4215,2.4216,0,49.30044999999999,2.420591658748686,1.0004159906818086
1928,2.4219,2.422,0,49.30044999999999,2.420665488531519,1.0004159906818086
1929,2.4219,2.422,0,49.30044999999999,2.421018206093942,1.0004159906818086
1930,2.4221,2.4222,0,49.30044999999999,2.4213272900671012,1.0004159906818086
1931,2.4221,2.4222,0,49.30044999999999,2.421520467550326,1.0004159906818086
1932,2.4229,2.423,0,49.30044999999999,2.4215632674333327,1.0004159906818086
1933,2.4233,2.4234,0,49.30044999999999,2.4222579604599996,1.0004159906818086
1934,2.4233,2.4234,0,49.30044999999999,2.422605306973333,1.0004159906818086
1935,2.4237,2.4238,0,49.30044999999999,2.423043184184,1.0004159906818086
1936,2.4238,2.4239,0,49.30044999999999,2.4232954561226667,1.0004159906818086
1937,2.4241,2.4242,0,49.30044999999999,2.4235253258019047,1.0004159906818086
1938,2.424,2.4241,0,49.30044999999999,2.4236439943514285,1.0004159906818086
1939,2.4236,2.4237,0,49.30044999999999,2.4235527008178552,1.0004159906818086
1940,2.4235,2.4236,0,49.30044999999999,2.4234984981279775,1.0004159906818086
1941,2.4236,2.4237,0,49.30044999999999,2.4234696007215053,1.0004159906818086
1942,2.4243,2.4244,0,49.30044999999999,2.423477707392495,1.0004159906818086
1943,2.4259,2.426,0,49.30044999999999,2.4237128394556806,1.0004159906818086
1944,2.4255,2.4256,0,49.30044999999999,2.4246064197278403,1.0004159906818086
1945,2.4258,2.4259,0,49.30044999999999,2.4252032098639202,1.0004159906818086
1946,2.4255,2.4256,0,49.30044999999999,2.42530213990928,1.0004159906818086
1947,2.4252,2.4253,0,49.30044999999999,2.4251548043588884,1.0004159906818086
1948,2.4256,2.4257,0,49.30044999999999,2.4250996984815796,1.0004159906818086
1949,2.4257,2.4258,0,49.30044999999999,2.425093169944068,1.0004159906818086
1950,2.4257,2.4258,0,49.30044999999999,2.4251141273097057,1.0004159906818086
1951,2.4264,2.4265,0,49.30044999999999,2.4251728891714905,1.0004159906818086
1952,2.4271,2.4272,0,49.30044999999999,2.425444236838821,1.0004159906818086
1953,2.4273,2.4274,0,49.30044999999999,2.4263721184194105,1.0004159906818086
1954,2.4273,2.4274,0,49.30044999999999,2.426743271051646,1.0004159906818086
1955,2.4259,2.426,0,49.30044999999999,2.4266624690054126,1.0004159906818086
1956,2.4259,2.426,0,49.30044999999999,2.426394821345984,1.0004159906818086
1957,2.4254,2.4255,0,49.30044999999999,2.4261948908174915,1.0004159906818086
1958,2.4249,2.425,0,49.30044999999999,2.4260352851305313,1.0004159906818086
1959,2.4249,2.425,0,49.30044999999999,2.4256568567536876,1.0004159906818086
1960,2.4242,2.4243,0,49.30044999999999,2.42554309257984,1.0004159906818086
1961,2.4238,2.4239,0,49.30044999999999,2.424845855547904,1.0004159906818086
1962,2.4238,2.4239,0,49.30044999999999,2.424497237031936,1.0004159906818086
1963,2.4242,2.4243,1,46.87614999999999,2.4245564201418333,1.0004139614589704
1964,2.4241,2.4242,2,44.45194999999999,2.424570260620289,1.0004099030132942
1965,2.4241,2.4242,2,44.45194999999999,2.424561087053576,1.0004099030132942
1966,2.424,2.4241,2,44.45194999999999,2.4245346793715976,1.000405844567618
1967,2.4238,2.4239,2,44.45194999999999,2.4244946787882187,1.0003977276762657
1968,2.422,2.4221,2,44.45194999999999,2.4241942523698876,1.0003246756540944
1969,2.4217,2.4218,2,44.45194999999999,2.422947126184944,1.0003125003170659
1970,2.4217,2.4218,2,44.45194999999999,2.4223235630924718,1.0003125003170659
1971,2.422,2.4221,2,44.45194999999999,2.422194137855483,1.0003246756540944
1972,2.4221,2.4222,2,44.45194999999999,2.4221627585703223,1.0003287340997706
1973,2.4225,2.4226,2,44.45194999999999,2.422308527454254,1.0003449678824754
1974,2.4218,2.4219,2,44.45194999999999,2.422374861657837,1.000316558762742
1975,2.4208,2.4209,2,44.45194999999999,2.4223474131766465,1.0002759743059801
1976,2.4203,2.4204,2,44.45194999999999,2.421323706588323,1.0002556820775994
1977,2.4203,2.4204,2,44.45194999999999,2.4208118532941616,1.0002556820775994
1978,2.4202,2.4203,2,44.45194999999999,2.4205671119764967,1.0002516236319232
1979,2.42,2.4201,2,44.45194999999999,2.4203780746509977,1.0002435067405706
1980,2.4204,2.4205,2,44.45194999999999,2.4205491499736675,1.0002597405232756
1981,2.4199,2.42,2,44.45194999999999,2.420607124855775,1.0002394482948946
1982,2.4201,2.4202,2,44.45194999999999,2.42061825762558,1.000247565186247
1983,2.4208,2.4209,2,44.45194999999999,2.4206300620387653,1.0002759743059801
1984,2.4217,2.4218,2,44.45194999999999,2.4207490599776955,1.0003125003170659
1985,2.4222,2.4223,2,44.45194999999999,2.4209296445911037,1.0003327925454468
1986,2.4223,2.4224,2,44.45194999999999,2.4216148222955516,1.000336850991123
1987,2.422,2.4221,2,44.45194999999999,2.4215595470002453,1.0003246756540944
1988,2.4221,2.4222,2,44.45194999999999,2.4215617794855437,1.0003287340997706
1989,2.4232,2.4233,2,44.45194999999999,2.421662587726396,1.0003733770022087
1990,2.4231,2.4232,2,44.45194999999999,2.4220732769474256,1.0003693185565325
1991,2.4231,2.4232,2,44.45194999999999,2.422329957710569,1.0003693185565325
1992,2.4232,2.4233,2,44.45194999999999,2.422354706212938,1.0003733770022087
1993,2.4233,2.4234,2,44.45194999999999,2.4224032546747334,1.000377435447885
1994,2.4238,2.4239,2,44.45194999999999,2.4225212088377246,1.0003977276762657
1995,2.4235,2.4236,2,44.45194999999999,2.422626016814812,1.000385552339237
1996,2.4237,2.4238,2,44.45194999999999,2.4227265780623215,1.0003936692305895
1997,2.4238,2.4239,2,44.45194999999999,2.4228232057563566,1.0003977276762657
1998,2.4238,2.4239,2,44.45194999999999,2.4229129939459852,1.0003977276762657
1999,2.4238,2.4239,2,44.45194999999999,2.4229949702155005,1.0003977276762657
2000,2.4249,2.425,1,46.87684999999999,2.423222212388142,1.0004423705787038
2001,2.4249,2.425,1,46.87684999999999,2.4237015802772444,1.0004423705787038
2002,2.4251,2.4252,1,46.87684999999999,2.4241011287694603,1.00044642902438
2003,2.4264,2.4265,1,46.87684999999999,2.424316797261765,1.000472808921275
2004,2.4269,2.427,1,46.87684999999999,2.4256083986308825,1.0004829550354657
2005,2.4269,2.427,1,46.87684999999999,2.426254199315441,1.0004829550354657
2006,2.4269,2.427,1,46.87684999999999,2.4265125195892647,1.0004829550354657
2007,2.4268,2.4269,1,46.87684999999999,2.426608346392843,1.0004809258126275
2008,2.4268,2.4269,1,46.87684999999999,2.4266631045663165,1.0004809258126275
2009,2.4272,2.4273,1,46.87684999999999,2.426551647007728,1.0004890427039799
2010,2.4265,2.4266,1,46.87684999999999,2.426488765227984,1.000474838144113
2011,2.4264,2.4265,1,46.87684999999999,2.4264530907400848,1.000472808921275
2012,2.4263,2.4264,1,46.87684999999999,2.42642656046372,1.000470779698437
2013,2.4271,2.4272,1,46.87684999999999,2.426428878897601,1.0004870134811419
2014,2.4279,2.428,1,46.87684999999999,2.4265673594307566,1.0005032472638464
2015,2.4276,2.4277,1,46.87684999999999,2.4267148795120774,1.0004971595953323
2016,2.428,2.4281,1,46.87684999999999,2.426858590639732,1.0005052764866844
2017,2.4288,2.4289,1,46.87684999999999,2.4270703331467818,1.0005215102693894
2018,2.4283,2.4284,1,46.87684999999999,2.427421666533416,1.0005113641551988
2019,2.4282,2.4283,1,46.87684999999999,2.4274840674610036,1.0005093349323606
2020,2.4285,2.4286,1,46.87684999999999,2.4275685376910685,1.000515422600875
2021,2.4287,2.4288,1,46.87684999999999,2.427660328010859,1.0005194810465512
2022,2.4283,2.4284,1,46.87684999999999,2.4277292658464233,1.0005113641551988
2023,2.4282,2.4283,1,46.87684999999999,2.4277858332804767,1.0005093349323606
2024,2.4276,2.4277,2,44.44914999999999,2.427803018007524,1.000495130372494
2025,2.4275,2.4276,3,42.02154999999999,2.427810729527909,1.0004890427039799
2026,2.4274,2.4275,3,42.02154999999999,2.427809674645407,1.0004829550354657
2027,2.4257,2.4258,3,42.02154999999999,2.4276161598699106,1.000379464670723
2028,2.4245,2.4246,3,42.02154999999999,2.4260580799349554,1.0003064126485517
2029,2.4243,2.4244,3,42.02154999999999,2.4251790399674777,1.0002942373115231
2030,2.4241,2.4242,3,42.02154999999999,2.4246395199837387,1.0002820619744945
2031,2.4243,2.4244,3,42.02154999999999,2.4245037119902433,1.0002942373115231
2032,2.4243,2.4244,3,42.02154999999999,2.424435807993496,1.0002942373115231
2033,2.4243,2.4244,3,42.02154999999999,2.42439700570964,1.0002942373115231
2034,2.4234,2.4235,3,42.02154999999999,2.4245221054744137,1.0002394482948946
2035,2.4237,2.4238,3,42.02154999999999,2.4243394153689883,1.0002577113004376
2036,2.4236,2.4237,3,42.02154999999999,2.4241915322951906,1.0002516236319232
2037,2.4231,2.4232,3,42.02154999999999,2.4241995981992495,1.0002211852893519
2038,2.4217,2.4218,3,42.02154999999999,2.4239855607514134,1.000135957930152
2039,2.4221,2.4222,3,42.02154999999999,2.423042780375707,1.000160308604209
2040,2.4232,2.4233,3,42.02154999999999,2.423096519410098,1.000227272957866
2041,2.4232,2.4233,3,42.02154999999999,2.423237831639049,1.000227272957866
2042,2.424,2.4241,3,42.02154999999999,2.42336492922007,1.0002759743059801
2043,2.4241,2.4242,3,42.02154999999999,2.423459984485126,1.0002820619744945
2044,2.4246,2.4247,3,42.02154999999999,2.423621951626399,1.0003125003170659
2045,2.4256,2.4257,3,42.02154999999999,2.4238680334908835,1.0003733770022087
2046,2.4251,2.4252,3,42.02154999999999,2.4242786889939225,1.0003429386596372
2047,2.4246,2.4247,3,42.02154999999999,2.4242988117224233,1.0003125003170659
2048,2.4244,2.4245,3,42.02154999999999,2.424310723321449,1.0003003249800373
2049,2.424,2.4241,3,42.02154999999999,2.424303718627705,1.0002759743059801
2050,2.4243,2.4244,3,42.02154999999999,2.4243021731637513,1.0002942373115231
2051,2.4245,2.4246,3,42.02154999999999,2.424306734111927,1.0003064126485517
2052,2.4247,2.4248,3,42.02154999999999,2.4243220719711824,1.0003185879855803
2053,2.4247,2.4248,3,42.02154999999999,2.4243422965827084,1.0003185879855803
2054,2.4254,2.4255,3,42.02154999999999,2.4244367367374093,1.0003612016651802
2055,2.4256,2.4257,3,42.02154999999999,2.424541319836365,1.0003733770022087
2056,2.4256,2.4257,3,42.02154999999999,2.424642921655769,1.0003733770022087
2057,2.425,2.4251,3,42.02154999999999,2.4246798992580403,1.000336850991123
2058,2.4246,2.4247,3,42.02154999999999,2.4247034971331636,1.0003125003170659
2059,2.423,2.4231,3,42.02154999999999,2.4246258631669164,1.0002150976208375
2060,2.4233,2.4234,3,42.02154999999999,2.423962931583458,1.0002333606263802
2061,2.4242,2.4243,3,42.02154999999999,2.4240750303263114,1.0002881496430087
2062,2.4237,2.4238,3,42.02154999999999,2.4241079580332916,1.0002577113004376
2063,2.4229,2.423,3,42.02154999999999,2.424057199164821,1.000209009952323
2064,2.4233,2.4234,3,42.02154999999999,2.424002016029318,1.0002333606263802
2065,2.4229,2.423,3,42.02154999999999,2.423918062013018,1.000209009952323
2066,2.4224,2.4225,3,42.02154999999999,2.423757368604953,1.000178571609752
2067,2.4218,2.4219,3,42.02154999999999,2.4227786843024766,1.0001420455986663
2068,2.422,2.4221,3,42.02154999999999,2.4225562030731975,1.0001542209356948
2069,2.4224,2.4225,3,42.02154999999999,2.422618132188086,1.000178571609752
2070,2.423,2.4231,3,42.02154999999999,2.4226560972614126,1.0002150976208375
2071,2.4233,2.4234,3,42.02154999999999,2.4227712636834786,1.0002333606263802
2072,2.424,2.4241,3,42.02154999999999,2.4229536372894303,1.0002759743059801
2073,2.424,2.4241,3,42.02154999999999,2.423372182373658,1.0002759743059801
2074,2.424,2.4241,3,42.02154999999999,2.4233886639585434,1.0002759743059801
2075,2.4233,2.4234,3,42.02154999999999,2.4233910748799743,1.0002333606263802
2076,2.4232,2.4233,3,42.02154999999999,2.4233855075029767,1.000227272957866
2077,2.4222,2.4223,3,42.02154999999999,2.4232686238403462,1.0001663962727232
2078,2.4219,2.422,3,42.02154999999999,2.422584311920173,1.0001481332671804
2079,2.4218,2.4219,3,42.02154999999999,2.4221921559600865,1.0001420455986663
2080,2.4225,2.4226,3,42.02154999999999,2.4223314838567656,1.0001846592782662
2081,2.4228,2.4229,3,42.02154999999999,2.4223667384884693,1.000202922283809
2082,2.4227,2.4228,3,42.02154999999999,2.4223971582738715,1.0001968346152945
2083,2.422,2.4221,3,42.02154999999999,2.42243249398548,1.0001542209356948
2084,2.4218,2.4219,3,42.02154999999999,2.4224326373722875,1.0001420455986663
2085,2.4213,2.4214,3,42.02154999999999,2.422329875642281,1.000111607256095
2086,2.4214,2.4215,3,42.02154999999999,2.422245493616383,1.0001176949246091
2087,2.4214,2.4215,3,42.02154999999999,2.4221621205332937,1.0001176949246091
2088,2.4208,2.4209,3,42.02154999999999,2.4220426364959926,1.0000811689135234
2089,2.4209,2.421,3,42.02154999999999,2.4219295986816456,1.0000872565820378
2090,2.421,2.4211,3,42.02154999999999,2.421830382149309,1.000093344250552
2091,2.4216,2.4217,3,42.02154999999999,2.421789631182636,1.0001298702616377
2092,2.4224,2.4225,3,42.02154999999999,2.4217284233069236,1.000178571609752
2093,2.4219,2.422,3,42.02154999999999,2.421726435579696,1.0001481332671804
2094,2.4214,2.4215,3,42.02154999999999,2.4217159819135627,1.0001176949246091
2095,2.4212,2.4213,3,42.02154999999999,2.421695248643455,1.0001055195875805
2096,2.4212,2.4213,3,42.02154999999999,2.4216696717480275,1.0001055195875805
2097,2.4212,2.4213,3,42.02154999999999,2.4216419945675893,1.0001055195875805
2098,2.4213,2.4214,3,42.02154999999999,2.4216160303803935,1.000111607256095
2099,2.4214,2.4215,3,42.02154999999999,2.421595124701958,1.0001176949246091
2100,2.4218,2.4219,3,42.02154999999999,2.421586473547018,1.0001420455986663
2101,2.4221,2.4222,3,42.02154999999999,2.421587328471497,1.000160308604209
2102,2.4217,2.4218,3,42.02154999999999,2.421589519510022,1.000135957930152
2103,2.421,2.4211,3,42.02154999999999,2.4215753900072046,1.000093344250552
2104,2.421,2.4211,3,42.02154999999999,2.421550402487747,1.000093344250552
2105,2.4199,2.42,3,42.02154999999999,2.421344143979173,1.0000263798968951
2106,2.4205,2.4206,3,42.02154999999999,2.4212367314174905,1.0000629059079806
2107,2.4197,2.4198,3,42.02154999999999,2.4210850075100585,1.0000142045598666
2108,2.4193,2.4194,3,42.02154999999999,2.420371004506035,0.9999898538858093
2109,2.4184,2.4185,3,42.02154999999999,2.4193855022530175,0.9999350648691809
2110,2.4175,2.4176,3,42.02154999999999,2.4184427511265087,0.9998802758525523
2111,2.4175,2.4176,3,42.02154999999999,2.4179713755632544,0.9998802758525523
2112,2.4178,2.4179,3,42.02154999999999,2.417902825337953,0.9998985388580952
2113,2.4185,2.4186,3,42.02154999999999,2.4181531657591187,0.9999411525376951
2114,2.4183,2.4184,3,42.02154999999999,2.4183134580285106,0.9999289772006666
2115,2.4178,2.4179,3,42.02154999999999,2.4183884801925233,0.9998985388580952
2116,2.4178,2.4179,3,42.02154999999999,2.418405624395418,0.9998985388580952
2117,2.4182,2.4183,3,42.02154999999999,2.4184077532152584,0.9999228895321522
2118,2.419,2.4191,3,42.02154999999999,2.4184366330055544,0.9999715908802665
2119,2.419,2.4191,3,42.02154999999999,2.418475147921249,0.9999715908802665
2120,2.4189,2.419,3,42.02154999999999,2.418512655630374,0.9999655032117523
2121,2.4183,2.4184,3,42.02154999999999,2.4185238673427105,0.9999289772006666
2122,2.4181,2.4182,3,42.02154999999999,2.4185216872346,0.9999168018636381
2123,2.4182,2.4183,3,42.02154999999999,2.4185133372743843,0.9999228895321522
2124,2.4182,2.4183,3,42.02154999999999,2.4185013140737444,0.9999228895321522
2125,2.4183,2.4184,3,42.02154999999999,2.418489177245098,0.9999289772006666
2126,2.4195,2.4196,3,42.02154999999999,2.418528929176674,1.0000020292228378
2127,2.4205,2.4206,3,42.02154999999999,2.4187325106640802,1.0000629059079806
2128,2.4203,2.4204,3,42.02154999999999,2.41951625533204,1.000050730570952
2129,2.4195,2.4196,3,42.02154999999999,2.4194475705574403,1.0000020292228378
2130,2.4191,2.4192,3,42.02154999999999,2.419331678283391,0.9999776785487808
2131,2.4187,2.4188,3,42.02154999999999,2.419226842509153,0.9999533278747238
2132,2.4181,2.4182,3,42.02154999999999,2.41908151491886,0.9999168018636381
2133,2.418,2.4181,3,42.02154999999999,2.418955297531574,0.9999107141951238
2134,2.4181,2.4182,3,42.02154999999999,2.4188518269318315,0.9999168018636381
2135,2.418,2.4181,3,42.02154999999999,2.4187592003173113,0.9999107141951238
2136,2.4184,2.4185,3,42.02154999999999,2.4187025841665775,0.9999350648691809
2137,2.4189,2.419,3,42.02154999999999,2.4186773373105543,0.9999655032117523
2138,2.4192,2.4193,3,42.02154999999999,2.418678415876262,0.999983766217295
2139,2.4189,2.419,3,42.02154999999999,2.4186866748566698,0.9999655032117523
2140,2.4189,2.419,3,42.02154999999999,2.418697839953243,0.9999655032117523
2141,2.418,2.4181,3,42.02154999999999,2.418686049636794,0.9999107141951238
2142,2.4176,2.4177,3,42.02154999999999,2.4185858416390547,0.9998863635210667
2143,2.4166,2.4167,3,42.02154999999999,2.418343819309619,0.999825486835924
2144,2.4168,2.4169,3,42.02154999999999,2.4177262915857716,0.9998376621729524
2145,2.4168,2.4169,3,42.02154999999999,2.4174175277238477,0.9998376621729524
2146,2.4161,2.4162,3,42.02154999999999,2.417404809646646,0.9997950484933527
2147,2.4161,2.4162,3,42.02154999999999,2.4169698730977642,0.9997950484933527
2148,2.416,2.4161,3,42.02154999999999,2.4166927664984033,0.9997889608248383
2149,2.4163,2.4164,3,42.02154999999999,2.4167223059934546,0.9998072238303811
2150,2.4163,2.4164,3,42.02154999999999,2.416723867486313,0.9998072238303811
2151,2.416,2.4161,3,42.02154999999999,2.416698567100318,0.9997889608248383
2152,2.4152,2.4153,3,42.02154999999999,2.4166097500981256,0.9997402594767241
2153,2.4151,2.4152,3,42.02154999999999,2.41627425007632,0.9997341718082099
2154,2.4152,2.4153,3,42.02154999999999,2.416059400061056,0.9997402594767241
2155,2.416,2.4161,3,42.02154999999999,2.4160451254615576,0.9997889608248383
2156,2.4153,2.4154,3,42.02154999999999,2.416010866684345,0.9997463471452384
2157,2.4151,2.4152,3,42.02154999999999,2.415963826427796,0.9997341718082099
2158,2.4143,2.4144,3,42.02154999999999,2.415706728902579,0.9996854704600956
2159,2.4134,2.4135,3,42.02154999999999,2.4145533644512893,0.9996306814434672
2160,2.4137,2.4138,3,42.02154999999999,2.4141266822256444,0.9996489444490101
2161,2.4132,2.4133,3,42.02154999999999,2.4137560093353865,0.9996185061064385
2162,2.4133,2.4134,3,42.02154999999999,2.413604006223591,0.9996245937749529
2163,2.4129,2.413,3,42.02154999999999,2.4133693374823944,0.9996002431008959
2164,2.4131,2.4132,3,42.02154999999999,2.413302003111796,0.9996124184379244
2165,2.4135,2.4136,3,42.02154999999999,2.4134147819520932,0.9996367691119814
2166,2.4132,2.4133,3,42.02154999999999,2.413471563216915,0.9996185061064385
2167,2.4136,2.4137,3,42.02154999999999,2.4135095962598854,0.9996428567804957
2168,2.4139,2.414,3,42.02154999999999,2.4135420598363964,0.9996611197860386
2169,2.4146,2.4147,3,42.02154999999999,2.413711279262056,0.9997037334656385
2170,2.4149,2.415,3,42.02154999999999,2.413853112582304,0.9997219964711813
2171,2.4146,2.4147,3,42.02154999999999,2.4139564012083263,0.9997037334656385
2172,2.4144,2.4145,3,42.02154999999999,2.414006335623813,0.99969155812861
2173,2.4144,2.4145,3,42.02154999999999,2.414049062362819,0.99969155812861
2174,2.4147,2.4148,3,42.02154999999999,2.414110321114417,0.9997098211341529
2175,2.4147,2.4148,3,42.02154999999999,2.414166848540717,0.9997098211341529
2176,2.4142,2.4143,3,42.02154999999999,2.414184214575968,0.9996793827915814
2177,2.4145,2.4146,3,42.02154999999999,2.4142127147580545,0.9996976457971242
2178,2.4139,2.414,3,42.02154999999999,2.414219936736842,0.9996611197860386
2179,2.414,2.4141,3,42.02154999999999,2.414221701126091,0.999667207454553
2180,2.4141,2.4142,3,42.02154999999999,2.414221276035427,0.9996732951230671
2181,2.4141,2.4142,3,42.02154999999999,2.4142193335313022,0.9996732951230671
2182,2.4141,2.4142,3,42.02154999999999,2.414216364708077,0.9996732951230671
2183,2.4143,2.4144,3,42.02154999999999,2.4142148055588697,0.9996854704600956
2184,2.4141,2.4142,3,42.02154999999999,2.414212606053567,0.9996732951230671
2185,2.4129,2.413,3,42.02154999999999,2.4141539727247725,0.9996002431008959
2186,2.4129,2.413,3,42.02154999999999,2.4135269863623865,0.9996002431008959
2187,2.4128,2.4129,3,42.02154999999999,2.4135497430306327,0.9995941554323815
2188,2.4128,2.4129,3,42.02154999999999,2.41351361360518,0.9995941554323815
2189,2.4127,2.4128,3,42.02154999999999,2.413444596730377,0.9995880677638673
2190,2.413,2.4131,3,42.02154999999999,2.413416914948465,0.9996063307694101
2191,2.413,2.4131,3,42.02154999999999,2.4133886889348872,0.9996063307694101
2192,2.4129,2.413,3,42.02154999999999,2.413340896213722,0.9996002431008959
2193,2.4129,2.413,3,42.02154999999999,2.4132978824882776,0.9996002431008959
2194,2.4126,2.4127,3,42.02154999999999,2.413246017680723,0.999581980095353
2195,2.4133,2.4134,3,42.02154999999999,2.413228766078408,0.9996245937749529
2196,2.4134,2.4135,3,42.02154999999999,2.4132211395184435,0.9996306814434672
2197,2.4135,2.4136,3,42.02154999999999,2.4132191897325157,0.9996367691119814
2198,2.4135,2.4136,3,42.02154999999999,2.4132212806139037,0.9996367691119814
2199,2.4135,2.4136,3,42.02154999999999,2.4132261986797268,0.9996367691119814
2200,2.4131,2.4132,3,42.02154999999999,2.4132289810958953,0.9996124184379244
2201,2.413,2.4131,3,42.02154999999999,2.413227653801415,0.9996063307694101
2202,2.4123,2.4124,3,42.02154999999999,2.4132085850685767,0.9995637170898102
2203,2.4123,2.4124,3,42.02154999999999,2.4131788039031288,0.9995637170898102
2204,2.4123,2.4124,3,42.02154999999999,2.413142701026873,0.9995637170898102
2205,2.4128,2.4129,3,42.02154999999999,2.413112881280046,0.9995941554323815
2206,2.4133,2.4134,3,42.02154999999999,2.413098996458255,0.9996245937749529
2207,2.4133,2.4134,3,42.02154999999999,2.4130908838199177,0.9996245937749529
2208,2.4139,2.414,3,42.02154999999999,2.4131085754312642,0.9996611197860386
2209,2.4141,2.4142,3,42.02154999999999,2.4131758992461325,0.9996732951230671
2210,2.4139,2.414,3,42.02154999999999,2.413244990938999,0.9996611197860386
2211,2.4124,2.4125,3,42.02154999999999,2.413238835539522,0.9995698047583245
2212,2.412,2.4121,3,42.02154999999999,2.41312369600887,0.9995454540842673
2213,2.412,2.4121,3,42.02154999999999,2.412561848004435,0.9995454540842673
2214,2.4119,2.412,3,42.02154999999999,2.41259989582658,0.9995393664157531
2215,2.4118,2.4119,3,42.02154999999999,2.4125669823097864,0.9995332787472387
2216,2.4118,2.4119,3,42.02154999999999,2.4125117509351925,0.9995332787472387
2217,2.4118,2.4119,3,42.02154999999999,2.412451155303403,0.9995332787472387
2218,2.4124,2.4125,3,42.02154999999999,2.4124160362596627,0.9995698047583245
2219,2.4126,2.4127,3,42.02154999999999,2.412403832583677,0.999581980095353
2220,2.4131,2.4132,3,42.02154999999999,2.4124075436826655,0.9996124184379244
2221,2.4131,2.4132,3,42.02154999999999,2.412415973219407,0.9996124184379244
2222,2.4133,2.4134,3,42.02154999999999,2.4125189783382144,0.9996245937749529
2223,2.4133,2.4134,3,42.02154999999999,2.4126077091294382,0.9996245937749529
2224,2.4133,2.4134,3,42.02154999999999,2.4126845505963392,0.9996245937749529
2225,2.4133,2.4134,3,42.02154999999999,2.412751330766312,0.9996245937749529
2226,2.414,2.4141,3,42.02154999999999,2.4128558969895284,0.999667207454553
2227,2.4143,2.4144,3,42.02154999999999,2.4129712807076653,0.9996854704600956
2228,2.415,2.4151,3,42.02154999999999,2.413320918239756,0.9997280841396955
2229,2.4142,2.4143,3,42.02154999999999,2.4134019909886697,0.9996793827915814
2230,2.4146,2.4147,3,42.02154999999999,2.4135052539769184,0.9997037334656385
2231,2.4146,2.4147,3,42.02154999999999,2.413602889673168,0.9997037334656385
2232,2.4144,2.4145,3,42.02154999999999,2.413674947677737,0.99969155812861
2233,2.4144,2.4145,3,42.02154999999999,2.4137396899430854,0.99969155812861
2234,2.4142,2.4143,3,42.02154999999999,2.4137931904275933,0.9996793827915814
2235,2.4136,2.4137,4,39.60784999999999,2.413861012010975,0.9996408275576577
2236,2.4127,2.4128,4,39.60784999999999,2.4138387010441282,0.9995677755354864
2237,2.4126,2.4127,4,39.60784999999999,2.413219350522064,0.999559658644134
2238,2.4122,2.4123,4,39.60784999999999,2.412709675261032,0.9995271910787246
2239,2.412,2.4121,4,39.60784999999999,2.412425805156619,0.9995109572960199
2240,2.412,2.4121,4,39.60784999999999,2.412283870104413,0.9995109572960199
2241,2.4118,2.4119,4,39.60784999999999,2.412145621503152,0.999494723513315
2242,2.4112,2.4113,4,39.60784999999999,2.412239072943871,0.9994460221652008
2243,2.411,2.4111,4,39.60784999999999,2.411885052102765,0.9994297883824962
2244,2.4107,2.4108,4,39.60784999999999,2.4115464657876893,0.9994054377084391
2245,2.4095,2.4096,4,39.60784999999999,2.4105232328938446,0.9993080350122107
2246,2.409,2.4091,4,39.60784999999999,2.4097616164469224,0.999267450555449
2247,2.4088,2.4089,4,39.60784999999999,2.4092808082234614,0.9992512167727441
2248,2.4086,2.4087,4,39.60784999999999,2.409008484934077,0.9992349829900394
2249,2.4077,2.4078,4,39.60784999999999,2.408485090960446,0.9991619309678681
2250,2.408,2.4081,4,39.60784999999999,2.408323393973631,0.9991862816419251
2251,2.4081,2.4082,4,39.60784999999999,2.408259567124022,0.9991943985332775
2252,2.408,2.4081,4,39.60784999999999,2.4081946753430166,0.9991862816419251
2253,2.4067,2.4068,4,39.60784999999999,2.4083215108583036,0.9990807620543444
2254,2.4062,2.4063,4,39.60784999999999,2.407260755429152,0.9990401775975827
2255,2.4061,2.4062,4,39.60784999999999,2.4066803777145758,0.9990320607062303
2256,2.4056,2.4057,4,39.60784999999999,2.4062482266287457,0.9989914762494684
2257,2.4051,2.4052,4,39.60784999999999,2.405788935977247,0.9989508917927066
2258,2.4053,2.4054,4,39.60784999999999,2.405625957318165,0.9989671255754113
2259,2.4043,2.4044,4,39.60784999999999,2.405095574390899,0.9988859566618877
2260,2.4045,2.4046,4,39.60784999999999,2.404897049593933,0.9989021904445925
2261,2.4055,2.4056,4,39.60784999999999,2.405085810192975,0.9989833593581161
2262,2.4048,2.4049,4,39.60784999999999,2.405211542742057,0.9989265411186495
2263,2.4032,2.4033,4,39.60784999999999,2.405209648493935,0.9987966708570116
2264,2.4029,2.403,4,39.60784999999999,2.4040548242469675,0.9987723201829546
2265,2.4038,2.4039,4,39.60784999999999,2.4039528945481803,0.9988453722051259
2266,2.4044,2.4045,4,39.60784999999999,2.4040556705680514,0.9988940735532401
2267,2.4046,2.4047,4,39.60784999999999,2.404315378738873,0.9989103073359448
2268,2.4048,2.4049,4,39.60784999999999,2.40443561932286,0.9989265411186495
2269,2.406,2.4061,4,39.60784999999999,2.404651619742774,0.9990239438148779
2270,2.4053,2.4054,4,39.60784999999999,2.40474982472137,0.9989671255754113
2271,2.4053,2.4054,4,39.60784999999999,2.4048243192712917,0.9989671255754113
2272,2.4047,2.4048,4,39.60784999999999,2.404853157429487,0.9989184242272972
2273,2.4046,2.4047,4,39.60784999999999,2.404867778779457,0.9989103073359448
2274,2.4057,2.4058,4,39.60784999999999,2.4049016302461057,0.9989995931408208
2275,2.4058,2.4059,4,39.60784999999999,2.404956455560781,0.9990077100321733
2276,2.4055,2.4056,4,39.60784999999999,2.4050028313214895,0.9989833593581161
2277,2.4051,2.4052,4,39.60784999999999,2.405032457900566,0.9989508917927066
2278,2.4051,2.4052,4,39.60784999999999,2.4050534872274634,0.9989508917927066
2279,2.4051,2.4052,4,39.60784999999999,2.4050685240589242,0.9989508917927066
2280,2.4048,2.4049,4,39.60784999999999,2.4050729119975784,0.9989265411186495
2281,2.4048,2.4049,4,39.60784999999999,2.405070390400245,0.9989265411186495
2282,2.405,2.4051,4,39.60784999999999,2.4050673058470533,0.9989427749013542
2283,2.405,2.4051,4,39.60784999999999,2.405063936937842,0.9989427749013542
2284,2.4051,2.4052,4,39.60784999999999,2.405062198794796,0.9989508917927066
2285,2.4056,2.4057,4,39.60784999999999,2.4050702246924582,0.9989914762494684
2286,2.4057,2.4058,4,39.60784999999999,2.4050863053938234,0.9989995931408208
2287,2.4051,2.4052,4,39.60784999999999,2.4050974770024234,0.9989508917927066
2288,2.4044,2.4045,4,39.60784999999999,2.4050937242134176,0.9988940735532401
2289,2.4042,2.4043,4,39.60784999999999,2.405003265166457,0.9988778397705352
2290,2.4035,2.4036,4,39.60784999999999,2.4048295987230226,0.9988210215310687
2291,2.4034,2.4035,4,39.60784999999999,2.4042577592338135,0.9988129046397164
2292,2.4035,2.4036,4,39.60784999999999,2.4040051728225427,0.9988210215310687
2293,2.4026,2.4027,4,39.60784999999999,2.4039860261974533,0.9987479695088974
2294,2.4023,2.4024,4,39.60784999999999,2.4034240174649693,0.9987236188348404
2295,2.4021,2.4022,4,39.60784999999999,2.4027620087324846,0.9987073850521355
2296,2.4021,2.4022,4,39.60784999999999,2.4024972052394906,0.9987073850521355
2297,2.4018,2.4019,4,39.60784999999999,2.4022648034929937,0.9986830343780785
2298,2.402,2.4021,4,39.60784999999999,2.4021891453521382,0.9986992681607832
2299,2.402,2.4021,4,39.60784999999999,2.4022920900527223,0.9986992681607832
2300,2.4012,2.4013,4,39.60784999999999,2.4023056202075024,0.9986343330299643
2301,2.401,2.4011,4,39.60784999999999,2.402015482383613,0.9986180992472596
2302,2.4008,2.4009,4,39.60784999999999,2.4017453751872546,0.9986018654645549
2303,2.4006,2.4007,4,39.60784999999999,2.4012872251123527,0.9985856316818501
2304,2.4011,2.4012,4,39.60784999999999,2.4013289552463144,0.998626216138612
2305,2.4011,2.4012,4,39.60784999999999,2.401348814624435,0.998626216138612
2306,2.4015,2.4016,4,39.60784999999999,2.4013643953513215,0.9986586837040214
2307,2.4015,2.4016,4,39.60784999999999,2.4013778349174597,0.9986586837040214
2308,2.4013,2.4014,4,39.60784999999999,2.4013852255359818,0.9986424499213168
2309,2.4013,2.4014,4,39.60784999999999,2.401388542866065,0.9986424499213168
2310,2.4008,2.4009,4,39.60784999999999,2.401378508235411,0.9986018654645549
2311,2.4008,2.4009,4,39.60784999999999,2.4013599794067244,0.9986018654645549
2312,2.4015,2.4016,4,39.60784999999999,2.4013508535670804,0.9986586837040214
2313,2.4016,2.4017,4,39.60784999999999,2.401348523266058,0.9986668005953738
2314,2.4018,2.4019,4,39.60784999999999,2.4013540033164604,0.9986830343780785
2315,2.4012,2.4013,4,39.60784999999999,2.4013556622740104,0.9986343330299643
2316,2.4012,2.4013,4,39.60784999999999,2.4013544914174982,0.9986343330299643
2317,2.4013,2.4014,4,39.60784999999999,2.4013529187068015,0.9986424499213168
2318,2.4014,2.4015,4,39.60784999999999,2.4013524090086946,0.9986505668126692
2319,2.4014,2.4015,4,39.60784999999999,2.401352654729121,0.9986505668126692
2320,2.4012,2.4013,4,39.60784999999999,2.4013508588838715,0.9986343330299643
2321,2.4012,2.4013,4,39.60784999999999,2.4013476499079345,0.9986343330299643
2322,2.4,2.4001,4,39.60784999999999,2.401207413981016,0.998536930333736
2323,2.4001,2.4002,4,39.60784999999999,2.4009859311848127,0.9985450472250884
2324,2.4005,2.4006,4,39.60784999999999,2.4009731808663255,0.9985775147904977
2325,2.4027,2.4028,4,39.60784999999999,2.4010675719513586,0.9987560864002498
2326,2.4023,2.4024,4,39.60784999999999,2.4016837859756794,0.9987236188348404
2327,2.4022,2.4023,4,39.60784999999999,2.4016018888801858,0.998715501943488
2328,2.4032,2.4033,4,39.60784999999999,2.401691312457647,0.9987966708570116
2329,2.4046,2.4047,4,39.60784999999999,2.4031456562288236,0.9989103073359448
2330,2.4038,2.4039,4,39.60784999999999,2.4034728281144115,0.9988453722051259
2331,2.4035,2.4036,4,39.60784999999999,2.4034796210858085,0.9988210215310687
2332,2.4034,2.4035,4,39.60784999999999,2.403345808593566,0.9988129046397164
2333,2.4029,2.403,4,39.60784999999999,2.4031601100229203,0.9987723201829546
2334,2.4026,2.4027,4,39.60784999999999,2.403050196363843,0.9987479695088974
2335,2.4029,2.403,4,39.60784999999999,2.4029910057510873,0.9987723201829546
2336,2.4036,2.4037,4,39.60784999999999,2.4029889366549204,0.998829138422421
2337,2.4041,2.4042,4,39.60784999999999,2.4030865566198365,0.998869722879183
2338,2.4058,2.4059,4,39.60784999999999,2.4033731687309534,0.9990077100321733
2339,2.4058,2.4059,4,39.60784999999999,2.404586584365477,0.9990077100321733
2340,2.4074,2.4075,4,39.60784999999999,2.4059932921827385,0.9991375802938111
2341,2.4072,2.4073,4,39.60784999999999,2.4065966460913693,0.9991213465111063
2342,2.4075,2.4076,4,39.60784999999999,2.407048323045685,0.9991456971851634
2343,2.407,2.4071,4,39.60784999999999,2.4070345164612035,0.9991051127284015
2344,2.4069,2.407,4,39.60784999999999,2.4070008873459026,0.9990969958370493
2345,2.4069,2.407,4,39.60784999999999,2.4069784679357022,0.9990969958370493
2346,2.4069,2.407,4,39.60784999999999,2.406844042019044,0.9990969958370493
2347,2.4059,2.406,4,39.60784999999999,2.4066401808966864,0.9990158269235256
2348,2.4053,2.4054,4,39.60784999999999,2.4063515508059674,0.9989671255754113
2349,2.4059,2.406,4,39.60784999999999,2.406271987796231,0.9990158269235256
2350,2.4065,2.4066,4,39.60784999999999,2.406250011473434,0.9990645282716397
2351,2.4066,2.4067,4,39.60784999999999,2.406244111541581,0.999072645162992
2352,2.4068,2.4069,4,39.60784999999999,2.406271989028978,0.9990888789456969
2353,2.4073,2.4074,4,39.60784999999999,2.4063604387752293,0.9991294634024588
2354,2.4075,2.4076,4,39.60784999999999,2.406465687078985,0.9991456971851634
2355,2.4085,2.4086,4,39.60784999999999,2.406736736865786,0.999226866098687
2356,2.4085,2.4086,4,39.60784999999999,2.407442042119472,0.999226866098687
2357,2.4086,2.4087,4,39.60784999999999,2.4078280280796482,0.9992349829900394
2358,2.4088,2.4089,4,39.60784999999999,2.4081520187197656,0.9992512167727441
2359,2.4097,2.4098,4,39.60784999999999,2.408668012479844,0.9993242687949153
2360,2.4095,2.4096,4,39.60784999999999,2.4089057231998883,0.9993080350122107
2361,2.4097,2.4098,4,39.60784999999999,2.409104292399916,0.9993242687949153
2362,2.4092,2.4093,4,39.60784999999999,2.409017084296433,0.9992836843381536
2363,2.4083,2.4084,4,39.60784999999999,2.408865039792702,0.9992106323159824
2364,2.4075,2.4076,4,39.60784999999999,2.4086476452297125,0.9991456971851634
2365,2.4064,2.4065,4,39.60784999999999,2.4083543797057887,0.9990564113802873
2366,2.4056,2.4057,4,39.60784999999999,2.4069771898528947,0.9989914762494684
2367,2.4054,2.4055,4,39.60784999999999,2.4061885949264474,0.9989752424667637
2368,2.4055,2.4056,4,39.60784999999999,2.4059131569558683,0.9989833593581161
2369,2.4065,2.4066,4,39.60784999999999,2.406174342065323,0.9990645282716397
2370,2.4074,2.4075,4,39.60784999999999,2.4065528866485995,0.9991375802938111
2371,2.4074,2.4075,4,39.60784999999999,2.4067847561009765,0.9991375802938111
2372,2.4073,2.4074,4,39.60784999999999,2.406898112932592,0.9991294634024588
2373,2.4074,2.4075,4,39.60784999999999,2.4069749035799144,0.9991375802938111
2374,2.4074,2.4075,4,39.60784999999999,2.4070328886316537,0.9991375802938111
2375,2.407,2.4071,4,39.60784999999999,2.4070610451407632,0.9991051127284015
2376,2.4076,2.4077,4,39.60784999999999,2.40709817919055,0.9991538140765158
2377,2.4084,2.4085,4,39.60784999999999,2.407174408770089,0.9992187492073347
2378,2.4086,2.4087,4,39.60784999999999,2.4078872043850446,0.9992349829900394
2379,2.4086,2.4087,4,39.60784999999999,2.4081723226310268,0.9992349829900394
2380,2.4078,2.4079,4,39.60784999999999,2.4081180987789423,0.9991700478592205
2381,2.4076,2.4077,4,39.60784999999999,2.4080697834771754,0.9991538140765158
2382,2.4076,2.4077,4,39.60784999999999,2.408026770225663,0.9991538140765158
2383,2.4093,2.4094,4,39.60784999999999,2.408028142240899,0.999291801229506
2384,2.4089,2.409,4,39.60784999999999,2.408202513792719,0.9992593336640966
2385,2.4084,2.4085,4,39.60784999999999,2.4082068511117694,0.9992187492073347
2386,2.4086,2.4087,4,39.60784999999999,2.408221426251133,0.9992349829900394
2387,2.4085,2.4086,4,39.60784999999999,2.4082383916884624,0.999226866098687
2388,2.4086,2.4087,4,39.60784999999999,2.4082586904647076,0.9992349829900394
2389,2.4081,2.4082,5,37.19964999999999,2.4082654329148188,0.9991923693104395
2390,2.4076,2.4077,5,37.19964999999999,2.4082482877706113,0.9991416387394871
2391,2.4077,2.4078,5,37.19964999999999,2.408216782832534,0.9991517848536776
2392,2.4076,2.4077,5,37.19964999999999,2.408176310628634,0.9991416387394871
2393,2.4072,2.4073,5,37.19964999999999,2.408072988792341,0.9991010542827254
2394,2.4069,2.407,5,37.19964999999999,2.4079637479965497,0.999070615940154
2395,2.4067,2.4068,5,37.19964999999999,2.4078342567264612,0.9990503237117732
2396,2.4064,2.4065,5,37.19964999999999,2.4077028461121452,0.9990198853692016
2397,2.4063,2.4064,5,37.19964999999999,2.4073020329372468,0.9990097392550112
2398,2.4063,2.4064,5,37.19964999999999,2.407220321719061,0.9990097392550112
2399,2.4064,2.4065,5,37.19964999999999,2.4071567374822154,0.9990198853692016
2400,2.4065,2.4066,5,37.19964999999999,2.4070978187465086,0.9990300314833921
2401,2.4056,2.4057,5,37.19964999999999,2.4069837383303505,0.998938716455678
2402,2.4056,2.4057,5,37.19964999999999,2.4067069906642806,0.998938716455678
2403,2.4053,2.4054,5,37.19964999999999,2.4065953196567498,0.9989082781131067
2404,2.4065,2.4066,5,37.19964999999999,2.4065531801561737,0.9990300314833921
2405,2.4055,2.4056,5,37.19964999999999,2.4064810415372544,0.9989285703414876
2406,2.4052,2.4053,5,37.19964999999999,2.4063930366747415,0.9988981319989162
2407,2.4046,2.4047,5,37.19964999999999,2.406050023394624,0.9988372553137734
2408,2.4039,2.404,5,37.19964999999999,2.404975011697312,0.9987662325144403
2409,2.4039,2.404,5,37.19964999999999,2.4045450070183874,0.9987662325144403
2410,2.4033,2.4034,5,37.19964999999999,2.4040470042110327,0.9987053558292975
2411,2.4032,2.4033,5,37.19964999999999,2.4037082025266194,0.9986952097151071
2412,2.4033,2.4034,5,37.19964999999999,2.4035915732332995,0.9987053558292975
2413,2.404,2.4041,5,37.19964999999999,2.403732568446436,0.9987763786286307
2414,2.4037,2.4038,5,37.19964999999999,2.4038209767761516,0.9987459402860595
2415,2.4037,2.4038,5,37.19964999999999,2.4038672114822197,0.9987459402860595
2416,2.404,2.4041,5,37.19964999999999,2.4038964543072803,0.9987763786286307
2417,2.4039,2.404,5,37.19964999999999,2.4039149580627095,0.9987662325144403
2418,2.4039,2.404,5,37.19964999999999,2.4039264648129475,0.9987662325144403
2419,2.4038,2.4039,5,37.19964999999999,2.403931249681609,0.9987560864002498
2420,2.404,2.4041,5,37.19964999999999,2.4039357483582515,0.9987763786286307
2421,2.4043,2.4044,5,37.19964999999999,2.4039459697715038,0.9988068169712022
2422,2.4043,2.4044,5,37.19964999999999,2.4039597879744807,0.9988068169712022
2423,2.4043,2.4044,5,37.19964999999999,2.4039755835797427,0.9988068169712022
2424,2.4058,2.4059,5,37.19964999999999,2.404199596164594,0.9989590086840588
2425,2.4062,2.4063,5,37.19964999999999,2.405199798082297,0.9989995931408208
2426,2.4065,2.4066,5,37.19964999999999,2.405849899041148,0.9990300314833921
2427,2.4064,2.4065,5,37.19964999999999,2.4060699394246887,0.9990198853692016
2428,2.4058,2.4059,5,37.19964999999999,2.4058457906618136,0.9989590086840588
2429,2.4058,2.4059,5,37.19964999999999,2.4057386151019338,0.9989590086840588
2430,2.4056,2.4057,5,37.19964999999999,2.40569417410522,0.998938716455678
2431,2.406,2.4061,5,37.19964999999999,2.405670169891536,0.9989793009124399
2432,2.4058,2.4059,5,37.19964999999999,2.4056611431185524,0.9989590086840588
2433,2.4058,2.4059,5,37.19964999999999,2.4056603621257504,0.9989590086840588
2434,2.4047,2.4048,5,37.19964999999999,2.405615990433478,0.9988474014279639
2435,2.4044,2.4045,5,37.19964999999999,2.4054509896808276,0.9988169630853926
2436,2.4046,2.4047,5,37.19964999999999,2.405354414343388,0.9988372553137734
2437,2.4051,2.4052,5,37.19964999999999,2.405320366089438,0.9988879858847258
2438,2.4051,2.4052,5,37.19964999999999,2.405292773032003,0.9988879858847258
2439,2.4056,2.4057,5,37.19964999999999,2.4052859421010298,0.998938716455678
2440,2.4063,2.4064,5,37.19964999999999,2.4053395715697246,0.9990097392550112
2441,2.4056,2.4057,5,37.19964999999999,2.4053498596249967,0.998938716455678
2442,2.4056,2.4057,5,37.19964999999999,2.40536113397855,0.998938716455678
2443,2.4065,2.4066,5,37.19964999999999,2.40546244181048,0.9990300314833921
2444,2.4069,2.407,5,37.19964999999999,2.4055844848586303,0.999070615940154
2445,2.4055,2.4056,6,34.79404999999999,2.405602505829722,0.9989265411186495
2446,2.4053,2.4054,7,32.38864999999999,2.4056112152662057,0.9989001612217543
2447,2.4054,2.4055,8,29.98314999999999,2.405638332245122,0.998912336558783
2448,2.4056,2.4057,7,32.388749999999995,2.4056393817016737,0.9989448041241924
2449,2.4051,2.4052,7,32.388749999999995,2.4056105558097856,0.9988737813248592
2450,2.4055,2.4056,7,32.388749999999995,2.405591335610472,0.9989305995643258
2451,2.4055,2.4056,7,32.388749999999995,2.4055773554808018,0.9989305995643258
2452,2.4055,2.4056,7,32.388749999999995,2.4055666044815553,0.9989305995643258
2453,2.4063,2.4064,7,32.388749999999995,2.405577999780147,0.9990442360432589
2454,2.4061,2.4062,7,32.388749999999995,2.405595841521184,0.9990158269235256
2455,2.4059,2.406,7,32.388749999999995,2.4056129255917207,0.9989874178037923
2456,2.4053,2.4054,8,29.983349999999994,2.4056246016315446,0.9989001612217543
2457,2.4051,2.4052,8,29.983349999999994,2.405618481640742,0.998867693656345
2458,2.4059,2.406,7,32.38925,2.4056202434378267,0.9989975639179828
2459,2.406,2.4061,7,32.38925,2.4056273186729458,0.9990117684778496
2460,2.406,2.4061,7,32.38925,2.4056378336615345,0.9990117684778496
2461,2.406,2.4061,7,32.38925,2.405650509423743,0.9990117684778496
2462,2.406,2.4061,7,32.38925,2.4056644351036827,0.9990117684778496
2463,2.4057,2.4058,7,32.38925,2.4056716979364356,0.9989691547982495
2464,2.4047,2.4048,7,32.38925,2.405660643907928,0.9988271091995832
2465,2.4047,2.4048,7,32.38925,2.4055005365899405,0.9988271091995832
2466,2.4049,2.405,7,32.38925,2.405478479961568,0.9988555183193164
2467,2.4058,2.4059,7,32.38925,2.4054754605794453,0.9989833593581162
2468,2.4059,2.406,7,32.38925,2.4054777486812364,0.9989975639179828
2469,2.4058,2.4059,7,32.38925,2.405482808365888,0.9989833593581162
2470,2.4058,2.4059,7,32.38925,2.405489807085277,0.9989833593581162
2471,2.4058,2.4059,7,32.38925,2.4054981176007364,0.9989833593581162
2472,2.4058,2.4059,7,32.38925,2.4055072691365424,0.9989833593581162
2473,2.4052,2.4053,7,32.38925,2.4055125298064053,0.9988981319989163
2474,2.4061,2.4062,7,32.38925,2.4055459440753135,0.9990259730377161
2475,2.4052,2.4053,7,32.38925,2.4055488476294618,0.9988981319989163
2476,2.4052,2.4053,7,32.38925,2.405547163246823,0.9988981319989163
2477,2.4057,2.4058,7,32.38925,2.405547420345471,0.9989691547982495
2478,2.4058,2.4059,7,32.38925,2.405549737257112,0.9989833593581162
2479,2.4053,2.4054,7,32.38925,2.40554942625603,0.998912336558783
2480,2.4054,2.4055,7,32.38925,2.4055477238694083,0.9989265411186496
2481,2.4052,2.4053,7,32.38925,2.4055431134692564,0.9988981319989163
2482,2.4052,2.4053,7,32.38925,2.4055364322955355,0.9988981319989163
2483,2.4052,2.4053,7,32.38925,2.405528317386374,0.9988981319989163
2484,2.4044,2.4045,7,32.38925,2.4054336606528826,0.9987844955199833
2485,2.4046,2.4047,7,32.38925,2.405376128867893,0.9988129046397165
2486,2.404,2.4041,7,32.38925,2.405237396710482,0.9987276772805166
2487,2.404,2.4041,7,32.38925,2.404928047532861,0.9987276772805166
2488,2.4038,2.4039,7,32.38925,2.404805298552688,0.9986992681607834
2489,2.4034,2.4035,7,32.38925,2.404674906896883,0.9986424499213168
2490,2.4034,2.4035,7,32.38925,2.404356180172662,0.9986424499213168
2491,2.4034,2.4035,7,32.38925,2.40428485849673,0.9986424499213168
2492,2.4034,2.4035,7,32.38925,2.4042118339551783,0.9986424499213168
2493,2.4037,2.4038,7,32.38925,2.4041514612046626,0.9986850636009167
2494,2.4034,2.4035,7,32.38925,2.404091642737917,0.9986424499213168
2495,2.4028,2.4029,7,32.38925,2.404004450729993,0.998557222562117
2496,2.4027,2.4028,7,32.38925,2.4039114177333127,0.9985430180022503
2497,2.4029,2.403,7,32.38925,2.4038245740925124,0.9985714271219835
2498,2.4041,2.4042,7,32.38925,2.4037921246690956,0.9987418818403834
2499,2.4042,2.4043,7,32.38925,2.4037030939854436,0.9987560864002499
2500,2.4036,2.4037,7,32.38925,2.403692917580153,0.9986708590410501
2501,2.4036,2.4037,7,32.38925,2.403684127758706,0.9986708590410501
2502,2.4041,2.4042,7,32.38925,2.4036882660221313,0.9987418818403834
2503,2.4054,2.4055,7,32.38925,2.4038481105168046,0.9989265411186496
2504,2.4056,2.4057,7,32.38925,2.404724055258402,0.9989549502383829
2505,2.4063,2.4064,7,32.38925,2.405512027629201,0.9990543821574493
2506,2.4065,2.4066,7,32.38925,2.4059072165775204,0.9990827912771826
2507,2.4069,2.407,7,32.38925,2.4063043299465123,0.9991396095166493
2508,2.4069,2.407,7,32.38925,2.4065028866310083,0.9991396095166493
2509,2.4072,2.4073,7,32.38925,2.406735257754006,0.9991822231962492
2510,2.406,2.4061,7,32.38925,2.4065557934306643,0.9990117684778496
2511,2.406,2.4061,7,32.38925,2.406432798647999,0.9990117684778496
2512,2.4062,2.4063,7,32.38925,2.4063519158468094,0.9990401775975828
2513,2.4062,2.4063,7,32.38925,2.4062976797082976,0.9990401775975828
2514,2.4063,2.4064,7,32.38925,2.4062636099789323,0.9990543821574493
2515,2.4063,2.4064,7,32.38925,2.406242653205407,0.9990543821574493
2516,2.4054,2.4055,7,32.38925,2.4061786311103797,0.9989265411186496
2517,2.4056,2.4057,7,32.38925,2.406120330932875,0.9989549502383829
2518,2.4051,2.4052,7,32.38925,2.4060498378881996,0.9988839274390496
2519,2.4051,2.4052,7,32.38925,2.405976492014072,0.9988839274390496
2520,2.4046,2.4047,7,32.38925,2.405803052864669,0.9988129046397165
2521,2.4046,2.4047,7,32.38925,2.4054593234747634,0.9988129046397165
2522,2.4046,2.4047,7,32.38925,2.4053877780189543,0.9988129046397165
2523,2.4055,2.4056,7,32.38925,2.4053670836753818,0.9989407456785163
2524,2.4056,2.4057,7,32.38925,2.405358620192998,0.9989549502383829
2525,2.4066,2.4067,7,32.38925,2.405447236566808,0.9990969958370494
2526,2.4066,2.4067,7,32.38925,2.405908341940085,0.9990969958370494
2527,2.4065,2.4066,7,32.38925,2.405895379718156,0.9990827912771826
2528,2.4065,2.4066,7,32.38925,2.405920728304363,0.9990827912771826
2529,2.4065,2.4066,7,32.38925,2.4059600211812024,0.9990827912771826
2530,2.4061,2.4062,7,32.38925,2.405987109369329,0.9990259730377161
2531,2.4058,2.4059,8,29.983349999999998,2.4059908963984777,0.998981330135278
2532,2.4063,2.4064,7,32.389649999999996,2.4060070299762892,0.9990624990488016
2533,2.4068,2.4069,7,32.389649999999996,2.406040959520968,0.999133521848135
2534,2.4063,2.4064,7,32.389649999999996,2.406069559667382,0.9990624990488016
2535,2.407,2.4071,7,32.389649999999996,2.4061192049387867,0.9991619309678681
2536,2.4073,2.4074,7,32.389649999999996,2.4062584663732007,0.9992045446474682
2537,2.4075,2.4076,7,32.389649999999996,2.4063880708686045,0.9992329537672013
2538,2.4086,2.4087,7,32.389649999999996,2.4067217053872123,0.9993892039257344
2539,2.4086,2.4087,7,32.389649999999996,2.407473023232327,0.9993892039257344
2540,2.4086,2.4087,7,32.389649999999996,2.407848682154885,0.9993892039257344
2541,2.4083,2.4084,7,32.389649999999996,2.4078113693906458,0.9993465902461345
2542,2.4079,2.408,7,32.389649999999996,2.4077945980085094,0.9992897720066679
2543,2.407,2.4071,7,32.389649999999996,2.407698348256041,0.9991619309678681
2544,2.4067,2.4068,7,32.389649999999996,2.407568214424936,0.9991193172882682
2545,2.4066,2.4067,7,32.389649999999996,2.407455209576579,0.9991051127284017
2546,2.4062,2.4063,7,32.389649999999996,2.407308446499998,0.9990482944889352
2547,2.4065,2.4066,7,32.389649999999996,2.4071994103020025,0.9990909081685349
2548,2.4062,2.4063,7,32.389649999999996,2.4070965149210175,0.9990482944889352
2549,2.4062,2.4063,7,32.389649999999996,2.407003147286604,0.9990482944889352
2550,2.4066,2.4067,7,32.389649999999996,2.4069426523647426,0.9991051127284017
2551,2.4062,2.4063,7,32.389649999999996,2.406876050148079,0.9990482944889352
2552,2.4063,2.4064,7,32.389649999999996,2.4068173760969045,0.9990624990488016
2553,2.4066,2.4067,7,32.389649999999996,2.4067780606945774,0.9991051127284017
2554,2.4079,2.408,7,32.389649999999996,2.4067915955216534,0.9992897720066679
2555,2.4079,2.408,7,32.389649999999996,2.4073457977608266,0.9992897720066679
2556,2.4079,2.408,7,32.389649999999996,2.407567478656496,0.9992897720066679
2557,2.4078,2.4079,7,32.389649999999996,2.407472368697174,0.9992755674468012
2558,2.407,2.4071,7,32.389649999999996,2.40744694557122,0.9991619309678681
2559,2.4068,2.4069,7,32.389649999999996,2.4074159526499006,0.999133521848135
2560,2.4066,2.4067,7,32.389649999999996,2.4073795629791666,0.9991051127284017
2561,2.406,2.4061,7,32.389649999999996,2.407172047005065,0.9990198853692019
2562,2.4056,2.4057,7,32.389649999999996,2.406955844835592,0.9989630671297353
2563,2.4056,2.4057,7,32.389649999999996,2.4065038965570613,0.9989630671297353
2564,2.4053,2.4054,7,32.389649999999996,2.406414594586504,0.9989204534501354
2565,2.4052,2.4053,7,32.389649999999996,2.406009729724336,0.9989062488902687
2566,2.4052,2.4053,7,32.389649999999996,2.4057783783745257,0.9989062488902687
2567,2.4046,2.4047,7,32.389649999999996,2.4057440788283184,0.9988210215310689
2568,2.4046,2.4047,7,32.389649999999996,2.405458059121239,0.9988210215310689
2569,2.4039,2.404,7,32.389649999999996,2.4053657714444263,0.9987215896120024
2570,2.4039,2.404,7,32.389649999999996,2.4049469796031615,0.9987215896120024
2571,2.4041,2.4042,7,32.389649999999996,2.40475876191357,0.9987499987317358
2572,2.4045,2.4046,7,32.389649999999996,2.404755729086527,0.9988068169712022
2573,2.4045,2.4046,7,32.389649999999996,2.4047466670531,0.9988068169712022
2574,2.4039,2.404,7,32.389649999999996,2.4047112636686236,0.9987215896120024
2575,2.4044,2.4045,7,32.389649999999996,2.404686338039429,0.9987926124113357
2576,2.4045,2.4046,7,32.389649999999996,2.404665533205489,0.9988068169712022
2577,2.404,2.4041,7,32.389649999999996,2.4046335117394384,0.998735794171869
2578,2.4039,2.404,7,32.389649999999996,2.4045930235061914,0.9987215896120024
2579,2.4039,2.404,7,32.389649999999996,2.4045503574987217,0.9987215896120024
2580,2.4039,2.404,7,32.389649999999996,2.404507697889438,0.9987215896120024
2581,2.4047,2.4048,7,32.389649999999996,2.404487078720797,0.9988352260909356
2582,2.405,2.4051,7,32.389649999999996,2.404480518383886,0.9988778397705355
2583,2.4057,2.4058,7,32.389649999999996,2.4045632007199824,0.9989772716896019
2584,2.4057,2.4058,7,32.389649999999996,2.4050179204319893,0.9989772716896019
2585,2.4056,2.4057,7,32.389649999999996,2.4050040035043634,0.9989630671297353
2586,2.4055,2.4056,7,32.389649999999996,2.405023262940571,0.9989488625698687
2587,2.4054,2.4055,7,32.389649999999996,2.405050235927697,0.998934658010002
2588,2.4063,2.4064,7,32.389649999999996,2.4051235949912653,0.9990624990488016
2589,2.4066,2.4067,7,32.389649999999996,2.4054926962434493,0.9991051127284017
2590,2.4062,2.4063,7,32.389649999999996,2.4055314089728412,0.9990482944889352
2591,2.4059,2.406,7,32.389649999999996,2.4055636944321206,0.999005680809335
2592,2.4054,2.4055,7,32.389649999999996,2.4055794350867123,0.998934658010002
2593,2.4058,2.4059,7,32.389649999999996,2.4055952830377367,0.9989914762494686
2594,2.4058,2.4059,7,32.389649999999996,2.4056106190774926,0.9989914762494686
2595,2.4058,2.4059,7,32.389649999999996,2.4056251181703416,0.9989914762494686
2596,2.4063,2.4064,7,32.389649999999996,2.4056508364261235,0.9990624990488016
2597,2.4063,2.4064,7,32.389649999999996,2.4056820511561985,0.9990624990488016
2598,2.4063,2.4064,7,32.389649999999996,2.4057158177417306,0.9990624990488016
2599,2.4066,2.4067,7,32.389649999999996,2.4057582375263245,0.9991051127284017
2600,2.4065,2.4066,7,32.389649999999996,2.405801660965924,0.9990909081685349
2601,2.406,2.4061,7,32.389649999999996,2.405832392959292,0.9990198853692019
2602,2.406,2.4061,7,32.389649999999996,2.4058569075322924,0.9990198853692019
2603,2.4058,2.4059,7,32.389649999999996,2.405873595502625,0.9989914762494686
2604,2.4051,2.4052,8,29.984449999999995,2.4058774107047234,0.9988900151075639
2605,2.4054,2.4055,7,32.389849999999996,2.405871093808352,0.9989387164556782
2606,2.4054,2.4055,7,32.389849999999996,2.4058601550041443,0.9989387164556782
2607,2.4058,2.4059,7,32.389849999999996,2.405851382760757,0.9989955346951448
2608,2.4061,2.4062,7,32.389849999999996,2.405847946929603,0.9990381483747446
2609,2.4061,2.4062,7,32.389849999999996,2.405848587142115,0.9990381483747446
2610,2.4076,2.4077,7,32.389849999999996,2.406011342211933,0.9992512167727442
2611,2.4083,2.4084,7,32.389849999999996,2.4071556711059667,0.9993506486918107
2612,2.4081,2.4082,7,32.389849999999996,2.4076278355529834,0.9993222395720774
2613,2.4081,2.4082,7,32.389849999999996,2.4078167013317904,0.9993222395720774
2614,2.4078,2.4079,7,32.389849999999996,2.4076119094930455,0.9992796258924774
2615,2.4064,2.4065,7,32.389849999999996,2.4073341789437954,0.9990807620543445
2616,2.4056,2.4057,7,32.389849999999996,2.4070629092696665,0.9989671255754116
2617,2.406,2.4061,7,32.389849999999996,2.406855307196644,0.9990239438148779
2618,2.4076,2.4077,7,32.389849999999996,2.407004245757315,0.9992512167727442
2619,2.4074,2.4075,7,32.389849999999996,2.4069651977340847,0.9992228076530109
2620,2.4075,2.4076,7,32.389849999999996,2.4069978419305738,0.9992370122128778
2621,2.4075,2.4076,7,32.389849999999996,2.4070450460726556,0.9992370122128778
2622,2.4072,2.4073,7,32.389849999999996,2.4070696477290916,0.9991943985332776
2623,2.4073,2.4074,7,32.389849999999996,2.4070926986793557,0.9992086030931443
2624,2.4056,2.4057,7,32.389849999999996,2.4069852886020113,0.9989671255754116
2625,2.4051,2.4052,7,32.389849999999996,2.4060426443010057,0.9988961027760783
2626,2.4051,2.4052,7,32.389849999999996,2.405571322150503,0.9988961027760783
2627,2.4051,2.4052,7,32.389849999999996,2.4053827932903014,0.9988961027760783
2628,2.4039,2.404,7,32.389849999999996,2.405501088063528,0.9987256480576786
2629,2.4033,2.4034,7,32.389849999999996,2.4044005440317644,0.9986404206984787
2630,2.4031,2.4032,7,32.389849999999996,2.4037502720158823,0.9986120115787455
2631,2.4036,2.4037,7,32.389849999999996,2.4036901632095296,0.9986830343780785
2632,2.403,2.4031,7,32.389849999999996,2.403460108806353,0.9985978070188788
2633,2.4024,2.4025,7,32.389849999999996,2.403106739204236,0.998512579659679
2634,2.4025,2.4026,7,32.389849999999996,2.4029333851458827,0.9985267842195455
2635,2.4025,2.4026,7,32.389849999999996,2.402825038859412,0.9985267842195455
2636,2.4023,2.4024,7,32.389849999999996,2.4027083635573208,0.9984983750998123
2637,2.4015,2.4016,7,32.389849999999996,2.402789522782715,0.9983847386208793
2638,2.4017,2.4018,7,32.389849999999996,2.4025171420870364,0.9984131477406125
2639,2.401,2.4011,7,32.389849999999996,2.401910285252222,0.998313715821546
2640,2.4015,2.4016,7,32.389849999999996,2.401819110751728,0.9983847386208793
2641,2.4015,2.4016,7,32.389849999999996,2.4018772219438183,0.9983847386208793
2642,2.4016,2.4017,7,32.389849999999996,2.4019026361426214,0.9983989431807458
2643,2.4012,2.4013,7,32.389849999999996,2.401896939214838,0.9983421249412793
2644,2.4008,2.4009,7,32.389849999999996,2.4018474394132237,0.9982853067018127
2645,2.401,2.4011,7,32.389849999999996,2.4017936522631853,0.998313715821546
2646,2.4008,2.4009,7,32.389849999999996,2.401724797980492,0.9982853067018127
2647,2.401,2.4011,7,32.389849999999996,2.4016655225341976,0.998313715821546
2648,2.4006,2.4007,7,32.389849999999996,2.4015946808606317,0.9982568975820794
2649,2.4005,2.4006,7,32.389849999999996,2.4015207065156607,0.9982426930222128
2650,2.4004,2.4005,7,32.389849999999996,2.401445118301603,0.9982284884623461
2651,2.3995,2.3996,7,32.389849999999996,2.4011428584061267,0.9981006474235464
2652,2.3996,2.3997,7,32.389849999999996,2.4006285722707514,0.9981148519834131
2653,2.3996,2.3997,7,32.389849999999996,2.400334694479108,0.9981148519834131
2654,2.4004,2.4005,7,32.389849999999996,2.4003354809262327,0.9982284884623461
2655,2.4015,2.4016,7,32.389849999999996,2.4004440809877137,0.9983847386208793
2656,2.4009,2.401,7,32.389849999999996,2.40050133064159,0.9982995112616794
2657,2.4006,2.4007,7,32.389849999999996,2.400511478017512,0.9982568975820794
2658,2.4,2.4001,7,32.389849999999996,2.4005064920083288,0.9981716702228796
2659,2.3999,2.4,7,32.389849999999996,2.4004607517138083,0.998157465663013
2660,2.3999,2.4,7,32.389849999999996,2.400408054822789,0.998157465663013
2661,2.3999,2.4,7,32.389849999999996,2.4003570248569726,0.998157465663013
2662,2.3991,2.3992,7,32.389849999999996,2.4002460483737966,0.9980438291840799
2663,2.3965,2.3967,7,32.389849999999996,2.3998146995808525,0.9976745106275472
2664,2.3965,2.3966,7,32.389849999999996,2.3981573497904263,0.9976745106275472
2665,2.3959,2.396,7,32.389849999999996,2.397028674895213,0.9975892832683473
2666,2.395,2.3951,7,32.389849999999996,2.396014337447607,0.9974614422295477
2667,2.3931,2.3932,7,32.389849999999996,2.3945571687238036,0.9971915555920815
2668,2.3929,2.393,7,32.389849999999996,2.393728584361902,0.9971631464723482
2669,2.3938,2.3939,7,32.389849999999996,2.393757150617141,0.9972909875111481
2670,2.3945,2.3946,7,32.389849999999996,2.3941285753085704,0.9973904194302144
2671,2.3957,2.3958,7,32.389849999999996,2.3948338774960334,0.9975608741486142
2672,2.3965,2.3966,7,32.389849999999996,2.395273875891265,0.9976745106275472
2673,2.3957,2.3958,7,32.389849999999996,2.3954488662103395,0.9975608741486142
2674,2.3954,2.3955,7,32.389849999999996,2.3955174915705464,0.9975182604690143
2675,2.3953,2.3954,7,32.389849999999996,2.395538277891134,0.9975040559091476
2676,2.3948,2.3949,7,32.389849999999996,2.3955015919431686,0.9974330331098142
2677,2.3949,2.395,7,32.389849999999996,2.395450123937597,0.997447237669681
2678,2.3951,2.3952,7,32.389849999999996,2.3954078727174544,0.9974756467894141
2679,2.3949,2.395,7,32.389849999999996,2.3953631818563608,0.997447237669681
2680,2.3955,2.3956,7,32.389849999999996,2.3953490452357205,0.9975324650288809
2681,2.3958,2.3959,7,32.389849999999996,2.3953527621811714,0.9975750787084808
2682,2.3958,2.3959,7,32.389849999999996,2.395366768212827,0.9975750787084808
2683,2.3952,2.3953,7,32.389849999999996,2.3953718929314176,0.997489851349281
2684,2.3952,2.3953,7,32.389849999999996,2.3953713930470393,0.997489851349281
2685,2.3956,2.3957,7,32.389849999999996,2.395375946214848,0.9975466695887474
2686,2.3952,2.3953,7,32.389849999999996,2.3953754961784575,0.997489851349281
2687,2.3956,2.3957,7,32.389849999999996,2.3953794828293953,0.9975466695887474
2688,2.3953,2.3954,7,32.389849999999996,2.3953808102215586,0.9975040559091476
2689,2.394,2.3941,7,32.389849999999996,2.395284297433271,0.9973193966308813
2690,2.3937,2.3938,7,32.389849999999996,2.3944921487166355,0.9972767829512813
2691,2.3937,2.3938,7,32.389849999999996,2.394096074358318,0.9972767829512813
2692,2.3931,2.3932,7,32.389849999999996,2.394209384989104,0.9971915555920815
2693,2.3937,2.3938,7,32.389849999999996,2.3942248675205406,0.9972767829512813
2694,2.3945,2.3946,7,32.389849999999996,2.394231420489116,0.9973904194302144
2695,2.395,2.3951,7,32.389849999999996,2.3943294393323944,0.9974614422295477
2696,2.3953,2.3954,7,32.389849999999996,2.3944577707380637,0.9975040559091476
2697,2.3949,2.395,7,32.389849999999996,2.3945195719857875,0.997447237669681
2698,2.3944,2.3945,7,32.389849999999996,2.3945289118626585,0.9973762148703479
2699,2.3935,2.3936,7,32.389849999999996,2.394464030860999,0.9972483738315481
2700,2.3941,2.3942,7,32.389849999999996,2.394446992020259,0.9973336011907479
2701,2.3943,2.3944,7,32.389849999999996,2.394435954916255,0.997362010310481
2702,2.3939,2.394,7,32.389849999999996,2.394384892182311,0.9973051920710146
2703,2.3937,2.3938,7,32.389849999999996,2.3943276490941665,0.9972767829512813
2704,2.3937,2.3938,7,32.389849999999996,2.394271066032182,0.9972767829512813
2705,2.3936,2.3937,7,32.389849999999996,2.394214256968239,0.9972625783914147
2706,2.3937,2.3938,7,32.389849999999996,2.3941634529973554,0.9972767829512813
2707,2.3935,2.3936,7,32.389849999999996,2.3941075113970993,0.9972483738315481
2708,2.393,2.3931,7,32.389849999999996,2.3940334509408254,0.9971773510322148
2709,2.393,2.3931,7,32.389849999999996,2.393956688056572,0.9971773510322148
2710,2.393,2.3931,7,32.389849999999996,2.393881615246718,0.9971773510322148
2711,2.393,2.3931,7,32.389849999999996,2.393810455057352,0.9971773510322148
2712,2.3945,2.3946,7,32.389849999999996,2.393698475041875,0.9973904194302144
2713,2.3945,2.3946,7,32.389849999999996,2.3940992375209373,0.9973904194302144
2714,2.3943,2.3944,7,32.389849999999996,2.394084260489685,0.997362010310481
2715,2.393,2.3931,7,32.389849999999996,2.393890723360636,0.9971773510322148
2716,2.3941,2.3942,7,32.389849999999996,2.3938827034764985,0.9973336011907479
2717,2.3923,2.3924,7,32.389849999999996,2.393692889278574,0.9970779191131484
2718,2.3913,2.3914,7,32.389849999999996,2.392496444639287,0.996935873514482
2719,2.3914,2.3915,7,32.389849999999996,2.3919482223196438,0.9969500780743487
2720,2.3887,2.3891,7,32.389849999999996,2.3919985070027194,0.9965665549579493
2721,2.3889,2.389,7,32.389849999999996,2.3904492535013597,0.9965949640776827
2722,2.3877,2.3878,7,32.389849999999996,2.3890746267506797,0.996424509359283
2723,2.3861,2.3862,7,32.389849999999996,2.38758731337534,0.9961972364014168
2724,2.385,2.3851,7,32.389849999999996,2.38629365668767,0.9960409862428837
2725,2.3831,2.3832,7,32.389849999999996,2.3846968283438352,0.9957710996054177
2726,2.3831,2.3832,7,32.389849999999996,2.3838984141719175,0.9957710996054177
2727,2.3815,2.3816,7,32.389849999999996,2.3826992070859587,0.9955438266475514
2728,2.384,2.3841,7,32.389849999999996,2.3831328047239726,0.9958989406442174
2729,2.3846,2.3847,7,32.389849999999996,2.383866402361986,0.9959841680034172
2730,2.385,2.3851,7,32.389849999999996,2.3846334636847093,0.9960409862428837
2731,2.3874,2.3875,7,32.389849999999996,2.3860167318423544,0.9963818956796829
2732,2.3878,2.3879,7,32.389849999999996,2.386908365921177,0.9964387139191497
2733,2.3867,2.3868,7,32.389849999999996,2.386572733948724,0.9962824637606165
2734,2.3869,2.387,7,32.389849999999996,2.3864866919251053,0.9963108728803497
2735,2.3868,2.3869,7,32.389849999999996,2.3864704812836184,0.9962966683204831
2736,2.3866,2.3867,7,32.389849999999996,2.3864696305274107,0.9962682592007498
2737,2.387,2.3871,7,32.389849999999996,2.3864933031849223,0.9963250774402166
2738,2.3893,2.3894,7,32.389849999999996,2.386777510247784,0.9966517823171491
2739,2.388,2.3881,7,32.389849999999996,2.387388755123892,0.9964671230388829
2740,2.3875,2.3876,7,32.389849999999996,2.387369160431437,0.9963961002395498
2741,2.3868,2.3869,7,32.389849999999996,2.38728134652656,0.9962966683204831
2742,2.3866,2.3867,7,32.389849999999996,2.3871834820630595,0.9962682592007498
2743,2.3866,2.3867,7,32.389849999999996,2.387109018634055,0.9962682592007498
2744,2.3859,2.386,7,32.389849999999996,2.386984535231885,0.9961688272816835
2745,2.387,2.3871,7,32.389849999999996,2.38694704440477,0.9963250774402166
2746,2.3879,2.388,7,32.389849999999996,2.38696509811908,0.9964529184790162
2747,2.3887,2.3888,7,32.389849999999996,2.3871486661082892,0.9965665549579493
2748,2.3886,2.3887,7,32.389849999999996,2.3878743330541443,0.9965523503980827
2749,2.3882,2.3883,7,32.389849999999996,2.3878090896997257,0.9964955321586161
2750,2.3889,2.389,7,32.389849999999996,2.3878396181912716,0.9965949640776827
2751,2.3888,2.3889,7,32.389849999999996,2.388114012993765,0.9965807595178159
2752,2.3895,2.3896,7,32.389849999999996,2.388174365099734,0.9966801914368825
2753,2.3901,2.3902,7,32.389849999999996,2.3889446190598402,0.9967654187960823
2754,2.3911,2.3912,7,32.389849999999996,2.39002230952992,0.9969074643947486
2755,2.3902,2.3903,7,32.389849999999996,2.390093385717952,0.9967796233559489
2756,2.39,2.3901,7,32.389849999999996,2.3899258130545578,0.9967512142362157
2757,2.3888,2.3889,7,32.389849999999996,2.3896178090536138,0.9965807595178159
2758,2.3884,2.3885,7,32.389849999999996,2.389381097502899,0.9965239412783494
2759,2.3887,2.3888,7,32.389849999999996,2.389254093904272,0.9965665549579493
2760,2.3892,2.3893,7,32.389849999999996,2.3892067501019345,0.9966375777572826
2761,2.3886,2.3887,7,32.389849999999996,2.3891376975032537,0.9965523503980827
2762,2.3882,2.3883,7,32.389849999999996,2.389056701612792,0.9964955321586161
2763,2.3882,2.3883,7,32.389849999999996,2.3889763422773154,0.9964955321586161
2764,2.3877,2.3878,7,32.389849999999996,2.38880461912777,0.996424509359283
2765,2.388,2.3881,7,32.389849999999996,2.3887332100227807,0.9964671230388829
2766,2.3873,2.3874,7,32.389849999999996,2.388591985403945,0.9963676911198165
2767,2.3888,2.3889,7,32.389849999999996,2.3885533626804247,0.9965807595178159
2768,2.3882,2.3883,7,32.389849999999996,2.388516739601053,0.9964955321586161
2769,2.3881,2.3882,7,32.389849999999996,2.388482371787663,0.9964813275987495
2770,2.3884,2.3885,7,32.389849999999996,2.388457879599804,0.9965239412783494
2771,2.3878,2.3879,7,32.389849999999996,2.3884162348696623,0.9964387139191497
2772,2.3891,2.3892,7,32.389849999999996,2.3884030794775657,0.9966233731974159
2773,2.39,2.3901,7,32.389849999999996,2.3885347996922333,0.9967512142362157
2774,2.391,2.3911,7,32.389849999999996,2.3897673998461166,0.9968932598348821
2775,2.3898,2.3899,7,32.389849999999996,2.3895483344943114,0.9967228051164824
2776,2.3892,2.3893,7,32.389849999999996,2.3894376056689177,0.9966375777572826
2777,2.3891,2.3892,7,32.389849999999996,2.3893163179327845,0.9966233731974159
2778,2.3897,2.3898,7,32.389849999999996,2.389308949171631,0.9967086005566157
2779,2.389,2.3891,7,32.389849999999996,2.389284195993012,0.9966091686375492
2780,2.3886,2.3887,7,32.389849999999996,2.3892370804293455,0.9965523503980827
2781,2.3886,2.3887,7,32.389849999999996,2.3891840290420454,0.9965523503980827
2782,2.3881,2.3882,7,32.389849999999996,2.3890531037496388,0.9964813275987495
2783,2.3875,2.3876,7,32.389849999999996,2.3888758783333928,0.9963961002395498
2784,2.3883,2.3884,7,32.389849999999996,2.3887838185986885,0.9965097367184828
2785,2.3891,2.3892,7,32.389849999999996,2.3887620158528065,0.9966233731974159
2786,2.3879,2.388,7,32.389849999999996,2.388707366251386,0.9964529184790162
2787,2.3881,2.3882,7,32.389849999999996,2.3886539808887037,0.9964813275987495
2788,2.3878,2.3879,7,32.389849999999996,2.3885939836187204,0.9964387139191497
2789,2.3874,2.3875,7,32.389849999999996,2.388418788830657,0.9963818956796829
2790,2.3883,2.3884,7,32.389849999999996,2.3883823873299552,0.9965097367184828
2791,2.3882,2.3883,7,32.389849999999996,2.388354249031973,0.9964955321586161
2792,2.3878,2.3879,7,32.389849999999996,2.3883223948967607,0.9964387139191497
2793,2.3884,2.3885,7,32.389849999999996,2.3883060479426605,0.9965239412783494
2794,2.3897,2.3898,7,32.389849999999996,2.3883759280392987,0.9967086005566157
2795,2.3905,2.3906,7,32.389849999999996,2.389437964019649,0.9968222370355488
2796,2.3913,2.3914,7,32.389849999999996,2.3903689820098246,0.996935873514482
2797,2.3898,2.3899,7,32.389849999999996,2.389968044091274,0.9967228051164824
2798,2.3902,2.3903,7,32.389849999999996,2.389818081967547,0.9967796233559489
2799,2.3898,2.3899,7,32.389849999999996,2.389693741869266,0.9967228051164824
2800,2.3888,2.3889,7,32.389849999999996,2.3895880493375183,0.9965807595178159
2801,2.3891,2.3892,7,32.389849999999996,2.389515232735893,0.9966233731974159
2802,2.3903,2.3904,7,32.389849999999996,2.3895199388395105,0.9967938279158156
2803,2.3924,2.3925,7,32.389849999999996,2.3897894634782015,0.997092123673015
2804,2.3926,2.3927,7,32.389849999999996,2.391194731739101,0.9971205327927483
2805,2.3919,2.392,7,32.389849999999996,2.3915473658695507,0.9970211008736819
2806,2.3911,2.3912,7,32.389849999999996,2.3913087128179207,0.9969074643947486
2807,2.39,2.3901,7,32.389849999999996,2.390994477337685,0.9967512142362157
2808,2.3907,2.3908,7,32.389849999999996,2.3908702201014127,0.9968506461552821
2809,2.3903,2.3904,7,32.389849999999996,2.390767750541685,0.9967938279158156
2810,2.3911,2.3912,7,32.389849999999996,2.3907490793692254,0.9969074643947486
2811,2.3923,2.3924,7,32.389849999999996,2.390870976636553,0.9970779191131484
2812,2.3918,2.3919,7,32.389849999999996,2.391005300369864,0.9970068963138151
2813,2.3928,2.3929,7,32.389849999999996,2.391223405499867,0.9971489419124816
2814,2.3932,2.3933,7,32.389849999999996,2.3920140432999206,0.9972057601519482
2815,2.394,2.3941,7,32.389849999999996,2.3930070216499604,0.9973193966308813
2816,2.3938,2.3939,7,32.389849999999996,2.3933242129899766,0.9972909875111481
2817,2.3936,2.3937,7,32.389849999999996,2.3934161419933178,0.9972625783914147
2818,2.394,2.3941,7,32.389849999999996,2.393272360523947,0.9973193966308813
2819,2.3944,2.3945,7,32.389849999999996,2.3935945432313908,0.9973762148703479
2820,2.3941,2.3942,7,32.389849999999996,2.393706866957748,0.9973336011907479
2821,2.395,2.3951,7,32.389849999999996,2.3936841078813442,0.9974614422295477
2822,2.3947,2.3948,7,32.389849999999996,2.39390986168549,0.9974188285499478
2823,2.3945,2.3946,7,32.389849999999996,2.3939191092387,0.9973904194302144
2824,2.3934,2.3935,7,32.389849999999996,2.393888941394501,0.9972341692716814
2825,2.3931,2.3932,7,32.389849999999996,2.3938048780587375,0.9971915555920815
2826,2.3926,2.3927,7,32.389849999999996,2.3936609541433125,0.9971205327927483
2827,2.3923,2.3924,7,32.389849999999996,2.3931165724859875,0.9970779191131484
2828,2.3928,2.3929,8,29.996949999999995,2.393146253416165,0.9971469126896434
2829,2.393,2.3931,7,32.38994999999999,2.393152532634629,0.9971793802550528
2830,2.3927,2.3928,7,32.38994999999999,2.393135173933406,0.9971367665754529
2831,2.3919,2.392,7,32.38994999999999,2.3930683777334094,0.9970231300965198
2832,2.3918,2.3919,7,32.38994999999999,2.392786516014874,0.9970089255366532
2833,2.3929,2.393,7,32.38994999999999,2.3927735012620674,0.9971651756951863
2834,2.3917,2.3918,7,32.38994999999999,2.392724881261835,0.9969947209767865
2835,2.3925,2.3926,7,32.38994999999999,2.3926941108767714,0.9971083574557197
2836,2.3928,2.3929,7,32.38994999999999,2.392677080281782,0.9971509711353195
2837,2.3932,2.3933,7,32.38994999999999,2.3926828160684637,0.9972077893747862
2838,2.3941,2.3942,7,32.38994999999999,2.3928139974295184,0.9973356304135859
2839,2.3932,2.3933,7,32.38994999999999,2.3928731682595323,0.9972077893747862
2840,2.3934,2.3935,7,32.38994999999999,2.3929282004263164,0.9972361984945195
2841,2.3934,2.3935,7,32.38994999999999,2.3929777873104072,0.9972361984945195
2842,2.393,2.3931,7,32.38994999999999,2.392990362503586,0.9971793802550528
2843,2.3942,2.3943,7,32.38994999999999,2.3930684958135924,0.9973498349734525
2844,2.3935,2.3936,7,32.38994999999999,2.393117629825873,0.9972504030543861
2845,2.3922,2.3923,8,29.997649999999993,2.3931211450041827,0.9970637145532817
2846,2.3922,2.3923,8,29.997649999999993,2.3926605725020913,0.9970637145532817
2847,2.3926,2.3927,7,32.390249999999995,2.3927549118770166,0.9971286496841005
2848,2.392,2.3921,7,32.390249999999995,2.3927463212518334,0.9970434223249008
2849,2.3933,2.3934,7,32.390249999999995,2.3927575869797466,0.9972280816031672
2850,2.393,2.3931,7,32.390249999999995,2.3927653439076626,0.9971854679235671
2851,2.3929,2.393,7,32.390249999999995,2.3927727224202067,0.9971712633637004
2852,2.3927,2.3928,7,32.390249999999995,2.392786377773547,0.9971428542439672
2853,2.3922,2.3923,7,32.390249999999995,2.392775118883847,0.9970718314446342
2854,2.3932,2.3933,7,32.390249999999995,2.3927785282102496,0.9972138770433006
2855,2.394,2.3941,7,32.390249999999995,2.3928406745963153,0.9973275135222336
2856,2.3932,2.3933,7,32.390249999999995,2.392859620076403,0.9972138770433006
2857,2.3932,2.3933,7,32.390249999999995,2.3928783405893994,0.9972138770433006
2858,2.3933,2.3934,7,32.390249999999995,2.3928979525865475,0.9972280816031672
2859,2.393,2.3931,7,32.390249999999995,2.3929089301616417,0.9971854679235671
2860,2.3938,2.3939,7,32.390249999999995,2.3929887280651436,0.9972991044025005
2861,2.3928,2.3929,7,32.390249999999995,2.3930057336848973,0.997157058803834
2862,2.3929,2.393,7,32.390249999999995,2.393010685787358,0.9971712633637004
2863,2.3936,2.3937,7,32.390249999999995,2.393044164100516,0.9972706952827671
2864,2.3931,2.3932,7,32.390249999999995,2.393052771393665,0.9971996724834338
2865,2.3933,2.3934,7,32.390249999999995,2.3930619629218954,0.9972280816031672
2866,2.3934,2.3935,7,32.390249999999995,2.393080306754119,0.9972422861630337
2867,2.3921,2.3922,7,32.390249999999995,2.3930600409234586,0.9970576268847675
2868,2.393,2.3931,7,32.390249999999995,2.3930584849133365,0.9971854679235671
2869,2.393,2.3931,7,32.390249999999995,2.3930568405813024,0.9971854679235671
2870,2.3955,2.3956,7,32.390249999999995,2.3932638106540525,0.9975405819202332
2871,2.3949,2.395,7,32.390249999999995,2.394081905327026,0.9974553545610333
2872,2.3938,2.3939,7,32.390249999999995,2.3939690201873596,0.9972991044025005
2873,2.3956,2.3957,7,32.390249999999995,2.394013748445951,0.9975547864800998
2874,2.3957,2.3958,7,32.390249999999995,2.394575832297301,0.9975689910399664
2875,2.3948,2.3949,7,32.390249999999995,2.394540584126268,0.9974411500011666
2876,2.3938,2.3939,7,32.390249999999995,2.3944372090307775,0.9972991044025005
2877,2.3961,2.3962,7,32.390249999999995,2.394991472687185,0.997625809279433
2878,2.3956,2.3957,7,32.390249999999995,2.3951653376337037,0.9975547864800998
2879,2.3955,2.3956,7,32.390249999999995,2.3950572612055914,0.9975405819202332
2880,2.3948,2.3949,7,32.390249999999995,2.39503472771674,0.9974411500011666
2881,2.3948,2.3949,7,32.390249999999995,2.395013979990421,0.9974411500011666
2882,2.3946,2.3947,7,32.390249999999995,2.3949577687045536,0.9974127408814334
2883,2.3938,2.3939,7,32.390249999999995,2.3948367745025636,0.9972991044025005
2884,2.3935,2.3936,7,32.390249999999995,2.3947062602379576,0.9972564907229003
2885,2.3936,2.3937,7,32.390249999999995,2.3945877725174687,0.9972706952827671
2886,2.3936,2.3937,7,32.390249999999995,2.394482283455061,0.9972706952827671
2887,2.3937,2.3938,7,32.390249999999995,2.3943931365541493,0.9972848998426336
2888,2.3945,2.3946,7,32.390249999999995,2.3943538274558613,0.9973985363215667
2889,2.395,2.3951,7,32.390249999999995,2.394332165440648,0.9974695591209
2890,2.3959,2.396,7,32.390249999999995,2.3944658341216383,0.9975974001596997
2891,2.3964,2.3965,7,32.390249999999995,2.395432917060819,0.9976684229590329
2892,2.3966,2.3967,7,32.390249999999995,2.3960164585304096,0.9976968320787662
2893,2.3963,2.3964,7,32.390249999999995,2.3961109723536067,0.9976542183991663
2894,2.3956,2.3957,7,32.390249999999995,2.395947520261176,0.9975547864800998
2895,2.3958,2.3959,7,32.390249999999995,2.3958524041598026,0.9975831955998331
2896,2.3965,2.3966,7,32.390249999999995,2.395813745852692,0.9976826275188996
2897,2.3947,2.3948,7,32.390249999999995,2.395368247511615,0.9974269454413001
2898,2.3946,2.3947,7,32.390249999999995,2.395362080835402,0.9974127408814334
2899,2.3942,2.3943,7,32.390249999999995,2.3952513916607368,0.9973559226419668
2900,2.3941,2.3942,7,32.390249999999995,2.394790834996442,0.9973417180821001
2901,2.394,2.3941,7,32.390249999999995,2.394786718927027,0.9973275135222336
2902,2.3946,2.3947,7,32.390249999999995,2.3947750948464157,0.9974127408814334
2903,2.3948,2.3949,7,32.390249999999995,2.3947702827667205,0.9974411500011666
2904,2.3947,2.3948,7,32.390249999999995,2.3947648182882313,0.9974269454413001
2905,2.3946,2.3947,7,32.390249999999995,2.39475569524007,0.9974127408814334
2906,2.3951,2.3952,7,32.390249999999995,2.3947616486249634,0.9974837636807665
2907,2.3965,2.3966,7,32.390249999999995,2.3949306402085204,0.9976826275188996
2908,2.397,2.3971,7,32.390249999999995,2.39596532010426,0.9977536503182327
2909,2.3978,2.3979,7,32.390249999999995,2.39688266005213,0.9978672867971659
2910,2.3976,2.3977,7,32.390249999999995,2.397169596031278,0.9978388776774326
2911,2.3966,2.3967,7,32.390249999999995,2.3968671628799423,0.9976968320787662
2912,2.396,2.3961,7,32.390249999999995,2.3965408845852183,0.9976116047195663
2913,2.3958,2.3959,7,32.390249999999995,2.396340053956902,0.9975831955998331
2914,2.3953,2.3954,7,32.390249999999995,2.3961986872816783,0.9975121728004999
2915,2.3949,2.395,7,32.390249999999995,2.3960348391115374,0.9974553545610333
2916,2.3951,2.3952,7,32.390249999999995,2.395911153398811,0.9974837636807665
2917,2.3961,2.3962,7,32.390249999999995,2.3958691386345676,0.997625809279433
2918,2.3961,2.3962,7,32.390249999999995,2.3958555492223716,0.997625809279433
2919,2.396,2.3961,7,32.390249999999995,2.3958530189509366,0.9976116047195663
2920,2.3954,2.3955,7,32.390249999999995,2.395836537501787,0.9975263773603665
2921,2.3949,2.395,7,32.390249999999995,2.395794544548165,0.9974553545610333
2922,2.3949,2.395,7,32.390249999999995,2.395741668734256,0.9974553545610333
2923,2.3953,2.3954,7,32.390249999999995,2.3956992953693934,0.9975121728004999
2924,2.3945,2.3946,7,32.390249999999995,2.3955572725681398,0.9973985363215667
2925,2.3945,2.3946,7,32.390249999999995,2.3954359490471306,0.9973985363215667
2926,2.3945,2.3946,7,32.390249999999995,2.395331365471745,0.9973985363215667
2927,2.3938,2.3939,7,32.390249999999995,2.395117311381603,0.9972991044025005
2928,2.3936,2.3937,7,32.390249999999995,2.394611540921069,0.9972706952827671
2929,2.3936,2.3937,7,32.390249999999995,2.3943225292293353,0.9972706952827671
2930,2.3944,2.3945,7,32.390249999999995,2.394335547692317,0.9973843317617002
2931,2.3945,2.3946,7,32.390249999999995,2.394348341195108,0.9973985363215667
2932,2.3941,2.3942,7,32.390249999999995,2.3943501151691073,0.9973417180821001
2933,2.3955,2.3956,7,32.390249999999995,2.3944372265966614,0.9975405819202332
2934,2.3959,2.396,7,32.390249999999995,2.3946236607366,0.9975974001596997
2935,2.3962,2.3963,7,32.390249999999995,2.3954118303682996,0.9976400138392996
2936,2.3964,2.3965,7,32.390249999999995,2.39580709822098,0.9976684229590329
2937,2.3969,2.397,7,32.390249999999995,2.3962442589325876,0.9977394457583662
2938,2.3966,2.3967,7,32.390249999999995,2.396345899237563,0.9976968320787662
2939,2.3971,2.3972,7,32.390249999999995,2.3962523996172225,0.9977678548780994
2940,2.3975,2.3976,7,32.390249999999995,2.396608856869445,0.997824673117566
2941,2.3977,2.3978,7,32.390249999999995,2.3969206120496036,0.9978530822372993
2942,2.3972,2.3973,7,32.390249999999995,2.396869261429748,0.997782059437966
2943,2.3962,2.3963,7,32.390249999999995,2.39682097135135,0.9976400138392996
2944,2.3958,2.3959,7,32.390249999999995,2.396629380613594,0.9975831955998331
2945,2.3952,2.3953,7,32.390249999999995,2.396421058892367,0.9974979682406333
2946,2.395,2.3951,7,32.390249999999995,2.3958526353354204,0.9974695591209
2947,2.3951,2.3952,7,32.390249999999995,2.3956017568902803,0.9974837636807665
2948,2.3951,2.3952,8,29.995049999999996,2.3956290504347253,0.9974817344579285
2949,2.3936,2.3937,8,29.995049999999996,2.3954725051565693,0.9972382277173577
2950,2.3935,2.3936,8,29.995049999999996,2.3944862525782846,0.9972219939346528
2951,2.3934,2.3935,8,29.995049999999996,2.3939431262891424,0.9972057601519482
2952,2.3934,2.3935,8,29.995049999999996,2.3937258757734856,0.9972057601519482
2953,2.3935,2.3936,8,29.995049999999996,2.3936505838489905,0.9972219939346528
2954,2.3927,2.3928,8,29.995049999999996,2.3937499123410237,0.997092123673015
2955,2.3925,2.3926,8,29.995049999999996,2.393437434255768,0.9970596561076055
2956,2.3924,2.3925,8,29.995049999999996,2.3932068933100417,0.9970434223249008
2957,2.3924,2.3925,8,29.995049999999996,2.3930455146480334,0.9970434223249008
2958,2.3919,2.392,8,29.995049999999996,2.393042095721689,0.9969622534113772
2959,2.3913,2.3914,8,29.995049999999996,2.392461397147793,0.9968648507151489
2960,2.3915,2.3916,8,29.995049999999996,2.3922210478608448,0.9968973182805583
2961,2.3917,2.3918,8,29.995049999999996,2.3922503471819425,0.9969297858459677
2962,2.3918,2.3919,8,29.995049999999996,2.392250751441046,0.9969460196286724
2963,2.391,2.3911,8,29.995049999999996,2.392186155348725,0.9968161493670346
2964,2.3913,2.3914,8,29.995049999999996,2.392132837616912,0.9968648507151489
2965,2.3922,2.3923,8,29.995049999999996,2.392111179399027,0.9970109547594914
2966,2.3921,2.3922,8,29.995049999999996,2.3920919029249323,0.9969947209767868
2967,2.3923,2.3924,8,29.995049999999996,2.3920862235117415,0.9970271885421961
2968,2.3922,2.3923,8,29.995049999999996,2.392084110061815,0.9970109547594914
2969,2.3922,2.3923,8,29.995049999999996,2.392084634654302,0.9970109547594914
2970,2.3928,2.3929,8,29.995049999999996,2.392122961494538,0.9971083574557197
2971,2.3929,2.393,8,29.995049999999996,2.3921778803789975,0.9971245912384246
2972,2.3928,2.3929,8,29.995049999999996,2.3922329722804605,0.9971083574557197
2973,2.3936,2.3937,8,29.995049999999996,2.3923954977471933,0.9972382277173577
2974,2.3938,2.3939,8,29.995049999999996,2.3928636651647954,0.9972706952827671
2975,2.3938,2.3939,8,29.995049999999996,2.3931311894034253,0.9972706952827671
2976,2.3922,2.3923,8,29.995049999999996,2.393002273685776,0.9970109547594914
2977,2.3928,2.3929,8,29.995049999999996,2.3929819517529136,0.9971083574557197
2978,2.3925,2.3926,8,29.995049999999996,2.392958528027,0.9970596561076055
2979,2.3925,2.3926,8,29.995049999999996,2.3929329371094967,0.9970596561076055
2980,2.3925,2.3926,8,29.995049999999996,2.3929067425524213,0.9970596561076055
2981,2.3927,2.3928,8,29.995049999999996,2.392883515348237,0.997092123673015
2982,2.3928,2.3929,8,29.995049999999996,2.392865913535818,0.9971083574557197
2983,2.3928,2.3929,8,29.995049999999996,2.3928524738474395,0.9971083574557197
2984,2.3928,2.3929,8,29.995049999999996,2.3928421399733826,0.9971083574557197
2985,2.3925,2.3926,8,29.995049999999996,2.392829746090548,0.9970596561076055
2986,2.3928,2.3929,8,29.995049999999996,2.3928200171252594,0.9971083574557197
2987,2.3928,2.3929,8,29.995049999999996,2.3928127487807873,0.9971083574557197
2988,2.3934,2.3935,8,29.995049999999996,2.3928160574086834,0.9972057601519482
2989,2.3941,2.3942,8,29.995049999999996,2.3929218875239515,0.9973193966308812
2990,2.3946,2.3947,8,29.995049999999996,2.3937609437619756,0.9974005655444049
2991,2.3936,2.3937,8,29.995049999999996,2.393715961378965,0.9972382277173577
2992,2.3939,2.394,8,29.995049999999996,2.393659920176975,0.9972869290654718
2993,2.3947,2.3948,8,29.995049999999996,2.3936746486754767,0.9974167993271096
2994,2.3945,2.3946,8,29.995049999999996,2.393719696263325,0.9973843317617002
2995,2.3944,2.3945,8,29.995049999999996,2.393771754694542,0.9973680979789955
2996,2.3941,2.3942,8,29.995049999999996,2.3938065475914247,0.9973193966308812
2997,2.3933,2.3934,9,27.601649999999996,2.3938266415978564,0.9971874971464053
2998,2.393,2.3931,9,27.601649999999996,2.393763822774725,0.997132708129777
2999,2.3926,2.3927,9,27.601649999999996,2.393632322094833,0.9970596561076055
3000,2.3918,2.3919,9,27.601649999999996,2.3934119516262555,0.9969135520632629
3001,2.3913,2.3914,9,27.601649999999996,2.392355975813128,0.996822237035549
3002,2.3913,2.3914,9,27.601649999999996,2.3919335854878767,0.996822237035549
3003,2.3908,2.3909,9,27.601649999999996,2.391480151292726,0.9967309220078348
3004,2.3908,2.3909,9,27.601649999999996,2.391253434195151,0.9967309220078348
3005,2.3914,2.3915,9,27.601649999999996,2.391409197967522,0.9968405000410917
3006,2.3914,2.3915,9,27.601649999999996,2.3914937883901275,0.9968405000410917
3007,2.3916,2.3917,9,27.601649999999996,2.3915460978725243,0.9968770260521772
3008,2.3911,2.3912,9,27.601649999999996,2.3915641150656377,0.9967857110244633
3009,2.3909,2.391,9,27.601649999999996,2.391552881823006,0.9967491850133776
3010,2.3911,2.3912,9,27.601649999999996,2.3915322650052397,0.9967857110244633
3011,2.3919,2.392,9,27.601649999999996,2.391529934256028,0.9969318150688058
3012,2.3919,2.392,9,27.601649999999996,2.391536795422608,0.9969318150688058
3013,2.3925,2.3926,9,27.601649999999996,2.391644007361214,0.9970413931020626
3014,2.3925,2.3926,9,27.601649999999996,2.3917413489148514,0.9970413931020626
3015,2.3923,2.3924,9,27.601649999999996,2.3918045025030175,0.9970048670909771
3016,2.3923,2.3924,9,27.601649999999996,2.3918593195650106,0.9970048670909771
3017,2.3914,2.3915,9,27.601649999999996,2.391864423397227,0.9968405000410917
3018,2.3913,2.3914,9,27.601649999999996,2.3918582291428123,0.996822237035549
3019,2.391,2.3911,9,27.601649999999996,2.391790166505294,0.9967674480189205
3020,2.3911,2.3912,9,27.601649999999996,2.391722492206958,0.9967857110244633
3021,2.3912,2.3913,9,27.601649999999996,2.3917021945300694,0.9968039740300061
3022,2.392,2.3921,9,27.601649999999996,2.391693288674674,0.9969500780743487
3023,2.3922,2.3923,9,27.601649999999996,2.3916933933466624,0.9969866040854343
3024,2.3918,2.3919,9,27.601649999999996,2.391694832903401,0.9969135520632629
3025,2.3917,2.3918,9,27.601649999999996,2.3916959536703706,0.9968952890577201
3026,2.3917,2.3918,9,27.601649999999996,2.3916968280088313,0.9968952890577201
3027,2.3919,2.392,9,27.601649999999996,2.3916998573966812,0.9969318150688058
3028,2.3911,2.3912,9,27.601649999999996,2.3916901073399663,0.9967857110244633
3029,2.3911,2.3912,9,27.601649999999996,2.3916702142377195,0.9967857110244633
3030,2.3915,2.3916,9,27.601649999999996,2.3916614335549813,0.9968587630466346
3031,2.3914,2.3915,9,27.601649999999996,2.391652087178768,0.9968405000410917
3032,2.3909,2.391,9,27.601649999999996,2.3916216053335027,0.9967491850133776
3033,2.3909,2.391,9,27.601649999999996,2.39158624437166,0.9967491850133776
3034,2.3905,2.3906,9,27.601649999999996,2.3914790062353872,0.9966761329912062
3035,2.3903,2.3904,9,27.601649999999996,2.39137287609094,0.9966396069801207
3036,2.3904,2.3905,9,27.601649999999996,2.391276715150359,0.9966578699856635
3037,2.3901,2.3902,9,27.601649999999996,2.3911445509648668,0.996603080969035
3038,2.3895,2.3896,9,27.601649999999996,2.390936746875836,0.996493502935778
3039,2.3895,2.3896,9,27.601649999999996,2.390526247768454,0.996493502935778
3040,2.3899,2.39,9,27.601649999999996,2.3904722581065316,0.9965665549579493
3041,2.39,2.3901,9,27.601649999999996,2.390424520188477,0.9965848179634922
3042,2.3892,2.3893,9,27.601649999999996,2.3903448397146927,0.9964387139191497
3043,2.3892,2.3893,9,27.601649999999996,2.3902595805992277,0.9964387139191497
3044,2.3896,2.3897,9,27.601649999999996,2.3901976045553996,0.996511765941321
3045,2.3897,2.3898,9,27.601649999999996,2.3901449752768844,0.9965300289468636
3046,2.3892,2.3893,9,27.601649999999996,2.3900804458827682,0.9964387139191497
3047,2.3887,2.3888,9,27.601649999999996,2.3899772148241265,0.9963473988914354
3048,2.3885,2.3886,9,27.601649999999996,2.3898150491985986,0.9963108728803499
3049,2.3884,2.3885,9,27.601649999999996,2.389669421516044,0.9962926098748071
3050,2.3886,2.3887,9,27.601649999999996,2.389547128515452,0.9963291358858926
3051,2.3887,2.3888,9,27.601649999999996,2.3894732278481525,0.9963473988914354
3052,2.3899,2.39,9,27.601649999999996,2.38931551672391,0.9965665549579493
3053,2.3902,2.3903,9,27.601649999999996,2.3893314061072735,0.9966213439745779
3054,2.3903,2.3904,9,27.601649999999996,2.3894259602998065,0.9966396069801207
3055,2.3903,2.3904,9,27.601649999999996,2.389520471831922,0.9966396069801207
3056,2.3903,2.3904,9,27.601649999999996,2.3896063797719136,0.9966396069801207
3057,2.3903,2.3904,9,27.601649999999996,2.389682576742719,0.9966396069801207
3058,2.3902,2.3903,9,27.601649999999996,2.3897450603417574,0.9966213439745779
3059,2.3919,2.392,9,27.601649999999996,2.390017648364054,0.9969318150688058
3060,2.3916,2.3917,9,27.601649999999996,2.3904132362730404,0.9968770260521772
3061,2.3916,2.3917,9,27.601649999999996,2.39100661813652,0.9968770260521772
3062,2.391,2.3911,9,27.601649999999996,2.3909677718537683,0.9967674480189205
3063,2.3908,2.3909,9,27.601649999999996,2.3909386302253575,0.9967309220078348
3064,2.3906,2.3907,9,27.601649999999996,2.3909111007311097,0.996694395996749
3065,2.391,2.3911,9,27.601649999999996,2.390895236559575,0.9967674480189205
3066,2.3905,2.3906,9,27.601649999999996,2.390856179124259,0.9966761329912062
3067,2.3901,2.3902,9,27.601649999999996,2.3907895061631663,0.996603080969035
3068,2.3902,2.3903,9,27.601649999999996,2.3907286163006454,0.9966213439745779
3069,2.39,2.3901,9,27.601649999999996,2.390665964605911,0.9965848179634922
3070,2.3901,2.3902,9,27.601649999999996,2.39060950174053,0.996603080969035
3071,2.3906,2.3907,9,27.601649999999996,2.390591738393043,0.996694395996749
3072,2.3906,2.3907,9,27.601649999999996,2.3905793231616688,0.996694395996749
3073,2.3903,2.3904,9,27.601649999999996,2.3905590078023113,0.9966396069801207
3074,2.3903,2.3904,9,27.601649999999996,2.3905396161645043,0.9966396069801207
3075,2.3906,2.3907,9,27.601649999999996,2.3905316095789706,0.996694395996749
3076,2.39,2.3901,9,27.601649999999996,2.39051011070669,0.9965848179634922
3077,2.39,2.3901,9,27.601649999999996,2.390484713376561,0.9965848179634922
3078,2.3892,2.3893,9,27.601649999999996,2.3902899976248877,0.9964387139191497
3079,2.3891,2.3892,9,27.601649999999996,2.3898139985749327,0.9964204509136069
3080,2.3891,2.3892,9,27.601649999999996,2.3897980867406723,0.9964204509136069
3081,2.3895,2.3896,9,27.601649999999996,2.3897886473128858,0.996493502935778
3082,2.3897,2.3898,9,27.601649999999996,2.389781916271552,0.9965300289468636
3083,2.3899,2.39,9,27.601649999999996,2.3897789943248084,0.9965665549579493
3084,2.3899,2.39,9,27.601649999999996,2.389778735895892,0.9965665549579493
3085,2.3898,2.3899,9,27.601649999999996,2.389778859123132,0.9965482919524065
3086,2.3898,2.3899,9,27.601649999999996,2.389779243988678,0.9965482919524065
3087,2.3905,2.3906,9,27.601649999999996,2.389812950295533,0.9966761329912062
3088,2.3901,2.3902,9,27.601649999999996,2.3898225877610786,0.996603080969035
3089,2.3901,2.3902,9,27.601649999999996,2.3898331357732836,0.996603080969035
3090,2.3902,2.3903,9,27.601649999999996,2.389845349785019,0.9966213439745779
3091,2.3902,2.3903,9,27.601649999999996,2.3898585360953337,0.9966213439745779
3092,2.39,2.3901,9,27.601649999999996,2.3898699209891143,0.9965848179634922
3093,2.3903,2.3904,9,27.601649999999996,2.3898823735536965,0.9966396069801207
3094,2.3903,2.3904,9,27.601649999999996,2.389895931426086,0.9966396069801207
3095,2.3903,2.3904,9,27.601649999999996,2.389910096004088,0.9966396069801207
3096,2.3901,2.3902,9,27.601649999999996,2.3899232815042253,0.996603080969035
3097,2.3915,2.3916,9,27.601649999999996,2.3900799729743016,0.9968587630466346
3098,2.3925,2.3926,9,27.601649999999996,2.391289986487151,0.9970413931020626
3099,2.3919,2.392,9,27.601649999999996,2.391594993243576,0.9969318150688058
3100,2.3928,2.3929,9,27.601649999999996,2.3914815809083203,0.9970961821186912
3101,2.3928,2.3929,9,27.601649999999996,2.39192105393888,0.9970961821186912
3102,2.3928,2.3929,9,27.601649999999996,2.392172181384914,0.9970961821186912
3103,2.3915,2.3916,9,27.601649999999996,2.392066223960091,0.9968587630466346
3104,2.3913,2.3914,9,27.601649999999996,2.391866528578709,0.996822237035549
3105,2.3917,2.3918,9,27.601649999999996,2.3918277955679845,0.9968952890577201
3106,2.3918,2.3919,9,27.601649999999996,2.391803828964314,0.9969135520632629
3107,2.3919,2.392,9,27.601649999999996,2.3917920364585976,0.9969318150688058
3108,2.3919,2.392,9,27.601649999999996,2.3917876345610534,0.9969318150688058
3109,2.3919,2.392,9,27.601649999999996,2.391787723352605,0.9969318150688058
3110,2.3917,2.3918,9,27.601649999999996,2.3917856548439813,0.9968952890577201
3111,2.3909,2.391,9,27.601649999999996,2.3917512490723007,0.9967491850133776
3112,2.3908,2.3909,9,27.601649999999996,2.3916993299661002,0.9967309220078348
3113,2.3911,2.3912,9,27.601649999999996,2.391649309000444,0.9967857110244633
3114,2.3918,2.3919,9,27.601649999999996,2.391630652909962,0.9969135520632629
3115,2.3921,2.3922,9,27.601649999999996,2.3916262120304905,0.9969683410798915
3116,2.3921,2.3922,9,27.601649999999996,2.391631301768169,0.9969683410798915
3117,2.3923,2.3924,9,27.601649999999996,2.3916850159813556,0.9970048670909771
3118,2.3921,2.3922,9,27.601649999999996,2.3916992201226575,0.9969683410798915
3119,2.3915,2.3916,10,25.210049999999995,2.3917063705098367,0.9968567338237966
3120,2.3915,2.3916,11,22.818449999999995,2.391708517035736,0.9968547046009584
3121,2.3915,2.3916,11,22.818449999999995,2.391707154317967,0.9968547046009584
3122,2.3915,2.3916,11,22.818449999999995,2.391703373293354,0.9968547046009584
3123,2.3915,2.3916,11,22.818449999999995,2.3916979699696164,0.9968547046009584
3124,2.3925,2.3926,10,25.210949999999997,2.3917126952905776,0.9970779191131484
3125,2.3932,2.3933,10,25.210949999999997,2.391878024784309,0.9972199647118148
3126,2.3928,2.3929,10,25.210949999999997,2.391921296419049,0.9971387957982911
3127,2.3929,2.393,10,25.210949999999997,2.392077444616789,0.9971590880266721
3128,2.3925,2.3926,10,25.210949999999997,2.3921110027012884,0.9970779191131484
3129,2.3916,2.3917,11,22.819249999999997,2.3921507173893195,0.9968932598348821
3130,2.3912,2.3913,11,22.819249999999997,2.392088658912491,0.9968039740300061
3131,2.3922,2.3923,10,25.211449999999996,2.39208560578416,0.9970271885421961
3132,2.3924,2.3925,10,25.211449999999996,2.392088908684912,0.9970677729989579
3133,2.3929,2.393,10,25.211449999999996,2.3921754805323876,0.9971692341408626
3134,2.3929,2.393,10,25.211449999999996,2.3922565054619334,0.9971692341408626
3135,2.3927,2.3928,10,25.211449999999996,2.3923165304808727,0.9971286496841005
3136,2.3929,2.393,10,25.211449999999996,2.3923749042309805,0.9971692341408626
3137,2.394,2.3941,10,25.211449999999996,2.392513195167813,0.9973924486530525
3138,2.3946,2.3947,10,25.211449999999996,2.3935565975839066,0.9975142020233381
3139,2.394,2.3941,10,25.211449999999996,2.39366744818793,0.9973924486530525
3140,2.3935,2.3936,10,25.211449999999996,2.393604142938986,0.997290987511148
3141,2.3938,2.3939,10,25.211449999999996,2.393564649330618,0.9973518641962908
3142,2.3939,2.394,10,25.211449999999996,2.3935522349742135,0.9973721564246716
3143,2.3934,2.3935,10,25.211449999999996,2.393541751190021,0.9972706952827671
3144,2.3933,2.3934,10,25.211449999999996,2.393529028441822,0.9972504030543861
3145,2.3931,2.3932,10,25.211449999999996,2.393492611676974,0.9972098185976244
3146,2.3937,2.3938,10,25.211449999999996,2.3934861517223736,0.9973315719679098
3147,2.3941,2.3942,10,25.211449999999996,2.393497630315596,0.9974127408814334
3148,2.3942,2.3943,10,25.211449999999996,2.3935232527796653,0.9974330331098142
3149,2.3944,2.3945,10,25.211449999999996,2.3935639944355147,0.9974736175665763
3150,2.3944,2.3945,10,25.211449999999996,2.393610928502725,0.9974736175665763
3151,2.3949,2.395,10,25.211449999999996,2.393749208656656,0.9975750787084808
3152,2.3949,2.395,10,25.211449999999996,2.3938722287964316,0.9975750787084808
3153,2.396,2.3961,10,25.211449999999996,2.394216641804663,0.9977982932206707
3154,2.3962,2.3963,10,25.211449999999996,2.3950099850827975,0.9978388776774326
3155,2.3953,2.3954,10,25.211449999999996,2.39499583176846,0.9976562476220046
3156,2.3948,2.3949,10,25.211449999999996,2.3949821774828077,0.9975547864800998
3157,2.3946,2.3947,10,25.211449999999996,2.3949195048546263,0.9975142020233381
3158,2.3949,2.395,10,25.211449999999996,2.394911672862901,0.9975750787084808
3159,2.3956,2.3957,10,25.211449999999996,2.3949261232677648,0.9977171243071471
3160,2.3959,2.396,10,25.211449999999996,2.394969065774927,0.9977780009922901
3161,2.3959,2.396,10,25.211449999999996,2.3950236269869003,0.9977780009922901
3162,2.396,2.3961,10,25.211449999999996,2.395157202761597,0.9977982932206707
3163,2.3958,2.3959,10,25.211449999999996,2.3952051242995367,0.997757708763909
3164,2.395,2.3951,11,22.816349999999996,2.3952249198854427,0.9975933417140236
3165,2.395,2.3951,12,20.421249999999997,2.3952349077874993,0.9975913124911855
3166,2.3942,2.3943,12,20.421249999999997,2.395179641880718,0.9973965070987288
3167,2.3947,2.3948,12,20.421249999999997,2.395160723998608,0.997518260469014
3168,2.3948,2.3949,12,20.421249999999997,2.3951395965606546,0.9975426111430714
3169,2.395,2.3951,12,20.421249999999997,2.395128577300716,0.9975913124911855
3170,2.3957,2.3958,11,22.81695,2.395128662827803,0.9977617672095853
3171,2.3956,2.3957,11,22.81695,2.395157263705381,0.9977394457583662
3172,2.3959,2.396,11,22.81695,2.395209219247865,0.9978064101120232
3173,2.3966,2.3967,11,22.81695,2.3953528760191434,0.9979626602705561
3174,2.3981,2.3982,11,22.81695,2.3956907675815966,0.9982974820388414
3175,2.3978,2.3979,11,22.81695,2.3967453837907984,0.9982305176851844
3176,2.3977,2.3978,11,22.81695,2.397127230274479,0.9982081962339653
3177,2.3978,2.3979,11,22.81695,2.3973514868496526,0.9982305176851844
3178,2.3974,2.3975,11,22.81695,2.3972285817724885,0.9981412318803083
3179,2.3976,2.3977,11,22.81695,2.3971826152320075,0.9981858747827463
3180,2.3972,2.3973,11,22.81695,2.3971606820127893,0.9980965889778702
3181,2.3966,2.3967,11,22.81695,2.3971172511055747,0.9979626602705561
3182,2.3965,2.3966,11,22.81695,2.3970686220812123,0.9979403388193372
3183,2.3965,2.3966,11,22.81695,2.397020093746124,0.9979403388193372
3184,2.3965,2.3966,11,22.81695,2.3969740241997535,0.9979403388193372
3185,2.3974,2.3975,11,22.81695,2.396960857121474,0.9981412318803083
3186,2.3976,2.3977,11,22.81695,2.3969677330430494,0.9981858747827463
3187,2.3964,2.3965,11,22.81695,2.396955613626951,0.9979180173681182
3188,2.3962,2.3963,11,22.81695,2.396919212470481,0.9978733744656804
3189,2.395,2.3951,11,22.81695,2.3966851730807575,0.9976055170510522
3190,2.3946,2.3947,11,22.81695,2.3956425865403785,0.9975162312461762
3191,2.3952,2.3953,11,22.81695,2.395495057693586,0.9976501599534902
3192,2.3951,2.3952,11,22.81695,2.395580483189046,0.9976278385022712
3193,2.3947,2.3948,11,22.81695,2.395585365227524,0.9975385526973951
3194,2.395,2.3951,11,22.81695,2.395560754914741,0.9976055170510522
3195,2.3949,2.395,11,22.81695,2.395520633939496,0.9975831955998331
3196,2.394,2.3941,11,22.81695,2.3954336626546633,0.9973823025388622
3197,2.3937,2.3938,11,22.81695,2.394855775103109,0.9973153381852051
3198,2.3932,2.3933,11,22.81695,2.3940278875515544,0.9972037309291102
3199,2.3929,2.393,11,22.81695,2.3935767325309323,0.997136766575453
3200,2.393,2.3931,11,22.81695,2.393384488353955,0.9971590880266721
3201,2.3936,2.3937,11,22.81695,2.3935270062928518,0.9972930167339863
3202,2.3936,2.3937,11,22.81695,2.3936076925911247,0.9972930167339863
3203,2.3934,2.3935,11,22.81695,2.3936506467974548,0.9972483738315482
3204,2.3934,2.3935,11,22.81695,2.3936661334139004,0.9972483738315482
3205,2.392,2.3921,11,22.81695,2.3935400084759104,0.996935873514482
3206,2.392,2.3921,11,22.81695,2.3927700042379554,0.996935873514482
3207,2.392,2.3921,11,22.81695,2.392385002118978,0.996935873514482
3208,2.3918,2.3919,11,22.81695,2.3921510012713867,0.9968912306120441
3209,2.3918,2.3919,11,22.81695,2.392034000847591,0.9968912306120441
3210,2.3917,2.3918,11,22.81695,2.392141359809349,0.996868909160825
3211,2.3922,2.3923,11,22.81695,2.3921874117551827,0.9969805164169201
3212,2.3923,2.3924,11,22.81695,2.392208810011315,0.997002837868139
3213,2.3924,2.3925,11,22.81695,2.3922262895074127,0.997025159319358
3214,2.3925,2.3926,11,22.81695,2.3922435712749173,0.9970474807705771
3215,2.3927,2.3928,11,22.81695,2.3922629211681143,0.9970921236730151
3216,2.393,2.3931,11,22.81695,2.392288777147719,0.9971590880266721
3217,2.3929,2.393,11,22.81695,2.3923168363087384,0.997136766575453
3218,2.3932,2.3933,11,22.81695,2.392406087179422,0.9972037309291102
3219,2.3929,2.393,11,22.81695,2.3924337179290056,0.997136766575453
3220,2.3934,2.3935,11,22.81695,2.3925129302715487,0.9972483738315482
3221,2.3937,2.3938,11,22.81695,2.3926144255320922,0.9973153381852051
3222,2.3937,2.3938,11,22.81695,2.392710706165404,0.9973153381852051
3223,2.3935,2.3936,11,22.81695,2.3927818484162913,0.9972706952827671
3224,2.3938,2.3939,11,22.81695,2.392870908790766,0.9973376596364242
3225,2.3936,2.3937,11,22.81695,2.392937162115249,0.9972930167339863
3226,2.3939,2.394,11,22.81695,2.39301830190898,0.9973599810876431
3227,2.3949,2.395,11,22.81695,2.393301204307951,0.9975831955998331
3228,2.3954,2.3955,11,22.81695,2.3943506021539758,0.9976948028559282
3229,2.3958,2.3959,11,22.81695,2.3950753010769876,0.9977840886608043
3230,2.3958,2.3959,11,22.81695,2.3953651806461926,0.9977840886608043
3231,2.3952,2.3953,11,22.81695,2.395181262209377,0.9976501599534902
3232,2.3959,2.396,11,22.81695,2.3951111144367245,0.9978064101120232
3233,2.3952,2.3953,11,22.81695,2.3950828204214085,0.9976501599534902
3234,2.3952,2.3953,11,22.81695,2.3950708767427678,0.9976501599534902
3235,2.3949,2.395,11,22.81695,2.3950600833733047,0.9975831955998331
3236,2.3948,2.3949,11,22.81695,2.3950488059558177,0.9975608741486143
3237,2.395,2.3951,11,22.81695,2.395036794241244,0.9976055170510522
3238,2.395,2.3951,11,22.81695,2.3950281167301544,0.9976055170510522
3239,2.395,2.3951,11,22.81695,2.395021755287013,0.9976055170510522
3240,2.3949,2.395,11,22.81695,2.3950155365496615,0.9975831955998331
3241,2.3952,2.3953,11,22.81695,2.3950146935316017,0.9976501599534902
3242,2.3952,2.3953,11,22.81695,2.3950178623115788,0.9976501599534902
3243,2.394,2.3941,11,22.81695,2.394990474849991,0.9973823025388622
3244,2.3945,2.3946,11,22.81695,2.3949595184098307,0.997493909794957
3245,2.3946,2.3947,11,22.81695,2.394944357597659,0.9975162312461762
3246,2.3946,2.3947,11,22.81695,2.3949288101524333,0.9975162312461762
3247,2.3947,2.3948,11,22.81695,2.394914536350576,0.9975385526973951
3248,2.3943,2.3944,11,22.81695,2.3948828428786313,0.9974492668925191
3249,2.3943,2.3944,11,22.81695,2.394849459089606,0.9974492668925191
3250,2.3943,2.3944,11,22.81695,2.3948159418552613,0.9974492668925191
3251,2.3943,2.3944,11,22.81695,2.39478325138128,0.9974492668925191
3252,2.3947,2.3948,11,22.81695,2.394768200947296,0.9975385526973951
3253,2.3949,2.395,11,22.81695,2.394757035760268,0.9975831955998331
3254,2.3952,2.3953,11,22.81695,2.3947535743758572,0.9976501599534902
3255,2.3949,2.395,11,22.81695,2.394752784936808,0.9975831955998331
3256,2.3949,2.395,11,22.81695,2.394753770516375,0.9975831955998331
3257,2.3947,2.3948,11,22.81695,2.3947539308074,0.9975385526973951
3258,2.3947,2.3948,11,22.81695,2.394753561838495,0.9975385526973951
3259,2.3963,2.3964,11,22.81695,2.394891279231233,0.9978956959168992
3260,2.3963,2.3964,11,22.81695,2.3955956396156166,0.9978956959168992
3261,2.3962,2.3963,11,22.81695,2.395897819807808,0.9978733744656804
3262,2.3962,2.3963,11,22.81695,2.3957670130083137,0.9978733744656804
3263,2.3959,2.396,11,22.81695,2.395746035136848,0.9978064101120232
3264,2.3959,2.396,11,22.81695,2.395736548449689,0.9978064101120232
3265,2.3958,2.3959,11,22.81695,2.395731877201132,0.9977840886608043
3266,2.3955,2.3956,11,22.81695,2.3957262936977766,0.9977171243071473
3267,2.3955,2.3956,11,22.81695,2.395718982030666,0.9977171243071473
3268,2.3946,2.3947,11,22.81695,2.3956411970538536,0.9975162312461762
3269,2.3948,2.3949,11,22.81695,2.3955631844155354,0.9975608741486143
3270,2.3957,2.3958,11,22.81695,2.3955465234149385,0.9977617672095853
3271,2.3952,2.3953,11,22.81695,2.395538621721019,0.9976501599534902
3272,2.3949,2.395,11,22.81695,2.395498379253036,0.9975831955998331
3273,2.3946,2.3947,11,22.81695,2.3954409737883204,0.9975162312461762
3274,2.3938,2.3939,11,22.81695,2.3951743740842826,0.9973376596364242
3275,2.3934,2.3935,11,22.81695,2.394287187042141,0.9972483738315482
3276,2.393,2.3931,11,22.81695,2.3936435935210705,0.9971590880266721
3277,2.3939,2.394,11,22.81695,2.393797001587685,0.9973599810876431
3278,2.3939,2.394,11,22.81695,2.3938848402669417,0.9973599810876431
3279,2.3938,2.3939,11,22.81695,2.3939373097187135,0.9973376596364242
3280,2.3934,2.3935,11,22.81695,2.3939489898862565,0.9972483738315482
3281,2.3946,2.3947,11,22.81695,2.3939995942955017,0.9975162312461762
3282,2.3953,2.3954,11,22.81695,2.394159216603475,0.9976724814047092
3283,2.3955,2.3956,11,22.81695,2.3948296083017375,0.9977171243071473
3284,2.396,2.3961,11,22.81695,2.3954148041508687,0.9978287315632423
3285,2.3963,2.3964,11,22.81695,2.395768882490521,0.9978956959168992
3286,2.3954,2.3955,11,22.81695,2.3955870232021095,0.9976948028559282
3287,2.3952,2.3953,11,22.81695,2.3954764350113487,0.9976501599534902
3288,2.3958,2.3959,11,22.81695,2.3954291875128995,0.9977840886608043
3289,2.3969,2.397,11,22.81695,2.3954952479116747,0.9980296246242133
3290,2.3969,2.397,11,22.81695,2.396197623955837,0.9980296246242133
3291,2.3973,2.3974,11,22.81695,2.3967488119779183,0.9981189104290893
3292,2.3975,2.3976,11,22.81695,2.397049287186751,0.9981635533315272
3293,2.397,2.3971,11,22.81695,2.3968798399421956,0.9980519460754322
3294,2.397,2.3971,11,22.81695,2.396798652603857,0.9980519460754322
3295,2.3971,2.3972,11,22.81695,2.396766544253497,0.9980742675266513
3296,2.3971,2.3972,11,22.81695,2.3967602805890724,0.9980742675266513
3297,2.3969,2.397,11,22.81695,2.396761172273412,0.9980296246242133
3298,2.3964,2.3965,11,22.81695,2.3967542406438054,0.9979180173681182
3299,2.3967,2.3968,11,22.81695,2.3967457433204586,0.9979849817217753
3300,2.397,2.3971,11,22.81695,2.3967468848250486,0.9980519460754322
3301,2.3979,2.398,11,22.81695,2.396854515352219,0.9982528391364033
3302,2.3977,2.3978,11,22.81695,2.3968867534617964,0.9982081962339653
3303,2.3977,2.3978,11,22.81695,2.39692666735369,0.9982081962339653
3304,2.3977,2.3978,11,22.81695,2.3969701030807697,0.9982081962339653
3305,2.3977,2.3978,11,22.81695,2.3970144637415403,0.9982081962339653
3306,2.3976,2.3977,11,22.81695,2.3970562344601283,0.9981858747827463
3307,2.3969,2.397,12,20.41995,2.397081195421615,0.9980275954013752
3308,2.3966,2.3967,13,18.02325,2.3970908794824735,0.9979525141563659
3309,2.3968,2.3969,12,20.42005,2.3970931704430454,0.9980052739501561
3310,2.397,2.3971,12,20.42005,2.397093398889166,0.9980539752982703
3311,2.3971,2.3972,12,20.42005,2.3970936593865306,0.9980783259723274
3312,2.3985,2.3986,12,20.42005,2.3972227340549015,0.9984192354091268
3313,2.3981,2.3982,12,20.42005,2.3973111038702206,0.9983218327128984
3314,2.3987,2.3988,12,20.42005,2.397509669730916,0.9984679367572409
3315,2.3984,2.3985,12,20.42005,2.3976177834668078,0.9983948847350698
3316,2.399,2.3991,12,20.42005,2.397760525294457,0.9985409887794123
3317,2.399,2.3991,12,20.42005,2.3981146609246125,0.9985409887794123
3318,2.3985,2.3986,12,20.42005,2.3981536128937284,0.9984192354091268
3319,2.3977,2.3978,13,18.02225,2.3981544337879255,0.998222400793832
3320,2.3968,2.3969,13,18.02225,2.398036340748868,0.9979849817217753
3321,2.3971,2.3972,13,18.02225,2.397902908073902,0.9980641214124609
3322,2.3976,2.3977,13,18.02225,2.397848159279281,0.9981960208969369
3323,2.3978,2.3979,13,18.02225,2.397840594266262,0.9982487806907273
3324,2.3965,2.3966,13,18.02225,2.397749731670454,0.9979058420310897
3325,2.3965,2.3966,13,18.02225,2.3974372987528407,0.9979058420310897
3326,2.395,2.3951,13,18.02225,2.39717455263946,0.997510143577662
3327,2.3944,2.3945,13,18.02225,2.39578727631973,0.9973518641962908
3328,2.3936,2.3937,13,18.02225,2.394693638159865,0.9971408250211292
3329,2.3932,2.3933,13,18.02225,2.3939468190799325,0.9970353054335486
3330,2.3927,2.3928,13,18.02225,2.393323409539966,0.9969034059490726
3331,2.3929,2.393,13,18.02225,2.3931540457239793,0.9969561657428629
3332,2.393,2.3931,13,18.02225,2.3931026971493194,0.9969825456397581
3333,2.3932,2.3933,13,18.02225,2.3931270228619894,0.9970353054335486
3334,2.3927,2.3928,13,18.02225,2.393303990472882,0.9969034059490726
3335,2.3917,2.3918,13,18.02225,2.39284570748063,0.9966396069801208
3336,2.3919,2.392,13,18.02225,2.392635550262712,0.9966923667739112
3337,2.3913,2.3914,13,18.02225,2.391967775131356,0.99653408739254
3338,2.3908,2.3909,13,18.02225,2.391500665078814,0.996402187908064
3339,2.3905,2.3906,13,18.02225,2.3910003325394067,0.9963230482173784
3340,2.3898,2.3899,13,18.02225,2.3904001662697034,0.9961383889391123
3341,2.3901,2.3902,13,18.02225,2.3903001108464688,0.9962175286297976
3342,2.3898,2.3899,13,18.02225,2.3901334072309792,0.9961383889391123
3343,2.3896,2.3897,13,18.02225,2.3899810051649855,0.9960856291453218
3344,2.3893,2.3894,13,18.02225,2.3897864322607036,0.9960064894546363
3345,2.3889,2.389,13,18.02225,2.3895331659005024,0.9959009698670555
3346,2.3887,2.3888,13,18.02225,2.3892554439336684,0.9958482100732651
3347,2.3895,2.3896,13,18.02225,2.3893698749780694,0.9960592492484266
3348,2.3894,2.3895,13,18.02225,2.389447473446534,0.9960328693515315
3349,2.3892,2.3893,13,18.02225,2.389487591493197,0.9959801095577411
3350,2.389,2.3891,13,18.02225,2.389500169207037,0.9959273497639507
3351,2.3893,2.3894,13,18.02225,2.3895023206188384,0.9960064894546363
3352,2.3889,2.389,13,18.02225,2.3894881847097427,0.9959009698670555
3353,2.3894,2.3895,13,18.02225,2.38947750620394,0.9960328693515315
3354,2.3882,2.3883,13,18.02225,2.389428600775554,0.9957163105887891
3355,2.3884,2.3885,13,18.02225,2.3893733027777815,0.9957690703825796
3356,2.3884,2.3885,13,18.02225,2.389313512505839,0.9957690703825796
3357,2.3878,2.3879,13,18.02225,2.3890762486541908,0.9956107910012083
3358,2.3875,2.3876,13,18.02225,2.3885508324361275,0.9955316513105229
3359,2.3873,2.3874,13,18.02225,2.3881934517400913,0.9954788915167326
3360,2.3857,2.3858,13,18.02225,2.3880024122889516,0.9950568131664095
3361,2.3854,2.3855,13,18.02225,2.386701206144476,0.9949776734757239
3362,2.3847,2.3848,13,18.02225,2.3857006030722383,0.9947930141974576
3363,2.3838,2.3839,13,18.02225,2.384750301536119,0.9945555951254009
3364,2.3832,2.3833,13,18.02225,2.3839751507680598,0.9943973157440298
3365,2.3823,2.3824,13,18.02225,2.38313757538403,0.994159896671973
3366,2.3814,2.3815,13,18.02225,2.382268787692015,0.9939224775999165
3367,2.3816,2.3817,13,18.02225,2.3819343938460076,0.9939752373937069
3368,2.3794,2.3795,13,18.02225,2.380667196923004,0.9933948796620126
3369,2.3802,2.3803,13,18.02225,2.3804803181538023,0.9936059188371741
3370,2.3804,2.3805,13,18.02225,2.380453545435868,0.9936586786309645
3371,2.3819,2.382,13,18.02225,2.381292669894262,0.9940543770843924
3372,2.3819,2.382,13,18.02225,2.381691159909581,0.9940543770843924
3373,2.38,2.3801,13,18.02225,2.38169646095682,0.9935531590433837
3374,2.3803,2.3804,13,18.02225,2.38099823047841,0.9936322987340693
3375,2.3827,2.3828,13,18.02225,2.3815654869856067,0.9942654162595538
3376,2.3841,2.3842,13,18.02225,2.3818427664815767,0.9946347348160866
3377,2.3825,2.3826,13,18.02225,2.38201594750433,0.9942126564657634
3378,2.3826,2.3827,13,18.02225,2.3821151014750983,0.9942390363626586
3379,2.3816,2.3817,13,18.02225,2.382129118550333,0.9939752373937069
3380,2.3827,2.3828,13,18.02225,2.382175224607659,0.9942654162595538
3381,2.3836,2.3837,13,18.02225,2.3822541333021716,0.9945028353316105
3382,2.3828,2.3829,13,18.02225,2.3823192296283837,0.994291796156449
3383,2.3828,2.3829,13,18.02225,2.3823739946287277,0.994291796156449
3384,2.3826,2.3827,13,18.02225,2.3824229552500396,0.9942390363626586
3385,2.3825,2.3826,13,18.02225,2.382453797960426,0.9942126564657634
3386,2.3826,2.3827,13,18.02225,2.382476983772873,0.9942390363626586
3387,2.3823,2.3824,13,18.02225,2.3824858482858784,0.994159896671973
3388,2.3813,2.3814,13,18.02225,2.382426066665075,0.9938960977030213
3389,2.3811,2.3812,13,18.02225,2.3817630333325375,0.993843337909231
3390,2.3815,2.3816,13,18.02225,2.3818065039838827,0.9939488574968116
3391,2.3819,2.382,13,18.02225,2.3818354615951334,0.9940543770843924
3392,2.3818,2.3819,13,18.02225,2.381852156444609,0.9940279971874971
3393,2.3818,2.3819,13,18.02225,2.381861204771003,0.9940279971874971
3394,2.3839,2.384,13,18.02225,2.3820669085262076,0.9945819750222962
3395,2.3826,2.3827,13,18.02225,2.382142688181907,0.9942390363626586
3396,2.3818,2.3819,13,18.02225,2.382154275294287,0.9940279971874971
3397,2.3813,2.3814,13,18.02225,2.3821097951802574,0.9938960977030213
3398,2.3823,2.3824,13,18.02225,2.382109071129829,0.994159896671973
3399,2.3829,2.383,13,18.02225,2.3821376544581847,0.9943181760533442
3400,2.3846,2.3847,13,18.02225,2.382408276772022,0.9947666343005622
3401,2.3841,2.3842,13,18.02225,2.383254138386011,0.9946347348160866
3402,2.3827,2.3828,13,18.02225,2.383134138609833,0.9942654162595538
3403,2.3827,2.3828,13,18.02225,2.3829964898284297,0.9942654162595538
3404,2.3834,2.3835,13,18.02225,2.382986675767305,0.9944500755378202
3405,2.3842,2.3843,13,18.02225,2.3830849334407147,0.9946611147129816
3406,2.3846,2.3847,13,18.02225,2.383842466720357,0.9947666343005622
3407,2.3875,2.3876,13,18.02225,2.3840106485677985,0.9955316513105229
3408,2.3879,2.388,13,18.02225,2.3859553242838993,0.9956371708981037
3409,2.3862,2.3863,13,18.02225,2.3860776621419495,0.9951887126508855
3410,2.3859,2.386,13,18.02225,2.385661508521279,0.9951095729601999
3411,2.3886,2.3887,13,18.02225,2.385726102471928,0.9958218301763699
3412,2.389,2.3891,13,18.02225,2.3873630512359636,0.9959273497639507
3413,2.3891,2.3892,13,18.02225,2.388231525617982,0.9959537296608459
3414,2.3886,2.3887,13,18.02225,2.388378915370789,0.9958218301763699
3415,2.3877,2.3878,13,18.02225,2.388021636956177,0.9955844111043133
3416,2.3899,2.39,13,18.02225,2.387952174998375,0.9961647688360074
3417,2.3888,2.3889,13,18.02225,2.3881641312487814,0.9958745899701603
3418,2.3898,2.3899,13,18.02225,2.3882310744194877,0.9961383889391123
3419,2.3899,2.39,13,18.02225,2.3888986446516927,0.9961647688360074
3420,2.3892,2.3893,13,18.02225,2.388832538376075,0.9959801095577411
3421,2.3891,2.3892,13,18.02225,2.3888155256562498,0.9959537296608459
3422,2.3896,2.3897,13,18.02225,2.3888424838946913,0.9960856291453218
3423,2.3898,2.3899,13,18.02225,2.388895875907793,0.9961383889391123
3424,2.3899,2.39,13,18.02225,2.3889629685731957,0.9961647688360074
3425,2.3907,2.3908,13,18.02225,2.3891771285298535,0.9963758080111688
3426,2.3908,2.3909,13,18.02225,2.389718085686569,0.996402187908064
3427,2.391,2.3911,13,18.02225,2.390145390457713,0.9964549477018544
3428,2.3912,2.3913,13,18.02225,2.3904969269718084,0.9965077074956448
3429,2.3921,2.3922,13,18.02225,2.390512922810988,0.9967451265677015
3430,2.3934,2.3935,13,18.02225,2.391956461405494,0.997088065227339
3431,2.3936,2.3937,13,18.02225,2.392778230702747,0.9971408250211292
3432,2.3926,2.3927,13,18.02225,2.392706938421648,0.9968770260521774
3433,2.3939,2.394,13,18.02225,2.3924694525718513,0.9972199647118148
3434,2.3921,2.3922,13,18.02225,2.392290136021126,0.9967451265677015
3435,2.3927,2.3928,13,18.02225,2.3922720878166084,0.9969034059490726
3436,2.3934,2.3935,13,18.02225,2.392307815550847,0.997088065227339
3437,2.3925,2.3926,13,18.02225,2.3923627170972765,0.9968506461552822
3438,2.3913,2.3914,13,18.02225,2.3922997960373786,0.99653408739254
3439,2.3922,2.3923,13,18.02225,2.392279903008448,0.9967715064645966
3440,2.3923,2.3924,13,18.02225,2.3922706439364516,0.9967978863614919
3441,2.3923,2.3924,13,18.02225,2.392266779637122,0.9967978863614919
3442,2.3923,2.3924,13,18.02225,2.392265774460702,0.9967978863614919
3443,2.3915,2.3916,13,18.02225,2.3922301441135985,0.9965868471863304
3444,2.3924,2.3925,13,18.02225,2.3922207152105837,0.996824266258387
3445,2.3923,2.3924,13,18.02225,2.392216998692306,0.9967978863614919
3446,2.3938,2.3939,13,18.02225,2.392352545735972,0.9971935848149196
3447,2.3933,2.3934,13,18.02225,2.3924658123512828,0.9970616853304436
3448,2.3937,2.3938,13,18.02225,2.3926475157423797,0.9971672049180245
3449,2.3943,2.3944,13,18.02225,2.39282716298002,0.9973254842993956
3450,2.394,2.3941,13,18.02225,2.393218108653347,0.9972463446087101
3451,2.3937,2.3938,13,18.02225,2.393253140987939,0.9971672049180245
3452,2.3956,2.3957,13,18.02225,2.393452484462574,0.997668422959033
3453,2.3954,2.3955,13,18.02225,2.3944262422312867,0.9976156631652426
3454,2.3953,2.3954,13,18.02225,2.3948631211156437,0.9975892832683476
3455,2.3951,2.3952,13,18.02225,2.3946889450248268,0.9975365234745571
3456,2.3958,2.3959,13,18.02225,2.3946850278346545,0.9977211827528233
3457,2.396,2.3961,13,18.02225,2.3950607341676102,0.9977739425466137
3458,2.3966,2.3967,13,18.02225,2.3958303670838053,0.9979322219279849
3459,2.3981,2.3982,12,20.42035,2.3969651835419024,0.9983279203814127
3460,2.3983,2.3984,12,20.42035,2.397632591770951,0.9983766217295269
3461,2.3993,2.3994,12,20.42035,2.3984662958854757,0.998620128470098
3462,2.3993,2.3994,12,20.42035,2.3987997775312855,0.998620128470098
3463,2.3997,2.3998,12,20.42035,2.3992498887656426,0.9987175311663263
3464,2.3981,2.3982,12,20.42035,2.398823344741375,0.9983279203814127
3465,2.4006,2.4007,12,20.42035,2.398640195346564,0.99893668723284
3466,2.4016,2.4017,12,20.42035,2.400120097673282,0.9991801939734112
3467,2.3997,2.3998,12,20.42035,2.3995740390065263,0.9987175311663263
3468,2.4001,2.4002,12,20.42035,2.399433580606023,0.9988149338625547
3469,2.4004,2.4005,12,20.42035,2.3994346912236337,0.9988879858847259
3470,2.4008,2.4009,12,20.42035,2.399824779445453,0.9989853885809542
3471,2.401,2.4011,12,20.42035,2.4001185845840896,0.9990340899290685
3472,2.4027,2.4028,12,20.42035,2.4002736082884777,0.9994480513880392
3473,2.4015,2.4016,12,20.42035,2.400682405525652,0.9991558432993539
3474,2.4004,2.4005,12,20.42035,2.400664296018241,0.9988879858847259
3475,2.401,2.4011,12,20.42035,2.4006614766052135,0.9990340899290685
3476,2.4036,2.4037,12,20.42035,2.4009274616994096,0.999667207454553
3477,2.4021,2.4022,12,20.42035,2.4015137308497048,0.9993019473436965
3478,2.4024,2.4025,12,20.42035,2.401530705054117,0.9993749993658679
3479,2.4011,2.4012,12,20.42035,2.4014984940419115,0.9990584406031257
3480,2.4012,2.4013,12,20.42035,2.401466243598505,0.9990827912771827
3481,2.4007,2.4008,12,20.42035,2.4013767950447322,0.9989610379068972
3482,2.4013,2.4014,12,20.42035,2.4013518956402278,0.9991071419512398
3483,2.4018,2.4019,12,20.42035,2.4013595313701868,0.9992288953215254
3484,2.4022,2.4023,12,20.42035,2.4014453087323924,0.9993262980177536
3485,2.4025,2.4026,12,20.42035,2.4015500861431223,0.999399350039925
3486,2.4027,2.4028,12,20.42035,2.4016851524252534,0.9994480513880392
3487,2.4031,2.4032,12,20.42035,2.4018261551512614,0.9995454540842674
3488,2.4026,2.4027,12,20.42035,2.4019190128504797,0.9994237007139821
3489,2.4027,2.4028,12,20.42035,2.402011493127251,0.9994480513880392
3490,2.4013,2.4014,13,18.01895,2.4020603104553566,0.9991051127284017
3491,2.4019,2.402,12,20.42085,2.4020616597172,0.9992633921097729
3492,2.4016,2.4017,12,20.42085,2.4020362562039197,0.9991903400876017
3493,2.4015,2.4016,12,20.42085,2.401996521771533,0.9991659894135444
3494,2.4014,2.4015,12,20.42085,2.4019490884017203,0.9991416387394874
3495,2.4015,2.4016,12,20.42085,2.4019050706686214,0.9991659894135444
3496,2.401,2.4011,12,20.42085,2.401832418397488,0.999044236043259
3497,2.3994,2.3995,12,20.42085,2.4015221253013257,0.9986546252583455
3498,2.4,2.4001,12,20.42085,2.4007610626506626,0.998800729302688
3499,2.3996,2.3997,12,20.42085,2.400180531325331,0.9987033266064597
3500,2.3999,2.4,13,18.020850000000003,2.4003157024957664,0.9987743494057929
3501,2.4007,2.4008,12,20.421550000000003,2.4003604811821484,0.9989853885809544
3502,2.4019,2.402,12,20.421550000000003,2.4006011894826758,0.9992775966696396
3503,2.4027,2.4028,12,20.421550000000003,2.401650594741338,0.9994724020620963
3504,2.4019,2.402,12,20.421550000000003,2.401514633606586,0.9992775966696396
3505,2.4026,2.4027,12,20.421550000000003,2.4015268247872283,0.9994480513880393
3506,2.4021,2.4022,12,20.421550000000003,2.4015665499800836,0.9993262980177537
3507,2.4037,2.4038,12,20.421550000000003,2.401793002412412,0.9997159088026673
3508,2.4045,2.4046,12,20.421550000000003,2.403146501206206,0.999910714195124
3509,2.4055,2.4056,12,20.421550000000003,2.404323250603103,1.000154220935695
3510,2.4054,2.4055,12,20.421550000000003,2.4048616253015513,1.000129870261638
3511,2.4051,2.4052,12,20.421550000000003,2.404956975180931,1.0000568182394667
3512,2.4067,2.4068,12,20.421550000000003,2.4056541851085584,1.0004464290243802
3513,2.4077,2.4078,12,20.421550000000003,2.406677092554279,1.0006899357649512
3514,2.4085,2.4086,12,20.421550000000003,2.4075885462771396,1.000884741157408
3515,2.4089,2.409,12,20.421550000000003,2.40824427313857,1.0009821438536362
3516,2.4089,2.409,12,20.421550000000003,2.408506563883142,1.0009821438536362
3517,2.4089,2.409,12,20.421550000000003,2.4086377092554283,1.0009821438536362
3518,2.4088,2.4089,12,20.421550000000003,2.4086840780395917,1.0009577931795792
3519,2.4093,2.4094,12,20.421550000000003,2.4088600557425655,1.0010795465498648
3520,2.4094,2.4095,12,20.421550000000003,2.408995041806924,1.001103897223922
3521,2.4107,2.4108,12,20.421550000000003,2.4098475209034618,1.001420455986664
3522,2.4088,2.4089,12,20.421550000000003,2.409615572033163,1.0009577931795792
3523,2.4085,2.4086,12,20.421550000000003,2.409439434558718,1.000884741157408
3524,2.4092,2.4093,12,20.421550000000003,2.409057386582923,1.0010551958758076
3525,2.4089,2.409,12,20.421550000000003,2.4089209064029955,1.0009821438536362
3526,2.4095,2.4096,12,20.421550000000003,2.4089120194518916,1.0011282478979788
3527,2.4085,2.4086,12,20.421550000000003,2.4088781510294655,1.000884741157408
3528,2.4079,2.408,12,20.421550000000003,2.4088163705393852,1.0007386371130653
3529,2.4073,2.4074,12,20.421550000000003,2.4086026971616157,1.0005925330687226
3530,2.4087,2.4088,12,20.421550000000003,2.408571270712104,1.000933442505522
3531,2.4087,2.4088,12,20.421550000000003,2.40855682618968,1.000933442505522
3532,2.4083,2.4084,12,20.421550000000003,2.408540179893657,1.0008360398092937
3533,2.4069,2.407,12,20.421550000000003,2.408357023388732,1.0004951303724943
3534,2.407,2.4071,12,20.421550000000003,2.4076785116943658,1.0005194810465514
3535,2.4082,2.4083,12,20.421550000000003,2.4077219092729556,1.0008116891352368
3536,2.4079,2.408,12,20.421550000000003,2.4077697595176097,1.0007386371130653
3537,2.408,2.4081,12,20.421550000000003,2.407806099152053,1.0007629877871225
3538,2.4089,2.409,12,20.421550000000003,2.4079451204337206,1.0009821438536362
3539,2.408,2.4081,12,20.421550000000003,2.407970919738072,1.0007629877871225
3540,2.4082,2.4083,12,20.421550000000003,2.407987749946789,1.0008116891352368
3541,2.408,2.4081,12,20.421550000000003,2.4080035197992036,1.0007629877871225
3542,2.409,2.4091,12,20.421550000000003,2.408063852346753,1.0010064945276933
3543,2.4088,2.4089,12,20.421550000000003,2.4081251754477404,1.0009577931795792
3544,2.4085,2.4086,12,20.421550000000003,2.40817405612113,1.000884741157408
3545,2.4099,2.41,12,20.421550000000003,2.40837156721313,1.0012256505942072
3546,2.4116,2.4117,12,20.421550000000003,2.4099857836065652,1.0016396120531779
3547,2.4115,2.4116,12,20.421550000000003,2.4107428918032827,1.001615261379121
3548,2.4116,2.4117,12,20.421550000000003,2.4111714459016413,1.0016396120531779
3549,2.4113,2.4114,12,20.421550000000003,2.411222867540985,1.0015665600310066
3550,2.4114,2.4115,12,20.421550000000003,2.41128191169399,1.0015909107050636
3551,2.4115,2.4116,12,20.421550000000003,2.411344222638564,1.001615261379121
3552,2.4087,2.4088,12,20.421550000000003,2.4100221113192823,1.000933442505522
3553,2.4074,2.4075,12,20.421550000000003,2.408711055659641,1.0006168837427798
3554,2.409,2.4091,13,18.012450000000005,2.4091640425082694,1.0010044653048553
3555,2.41,2.4101,12,20.422450000000005,2.409373089658128,1.0012682642738073
3556,2.4112,2.4113,12,20.422450000000005,2.409667451349348,1.0015604723624925
3557,2.4096,2.4097,13,18.012750000000004,2.4097588823501583,1.0011688323547407
3558,2.4084,2.4085,13,18.012750000000004,2.4096914529779134,1.0008522735919985
3559,2.4082,2.4083,13,18.012750000000004,2.4089457264889567,1.000799513798208
3560,2.4081,2.4082,13,18.012750000000004,2.408522863244478,1.000773133901313
3561,2.4084,2.4085,1,46.91355,2.4086823879702814,1.0008522735919985
3562,2.407,2.4071,1,46.91355,2.4086644486656956,1.0008238644722651
3563,2.4062,2.4063,1,46.91355,2.407432224332848,1.0008076306895604
3564,2.4064,2.4065,1,46.91355,2.406916112166424,1.0008116891352365
3565,2.4048,2.4049,1,46.91355,2.405858056083212,1.0007792215698272
3566,2.404,2.4041,1,46.91355,2.404929028041606,1.0007629877871222
3567,2.4047,2.4048,1,46.91355,2.404814514020803,1.000777192346989
3568,2.405,2.4051,1,46.91355,2.4048887084124817,1.0007832800155032
3569,2.4058,2.4059,1,46.91355,2.4054666773762774,1.000799513798208
3570,2.4068,2.4069,1,46.91355,2.405824330372714,1.000819806026589
3571,2.4087,2.4088,1,46.91355,2.4062320674737365,1.0008583612605126
3572,2.4083,2.4084,1,46.91355,2.4072660337368683,1.0008502443691603
3573,2.4093,2.4094,1,46.91355,2.408283016868434,1.0008705365975412
3574,2.4099,2.41,0,49.32345,2.4089298101210606,1.0008827119345698
3575,2.4108,2.4109,0,49.32345,2.4098649050605303,1.0008827119345698
3576,2.4112,2.4113,0,49.32345,2.410532452530265,1.0008827119345698
3577,2.4112,2.4113,0,49.32345,2.410799471518159,1.0008827119345698
3578,2.4108,2.4109,0,49.32345,2.4107996476787728,1.0008827119345698
3579,2.4109,2.411,0,49.32345,2.410828319770552,1.0008827119345698
3580,2.4121,2.4122,0,49.32345,2.4106581768597333,1.0008827119345698
3581,2.4118,2.4119,0,49.32345,2.4109436326447997,1.0008827119345698
3582,2.4124,2.4125,0,49.32345,2.4116718163224,1.0008827119345698
3583,2.4126,2.4127,0,49.32345,2.41204308979344,1.0008827119345698
3584,2.4133,2.4134,0,49.32345,2.41267154489672,1.0008827119345698
3585,2.412,2.4121,0,49.32345,2.4124999576214434,1.0008827119345698
3586,2.4123,2.4124,0,49.32345,2.4123153816525718,1.0008827119345698
3587,2.4099,2.41,0,49.32345,2.411107690826286,1.0008827119345698
3588,2.4091,2.4092,0,49.32345,2.410103845413143,1.0008827119345698
3589,2.4084,2.4085,0,49.32345,2.4092519227065714,1.0008827119345698
3590,2.4093,2.4094,0,49.32345,2.409271153623943,1.0008827119345698
3591,2.4109,2.411,0,49.32345,2.4098420253656743,1.0008827119345698
3592,2.4114,2.4115,0,49.32345,2.4102171978631395,1.0008827119345698
3593,2.4105,2.4106,0,49.32345,2.410360549017718,1.0008827119345698
3594,2.4112,2.4113,0,49.32345,2.4104919723832223,1.0008827119345698
3595,2.4103,2.4104,1,46.91305,2.4105280833096603,1.0008806827117316
3596,2.4104,2.4105,2,44.50255,2.410540727155695,1.0008806827117316
3597,2.4088,2.4089,2,44.50255,2.4103979966798565,1.0008157475809127
3598,2.4079,2.408,2,44.50255,2.409148998339928,1.0007792215698272
3599,2.4066,2.4067,2,44.50255,2.407874499169964,1.0007264617760367
3600,2.406,2.4061,2,44.50255,2.406937249584982,1.0007021111019796
3601,2.4052,2.4053,2,44.50255,2.406068624792491,1.00066964353657
3602,2.4048,2.4049,2,44.50255,2.4054343123962454,1.0006534097538655
3603,2.4058,2.4059,2,44.50255,2.405556208264164,1.0006939942106272
3604,2.4054,2.4055,2,44.50255,2.405511577331546,1.0006777604279224
3605,2.4062,2.4063,2,44.50255,2.406110850508219,1.000710227993332
3606,2.4076,2.4077,2,44.50255,2.4064913849433833,1.0007670462327984
3607,2.407,2.4071,2,44.50255,2.4066932958538247,1.0007426955587415
3608,2.408,2.4081,2,44.50255,2.4068946870577483,1.0007832800155032
3609,2.4068,2.4069,2,44.50255,2.4069438733219854,1.0007345786673891
3610,2.4074,2.4075,2,44.50255,2.406990564389837,1.000758929341446
3611,2.4058,2.4059,2,44.50255,2.406930083491973,1.0006939942106272
3612,2.406,2.4061,2,44.50255,2.4065580500951835,1.0007021111019796
3613,2.4072,2.4073,2,44.50255,2.4066065025722176,1.0007508124500937
3614,2.4072,2.4073,2,44.50255,2.4067397427553443,1.0007508124500937
3615,2.4069,2.407,2,44.50255,2.4067627681513666,1.0007386371130653
3616,2.4068,2.4069,2,44.50255,2.4067783011096635,1.0007345786673891
3617,2.4068,2.4069,2,44.50255,2.406788850190396,1.0007345786673891
3618,2.4062,2.4063,2,44.50255,2.4067787997768213,1.000710227993332
3619,2.4065,2.4066,2,44.50255,2.406764183999497,1.0007224033303606
3620,2.4082,2.4083,2,44.50255,2.4068648168186515,1.0007913969068556
3621,2.4078,2.4079,2,44.50255,2.406991001442974,1.000775163124151
3622,2.4082,2.4083,2,44.50255,2.407152531385381,1.0007913969068556
3623,2.4081,2.4082,2,44.50255,2.4072743025385046,1.0007873384611794
3624,2.4098,2.4099,2,44.50255,2.407578634606239,1.0008563320376747
3625,2.4108,2.4109,1,46.91335,2.4091893173031194,1.0008969164944364
3626,2.4101,2.4102,1,46.91335,2.4096446586515596,1.0008827119345698
3627,2.4104,2.4105,1,46.91335,2.409946795190936,1.0008887996030842
3628,2.41,2.4101,1,46.91335,2.409964530127291,1.0008806827117318
3629,2.4095,2.4096,1,46.91335,2.4097622959771523,1.0008705365975412
3630,2.4078,2.4079,1,46.91335,2.4093770750529515,1.0008360398092937
3631,2.4083,2.4084,1,46.91335,2.4091215687609644,1.000846185923484
3632,2.4078,2.4079,1,46.91335,2.408896900845064,1.0008360398092937
3633,2.4091,2.4093,1,46.91335,2.408864258159544,1.0008624197061888
3634,2.4102,2.4103,1,46.91335,2.408938950845318,1.000884741157408
3635,2.4128,2.4129,1,46.91335,2.409320511412651,1.0009375009511983
3636,2.4134,2.4135,1,46.91335,2.4113602557063256,1.0009496762882268
3637,2.4165,2.4166,1,46.91335,2.413930127853163,1.0010125821962077
3638,2.4161,2.4162,1,46.91335,2.4150150639265817,1.0010044653048553
3639,2.4164,2.4165,1,46.91335,2.4157075319632906,1.0010105529733695
3640,2.4149,2.415,1,46.91335,2.415303765981645,1.0009801146307982
3641,2.4146,2.4147,1,46.91335,2.4149518829908225,1.000974026962284
3642,2.4152,2.4153,1,46.91335,2.4146530943760958,1.0009862022993123
3643,2.415,2.4151,1,46.91335,2.4147918566256577,1.0009821438536362
3644,2.415,2.4151,1,46.91335,2.4148612377504386,1.0009821438536362
3645,2.4134,2.4135,1,46.91335,2.4141306188752196,1.0009496762882268
3646,2.413,2.4131,1,46.91335,2.4140193860699606,1.0009415593968745
3647,2.4124,2.4125,1,46.91335,2.4138266648250855,1.0009293840598459
3648,2.4128,2.4129,1,46.91335,2.413688925884938,1.0009375009511983
3649,2.4149,2.415,1,46.91335,2.414294462942469,1.0009801146307982
3650,2.4155,2.4156,1,46.91335,2.414897231471235,1.0009922899678267
3651,2.4149,2.415,1,46.91335,2.414555005457281,1.0009801146307982
3652,2.4158,2.4159,1,46.91335,2.4145335492740028,1.000998377636341
3653,2.4165,2.4166,1,46.91335,2.415320129564402,1.0010125821962077
3654,2.4159,2.416,1,46.91335,2.4154858068317155,1.0010004068591791
3655,2.4156,2.4157,1,46.91335,2.4154024646437593,1.0009943191906647
3656,2.4158,2.4159,1,46.91335,2.415373067303106,1.000998377636341
3657,2.4154,2.4155,1,46.91335,2.415357210015164,1.0009902607449885
3658,2.4154,2.4155,1,46.91335,2.4153491888185323,1.0009902607449885
3659,2.4155,2.4156,1,46.91335,2.4153488367564013,1.0009922899678267
3660,2.4153,2.4154,1,46.91335,2.4153472491157197,1.0009882315221506
3661,2.4144,2.4145,1,46.91335,2.4152874586173816,1.0009699685166078
3662,2.4137,2.4138,1,46.91335,2.4150942246989793,1.000955763956741
3663,2.4144,2.4145,1,46.91335,2.4150231439111707,1.0009699685166078
3664,2.4131,2.4132,1,46.91335,2.4148134904896006,1.0009435886197124
3665,2.4135,2.4136,1,46.91335,2.4143756603264004,1.0009517055110648
3666,2.4132,2.4133,1,46.91335,2.414300961245981,1.0009456178425504
3667,2.4109,2.411,1,46.91335,2.413915386164099,1.0008989457172746
3668,2.4112,2.4113,1,46.91335,2.4125576930820496,1.0009050333857887
3669,2.4115,2.4116,1,46.91335,2.412028846541025,1.000911121054303
3670,2.412,2.4121,0,49.32535,2.4122412776787243,1.0009212671684935
3671,2.4121,2.4122,0,49.32535,2.41233325703252,1.0009212671684935
3672,2.412,2.4121,0,49.32535,2.4123651438824147,1.0009212671684935
3673,2.4123,2.4124,0,49.32535,2.4123841219910465,1.0009212671684935
3674,2.4129,2.413,0,49.32535,2.412428326944444,1.0009212671684935
3675,2.4124,2.4125,0,49.32535,2.4124432569499445,1.0009212671684935
3676,2.4119,2.412,0,49.32535,2.4124339203025715,1.0009212671684935
3677,2.4106,2.4107,0,49.32535,2.412248102587256,1.0009212671684935
3678,2.4115,2.4116,0,49.32535,2.412132882055898,1.0009212671684935
3679,2.4107,2.4108,0,49.32535,2.4119721096455295,1.0009212671684935
3680,2.4098,2.4099,0,49.32535,2.4117352133971277,1.0009212671684935
3681,2.4099,2.41,0,49.32535,2.410817606698564,1.0009212671684935
3682,2.4093,2.4094,0,49.32535,2.410058803349282,1.0009212671684935
3683,2.4079,2.408,0,49.32535,2.408979401674641,1.0009212671684935
3684,2.4081,2.4082,0,49.32535,2.408539700837321,1.0009212671684935
3685,2.4097,2.4098,0,49.32535,2.4088635962593887,1.0009212671684935
3686,2.4075,2.4076,0,49.32535,2.409082432036736,1.0009212671684935
3687,2.407,2.4071,0,49.32535,2.408388288024491,1.0009212671684935
3688,2.4064,2.4065,0,49.32535,2.4073941440122457,1.0009212671684935
3689,2.4065,2.4066,0,49.32535,2.4070364864073475,1.0009212671684935
3690,2.4059,2.406,0,49.32535,2.4065818918444086,1.0009212671684935
3691,2.4058,2.4059,0,49.32535,2.406321261229606,1.0009212671684935
3692,2.4052,2.4053,0,49.32535,2.4059475074864043,1.0009212671684935
3693,2.4048,2.4049,0,49.32535,2.4054885044918426,1.0009212671684935
3694,2.4055,2.4056,0,49.32535,2.405491378368882,1.0009212671684935
3695,2.4046,2.4047,0,49.32535,2.405655102735025,1.0009212671684935
3696,2.4049,2.405,0,49.32535,2.4054663270512684,1.0009212671684935
3697,2.4048,2.4049,0,49.32535,2.405318254373209,1.0009212671684935
3698,2.4049,2.405,0,49.32535,2.4053591801403593,1.0009212671684935
3699,2.4052,2.4053,0,49.32535,2.405375333529684,1.0009212671684935
3700,2.4054,2.4055,0,49.32535,2.4053863585389332,1.0009212671684935
3701,2.4058,2.4059,0,49.32535,2.405402524827815,1.0009212671684935
3702,2.4074,2.4075,0,49.32535,2.4056304078525383,1.0009212671684935
3703,2.4073,2.4074,0,49.32535,2.4064652039262695,1.0009212671684935
3704,2.4059,2.406,0,49.32535,2.4064246923003276,1.0009212671684935
3705,2.4057,2.4058,0,49.32535,2.40621794121009,1.0009212671684935
3706,2.4057,2.4058,0,49.32535,2.4060862756540753,1.0009212671684935
3707,2.406,2.4061,0,49.32535,2.4060451380385515,1.0009212671684935
3708,2.4059,2.406,0,49.32535,2.406013903094414,1.0009212671684935
3709,2.406,2.4061,0,49.32535,2.4060004932038845,1.0009212671684935
3710,2.4049,2.405,0,49.32535,2.405942241989065,1.0009212671684935
3711,2.4053,2.4054,0,49.32535,2.4058845194278877,1.0009212671684935
3712,2.4058,2.4059,0,49.32535,2.4058483867091085,1.0009212671684935
3713,2.4063,2.4064,0,49.32535,2.4058303161957326,1.0009212671684935
3714,2.4062,2.4063,0,49.32535,2.4058361417814713,1.0009212671684935
3715,2.4056,2.4057,0,49.32535,2.4058354027410553,1.0009212671684935
3716,2.4051,2.4052,0,49.32535,2.4058158262737477,1.0009212671684935
3717,2.4046,2.4047,0,49.32535,2.4056572452836513,1.0009212671684935
3718,2.404,2.4041,0,49.32535,2.4054417125800978,1.0009212671684935
3719,2.4043,2.4044,0,49.32535,2.4050611417200654,1.0009212671684935
3720,2.4034,2.4035,0,49.32535,2.4049392323708823,1.0009212671684935
3721,2.403,2.4031,0,49.32535,2.4041635394225294,1.0009212671684935
3722,2.403,2.4031,0,49.32535,2.403775692948353,1.0009212671684935
3723,2.4027,2.4028,0,49.32535,2.403345415769012,1.0009212671684935
3724,2.4039,2.404,0,49.32535,2.4034575488261978,1.0009212671684935
3725,2.4035,2.4036,0,49.32535,2.40353248868813,1.0009212671684935
3726,2.4042,2.4043,0,49.32535,2.403715800399644,1.0009212671684935
3727,2.4039,2.404,0,49.32535,2.4037440270374666,1.0009212671684935
3728,2.4045,2.4046,0,49.32535,2.403832183537385,1.0009212671684935
3729,2.4057,2.4058,0,49.32535,2.4040741130793735,1.0009212671684935
3730,2.405,2.4051,0,49.32535,2.4041962082223782,1.0009212671684935
3731,2.4034,2.4035,0,49.32535,2.4040966821945813,1.0009212671684935
3732,2.4029,2.403,0,49.32535,2.404051119110428,1.0009212671684935
3733,2.4028,2.4029,0,49.32535,2.403425559555214,1.0009212671684935
3734,2.4022,2.4023,0,49.32535,2.4029353357331287,1.0009212671684935
3735,2.4012,2.4013,0,49.32535,2.4020676678665644,1.0009212671684935
3736,2.4007,2.4008,0,49.32535,2.4013838339332825,1.0009212671684935
3737,2.4011,2.4012,0,49.32535,2.4012703003599696,1.0009212671684935
3738,2.4009,2.401,0,49.32535,2.4011468669066467,1.0009212671684935
3739,2.4009,2.401,0,49.32535,2.4010763335047476,1.0009212671684935
3740,2.4013,2.4014,0,49.32535,2.40125117204952,1.0009212671684935
3741,2.4016,2.4017,0,49.32535,2.4013407306711696,1.0009212671684935
3742,2.4018,2.4019,0,49.32535,2.40140960435048,1.0009212671684935
3743,2.4015,2.4016,0,49.32535,2.4014593029393896,1.0009212671684935
3744,2.4011,2.4012,0,49.32535,2.401482300373058,1.0009212671684935
3745,2.4004,2.4005,0,49.32535,2.4014309496352837,1.0009212671684935
3746,2.4001,2.4002,0,49.32535,2.400765474817642,1.0009212671684935
3747,2.3998,2.3999,0,49.32535,2.400379284890585,1.0009212671684935
3748,2.3996,2.3997,0,49.32535,2.400067570934351,1.0009212671684935
3749,2.3996,2.3997,0,49.32535,2.399911713956234,1.0009212671684935
3750,2.3982,2.3983,0,49.32535,2.3999851549498743,1.0009212671684935
3751,2.3972,2.3973,0,49.32535,2.398592577474937,1.0009212671684935
3752,2.3957,2.3958,0,49.32535,2.397146288737469,1.0009212671684935
3753,2.3962,2.3963,0,49.32535,2.3966731443687346,1.0009212671684935
3754,2.3966,2.3967,0,49.32535,2.3966438866212405,1.0009212671684935
3755,2.3968,2.3969,0,49.32535,2.3966959244141606,1.0009212671684935
3756,2.3975,2.3976,0,49.32535,2.397120654228317,1.0009212671684935
3757,2.3982,2.3983,0,49.32535,2.397479406229884,1.0009212671684935
3758,2.3987,2.3988,0,49.32535,2.3977371314823537,1.0009212671684935
3759,2.398,2.3981,0,49.32535,2.3978233516128844,1.0009212671684935
3760,2.3977,2.3978,0,49.32535,2.3978530165929706,1.0009212671684935
3761,2.3974,2.3975,0,49.32535,2.397851106070723,1.0009212671684935
3762,2.398,2.3981,0,49.32535,2.397855732516332,1.0009212671684935
3763,2.3976,2.3977,0,49.32535,2.3978496873593733,1.0009212671684935
3764,2.3979,2.398,0,49.32535,2.397847502456713,1.0009212671684935
3765,2.3995,2.3996,0,49.32535,2.3979932603870253,1.0009212671684935
3766,2.3999,2.4,0,49.32535,2.398946630193513,1.0009212671684935
3767,2.3999,2.4,0,49.32535,2.3994233150967563,1.0009212671684935
3768,2.4002,2.4003,0,49.32535,2.3997339890580536,1.0009212671684935
3769,2.3999,2.4,0,49.32535,2.399789326038703,1.0009212671684935
3770,2.3999,2.4,0,49.32535,2.399646905394242,1.0009212671684935
3771,2.3997,2.3998,0,49.32535,2.399576490046768,1.0009212671684935
3772,2.3989,2.399,0,49.32535,2.3995271840698695,1.0009212671684935
3773,2.3993,2.3994,0,49.32535,2.3994785815771387,1.0009212671684935
3774,2.3985,2.3986,0,49.32535,2.399343786926499,1.0009212671684935
3775,2.3979,2.398,0,49.32535,2.3991726123215305,1.0009212671684935
3776,2.3983,2.3984,0,49.32535,2.399049700751527,1.0009212671684935
3777,2.3981,2.3982,0,49.32535,2.398942900497939,1.0009212671684935
3778,2.3963,2.3964,0,49.32535,2.3985934092842296,1.0009212671684935
3779,2.3962,2.3963,0,49.32535,2.397396704642115,1.0009212671684935
3780,2.3963,2.3964,0,49.32535,2.3968483523210575,1.0009212671684935
3781,2.3966,2.3967,0,49.32535,2.396749011392634,1.0009212671684935
3782,2.3954,2.3955,0,49.32535,2.396846724906309,1.0009212671684935
3783,2.3956,2.3957,0,49.32535,2.3964905177902205,1.0009212671684935
3784,2.3956,2.3957,0,49.32535,2.396267888342665,1.0009212671684935
3785,2.3958,2.3959,0,49.32535,2.396303078154093,1.0009212671684935
3786,2.3956,2.3957,0,49.32535,2.3962976658404895,1.0009212671684935
3787,2.3959,2.396,0,49.32535,2.3962812993120477,1.0009212671684935
3788,2.3965,2.3966,0,49.32535,2.396277883508624,1.0009212671684935
3789,2.3963,2.3964,0,49.32535,2.3962763523453887,1.0009212671684935
3790,2.3969,2.397,0,49.32535,2.396300019067188,1.0009212671684935
3791,2.3975,2.3976,0,49.32535,2.3964143995618175,1.0009212671684935
3792,2.3974,2.3975,0,49.32535,2.3965209249422377,1.0009212671684935
3793,2.3994,2.3995,0,49.32535,2.3968698161678326,1.0009212671684935
3794,2.3997,2.3998,0,49.32535,2.3982849080839164,1.0009212671684935
3795,2.4007,2.4008,0,49.32535,2.399492454041958,1.0009212671684935
3796,2.4008,2.4009,0,49.32535,2.4001462270209792,1.0009212671684935
3797,2.4006,2.4007,0,49.32535,2.400297484680653,1.0009212671684935
3798,2.4013,2.4014,0,49.32535,2.400698490808392,1.0009212671684935
3799,2.4011,2.4012,0,49.32535,2.4008323272055945,1.0009212671684935
3800,2.4009,2.401,0,49.32535,2.4008492454041956,1.0009212671684935
3801,2.4002,2.4003,0,49.32535,2.400679810577194,1.0009212671684935
3802,2.3998,2.3999,0,49.32535,2.400394018761687,1.0009212671684935
3803,2.3984,2.3985,0,49.32535,2.4000373720783816,1.0009212671684935
3804,2.3974,2.3975,0,49.32535,2.398718686039191,1.0009212671684935
3805,2.397,2.3971,0,49.32535,2.3978593430195954,1.0009212671684935
3806,2.3977,2.3978,0,49.32535,2.397795605811757,1.0009212671684935
3807,2.3972,2.3973,0,49.32535,2.397990947082325,1.0009212671684935
3808,2.3958,2.3959,0,49.32535,2.3971145682493953,1.0009212671684935
3809,2.3957,2.3958,0,49.32535,2.396407284124698,1.0009212671684935
3810,2.3962,2.3963,0,49.32535,2.3963243704748187,1.0009212671684935
3811,2.3962,2.3963,0,49.32535,2.3962829136498796,1.0009212671684935
3812,2.3967,2.3968,0,49.32535,2.3964280141725824,1.0009212671684935
3813,2.396,2.3961,0,49.32535,2.3965272775924036,1.0009212671684935
3814,2.3958,2.3959,0,49.32535,2.3965551311640025,1.0009212671684935
3815,2.3942,2.3943,0,49.32535,2.3963752122596924,1.0009212671684935
3816,2.3949,2.395,0,49.32535,2.3957851273558153,1.0009212671684935
3817,2.395,2.3951,0,49.32535,2.39552341823721,1.0009212671684935
3818,2.3953,2.3954,0,49.32535,2.395573026304688,1.0009212671684935
3819,2.3946,2.3947,0,49.32535,2.3955514712114123,1.0009212671684935
3820,2.3947,2.3948,0,49.32535,2.3955072705645124,1.0009212671684935
3821,2.3944,2.3945,0,49.32535,2.3954252964393676,1.0009212671684935
3822,2.3935,2.3936,0,49.32535,2.395204791193635,1.0009212671684935
3823,2.3933,2.3934,0,49.32535,2.3942523955968174,1.0009212671684935
3824,2.3924,2.3925,0,49.32535,2.393326197798409,1.0009212671684935
3825,2.3914,2.3915,0,49.32535,2.3923630988992044,1.0009212671684935
3826,2.3918,2.3919,0,49.32535,2.3920815494496024,1.0009212671684935
3827,2.393,2.3931,0,49.32535,2.3924235496738473,1.0009212671684935
3828,2.3924,2.3925,0,49.32535,2.392597365712434,1.0009212671684935
3829,2.3914,2.3915,0,49.32535,2.3926570618583294,1.0009212671684935
3830,2.3933,2.3934,0,49.32535,2.3927526632970926,1.0009212671684935
3831,2.3926,2.3927,0,49.32535,2.3927689491289788,1.0009212671684935
3832,2.3927,2.3928,0,49.32535,2.3927768533400915,1.0009212671684935
3833,2.3944,2.3945,0,49.32535,2.392907834533542,1.0009212671684935
3834,2.3934,2.3935,0,49.32535,2.392991245959133,1.0009212671684935
3835,2.3938,2.3939,0,49.32535,2.393072256705688,1.0009212671684935
3836,2.3933,2.3934,0,49.32535,2.393124034623554,1.0009212671684935
3837,2.3933,2.3934,0,49.32535,2.393159386836388,1.0009212671684935
3838,2.392,2.3921,0,49.32535,2.393104605974183,1.0009212671684935
3839,2.3921,2.3922,0,49.32535,2.39270276358451,1.0009212671684935
3840,2.3921,2.3922,0,49.32535,2.392713786836148,1.0009212671684935
3841,2.3911,2.3912,0,49.32535,2.3926036357400453,1.0009212671684935
3842,2.3909,2.391,0,49.32535,2.3920357571600306,1.0009212671684935
3843,2.3921,2.3922,0,49.32535,2.392060705774178,1.0009212671684935
3844,2.3913,2.3914,0,49.32535,2.3920439891786622,1.0009212671684935
3845,2.3907,2.3908,0,49.32535,2.3919488580745334,1.0009212671684935
3846,2.3897,2.3898,0,49.32535,2.391666581891652,1.0009212671684935
3847,2.3892,2.3893,0,49.32535,2.3904332909458264,1.0009212671684935
3848,2.3893,2.3894,0,49.32535,2.389866645472913,1.0009212671684935
3849,2.3895,2.3896,0,49.32535,2.3897444303152753,1.0009212671684935
3850,2.3892,2.3893,0,49.32535,2.3895629535435168,1.0009212671684935
3851,2.3885,2.3886,0,49.32535,2.389259252531083,1.0009212671684935
3852,2.3875,2.3876,0,49.32535,2.3883796262655417,1.0009212671684935
3853,2.3861,2.3862,0,49.32535,2.387239813132771,1.0009212671684935
3854,2.3856,2.3857,0,49.32535,2.3864199065663856,1.0009212671684935
3855,2.3847,2.3848,0,49.32535,2.3855599532831926,1.0009212671684935
3856,2.3849,2.385,0,49.32535,2.3852959719699154,1.0009212671684935
3857,2.3836,2.3837,0,49.32535,2.3844479859849574,1.0009212671684935
3858,2.3836,2.3837,0,49.32535,2.3841087915909744,1.0009212671684935
3859,2.3831,2.3832,0,49.32535,2.383604395795487,1.0009212671684935
3860,2.3821,2.3822,0,49.32535,2.3828521978977433,1.0009212671684935
3861,2.3817,2.3818,0,49.32535,2.3822760989488714,1.0009212671684935
3862,2.3812,2.3813,0,49.32535,2.3817380494744356,1.0009212671684935
3863,2.3816,2.3817,0,49.32535,2.3816828296846615,1.0009212671684935
3864,2.3812,2.3813,0,49.32535,2.381521886456441,1.0009212671684935
3865,2.3821,2.3822,0,49.32535,2.3818377430477407,1.0009212671684935
3866,2.3815,2.3816,0,49.32535,2.3820162121811412,1.0009212671684935
3867,2.3806,2.3807,0,49.32535,2.381662159135856,1.0009212671684935
3868,2.3806,2.3807,0,49.32535,2.381131079567928,1.0009212671684935
3869,2.3801,2.3802,0,49.32535,2.380615539783964,1.0009212671684935
3870,2.3786,2.3787,0,49.32535,2.379607769891982,1.0009212671684935
3871,2.3805,2.3806,0,49.32535,2.379988120811496,1.0009212671684935
3872,2.3815,2.3816,0,49.32535,2.3805145596326804,1.0009212671684935
3873,2.3793,2.3794,0,49.32535,2.3802109197245103,1.0009212671684935
3874,2.3799,2.38,0,49.32535,2.3802917270488395,1.0009212671684935
3875,2.3806,2.3807,0,49.32535,2.3803875445221334,1.0009212671684935
3876,2.3796,2.3797,0,49.32535,2.380392985448498,1.0009212671684935
3877,2.3797,2.3798,0,49.32535,2.3803532121639197,1.0009212671684935
3878,2.3792,2.3793,0,49.32535,2.380215832916181,1.0009212671684935
3879,2.3788,2.3789,0,49.32535,2.380067902768472,1.0009212671684935
3880,2.3778,2.3779,0,49.32535,2.3797709544716072,1.0009212671684935
3881,2.376,2.3761,0,49.32535,2.377885477235804,1.0009212671684935
3882,2.3742,2.3743,0,49.32535,2.376042738617902,1.0009212671684935
3883,2.3745,2.3746,0,49.32535,2.375271369308951,1.0009212671684935
3884,2.3745,2.3746,0,49.32535,2.3748856846544752,1.0009212671684935
3885,2.3744,2.3745,0,49.32535,2.374691410792685,1.0009212671684935
3886,2.3756,2.3757,0,49.32535,2.3753159668131008,1.0009212671684935
3887,2.3767,2.3768,0,49.32535,2.3758250382971653,1.0009212671684935
3888,2.3764,2.3765,0,49.32535,2.3760855640590854,1.0009212671684935
3889,2.3769,2.377,0,49.32535,2.3762300587405076,1.0009212671684935
3890,2.3758,2.3759,0,49.32535,2.3762631060349984,1.0009212671684935
3891,2.375,2.3751,0,49.32535,2.376175316909127,1.0009212671684935
3892,2.3735,2.3736,0,49.32535,2.3758961925477133,1.0009212671684935
3893,2.3752,2.3753,0,49.32535,2.375754210571417,1.0009212671684935
3894,2.3748,2.3749,0,49.32535,2.375638296091937,1.0009212671684935
3895,2.376,2.3761,0,49.32535,2.3755763391458227,1.0009212671684935
3896,2.3756,2.3757,0,49.32535,2.3755577831164887,1.0009212671684935
3897,2.3754,2.3755,0,49.32535,2.375540629400459,1.0009212671684935
3898,2.3755,2.3756,0,49.32535,2.3755304988630703,1.0009212671684935
3899,2.3759,2.376,0,49.32535,2.375542113980857,1.0009212671684935
3900,2.3754,2.3755,0,49.32535,2.3755427075206255,1.0009212671684935
3901,2.377,2.3771,0,49.32535,2.3756760384961457,1.0009212671684935
3902,2.3766,2.3767,0,49.32535,2.3757376122696283,1.0009212671684935
3903,2.3767,2.3768,0,49.32535,2.3758078731664547,1.0009212671684935
3904,2.3762,2.3763,0,49.32535,2.3758626441739397,1.0009212671684935
3905,2.3764,2.3765,0,49.32535,2.3759125371656857,1.0009212671684935
3906,2.3771,2.3772,0,49.32535,2.3760325400305486,1.0009212671684935
3907,2.3761,2.3762,0,49.32535,2.3760647557623473,1.0009212671684935
3908,2.3752,2.3753,0,49.32535,2.3760738490829123,1.0009212671684935
3909,2.3751,2.3752,0,49.32535,2.375586924541456,1.0009212671684935
3910,2.3752,2.3753,0,49.32535,2.375665063464204,1.0009212671684935
3911,2.3762,2.3763,0,49.32535,2.375686525570554,1.0009212671684935
3912,2.3766,2.3767,0,49.32535,2.3758398083212864,1.0009212671684935
3913,2.3759,2.376,0,49.32535,2.3758522044214025,1.0009212671684935
3914,2.3764,2.3765,0,49.32535,2.3758713493579187,1.0009212671684935
3915,2.38,2.3801,0,49.32535,2.376321085419568,1.0009212671684935
3916,2.3815,2.3816,0,49.32535,2.378910542709784,1.0009212671684935
3917,2.3803,2.3804,0,49.32535,2.379605271354892,1.0009212671684935
3918,2.3796,2.3797,0,49.32535,2.379603162812935,1.0009212671684935
3919,2.3785,2.3786,0,49.32535,2.379004872156357,1.0009212671684935
3920,2.3776,2.3777,0,49.32535,2.378632401237179,1.0009212671684935
3921,2.3787,2.3788,0,49.32535,2.3785154179372894,1.0009212671684935
3922,2.3783,2.3784,0,49.32535,2.378454505500226,1.0009212671684935
3923,2.3793,2.3794,0,49.32535,2.378481531188063,1.0009212671684935
3924,2.3787,2.3788,0,49.32535,2.3784969895702086,1.0009212671684935
3925,2.3776,2.3777,0,49.32535,2.3784657031424246,1.0009212671684935
3926,2.3765,2.3766,0,49.32535,2.3782486058771966,1.0009212671684935
3927,2.3766,2.3767,0,49.32535,2.377424302938598,1.0009212671684935
3928,2.3769,2.377,0,49.32535,2.377214581763159,1.0009212671684935
3929,2.3754,2.3755,0,49.32535,2.3772129473383234,1.0009212671684935
3930,2.3757,2.3758,0,49.32535,2.3767086315588823,1.0009212671684935
3931,2.3744,2.3745,0,49.32535,2.375554315779441,1.0009212671684935
3932,2.3757,2.3758,0,49.32535,2.3757492175569848,1.0009212671684935
3933,2.3758,2.3759,0,49.32535,2.3758575794333425,1.0009212671684935
3934,2.375,2.3751,0,49.32535,2.37590168956941,1.0009212671684935
3935,2.377,2.3771,0,49.32535,2.3763410137416456,1.0009212671684935
3936,2.3767,2.3768,0,49.32535,2.3763220233695703,1.0009212671684935
3937,2.3764,2.3765,0,49.32535,2.3763135745770025,1.0009212671684935
3938,2.3762,2.3763,0,49.32535,2.3763066839341134,1.0009212671684935
3939,2.3761,2.3762,0,49.32535,2.3762945745356037,1.0009212671684935
3940,2.3752,2.3753,0,49.32535,2.3762010983492665,1.0009212671684935
3941,2.3718,2.3719,0,49.32535,2.3757436381122625,1.0009212671684935
3942,2.3728,2.3729,0,49.32535,2.374271819056131,1.0009212671684935
3943,2.3728,2.3729,0,49.32535,2.3735359095280657,1.0009212671684935
3944,2.3737,2.3738,0,49.32535,2.3739306233106383,1.0009212671684935
3945,2.3757,2.3758,0,49.32535,2.3748153116553192,1.0009212671684935
3946,2.3747,2.3748,0,49.32535,2.3747066322927424,1.0009212671684935
3947,2.3747,2.3748,0,49.32535,2.3746705821527905,1.0009212671684935
3948,2.3744,2.3745,0,49.32535,2.3746394354499136,1.0009212671684935
3949,2.3732,2.3733,0,49.32535,2.3744830940157495,1.0009212671684935
3950,2.3735,2.3736,0,49.32535,2.374380873987296,1.0009212671684935
3951,2.3738,2.3739,0,49.32535,2.374302907533094,1.0009212671684935
3952,2.3733,2.3734,0,49.32535,2.374188966312315,1.0009212671684935
3953,2.3731,2.3732,0,49.32535,2.3740791254136484,1.0009212671684935
3954,2.3725,2.3726,0,49.32535,2.3739329001916407,1.0009212671684935
3955,2.373,2.3731,0,49.32535,2.3738157213762214,1.0009212671684935
3956,2.3733,2.3734,0,49.32535,2.37373944372588,1.0009212671684935
3957,2.3741,2.3742,0,49.32535,2.373647403595696,1.0009212671684935
3958,2.3744,2.3745,0,49.32535,2.3736781686701027,1.0009212671684935
3959,2.3734,2.3735,0,49.32535,2.3736747813771264,1.0009212671684935
3960,2.3748,2.3749,0,49.32535,2.3737494097628224,1.0009212671684935
3961,2.3769,2.377,0,49.32535,2.3740816217483336,1.0009212671684935
3962,2.3774,2.3775,0,49.32535,2.375740810874167,1.0009212671684935
3963,2.3774,2.3775,0,49.32535,2.3765704054370835,1.0009212671684935
3964,2.3799,2.38,0,49.32535,2.3782352027185416,1.0009212671684935
3965,2.3792,2.3793,0,49.32535,2.378717601359271,1.0009212671684935
3966,2.3792,2.3793,0,49.32535,2.3789588006796354,1.0009212671684935
3967,2.3791,2.3792,0,49.32535,2.3790152804077813,1.0009212671684935
3968,2.3795,2.3796,0,49.32535,2.3791768536051876,1.0009212671684935
3969,2.3797,2.3798,0,49.32535,2.3793263240037055,1.0009212671684935
3970,2.3799,2.38,0,49.32535,2.379469743002779,1.0009212671684935
3971,2.3804,2.3805,0,49.32535,2.379676466779939,1.0009212671684935
3972,2.3798,2.3799,0,49.32535,2.3797011734239515,1.0009212671684935
3973,2.3784,2.3785,0,49.32535,2.379313115660638,1.0009212671684935
3974,2.3783,2.3784,0,49.32535,2.37906226333377,1.0009212671684935
3975,2.3789,2.379,0,49.32535,2.3789683652388844,1.0009212671684935
3976,2.3792,2.3793,0,49.32535,2.3789579190731867,1.0009212671684935
3977,2.3804,2.3805,0,49.32535,2.3790633767507297,1.0009212671684935
3978,2.3793,2.3794,0,49.32535,2.3790795399961437,1.0009212671684935
3979,2.3794,2.3795,0,49.32535,2.3790972854984838,1.0009212671684935
3980,2.3787,2.3788,1,46.94655,2.379115615062619,1.0009192379456555
3981,2.3795,2.3796,0,49.32605,2.379124550334887,1.00093547172836
3982,2.3804,2.3805,0,49.32605,2.3791980605089487,1.00093547172836
3983,2.3794,2.3795,0,49.32605,2.3792187414932062,1.00093547172836
3984,2.38,2.3801,0,49.32605,2.3792737950662244,1.00093547172836
3985,2.3812,2.3813,0,49.32605,2.379494961596217,1.00093547172836
3986,2.3808,2.3809,0,49.32605,2.3801474807981085,1.00093547172836
3987,2.3809,2.381,0,49.32605,2.3801551450827914,1.00093547172836
3988,2.3811,2.3812,0,49.32605,2.380215544406356,1.00093547172836
3989,2.381,2.3811,0,49.32605,2.380284533991069,1.00093547172836
3990,2.3829,2.383,0,49.32605,2.380592861158065,1.00093547172836
3991,2.3835,2.3836,0,49.32605,2.3820464305790328,1.00093547172836
3992,2.3838,2.3839,0,49.32605,2.3829232152895163,1.00093547172836
3993,2.3833,2.3834,0,49.32605,2.38307392917371,1.00093547172836
3994,2.3838,2.3839,0,49.32605,2.3833159527824734,1.00093547172836
3995,2.3835,2.3836,0,49.32605,2.3833685377017666,1.00093547172836
3996,2.383,2.3831,0,49.32605,2.383194035243931,1.00093547172836
3997,2.3834,2.3835,0,49.32605,2.3831071738934373,1.00093547172836
3998,2.384,2.3841,0,49.32605,2.383089892432939,1.00093547172836
3999,2.3835,2.3836,0,49.32605,2.3830931665247763,1.00093547172836
4000,2.3829,2.383,0,49.32605,2.383089322095532,1.00093547172836
4001,2.3835,2.3836,0,49.32605,2.3830983900185103,1.00093547172836
4002,2.3835,2.3836,0,49.32605,2.3831146508256587,1.00093547172836
4003,2.3832,2.3833,0,49.32605,2.383127363333958,1.00093547172836
4004,2.3831,2.3832,0,49.32605,2.3831351923688167,1.00093547172836
4005,2.3822,2.3823,0,49.32605,2.3831038933792366,1.00093547172836
4006,2.3828,2.3829,0,49.32605,2.3830892180309826,1.00093547172836
4007,2.384,2.3841,0,49.32605,2.3830965380201095,1.00093547172836
4008,2.3838,2.3839,0,49.32605,2.383185942707745,1.00093547172836
4009,2.3859,2.386,0,49.32605,2.3834692498338006,1.00093547172836
4010,2.3845,2.3846,0,49.32605,2.3836369321780513,1.00093547172836
4011,2.383,2.3831,0,49.32605,2.3835815467712647,1.00093547172836
4012,2.3822,2.3823,0,49.32605,2.3835154217792214,1.00093547172836
4013,2.3831,2.3832,0,49.32605,2.38345060502982,1.00093547172836
4014,2.3817,2.3818,0,49.32605,2.383302075546029,1.00093547172836
4015,2.3806,2.3807,0,49.32605,2.3819510377730144,1.00093547172836
4016,2.3809,2.381,0,49.32605,2.381425518886507,1.00093547172836
4017,2.3794,2.3795,0,49.32605,2.380412759443254,1.00093547172836
4018,2.3816,2.3817,0,49.32605,2.3808587889433808,1.00093547172836
4019,2.3834,2.3835,0,49.32605,2.381454741357723,1.00093547172836
4020,2.3821,2.3822,0,49.32605,2.3817571999492517,1.00093547172836
4021,2.3815,2.3816,1,46.94445,2.3818374809465337,1.000933442505522
4022,2.3811,2.3812,1,46.94445,2.3818197005633626,1.00092532561417
4023,2.3813,2.3814,1,46.94445,2.3817760851242618,1.0009293840598459
4024,2.3801,2.3802,1,46.94445,2.381596949729881,1.0009050333857887
4025,2.3796,2.3797,1,46.94445,2.3805984748649403,1.0008948872715984
4026,2.3794,2.3795,1,46.94445,2.37999923743247,1.0008908288259222
4027,2.3806,2.3807,1,46.94445,2.3801863526894125,1.0009151794999793
4028,2.3825,2.3826,0,49.326950000000004,2.3806263257148044,1.000953734733903
4029,2.3828,2.3829,0,49.326950000000004,2.381713162857402,1.000953734733903
4030,2.3827,2.3828,0,49.326950000000004,2.382206581428701,1.000953734733903
4031,2.3832,2.3833,0,49.326950000000004,2.3826039488572204,1.000953734733903
4032,2.3839,2.384,0,49.326950000000004,2.383122369314332,1.000953734733903
4033,2.3847,2.3848,0,49.326950000000004,2.3839111846571663,1.000953734733903
4034,2.3841,2.3842,0,49.326950000000004,2.3839867107943,1.000953734733903
4035,2.3841,2.3842,0,49.326950000000004,2.384024473862867,1.000953734733903
4036,2.384,2.3841,0,49.326950000000004,2.383868298873643,1.000953734733903
4037,2.3826,2.3827,0,49.326950000000004,2.3835293847869226,1.000953734733903
4038,2.3821,2.3822,0,49.326950000000004,2.3832607940435437,1.000953734733903
4039,2.383,2.3831,0,49.326950000000004,2.383184458854518,1.000953734733903
4040,2.384,2.3841,0,49.326950000000004,2.383180528878967,1.000953734733903
4041,2.3848,2.3849,0,49.326950000000004,2.383326145809063,1.000953734733903
4042,2.384,2.3841,0,49.326950000000004,2.3834228098364347,1.000953734733903
4043,2.3824,2.3825,0,49.326950000000004,2.3833891436862826,1.000953734733903
4044,2.3825,2.3826,0,49.326950000000004,2.382944571843141,1.000953734733903
4045,2.383,2.3831,0,49.326950000000004,2.383032176760187,1.000953734733903
4046,2.3838,2.3839,0,49.326950000000004,2.38315573643563,1.000953734733903
4047,2.3845,2.3846,0,49.326950000000004,2.383328489354163,1.000953734733903
4048,2.3859,2.386,0,49.326950000000004,2.3836329346977303,1.000953734733903
4049,2.3862,2.3863,0,49.326950000000004,2.384916467348865,1.000953734733903
4050,2.3854,2.3855,0,49.326950000000004,2.385109880409319,1.000953734733903
4051,2.3846,2.3847,0,49.326950000000004,2.3849501507163495,1.000953734733903
4052,2.3847,2.3848,0,49.326950000000004,2.3847640498288714,1.000953734733903
4053,2.3856,2.3857,0,49.326950000000004,2.384763981473302,1.000953734733903
4054,2.3838,2.3839,0,49.326950000000004,2.3843783888839813,1.000953734733903
4055,2.3835,2.3836,1,46.94335,2.3843824683164123,1.0009517055110648
4056,2.3827,2.3828,1,46.94335,2.3842328543687272,1.00093547172836
4057,2.3859,2.386,0,49.32925,2.3850664271843636,1.0010004068591791
4058,2.3863,2.3864,0,49.32925,2.3856832135921815,1.0010004068591791
4059,2.3867,2.3868,0,49.32925,2.386191606796091,1.0010004068591791
4060,2.3868,2.3869,0,49.32925,2.3864349640776545,1.0010004068591791
4061,2.3873,2.3874,0,49.32925,2.386780978446593,1.0010004068591791
4062,2.3866,2.3867,0,49.32925,2.386532795067201,1.0010004068591791
4063,2.386,2.3861,0,49.32925,2.38638166515423,1.0010004068591791
4064,2.3855,2.3856,0,49.32925,2.3861160361561082,1.0010004068591791
4065,2.3846,2.3847,0,49.32925,2.3858695482790484,1.0010004068591791
4066,2.3844,2.3845,0,49.32925,2.385134774139524,1.0010004068591791
4067,2.3854,2.3855,0,49.32925,2.385210713269816,1.0010004068591791
4068,2.3854,2.3855,0,49.32925,2.3852581497219054,1.0010004068591791
4069,2.3866,2.3867,0,49.32925,2.3854383535747514,1.0010004068591791
4070,2.3876,2.3877,0,49.32925,2.38570858664412,1.0010004068591791
4071,2.3866,2.3867,0,49.32925,2.3858363116240016,1.0010004068591791
4072,2.3866,2.3867,0,49.32925,2.385935699322439,1.0010004068591791
4073,2.3871,2.3872,0,49.32925,2.3860740273397107,1.0010004068591791
4074,2.3866,2.3867,0,49.32925,2.3861455798575184,1.0010004068591791
4075,2.3871,2.3872,0,49.32925,2.386240187689243,1.0010004068591791
4076,2.3887,2.3888,0,49.32925,2.3865799166018835,1.0010004068591791
4077,2.3888,2.3889,0,49.32925,2.3876899583009417,1.0010004068591791
4078,2.388,2.3881,0,49.32925,2.387572293283627,1.0010004068591791
4079,2.3868,2.3869,0,49.32925,2.3874298812699455,1.0010004068591791
4080,2.3863,2.3864,0,49.32925,2.387268905330717,1.0010004068591791
4081,2.3869,2.387,0,49.32925,2.3871893928174623,1.0010004068591791
4082,2.3875,2.3876,0,49.32925,2.3871839115500215,1.0010004068591791
4083,2.387,2.3871,0,49.32925,2.387166029024169,1.0010004068591791
4084,2.3868,2.3869,0,49.32925,2.387140246867805,1.0010004068591791
4085,2.3867,2.3868,0,49.32925,2.38710839612119,1.0010004068591791
4086,2.3856,2.3857,0,49.32925,2.3869256647229737,1.0010004068591791
4087,2.3854,2.3855,0,49.32925,2.386162832361487,1.0010004068591791
4088,2.3854,2.3855,0,49.32925,2.385857699416892,1.0010004068591791
4089,2.3852,2.3853,0,49.32925,2.3855946196501354,1.0010004068591791
4090,2.385,2.3851,0,49.32925,2.38539641310009,1.0010004068591791
4091,2.3858,2.3859,0,49.32925,2.3854933833066845,1.0010004068591791
4092,2.3887,2.3888,0,49.32925,2.385943572435049,1.0010004068591791
4093,2.3886,2.3887,0,49.32925,2.387271786217524,1.0010004068591791
4094,2.3875,2.3876,0,49.32925,2.3870974414006483,1.0010004068591791
4095,2.387,2.3871,0,49.32925,2.3870172602118673,1.0010004068591791
4096,2.3856,2.3857,0,49.32925,2.3868556169790143,1.0010004068591791
4097,2.3861,2.3862,0,49.32925,2.386720797749301,1.0010004068591791
4098,2.3859,2.386,0,49.32925,2.386616980710536,1.0010004068591791
4099,2.3856,2.3857,0,49.32925,2.3864920537489214,1.0010004068591791
4100,2.3853,2.3854,0,49.32925,2.386368701582872,1.0010004068591791
4101,2.3863,2.3864,0,49.32925,2.3863210704282327,1.0010004068591791
4102,2.3888,2.3889,0,49.32925,2.386478228508796,1.0010004068591791
4103,2.3874,2.3875,0,49.32925,2.386626317859136,1.0010004068591791
4104,2.3873,2.3874,0,49.32925,2.386723778529492,1.0010004068591791
4105,2.3883,2.3884,0,49.32925,2.3868862571473395,1.0010004068591791
4106,2.3888,2.3889,0,49.32925,2.3878431285736696,1.0010004068591791
4107,2.3895,2.3896,0,49.32925,2.3886715642868346,1.0010004068591791
4108,2.3893,2.3894,0,49.32925,2.388922938572101,1.0010004068591791
4109,2.3897,2.3898,0,49.32925,2.3892337631432605,1.0010004068591791
4110,2.3899,2.39,0,49.32925,2.389455842095507,1.0010004068591791
4111,2.3919,2.392,0,49.32925,2.3893492502832014,1.0010004068591791
4112,2.3925,2.3926,0,49.32925,2.3909246251416008,1.0010004068591791
4113,2.3935,2.3936,0,49.32925,2.3922123125708,1.0010004068591791
4114,2.3949,2.395,0,49.32925,2.3935561562854,1.0010004068591791
4115,2.3941,2.3942,0,49.32925,2.3938280781427,1.0010004068591791
4116,2.3933,2.3934,0,49.32925,2.3936520520951334,1.0010004068591791
4117,2.393,2.3931,0,49.32925,2.393326026047567,1.0010004068591791
4118,2.3927,2.3928,0,49.32925,2.392828097082005,1.0010004068591791
4119,2.3935,2.3936,0,49.32925,2.3927330196621845,1.0010004068591791
4120,2.3931,2.3932,0,49.32925,2.392707631795142,1.0010004068591791
4121,2.393,2.3931,0,49.32925,2.392707938826989,1.0010004068591791
4122,2.3923,2.3924,0,49.32925,2.392689584558941,1.0010004068591791
4123,2.3922,2.3923,0,49.32925,2.392659791945705,1.0010004068591791
4124,2.3936,2.3937,0,49.32925,2.3926720250468954,1.0010004068591791
4125,2.3932,2.3933,0,49.32925,2.3926980331888723,1.0010004068591791
4126,2.3927,2.3928,0,49.32925,2.3927158256132848,1.0010004068591791
4127,2.3936,2.3937,0,49.32925,2.3928092440813575,1.0010004068591791
4128,2.3927,2.3928,1,46.93645,2.3928227851353348,1.000998377636341
4129,2.3914,2.3915,1,46.93645,2.392745899558757,1.0009719977394458
4130,2.391,2.3911,1,46.93645,2.3918729497793785,1.0009638808480934
4131,2.3912,2.3913,1,46.93645,2.3915364748896892,1.0009679392937696
4132,2.3926,2.3927,1,46.93645,2.3916117264400834,1.000996348413503
4133,2.3935,2.3936,0,49.329950000000004,2.3920296654740922,1.0010146114190457
4134,2.3933,2.3934,0,49.329950000000004,2.3923161254903604,1.0010146114190457
4135,2.3929,2.393,0,49.329950000000004,2.39245233964184,1.0010146114190457
4136,2.3932,2.3933,0,49.329950000000004,2.3925533763618794,1.0010146114190457
4137,2.3929,2.393,0,49.329950000000004,2.39261862073167,1.0010146114190457
4138,2.3931,2.3932,0,49.329950000000004,2.392673865205692,1.0010146114190457
4139,2.3909,2.391,0,49.329950000000004,2.3925804047687462,1.0010146114190457
4140,2.3905,2.3906,0,49.329950000000004,2.3915402023843733,1.0010146114190457
4141,2.3914,2.3915,1,46.93845,2.391766970989194,1.0010125821962077
4142,2.3922,2.3923,0,49.330650000000006,2.391800004801296,1.0010288159789125
4143,2.3926,2.3927,0,49.330650000000006,2.3919673284631076,1.0010288159789125
4144,2.3924,2.3925,0,49.330650000000006,2.3920535559551106,1.0010288159789125
4145,2.3925,2.3926,0,49.330650000000006,2.3921158880530444,1.0010288159789125
4146,2.3915,2.3916,0,49.330650000000006,2.3921136699046954,1.0010288159789125
4147,2.3903,2.3904,0,49.330650000000006,2.391945614837314,1.0010288159789125
4148,2.3908,2.3909,0,49.330650000000006,2.391372807418657,1.0010288159789125
4149,2.39,2.3901,0,49.330650000000006,2.391340876194306,1.0010288159789125
4150,2.3898,2.3899,0,49.330650000000006,2.3907245257165837,1.0010288159789125
4151,2.3905,2.3906,0,49.330650000000006,2.39078534491578,1.0010288159789125
4152,2.3894,2.3895,0,49.330650000000006,2.3907343537212475,1.0010288159789125
4153,2.3884,2.3885,0,49.330650000000006,2.3895671768606235,1.0010288159789125
4154,2.388,2.3881,0,49.330650000000006,2.3887835884303117,1.0010288159789125
4155,2.3872,2.3873,0,49.330650000000006,2.387991794215156,1.0010288159789125
4156,2.3875,2.3876,0,49.330650000000006,2.387795076529094,1.0010288159789125
4157,2.3872,2.3873,0,49.330650000000006,2.387596717686063,1.0010288159789125
4158,2.3874,2.3875,0,49.330650000000006,2.387540512632902,1.0010288159789125
4159,2.3864,2.3865,0,49.330650000000006,2.3877208950432007,1.0010288159789125
4160,2.3868,2.3869,0,49.330650000000006,2.387490671282401,1.0010288159789125
4161,2.386,2.3861,0,49.330650000000006,2.3867453356412005,1.0010288159789125
4162,2.3863,2.3864,0,49.330650000000006,2.3866463721653783,1.0010288159789125
4163,2.3873,2.3874,0,49.330650000000006,2.3867542272241526,1.0010288159789125
4164,2.387,2.3871,0,49.330650000000006,2.3868352124241,1.0010288159789125
4165,2.3876,2.3877,0,49.330650000000006,2.387023354574988,1.0010288159789125
4166,2.3875,2.3876,0,49.330650000000006,2.3871292094200496,1.0010288159789125
4167,2.388,2.3881,0,49.330650000000006,2.3872397236131104,1.0010288159789125
4168,2.3892,2.3893,0,49.330650000000006,2.387508351260786,1.0010288159789125
4169,2.3889,2.389,0,49.330650000000006,2.388204175630393,1.0010288159789125
4170,2.3888,2.3889,0,49.330650000000006,2.3881829950880267,1.0010288159789125
4171,2.3877,2.3878,0,49.330650000000006,2.3881174245253316,1.0010288159789125
4172,2.3873,2.3874,0,49.330650000000006,2.388016288883744,1.0010288159789125
4173,2.3877,2.3878,0,49.330650000000006,2.3879695374127814,1.0010288159789125
4174,2.3872,2.3873,0,49.330650000000006,2.3878829700926762,1.0010288159789125
4175,2.3876,2.3877,0,49.330650000000006,2.387843547387977,1.0010288159789125
4176,2.3859,2.386,0,49.330650000000006,2.387618478851484,1.0010288159789125
4177,2.3862,2.3863,0,49.330650000000006,2.3870510873108906,1.0010288159789125
4178,2.3858,2.3859,0,49.330650000000006,2.386425543655445,1.0010288159789125
4179,2.387,2.3871,0,49.330650000000006,2.3865283531992816,1.0010288159789125
4180,2.3871,2.3872,0,49.330650000000006,2.386608426541092,1.0010288159789125
4181,2.3872,2.3873,0,49.330650000000006,2.386675488923837,1.0010288159789125
4182,2.3872,2.3873,0,49.330650000000006,2.386732367656366,1.0010288159789125
4183,2.3869,2.387,0,49.330650000000006,2.3867732866426965,1.0010288159789125
4184,2.3869,2.387,0,49.330650000000006,2.3868031418181688,1.0010288159789125
4185,2.3865,2.3866,0,49.330650000000006,2.386816099137814,1.0010288159789125
4186,2.3857,2.3858,0,49.330650000000006,2.3867646123327964,1.0010288159789125
4187,2.3865,2.3866,0,49.330650000000006,2.3867522457011465,1.0010288159789125
4188,2.3866,2.3867,0,49.330650000000006,2.386740811357787,1.0010288159789125
4189,2.3858,2.3859,0,49.330650000000006,2.386707401054968,1.0010288159789125
4190,2.386,2.3861,0,49.330650000000006,2.38666911350014,1.0010288159789125
4191,2.3863,2.3864,0,49.330650000000006,2.386643077607954,1.0010288159789125
4192,2.3867,2.3868,0,49.330650000000006,2.386625454007064,1.0010288159789125
4193,2.3873,2.3874,0,49.330650000000006,2.3866139507962187,1.0010288159789125
4194,2.3869,2.387,0,49.330650000000006,2.3866169821057546,1.0010288159789125
4195,2.3883,2.3884,0,49.330650000000006,2.3867842446660013,1.0010288159789125
4196,2.3885,2.3886,0,49.330650000000006,2.3874705467996007,1.0010288159789125
4197,2.3895,2.3896,0,49.330650000000006,2.3884852733998003,1.0010288159789125
4198,2.3885,2.3886,0,49.330650000000006,2.388211419116645,1.0010288159789125
4199,2.3885,2.3886,0,49.330650000000006,2.388116877569497,1.0010288159789125
4200,2.3884,2.3885,0,49.330650000000006,2.3880873839854018,1.0010288159789125
4201,2.3885,2.3886,0,49.330650000000006,2.38809105731238,1.0010288159789125
4202,2.3886,2.3887,0,49.330650000000006,2.3881136242861913,1.0010288159789125
4203,2.3885,2.3886,0,49.330650000000006,2.3881405990335125,1.0010288159789125
4204,2.3896,2.3897,0,49.330650000000006,2.3882048947828767,1.0010288159789125
4205,2.3909,2.391,0,49.330650000000006,2.388568266977581,1.0010288159789125
4206,2.3915,2.3916,0,49.330650000000006,2.3900341334887907,1.0010288159789125
4207,2.3906,2.3907,0,49.330650000000006,2.3902604800932745,1.0010288159789125
4208,2.391,2.3911,0,49.330650000000006,2.39050698672885,1.0010288159789125
4209,2.3911,2.3912,0,49.330650000000006,2.3907046578192332,1.0010288159789125
4210,2.3908,2.3909,0,49.330650000000006,2.3905837577860742,1.0010288159789125
4211,2.3905,2.3906,0,49.330650000000006,2.3905144281604693,1.0010288159789125
4212,2.3911,2.3912,0,49.330650000000006,2.3904939687760756,1.0010288159789125
4213,2.3915,2.3916,0,49.330650000000006,2.3905188340822474,1.0010288159789125
4214,2.3921,2.3922,0,49.330650000000006,2.3907032651212328,1.0010288159789125
4215,2.3922,2.3923,0,49.330650000000006,2.39130195907274,1.0010288159789125
4216,2.3913,2.3914,0,49.330650000000006,2.391279792945818,1.0010288159789125
4217,2.3904,2.3905,0,49.330650000000006,2.391149937983352,1.0010288159789125
4218,2.3904,2.3905,0,49.330650000000006,2.391028639318402,1.0010288159789125
4219,2.3904,2.3905,0,49.330650000000006,2.390943222350353,1.0010288159789125
4220,2.391,2.3911,0,49.330650000000006,2.3909327216052074,1.0010288159789125
4221,2.3908,2.3909,0,49.330650000000006,2.39092294651563,1.0010288159789125
4222,2.3919,2.392,0,49.330650000000006,2.3909777789072684,1.0010288159789125
4223,2.3906,2.3907,0,49.330650000000006,2.3909724846387874,1.0010288159789125
4224,2.3891,2.3892,0,49.330650000000006,2.390794678332664,1.0010288159789125
4225,2.3883,2.3884,0,49.330650000000006,2.3895473391663318,1.0010288159789125
4226,2.3885,2.3886,0,49.330650000000006,2.3890236695831657,1.0010288159789125
4227,2.3885,2.3886,0,49.330650000000006,2.3888142017498994,1.0010288159789125
4228,2.3898,2.3899,0,49.330650000000006,2.3892396361309474,1.0010288159789125
4229,2.3898,2.3899,0,49.330650000000006,2.3894196229370395,1.0010288159789125
4230,2.3904,2.3905,0,49.330650000000006,2.3896191945737746,1.0010288159789125
4231,2.3906,2.3907,0,49.330650000000006,2.3897558402313406,1.0010288159789125
4232,2.3906,2.3907,0,49.330650000000006,2.389862901925718,1.0010288159789125
4233,2.3903,2.3904,0,49.330650000000006,2.3899356631373374,1.0010288159789125
4234,2.3909,2.391,0,49.330650000000006,2.390016704068855,1.0010288159789125
4235,2.3913,2.3914,0,49.330650000000006,2.3901402026925758,1.0010288159789125
4236,2.3916,2.3917,0,49.330650000000006,2.390269709820952,1.0010288159789125
4237,2.3912,2.3913,0,49.330650000000006,2.3903582597849895,1.0010288159789125
4238,2.3908,2.3909,0,49.330650000000006,2.390425983330043,1.0010288159789125
4239,2.391,2.3911,0,49.330650000000006,2.3904846629505654,1.0010288159789125
4240,2.3916,2.3917,0,49.330650000000006,2.390562470758364,1.0010288159789125
4241,2.3905,2.3906,1,46.94005000000001,2.3906033969381726,1.0010267867560745
4242,2.3908,2.3909,0,49.330850000000005,2.390635071797746,1.0010328744245887
4243,2.3888,2.3889,0,49.330850000000005,2.390558952368547,1.0010328744245887
4244,2.3888,2.3889,0,49.330850000000005,2.3896794761842735,1.0010328744245887
4245,2.3888,2.3889,0,49.330850000000005,2.3892397380921366,1.0010328744245887
4246,2.3877,2.3878,0,49.330850000000005,2.3886238428552824,1.0010328744245887
4247,2.3869,2.387,0,49.330850000000005,2.387761921427641,1.0010328744245887
4248,2.3865,2.3866,0,49.330850000000005,2.3871309607138205,1.0010328744245887
4249,2.3855,2.3856,0,49.330850000000005,2.3863154803569104,1.0010328744245887
4250,2.3859,2.386,0,49.330850000000005,2.3861492882141464,1.0010328744245887
4251,2.3866,2.3867,0,49.330850000000005,2.3862780630101046,1.0010328744245887
4252,2.3865,2.3866,0,49.330850000000005,2.386527395800333,1.0010328744245887
4253,2.3864,2.3865,0,49.330850000000005,2.38665824819903,1.0010328744245887
4254,2.3862,2.3863,0,49.330850000000005,2.3867230028285427,1.0010328744245887
4255,2.3869,2.387,0,49.330850000000005,2.386762569195031,1.0010328744245887
4256,2.3874,2.3875,0,49.330850000000005,2.3868373042457516,1.0010328744245887
4257,2.3875,2.3876,0,49.330850000000005,2.386905643567336,1.0010328744245887
4258,2.3875,2.3876,0,49.330850000000005,2.3869669339622472,1.0010328744245887
4259,2.3874,2.3875,0,49.330850000000005,2.3870177844988874,1.0010328744245887
4260,2.3867,2.3868,0,49.330850000000005,2.3870313646161745,1.0010328744245887
4261,2.3864,2.3865,0,49.330850000000005,2.3870270097301503,1.0010328744245887
4262,2.3855,2.3856,0,49.330850000000005,2.386874829081653,1.0010328744245887
4263,2.3854,2.3855,0,49.330850000000005,2.386284897448992,1.0010328744245887
4264,2.3853,2.3854,0,49.330850000000005,2.385956598299328,1.0010328744245887
4265,2.3855,2.3856,0,49.330850000000005,2.386005493516966,1.0010328744245887
4266,2.3858,2.3859,0,49.330850000000005,2.3860211561388502,1.0010328744245887
4267,2.3866,2.3867,0,49.330850000000005,2.3860336508306546,1.0010328744245887
4268,2.3863,2.3864,0,49.330850000000005,2.38604663148758,1.0010328744245887
4269,2.3868,2.3869,0,49.330850000000005,2.386131232156078,1.0010328744245887
4270,2.3875,2.3876,0,49.330850000000005,2.38628615389138,1.0010328744245887
4271,2.3874,2.3875,0,49.330850000000005,2.386657435927587,1.0010328744245887
4272,2.3885,2.3886,0,49.330850000000005,2.3868336826581777,1.0010328744245887
4273,2.3877,2.3878,0,49.330850000000005,2.3869091111867906,1.0010328744245887
4274,2.3878,2.3879,0,49.330850000000005,2.3870082890542963,1.0010328744245887
4275,2.3897,2.3898,0,49.330850000000005,2.3872851953783063,1.0010328744245887
4276,2.3897,2.3898,0,49.330850000000005,2.388492597689153,1.0010328744245887
4277,2.3886,2.3887,0,49.330850000000005,2.3884190267499843,1.0010328744245887
4278,2.3879,2.388,0,49.330850000000005,2.3882665022916303,1.0010328744245887
4279,2.388,2.3881,0,49.330850000000005,2.388179878441246,1.0010328744245887
4280,2.3877,2.3878,0,49.330850000000005,2.3881166285672113,1.0010328744245887
4281,2.3874,2.3875,0,49.330850000000005,2.3880473215843665,1.0010328744245887
4282,2.3878,2.3879,0,49.330850000000005,2.388002070445147,1.0010328744245887
4283,2.3878,2.3879,0,49.330850000000005,2.387969745637812,1.0010328744245887
4284,2.3864,2.3865,0,49.330850000000005,2.387848161968913,1.0010328744245887
4285,2.387,2.3871,0,49.330850000000005,2.3877696805552158,1.0010328744245887
4286,2.3868,2.3869,0,49.330850000000005,2.3876894709980907,1.0010328744245887
4287,2.3865,2.3866,0,49.330850000000005,2.3875830773404605,1.0010328744245887
4288,2.385,2.3851,0,49.330850000000005,2.3871959157542664,1.0010328744245887
4289,2.3847,2.3848,0,49.330850000000005,2.385947957877133,1.0010328744245887
4290,2.3851,2.3852,0,49.330850000000005,2.38560877472628,1.0010328744245887
4291,2.3848,2.3849,0,49.330850000000005,2.385285264835768,1.0010328744245887
4292,2.3845,2.3846,0,49.330850000000005,2.3850235098905124,1.0010328744245887
4293,2.3832,2.3833,0,49.330850000000005,2.3841117549452564,1.0010328744245887
4294,2.3824,2.3825,0,49.330850000000005,2.383255877472628,1.0010328744245887
4295,2.3814,2.3815,0,49.330850000000005,2.382327938736314,1.0010328744245887
4296,2.3816,2.3817,0,49.330850000000005,2.381963969368157,1.0010328744245887
4297,2.3818,2.3819,0,49.330850000000005,2.381909312912105,1.0010328744245887
4298,2.3814,2.3815,0,49.330850000000005,2.3817395419414034,1.0010328744245887
4299,2.381,2.3811,0,49.330850000000005,2.3815282442438592,1.0010328744245887
4300,2.3805,2.3806,0,49.330850000000005,2.381234460174185,1.0010328744245887
4301,2.3805,2.3806,0,49.330850000000005,2.381050845130639,1.0010328744245887
4302,2.3808,2.3809,0,49.330850000000005,2.3809951017682747,1.0010328744245887
4303,2.3801,2.3802,0,49.330850000000005,2.381115680002421,1.0010328744245887
4304,2.381,2.3811,0,49.330850000000005,2.3811532807639884,1.0010328744245887
4305,2.3811,2.3812,0,49.330850000000005,2.38117545520794,1.0010328744245887
4306,2.3818,2.3819,0,49.330850000000005,2.38128212450611,1.0010328744245887
4307,2.3807,2.3808,0,49.330850000000005,2.3812794722291137,1.0010328744245887
4308,2.381,2.3811,0,49.330850000000005,2.381271493053932,1.0010328744245887
4309,2.3816,2.3817,0,49.330850000000005,2.3812755015177154,1.0010328744245887
4310,2.3815,2.3816,0,49.330850000000005,2.381280947855086,1.0010328744245887
4311,2.3819,2.382,0,49.330850000000005,2.381313882008228,1.0010328744245887
4312,2.3815,2.3816,0,49.330850000000005,2.381326697115569,1.0010328744245887
4313,2.3818,2.3819,0,49.330850000000005,2.3813595009083532,1.0010328744245887
4314,2.3816,2.3817,0,49.330850000000005,2.381386918359733,1.0010328744245887
4315,2.381,2.3811,0,49.330850000000005,2.3813905543169875,1.0010328744245887
4316,2.3815,2.3816,0,49.330850000000005,2.381394815599764,1.0010328744245887
4317,2.3815,2.3816,0,49.330850000000005,2.3813994136782757,1.0010328744245887
4318,2.3814,2.3815,0,49.330850000000005,2.3814027498584815,1.0010328744245887
4319,2.3815,2.3816,0,49.330850000000005,2.3814064859375743,1.0010328744245887
4320,2.3811,2.3812,0,49.330850000000005,2.3814052348792805,1.0010328744245887
4321,2.3809,2.381,0,49.330850000000005,2.381397722907989,1.0010328744245887
4322,2.3789,2.379,0,49.330850000000005,2.3811307071599384,1.0010328744245887
4323,2.3783,2.3784,0,49.330850000000005,2.379715353579969,1.0010328744245887
4324,2.3787,2.3788,0,49.330850000000005,2.379207676789984,1.0010328744245887
4325,2.3788,2.3789,0,49.330850000000005,2.3790446060739905,1.0010328744245887
4326,2.3775,2.3776,0,49.330850000000005,2.379171892503062,1.0010328744245887
4327,2.3761,2.3762,0,49.330850000000005,2.377635946251531,1.0010328744245887
4328,2.3762,2.3763,0,49.330850000000005,2.3769179731257655,1.0010328744245887
4329,2.3754,2.3755,0,49.330850000000005,2.3761589865628827,1.0010328744245887
4330,2.3756,2.3757,0,49.330850000000005,2.3759353919377295,1.0010328744245887
4331,2.3767,2.3768,0,49.330850000000005,2.3763193117539907,1.0010328744245887
4332,2.3779,2.378,0,49.330850000000005,2.3768556559520766,1.0010328744245887
4333,2.3774,2.3775,0,49.330850000000005,2.377124555310196,1.0010328744245887
4334,2.3763,2.3764,0,49.330850000000005,2.377138573193881,1.0010328744245887
4335,2.376,2.3761,0,49.330850000000005,2.377058004895013,1.0010328744245887
4336,2.3755,2.3756,0,49.330850000000005,2.3762790024475064,1.0010328744245887
4337,2.3759,2.376,0,49.330850000000005,2.376392103499207,1.0010328744245887
4338,2.3757,2.3758,0,49.330850000000005,2.3763964264446478,1.0010328744245887
4339,2.3758,2.3759,0,49.330850000000005,2.376367464370067,1.0010328744245887
4340,2.3758,2.3759,0,49.330850000000005,2.3763268603832897,1.0010328744245887
4341,2.3755,2.3756,0,49.330850000000005,2.3762713042538035,1.0010328744245887
4342,2.3748,2.3749,0,49.330850000000005,2.376176503716704,1.0010328744245887
4343,2.3744,2.3745,0,49.330850000000005,2.375668931226217,1.0010328744245887
4344,2.3728,2.3729,0,49.330850000000005,2.375372568294039,1.0010328744245887
4345,2.3733,2.3734,0,49.330850000000005,2.3743362841470192,1.0010328744245887
4346,2.3742,2.3743,0,49.330850000000005,2.374426679076232,1.0010328744245887
4347,2.3732,2.3733,0,49.330850000000005,2.374413967796075,1.0010328744245887
4348,2.3717,2.3718,0,49.330850000000005,2.3741568433126665,1.0010328744245887
4349,2.3708,2.3709,0,49.330850000000005,2.372478421656333,1.0010328744245887
4350,2.3706,2.3707,0,49.330850000000005,2.3715392108281668,1.0010328744245887
4351,2.3693,2.3694,0,49.330850000000005,2.3704196054140834,1.0010328744245887
4352,2.3676,2.3677,0,49.330850000000005,2.3690098027070414,1.0010328744245887
4353,2.3667,2.3668,0,49.330850000000005,2.3678549013535206,1.0010328744245887
4354,2.3674,2.3675,0,49.330850000000005,2.3676274506767605,1.0010328744245887
4355,2.3682,2.3683,0,49.330850000000005,2.367818300451174,1.0010328744245887
4356,2.3704,2.3705,0,49.330850000000005,2.3687937615714105,1.0010328744245887
4357,2.3709,2.371,0,49.330850000000005,2.369384290068652,1.0010328744245887
4358,2.3701,2.3702,0,49.330850000000005,2.369690934447646,1.0010328744245887
4359,2.371,2.3711,0,49.330850000000005,2.3698864955573056,1.0010328744245887
4360,2.3707,2.3708,0,49.330850000000005,2.3700158011289965,1.0010328744245887
4361,2.3721,2.3722,0,49.330850000000005,2.3703110692213802,1.0010328744245887
4362,2.372,2.3721,0,49.330850000000005,2.370986641532828,1.0010328744245887
4363,2.3727,2.3728,0,49.330850000000005,2.371843320766414,1.0010328744245887
4364,2.3725,2.3726,0,49.330850000000005,2.3721059924598484,1.0010328744245887
4365,2.372,2.3721,0,49.330850000000005,2.3719632553433767,1.0010328744245887
4366,2.3724,2.3725,0,49.330850000000005,2.371885842023078,1.0010328744245887
4367,2.3724,2.3725,0,49.330850000000005,2.3718696264832406,1.0010328744245887
4368,2.3731,2.3732,0,49.330850000000005,2.371910493704612,1.0010328744245887
4369,2.3721,2.3722,0,49.330850000000005,2.371935741129824,1.0010328744245887
4370,2.3718,2.3719,0,49.330850000000005,2.371947834163039,1.0010328744245887
4371,2.3705,2.3706,0,49.330850000000005,2.3718434222002243,1.0010328744245887
4372,2.3701,2.3702,0,49.330850000000005,2.370971711100112,1.0010328744245887
4373,2.3705,2.3706,0,49.330850000000005,2.3707830266600673,1.0010328744245887
4374,2.3703,2.3704,0,49.330850000000005,2.370907243032275,1.0010328744245887
4375,2.37,2.3701,0,49.330850000000005,2.370903074394707,1.0010328744245887
4376,2.3699,2.37,0,49.330850000000005,2.370616481710505,1.0010328744245887
4377,2.3698,2.3699,0,49.330850000000005,2.3705992904289226,1.0010328744245887
4378,2.3703,2.3704,0,49.330850000000005,2.3705778208236583,1.0010328744245887
4379,2.3704,2.3705,0,49.330850000000005,2.3705607640598045,1.0010328744245887
4380,2.369,2.3691,0,49.330850000000005,2.3704741202630846,1.0010328744245887
4381,2.368,2.3681,0,49.330850000000005,2.3692370601315424,1.0010328744245887
4382,2.3682,2.3683,0,49.330850000000005,2.368718530065771,1.0010328744245887
4383,2.3689,2.369,0,49.330850000000005,2.3689935654289025,1.0010328744245887
4384,2.3674,2.3675,0,49.330850000000005,2.3690126871214288,1.0010328744245887
4385,2.368,2.3681,0,49.330850000000005,2.368723347943878,1.0010328744245887
4386,2.3676,2.3677,0,49.330850000000005,2.3686986079464987,1.0010328744245887
4387,2.3667,2.3668,0,49.330850000000005,2.3685289644620537,1.0010328744245887
4388,2.3667,2.3668,0,49.330850000000005,2.367919309641369,1.0010328744245887
4389,2.3663,2.3664,0,49.330850000000005,2.367271585784821,1.0010328744245887
4390,2.3662,2.3663,0,49.330850000000005,2.366914390523214,1.0010328744245887
4391,2.366,2.3661,0,49.330850000000005,2.366609593682143,1.0010328744245887
4392,2.3657,2.3658,0,49.330850000000005,2.366349709772959,1.0010328744245887
4393,2.3662,2.3663,0,49.330850000000005,2.36644201302078,1.0010328744245887
4394,2.367,2.3671,0,49.330850000000005,2.3665029755399436,1.0010328744245887
4395,2.3679,2.368,0,49.330850000000005,2.3667546738255103,1.0010328744245887
4396,2.3672,2.3673,0,49.330850000000005,2.3668694351680224,1.0010328744245887
4397,2.3663,2.3664,0,49.330850000000005,2.3668751751370833,1.0010328744245887
4398,2.3667,2.3668,0,49.330850000000005,2.366874422616565,1.0010328744245887
4399,2.366,2.3661,0,49.330850000000005,2.3668091042883534,1.0010328744245887
4400,2.3656,2.3657,0,49.330850000000005,2.3666891040698967,1.0010328744245887
4401,2.3651,2.3652,0,49.330850000000005,2.366471003565853,1.0010328744245887
4402,2.3657,2.3658,0,49.330850000000005,2.366379966899149,1.0010328744245887
4403,2.3657,2.3658,0,49.330850000000005,2.3663025064718957,1.0010328744245887
4404,2.3645,2.3646,0,49.330850000000005,2.3661298869422103,1.0010328744245887
4405,2.3645,2.3646,0,49.330850000000005,2.3656642049587218,1.0010328744245887
4406,2.3652,2.3653,0,49.330850000000005,2.365624880217683,1.0010328744245887
4407,2.3655,2.3656,0,49.330850000000005,2.3656023273422577,1.0010328744245887
4408,2.3666,2.3667,0,49.330850000000005,2.365646893975046,1.0010328744245887
4409,2.3677,2.3678,0,49.330850000000005,2.365851771781637,1.0010328744245887
4410,2.3678,2.3679,0,49.330850000000005,2.3668258858908184,1.0010328744245887
4411,2.3691,2.3692,0,49.330850000000005,2.367962942945409,1.0010328744245887
4412,2.37,2.3701,0,49.330850000000005,2.3689814714727047,1.0010328744245887
4413,2.3699,2.37,0,49.330850000000005,2.3694407357363523,1.0010328744245887
4414,2.3705,2.3706,0,49.330850000000005,2.3698644414418113,1.0010328744245887
4415,2.371,2.3711,0,49.330850000000005,2.3703186648650867,1.0010328744245887
4416,2.3717,2.3718,0,49.330850000000005,2.3710093324325436,1.0010328744245887
4417,2.3713,2.3714,0,49.330850000000005,2.37109238030896,1.0010328744245887
4418,2.3704,2.3705,0,49.330850000000005,2.3708136924934573,1.0010328744245887
4419,2.37,2.3701,0,49.330850000000005,2.3703406901673096,1.0010328744245887
4420,2.37,2.3701,0,49.330850000000005,2.3701611119393116,1.0010328744245887
4421,2.3685,2.3686,0,49.330850000000005,2.3698999060321935,1.0010328744245887
4422,2.3679,2.368,0,49.330850000000005,2.368899953016097,1.0010328744245887
4423,2.3674,2.3675,0,49.330850000000005,2.3681499765080485,1.0010328744245887
4424,2.3677,2.3678,0,49.330850000000005,2.3679699859048293,1.0010328744245887
4425,2.3684,2.3685,0,49.330850000000005,2.3682064758505983,1.0010328744245887
4426,2.3683,2.3684,0,49.330850000000005,2.368321900975862,1.0010328744245887
4427,2.3674,2.3675,1,46.963350000000005,2.3683390205978325,1.0010308452017507
4428,2.3684,2.3685,0,49.33175000000001,2.368350822387682,1.0010511374301314
4429,2.3677,2.3678,0,49.33175000000001,2.3683339153259526,1.0010511374301314
4430,2.3679,2.368,0,49.33175000000001,2.3683095106172884,1.0010511374301314
4431,2.3663,2.3664,0,49.33175000000001,2.3680819009838583,1.0010511374301314
4432,2.3667,2.3668,0,49.33175000000001,2.3675291405903147,1.0010511374301314
4433,2.3675,2.3676,0,49.33175000000001,2.3675418579314678,1.0010511374301314
4434,2.3677,2.3678,0,49.33175000000001,2.367554015756429,1.0010511374301314
4435,2.3679,2.368,0,49.33175000000001,2.367605041256334,1.0010511374301314
4436,2.368,2.3681,0,49.33175000000001,2.3676498522180327,1.0010511374301314
4437,2.3677,2.3678,0,49.33175000000001,2.3676590127521187,1.0010511374301314
4438,2.3685,2.3686,0,49.33175000000001,2.3677198317897794,1.0010511374301314
4439,2.3676,2.3677,1,46.96405000000001,2.3677300932876686,1.0010491082072934
4440,2.368,2.3681,0,49.33205000000001,2.3677550204650086,1.0010572250986458
4441,2.3685,2.3686,0,49.33205000000001,2.36779842660054,1.0010572250986458
4442,2.3688,2.3689,0,49.33205000000001,2.3678573649092676,1.0010572250986458
4443,2.3692,2.3693,0,49.33205000000001,2.3680418111523567,1.0010572250986458
4444,2.3694,2.3695,0,49.33205000000001,2.368199580909235,1.0010572250986458
4445,2.3697,2.3698,0,49.33205000000001,2.368376571630609,1.0010572250986458
4446,2.3692,2.3693,0,49.33205000000001,2.3684864054879613,1.0010572250986458
4447,2.3704,2.3705,0,49.33205000000001,2.36869224497804,1.0010572250986458
4448,2.3719,2.372,0,49.33205000000001,2.37029612248902,1.0010572250986458
4449,2.3724,2.3725,0,49.33205000000001,2.37134806124451,1.0010572250986458
4450,2.3724,2.3725,0,49.33205000000001,2.371874030622255,1.0010572250986458
4451,2.372,2.3721,0,49.33205000000001,2.3719244183733528,1.0010572250986458
4452,2.3718,2.3719,0,49.33205000000001,2.3718888702666807,1.0010572250986458
4453,2.3714,2.3715,0,49.33205000000001,2.3716811868950325,1.0010572250986458
4454,2.371,2.3711,0,49.33205000000001,2.371540382353122,1.0010572250986458
4455,2.3706,2.3707,0,49.33205000000001,2.371348985147776,1.0010572250986458
4456,2.3696,2.3697,0,49.33205000000001,2.3710333887845128,1.0010572250986458
4457,2.3685,2.3686,0,49.33205000000001,2.3697666943922564,1.0010572250986458
4458,2.3686,2.3687,0,49.33205000000001,2.3691833471961283,1.0010572250986458
4459,2.3678,2.3679,0,49.33205000000001,2.368491673598064,1.0010572250986458
4460,2.3681,2.3682,0,49.33205000000001,2.3683350041588387,1.0010572250986458
4461,2.3676,2.3677,0,49.33205000000001,2.368090002772559,1.0010572250986458
4462,2.3678,2.3679,0,49.33205000000001,2.3680071448375424,1.0010572250986458
4463,2.3678,2.3679,0,49.33205000000001,2.3679553586281568,1.0010572250986458
4464,2.3683,2.3684,0,49.33205000000001,2.3680755364180452,1.0010572250986458
4465,2.3683,2.3684,0,49.33205000000001,2.3681544674527544,1.0010572250986458
4466,2.3681,2.3682,0,49.33205000000001,2.3682055050064768,1.0010572250986458
4467,2.3687,2.3688,0,49.33205000000001,2.3682482464178447,1.0010572250986458
4468,2.3682,2.3683,0,49.33205000000001,2.368274469885728,1.0010572250986458
4469,2.3682,2.3683,0,49.33205000000001,2.3682898290068706,1.0010572250986458
4470,2.3683,2.3684,0,49.33205000000001,2.3683002704906557,1.0010572250986458
4471,2.3676,2.3677,0,49.33205000000001,2.3682918304053957,1.0010572250986458
4472,2.3678,2.3679,0,49.33205000000001,2.368275623066549,1.0010572250986458
4473,2.3679,2.368,0,49.33205000000001,2.3682569842634655,1.0010572250986458
4474,2.3679,2.368,0,49.33205000000001,2.3682373099826144,1.0010572250986458
4475,2.3683,2.3684,0,49.33205000000001,2.368225364506854,1.0010572250986458
4476,2.3679,2.368,0,49.33205000000001,2.3682108877346355,1.0010572250986458
4477,2.3674,2.3675,0,49.33205000000001,2.368187255176834,1.0010572250986458
4478,2.3679,2.368,0,49.33205000000001,2.3681658999155237,1.0010572250986458
4479,2.3683,2.3684,0,49.33205000000001,2.3681531735735244,1.0010572250986458
4480,2.3683,2.3684,0,49.33205000000001,2.368146016066224,1.0010572250986458
4481,2.3669,2.367,0,49.33205000000001,2.368106439788395,1.0010572250986458
4482,2.3677,2.3678,0,49.33205000000001,2.3680853751969484,1.0010572250986458
4483,2.3684,2.3685,0,49.33205000000001,2.3680744628650885,1.0010572250986458
4484,2.3685,2.3686,0,49.33205000000001,2.3680528822264004,1.0010572250986458
4485,2.3692,2.3693,0,49.33205000000001,2.3681483372172645,1.0010572250986458
4486,2.369,2.3691,0,49.33205000000001,2.3682259863228174,1.0010572250986458
4487,2.3688,2.3689,0,49.33205000000001,2.3682921086930593,1.0010572250986458
4488,2.3681,2.3682,0,49.33205000000001,2.368298188780907,1.0010572250986458
4489,2.3693,2.3694,0,49.33205000000001,2.3683630022966553,1.0010572250986458
4490,2.3702,2.3703,0,49.33205000000001,2.368503884383198,1.0010572250986458
4491,2.3701,2.3702,0,49.33205000000001,2.3693019421915986,1.0010572250986458
4492,2.3713,2.3714,0,49.33205000000001,2.369393711829534,1.0010572250986458
4493,2.3721,2.3722,0,49.33205000000001,2.370746855914767,1.0010572250986458
4494,2.3724,2.3725,0,49.33205000000001,2.3715734279573835,1.0010572250986458
4495,2.3741,2.3742,0,49.33205000000001,2.3728367139786917,1.0010572250986458
4496,2.3739,2.374,0,49.33205000000001,2.373368356989346,1.0010572250986458
4497,2.374,2.3741,0,49.33205000000001,2.373684178494673,1.0010572250986458
4498,2.374,2.3741,0,49.33205000000001,2.373810507096804,1.0010572250986458
4499,2.374,2.3741,0,49.33205000000001,2.3738736713978694,1.0010572250986458
4500,2.3736,2.3737,0,49.33205000000001,2.373805253548402,1.0010572250986458
4501,2.3741,2.3742,0,49.33205000000001,2.373622674550427,1.0010572250986458
4502,2.3738,2.3739,0,49.33205000000001,2.373539493058679,1.0010572250986458
4503,2.3743,2.3744,0,49.33205000000001,2.3735127017892186,1.0010572250986458
4504,2.375,2.3751,0,49.33205000000001,2.3735459267598134,1.0010572250986458
4505,2.3749,2.375,0,49.33205000000001,2.373771605633178,1.0010572250986458
4506,2.3744,2.3745,0,49.33205000000001,2.3738071635323665,1.0010572250986458
4507,2.3744,2.3745,0,49.33205000000001,2.3738454205316537,1.0010572250986458
4508,2.3738,2.3739,0,49.33205000000001,2.3738678641327695,1.0010572250986458
4509,2.3739,2.374,0,49.33205000000001,2.37388466207146,1.0010572250986458
4510,2.3752,2.3753,0,49.33205000000001,2.3739456363854203,1.0010572250986458
4511,2.3764,2.3765,0,49.33205000000001,2.3742810085192634,1.0010572250986458
4512,2.3762,2.3763,0,49.33205000000001,2.3752405042596316,1.0010572250986458
4513,2.3764,2.3765,0,49.33205000000001,2.375704302555779,1.0010572250986458
4514,2.3768,2.3769,0,49.33205000000001,2.3761425815334674,1.0010572250986458
4515,2.3766,2.3767,0,49.33205000000001,2.376273272523905,1.0010572250986458
4516,2.3761,2.3762,0,49.33205000000001,2.3761433634391085,1.0010572250986458
4517,2.3769,2.377,0,49.33205000000001,2.37609803907166,1.0010572250986458
4518,2.3779,2.378,0,49.33205000000001,2.376170165251526,1.0010572250986458
4519,2.3776,2.3777,0,49.33205000000001,2.376885082625763,1.0010572250986458
4520,2.3774,2.3775,0,49.33205000000001,2.3768519839462656,1.0010572250986458
4521,2.378,2.3781,0,49.33205000000001,2.3768809395701394,1.0010572250986458
4522,2.3778,2.3779,0,49.33205000000001,2.3771435282643854,1.0010572250986458
4523,2.377,2.3771,0,49.33205000000001,2.3771341776106167,1.0010572250986458
4524,2.3771,2.3772,0,49.33205000000001,2.3771272286345595,1.0010572250986458
4525,2.3767,2.3768,0,49.33205000000001,2.3771128994030994,1.0010572250986458
4526,2.377,2.3771,0,49.33205000000001,2.3771008294524236,1.0010572250986458
4527,2.3761,2.3762,0,49.33205000000001,2.377015484586501,1.0010572250986458
4528,2.3758,2.3759,0,49.33205000000001,2.376912441034303,1.0010572250986458
4529,2.3758,2.3759,0,49.33205000000001,2.3768091828071882,1.0010572250986458
4530,2.3758,2.3759,0,49.33205000000001,2.376712085074936,1.0010572250986458
4531,2.3752,2.3753,0,49.33205000000001,2.376527759356275,1.0010572250986458
4532,2.3751,2.3752,0,49.33205000000001,2.376119828111625,1.0010572250986458
4533,2.3739,2.374,0,49.33205000000001,2.3758553179460407,1.0010572250986458
4534,2.3736,2.3737,0,49.33205000000001,2.37472765897302,1.0010572250986458
4535,2.372,2.3721,0,49.33205000000001,2.37336382948651,1.0010572250986458
4536,2.3711,2.3712,0,49.33205000000001,2.372231914743255,1.0010572250986458
4537,2.3701,2.3702,0,49.33205000000001,2.3711659573716277,1.0010572250986458
4538,2.3709,2.371,0,49.33205000000001,2.3710595744229765,1.0010572250986458
4539,2.371,2.3711,0,49.33205000000001,2.3710397162819845,1.0010572250986458
4540,2.3709,2.371,0,49.33205000000001,2.3709997973442745,1.0010572250986458
4541,2.3712,2.3713,0,49.33205000000001,2.371049848008206,1.0010572250986458
4542,2.371,2.3711,0,49.33205000000001,2.37122737867834,1.0010572250986458
4543,2.3721,2.3722,0,49.33205000000001,2.3714179620225617,1.0010572250986458
4544,2.3729,2.373,0,49.33205000000001,2.3717476075316464,1.0010572250986458
4545,2.3727,2.3728,0,49.33205000000001,2.3719690436461223,1.0010572250986458
4546,2.3718,2.3719,0,49.33205000000001,2.371999131604996,1.0010572250986458
4547,2.3712,2.3713,0,49.33205000000001,2.371975718119062,1.0010572250986458
4548,2.3695,2.3696,0,49.33205000000001,2.371741074591265,1.0010572250986458
4549,2.3695,2.3696,0,49.33205000000001,2.3706205372956326,1.0010572250986458
4550,2.3699,2.37,0,49.33205000000001,2.3703323223773793,1.0010572250986458
4551,2.3687,2.3688,0,49.33205000000001,2.3704045889922485,1.0010572250986458
4552,2.3688,2.3689,0,49.33205000000001,2.3698697259948323,1.0010572250986458
4553,2.3695,2.3696,0,49.33205000000001,2.369928085514794,1.0010572250986458
4554,2.3687,2.3688,0,49.33205000000001,2.369902106382284,1.0010572250986458
4555,2.3687,2.3688,0,49.33205000000001,2.3696349716306653,1.0010572250986458
4556,2.3689,2.369,0,49.33205000000001,2.3696057586066233,1.0010572250986458
4557,2.3696,2.3697,0,49.33205000000001,2.3695881852830074,1.0010572250986458
4558,2.3692,2.3693,0,49.33205000000001,2.3695656384622126,1.0010572250986458
4559,2.3684,2.3685,0,49.33205000000001,2.369504804210209,1.0010572250986458
4560,2.3689,2.369,0,49.33205000000001,2.3694606530219944,1.0010572250986458
4561,2.3685,2.3686,0,49.33205000000001,2.3694084655043266,1.0010572250986458
4562,2.3686,2.3687,0,49.33205000000001,2.369355398449869,1.0010572250986458
4563,2.3685,2.3686,0,49.33205000000001,2.369301344745799,1.0010572250986458
4564,2.3684,2.3685,0,49.33205000000001,2.3692352682062072,1.0010572250986458
4565,2.3675,2.3676,0,49.33205000000001,2.3690685406157863,1.0010572250986458
4566,2.3676,2.3677,0,49.33205000000001,2.3687421982567227,1.0010572250986458
4567,2.3673,2.3674,0,49.33205000000001,2.368605072216109,1.0010572250986458
4568,2.3668,2.3669,0,49.33205000000001,2.36833916139688,1.0010572250986458
4569,2.3672,2.3673,0,49.33205000000001,2.368232468326819,1.0010572250986458
4570,2.3674,2.3675,0,49.33205000000001,2.3681414619272183,1.0010572250986458
4571,2.3667,2.3668,0,49.33205000000001,2.367992173676349,1.0010572250986458
4572,2.3666,2.3667,0,49.33205000000001,2.3678544942798605,1.0010572250986458
4573,2.3653,2.3654,0,49.33205000000001,2.367425135663992,1.0010572250986458
4574,2.3655,2.3656,0,49.33205000000001,2.3666550813983953,1.0010572250986458
4575,2.3662,2.3663,0,49.33205000000001,2.3666506641693212,1.0010572250986458
4576,2.3668,2.3669,0,49.33205000000001,2.3666552049126404,1.0010572250986458
4577,2.3665,2.3666,0,49.33205000000001,2.36665170435244,1.0010572250986458
4578,2.3665,2.3666,0,49.33205000000001,2.3666457353954016,1.0010572250986458
4579,2.3651,2.3652,0,49.33205000000001,2.366489341996421,1.0010572250986458
4580,2.3651,2.3652,0,49.33205000000001,2.365933605197853,1.0010572250986458
4581,2.3656,2.3657,0,49.33205000000001,2.3659473828940683,1.0010572250986458
4582,2.3657,2.3658,0,49.33205000000001,2.365949134370174,1.0010572250986458
4583,2.3656,2.3657,0,49.33205000000001,2.3659411918939,1.0010572250986458
4584,2.3657,2.3658,0,49.33205000000001,2.365930146105941,1.0010572250986458
4585,2.3657,2.3658,0,49.33205000000001,2.365917572574038,1.0010572250986458
4586,2.365,2.3651,0,49.33205000000001,2.365864496257715,1.0010572250986458
4587,2.3645,2.3646,0,49.33205000000001,2.3657844799580863,1.0010572250986458
4588,2.3651,2.3652,0,49.33205000000001,2.3657250457384666,1.0010572250986458
4589,2.3655,2.3656,0,49.33205000000001,2.3656942085989385,1.0010572250986458
4590,2.3655,2.3656,0,49.33205000000001,2.365669219633573,1.0010572250986458
4591,2.365,2.3651,0,49.33205000000001,2.3656240898179126,1.0010572250986458
4592,2.3651,2.3652,0,49.33205000000001,2.3655868150619606,1.0010572250986458
4593,2.3653,2.3654,0,49.33205000000001,2.3655556062119536,1.0010572250986458
4594,2.3655,2.3656,0,49.33205000000001,2.3655384553055945,1.0010572250986458
4595,2.366,2.3661,0,49.33205000000001,2.3655212425900514,1.0010572250986458
4596,2.3659,2.366,0,49.33205000000001,2.365522692517865,1.0010572250986458
4597,2.3657,2.3658,0,49.33205000000001,2.3655260544129515,1.0010572250986458
4598,2.3649,2.365,0,49.33205000000001,2.3655186191999578,1.0010572250986458
4599,2.3641,2.3642,0,49.33205000000001,2.365360757876734,1.0010572250986458
4600,2.3636,2.3637,0,49.33205000000001,2.3644803789383673,1.0010572250986458
4601,2.3636,2.3637,0,49.33205000000001,2.3641282273630204,1.0010572250986458
4602,2.3636,2.3637,0,49.33205000000001,2.363952151575347,1.0010572250986458
4603,2.3642,2.3643,0,49.33205000000001,2.364087933734507,1.0010572250986458
4604,2.3651,2.3652,0,49.33205000000001,2.3643188078759656,1.0010572250986458
4605,2.3653,2.3654,0,49.33205000000001,2.3645024556723833,1.0010572250986458
4606,2.3652,2.3653,0,49.33205000000001,2.3646132890841285,1.0010572250986458
4607,2.3646,2.3647,0,49.33205000000001,2.3646221961925544,1.0010572250986458
4608,2.3649,2.365,0,49.33205000000001,2.3646320372674907,1.0010572250986458
4609,2.3641,2.3642,0,49.33205000000001,2.364635116788388,1.0010572250986458
4610,2.3648,2.3649,0,49.33205000000001,2.3646377735526176,1.0010572250986458
4611,2.364,2.3641,0,49.33205000000001,2.3646268047223726,1.0010572250986458
4612,2.3634,2.3635,0,49.33205000000001,2.3645142488673145,1.0010572250986458
4613,2.3619,2.362,0,49.33205000000001,2.364207521513773,1.0010572250986458
4614,2.3615,2.3616,0,49.33205000000001,2.3628537607568862,1.0010572250986458
4615,2.3619,2.362,0,49.33205000000001,2.3623768803784433,1.0010572250986458
4616,2.3621,2.3622,0,49.33205000000001,2.362284586918962,1.0010572250986458
4617,2.3624,2.3625,0,49.33205000000001,2.362453971785428,1.0010572250986458
4618,2.3622,2.3623,0,49.33205000000001,2.3625290448746243,1.0010572250986458
4619,2.3623,2.3624,0,49.33205000000001,2.3625607394939987,1.0010572250986458
4620,2.3628,2.3629,0,49.33205000000001,2.3625851510894087,1.0010572250986458
4621,2.3628,2.3629,0,49.33205000000001,2.362606641505095,1.0010572250986458
4622,2.3628,2.3629,0,49.33205000000001,2.362625575570769,1.0010572250986458
4623,2.3625,2.3626,0,49.33205000000001,2.362635171166703,1.0010572250986458
4624,2.3624,2.3625,0,49.33205000000001,2.3626352314220975,1.0010572250986458
4625,2.3622,2.3623,0,49.33205000000001,2.362624719797214,1.0010572250986458
4626,2.3623,2.3624,0,49.33205000000001,2.3626103519602806,1.0010572250986458
4627,2.3634,2.3635,0,49.33205000000001,2.3626197802449327,1.0010572250986458
4628,2.3638,2.3639,0,49.33205000000001,2.3627482865904064,1.0010572250986458
4629,2.3629,2.363,0,49.33205000000001,2.3627615591715743,1.0010572250986458
4630,2.3628,2.3629,0,49.33205000000001,2.362771532857561,1.0010572250986458
4631,2.3628,2.3629,0,49.33205000000001,2.362779050910757,1.0010572250986458
4632,2.3632,2.3633,0,49.33205000000001,2.362793582231007,1.0010572250986458
4633,2.3634,2.3635,0,49.33205000000001,2.362815826073467,1.0010572250986458
4634,2.3623,2.3624,0,49.33205000000001,2.362833228717656,1.0010572250986458
4635,2.3628,2.3629,0,49.33205000000001,2.3628355021586276,1.0010572250986458
4636,2.3633,2.3634,0,49.33205000000001,2.362844786959479,1.0010572250986458
4637,2.3628,2.3629,0,49.33205000000001,2.362849902802086,1.0010572250986458
4638,2.3633,2.3634,0,49.33205000000001,2.362860802787402,1.0010572250986458
4639,2.3633,2.3634,0,49.33205000000001,2.3628748345559707,1.0010572250986458
4640,2.3633,2.3634,0,49.33205000000001,2.3628907656124927,1.0010572250986458
4641,2.3637,2.3638,0,49.33205000000001,2.3629272438224787,1.0010572250986458
4642,2.3635,2.3636,0,49.33205000000001,2.3629506710402,1.0010572250986458
4643,2.3635,2.3636,0,49.33205000000001,2.3629747440332594,1.0010572250986458
4644,2.3635,2.3636,0,49.33205000000001,2.3629988372489574,1.0010572250986458
4645,2.3635,2.3636,0,49.33205000000001,2.363022520947961,1.0010572250986458
4646,2.3639,2.364,0,49.33205000000001,2.3630902927077377,1.0010572250986458
4647,2.3645,2.3646,0,49.33205000000001,2.3631923442233322,1.0010572250986458
4648,2.3655,2.3656,0,49.33205000000001,2.363589998674919,1.0010572250986458
4649,2.3656,2.3657,0,49.33205000000001,2.3645949993374593,1.0010572250986458
4650,2.366,2.3661,0,49.33205000000001,2.3652974996687295,1.0010572250986458
4651,2.3666,2.3667,0,49.33205000000001,2.3658184998012377,1.0010572250986458
4652,2.3666,2.3667,0,49.33205000000001,2.366078999867492,1.0010572250986458
4653,2.3673,2.3674,0,49.33205000000001,2.3665673999204953,1.0010572250986458
4654,2.3673,2.3674,0,49.33205000000001,2.366811599946997,1.0010572250986458
4655,2.3676,2.3677,0,49.33205000000001,2.3670743999646646,1.0010572250986458
4656,2.3668,2.3669,0,49.33205000000001,2.366927135697699,1.0010572250986458
4657,2.3673,2.3674,0,49.33205000000001,2.366835099636968,1.0010572250986458
4658,2.367,2.3671,0,49.33205000000001,2.36679263128677,1.0010572250986458
4659,2.3676,2.3677,0,49.33205000000001,2.3667907180002876,1.0010572250986458
4660,2.3676,2.3677,0,49.33205000000001,2.3668163326397265,1.0010572250986458
4661,2.3676,2.3677,0,49.33205000000001,2.366855798209693,1.0010572250986458
4662,2.3688,2.3689,0,49.33205000000001,2.367061774727116,1.0010572250986458
4663,2.3684,2.3685,0,49.33205000000001,2.3673963310453368,1.0010572250986458
4664,2.3685,2.3686,0,49.33205000000001,2.367491428668188,1.0010572250986458
4665,2.3676,2.3677,0,49.33205000000001,2.3675182109315713,1.0010572250986458
4666,2.3674,2.3675,1,46.96455000000001,2.3675328660904604,1.0010551958758076
4667,2.3677,2.3678,0,49.33225000000001,2.3675469008304515,1.001061283544322
4668,2.3683,2.3684,0,49.33225000000001,2.3675820994265138,1.001061283544322
4669,2.3685,2.3686,0,49.33225000000001,2.367636313542454,1.001061283544322
4670,2.3686,2.3687,0,49.33225000000001,2.367697390579271,1.001061283544322
4671,2.368,2.3681,0,49.33225000000001,2.367727378448394,1.001061283544322
4672,2.368,2.3681,0,49.33225000000001,2.367753023913408,1.001061283544322
4673,2.3687,2.3688,0,49.33225000000001,2.3678020858295104,1.001061283544322
4674,2.3697,2.3698,0,49.33225000000001,2.3681151189683938,1.001061283544322
4675,2.3695,2.3696,0,49.33225000000001,2.368807559484197,1.001061283544322
4676,2.3694,2.3695,0,49.33225000000001,2.368798907621555,1.001061283544322
4677,2.3699,2.37,0,49.33225000000001,2.3688562020973665,1.001061283544322
4678,2.3691,2.3692,0,49.33225000000001,2.3688774454032386,1.001061283544322
4679,2.3695,2.3696,0,49.33225000000001,2.3689296420585615,1.001061283544322
4680,2.3694,2.3695,0,49.33225000000001,2.3689601618712444,1.001061283544322
4681,2.3695,2.3696,0,49.33225000000001,2.3690097572556517,1.001061283544322
4682,2.3699,2.37,0,49.33225000000001,2.3690686980709796,1.001061283544322
4683,2.3699,2.37,0,49.33225000000001,2.3691300572661134,1.001061283544322
4684,2.3697,2.3698,0,49.33225000000001,2.369184617395467,1.001061283544322
4685,2.3694,2.3695,0,49.33225000000001,2.3692145838223766,1.001061283544322
4686,2.368,2.3681,0,49.33225000000001,2.3692083685502787,1.001061283544322
4687,2.3679,2.368,0,49.33225000000001,2.3685541842751396,1.001061283544322
4688,2.3674,2.3675,0,49.33225000000001,2.36797709213757,1.001061283544322
4689,2.3676,2.3677,0,49.33225000000001,2.3678262552825418,1.001061283544322
4690,2.3679,2.368,1,46.96425000000001,2.368010184523861,1.0010592543214838
4691,2.3691,2.3692,0,49.33335000000001,2.368259746219134,1.001083604995541
4692,2.3699,2.37,0,49.33335000000001,2.3685109536200066,1.001083604995541
4693,2.369,2.3691,0,49.33335000000001,2.3686091039038804,1.001083604995541
4694,2.3695,2.3696,0,49.33335000000001,2.3687381401694063,1.001083604995541
4695,2.3695,2.3696,0,49.33335000000001,2.3688371010556426,1.001083604995541
4696,2.3693,2.3694,0,49.33335000000001,2.3688986259156644,1.001083604995541
4697,2.3692,2.3693,0,49.33335000000001,2.368944361660902,1.001083604995541
4698,2.3694,2.3695,0,49.33335000000001,2.3689918758559156,1.001083604995541
4699,2.3697,2.3698,0,49.33335000000001,2.3690448385001175,1.001083604995541
4700,2.3697,2.3698,0,49.33335000000001,2.3690980116933575,1.001083604995541
4701,2.3696,2.3697,0,49.33335000000001,2.3691458524651683,1.001083604995541
4702,2.3699,2.37,0,49.33335000000001,2.3691970570777716,1.001083604995541
4703,2.3699,2.37,0,49.33335000000001,2.3692482325864512,1.001083604995541
4704,2.372,2.3721,0,49.33335000000001,2.3696240058726237,1.001083604995541
4705,2.3735,2.3736,0,49.33335000000001,2.3715620029363116,1.001083604995541
4706,2.3725,2.3726,0,49.33335000000001,2.372031001468156,1.001083604995541
4707,2.3742,2.3743,0,49.33335000000001,2.373115500734078,1.001083604995541
4708,2.3755,2.3756,0,49.33335000000001,2.374307750367039,1.001083604995541
4709,2.3783,2.3784,0,49.33335000000001,2.3763038751835195,1.001083604995541
4710,2.379,2.3791,0,49.33335000000001,2.37765193759176,1.001083604995541
4711,2.3777,2.3778,0,49.33335000000001,2.37767596879588,1.001083604995541
4712,2.3773,2.3774,0,49.33335000000001,2.3775255812775278,1.001083604995541
4713,2.3766,2.3767,0,49.33335000000001,2.377062790638764,1.001083604995541
4714,2.3759,2.376,0,49.33335000000001,2.3763712269727226,1.001083604995541
4715,2.3758,2.3759,0,49.33335000000001,2.376036384839095,1.001083604995541
4716,2.3758,2.3759,0,49.33335000000001,2.375909608516155,1.001083604995541
4717,2.3745,2.3746,0,49.33335000000001,2.3757448558837186,1.001083604995541
4718,2.3756,2.3757,0,49.33335000000001,2.3756795604991643,1.001083604995541
4719,2.3762,2.3763,0,49.33335000000001,2.375670908637532,1.001083604995541
4720,2.3759,2.376,0,49.33335000000001,2.375674284075414,1.001083604995541
4721,2.375,2.3751,0,49.33335000000001,2.3756494951383016,1.001083604995541
4722,2.3748,2.3749,0,49.33335000000001,2.3756044071056532,1.001083604995541
4723,2.3747,2.3748,0,49.33335000000001,2.3754796077097753,1.001083604995541
4724,2.3749,2.375,0,49.33335000000001,2.3754365166906255,1.001083604995541
4725,2.375,2.3751,0,49.33335000000001,2.3753971862117025,1.001083604995541
4726,2.3755,2.3756,0,49.33335000000001,2.3753760803798225,1.001083604995541
4727,2.376,2.3761,0,49.33335000000001,2.375376297703382,1.001083604995541
4728,2.3764,2.3765,0,49.33335000000001,2.375451068837833,1.001083604995541
4729,2.3769,2.377,0,49.33335000000001,2.3755931514792668,1.001083604995541
4730,2.376,2.3761,0,49.33335000000001,2.3756286295662905,1.001083604995541
4731,2.3755,2.3756,1,46.95775000000001,2.3756437073623515,1.001081575772703
4732,2.376,2.3761,0,49.33375000000001,2.3756656833482177,1.0010917218868933
4733,2.3755,2.3756,1,46.95815000000001,2.3756743868227064,1.0010896926640553
4734,2.3751,2.3752,1,46.95815000000001,2.375663312248724,1.001081575772703
4735,2.3744,2.3745,1,46.95815000000001,2.375539404665581,1.0010673712128364
4736,2.3736,2.3737,1,46.95815000000001,2.375312405684697,1.0010511374301316
4737,2.3735,2.3736,1,46.95815000000001,2.3744062028423487,1.0010491082072934
4738,2.3735,2.3736,1,46.95815000000001,2.374043721705409,1.0010491082072934
4739,2.3748,2.3749,1,46.95815000000001,2.3741457185495016,1.0010754881041886
4740,2.3759,2.376,0,49.33405000000001,2.3744929655988987,1.0010978095554077
4741,2.3769,2.377,0,49.33405000000001,2.3748538425192067,1.0010978095554077
4742,2.377,2.3771,0,49.33405000000001,2.3759269212596035,1.0010978095554077
4743,2.376,2.3761,0,49.33405000000001,2.375825639722933,1.0010978095554077
4744,2.3764,2.3765,0,49.33405000000001,2.3758052049621474,1.0010978095554077
4745,2.3761,2.3762,0,49.33405000000001,2.375810245061728,1.0010978095554077
4746,2.3772,2.3773,0,49.33405000000001,2.3758765085291196,1.0010978095554077
4747,2.3767,2.3768,0,49.33405000000001,2.3759459246212673,1.0010978095554077
4748,2.3773,2.3774,0,49.33405000000001,2.376034920215088,1.0010978095554077
4749,2.3769,2.377,0,49.33405000000001,2.376116473949755,1.0010978095554077
4750,2.3766,2.3767,0,49.33405000000001,2.37618117059149,1.0010978095554077
4751,2.3756,2.3757,1,46.95835000000001,2.3762606709412673,1.0010957803325695
4752,2.3754,2.3755,1,46.95835000000001,2.3762149509987878,1.0010917218868933
4753,2.3756,2.3757,1,46.95835000000001,2.3761652121660637,1.0010957803325695
4754,2.3751,2.3752,1,46.95835000000001,2.3760551858634757,1.0010856342183792
4755,2.3742,2.3743,1,46.95835000000001,2.375897739596449,1.0010673712128364
4756,2.3736,2.3737,1,46.95835000000001,2.374748869798225,1.0010551958758078
4757,2.3737,2.3738,1,46.95835000000001,2.374329321878935,1.0010572250986458
4758,2.375,2.3751,1,46.95835000000001,2.3744684600520083,1.001083604995541
4759,2.3759,2.376,0,49.33425000000001,2.3747978206132716,1.001101868001084
4760,2.377,2.3771,0,49.33425000000001,2.375132757150764,1.001101868001084
4761,2.3761,2.3762,0,49.33425000000001,2.3753127176793423,1.001101868001084
4762,2.3757,2.3758,0,49.33425000000001,2.3754098095513765,1.001101868001084
4763,2.3758,2.3759,0,49.33425000000001,2.3754754727875804,1.001101868001084
4764,2.3758,2.3759,0,49.33425000000001,2.375523801815749,1.001101868001084
4765,2.3761,2.3762,0,49.33425000000001,2.3755734438385585,1.001101868001084
4766,2.374,2.3741,0,49.33425000000001,2.3755014818404394,1.001101868001084
4767,2.3724,2.3725,0,49.33425000000001,2.3739507409202196,1.001101868001084
4768,2.3727,2.3728,0,49.33425000000001,2.37332537046011,1.001101868001084
4769,2.3726,2.3727,0,49.33425000000001,2.373035222276066,1.001101868001084
4770,2.3736,2.3737,0,49.33425000000001,2.3733708321010227,1.001101868001084
4771,2.3721,2.3722,0,49.33425000000001,2.3734768718782098,1.001101868001084
4772,2.3716,2.3717,0,49.33425000000001,2.37294062277015,1.001101868001084
4773,2.3711,2.3712,0,49.33425000000001,2.372020311385075,1.001101868001084
4774,2.3706,2.3707,0,49.33425000000001,2.3713101556925373,1.001101868001084
4775,2.3713,2.3714,0,49.33425000000001,2.3713067704616915,1.001101868001084
4776,2.371,2.3711,0,49.33425000000001,2.371219121758351,1.001101868001084
4777,2.372,2.3721,0,49.33425000000001,2.3714226634197635,1.001101868001084
4778,2.3714,2.3715,0,49.33425000000001,2.3715327704504423,1.001101868001084
4779,2.3727,2.3728,0,49.33425000000001,2.371796535476147,1.001101868001084
4780,2.3729,2.373,0,49.33425000000001,2.37196311054084,1.001101868001084
4781,2.3737,2.3738,0,49.33425000000001,2.3722232260995524,1.001101868001084
4782,2.3735,2.3736,0,49.33425000000001,2.3727339356597312,1.001101868001084
4783,2.3732,2.3733,0,49.33425000000001,2.372744250975136,1.001101868001084
4784,2.3737,2.3738,0,49.33425000000001,2.3727987230199936,1.001101868001084
4785,2.3738,2.3739,0,49.33425000000001,2.3728720906329324,1.001101868001084
4786,2.3733,2.3734,0,49.33425000000001,2.372929398598255,1.001101868001084
4787,2.3727,2.3728,0,49.33425000000001,2.3729497986544845,1.001101868001084
4788,2.3705,2.3706,0,49.33425000000001,2.372768817073638,1.001101868001084
4789,2.3715,2.3716,0,49.33425000000001,2.372134408536819,1.001101868001084
4790,2.3722,2.3723,0,49.33425000000001,2.372208103418254,1.001101868001084
4791,2.3726,2.3727,0,49.33425000000001,2.372304026192314,1.001101868001084
4792,2.3728,2.3729,0,49.33425000000001,2.372371489922565,1.001101868001084
4793,2.3741,2.3742,0,49.33425000000001,2.3725700254004405,1.001101868001084
4794,2.3754,2.3755,0,49.33425000000001,2.37398501270022,1.001101868001084
4795,2.3757,2.3758,0,49.33425000000001,2.3748425063501104,1.001101868001084
4796,2.3754,2.3755,0,49.33425000000001,2.3750655038100663,1.001101868001084
4797,2.3754,2.3755,0,49.33425000000001,2.3751770025400445,1.001101868001084
4798,2.375,2.3751,0,49.33425000000001,2.374952812181936,1.001101868001084
4799,2.374,2.3741,0,49.33425000000001,2.374700088275706,1.001101868001084
4800,2.3747,2.3748,0,49.33425000000001,2.374631160007312,1.001101868001084
4801,2.3754,2.3755,0,49.33425000000001,2.3746196407260567,1.001101868001084
4802,2.3754,2.3755,0,49.33425000000001,2.3746385832784975,1.001101868001084
4803,2.3768,2.3769,0,49.33425000000001,2.374869947224719,1.001101868001084
4804,2.3765,2.3766,0,49.33425000000001,2.3755219683348314,1.001101868001084
4805,2.3755,2.3756,0,49.33425000000001,2.375481940085319,1.001101868001084
4806,2.3767,2.3768,0,49.33425000000001,2.375521822792211,1.001101868001084
4807,2.3767,2.3768,0,49.33425000000001,2.375816367094158,1.001101868001084
4808,2.3761,2.3762,0,49.33425000000001,2.3758268852361772,1.001101868001084
4809,2.3749,2.375,0,49.33425000000001,2.375759834447101,1.001101868001084
4810,2.3748,2.3749,0,49.33425000000001,2.3756451469018334,1.001101868001084
4811,2.3745,2.3746,0,49.33425000000001,2.3754941250058756,1.001101868001084
4812,2.3736,2.3737,0,49.33425000000001,2.3753069451122255,1.001101868001084
4813,2.3735,2.3736,0,49.33425000000001,2.374704630074817,1.001101868001084
4814,2.3738,2.3739,0,49.33425000000001,2.374446164339155,1.001101868001084
4815,2.3742,2.3743,1,46.95995000000001,2.374461573249315,1.001099838778246
4816,2.375,2.3751,0,49.33495000000001,2.374529432070937,1.0011160725609505
4817,2.3757,2.3758,0,49.33495000000001,2.3746636077642425,1.0011160725609505
4818,2.3753,2.3754,0,49.33495000000001,2.374753802881016,1.0011160725609505
4819,2.3747,2.3748,0,49.33495000000001,2.374769327752546,1.0011160725609505
4820,2.3741,2.3742,0,49.33495000000001,2.3747434107359844,1.0011160725609505
4821,2.3726,2.3727,0,49.33495000000001,2.374537952798665,1.0011160725609505
4822,2.3726,2.3727,0,49.33495000000001,2.3735689763993326,1.0011160725609505
4823,2.3723,2.3724,0,49.33495000000001,2.3729344881996663,1.0011160725609505
4824,2.3728,2.3729,0,49.33495000000001,2.3728896587997776,1.0011160725609505
4825,2.3715,2.3716,0,49.33495000000001,2.37298297674932,1.0011160725609505
4826,2.3716,2.3717,0,49.33495000000001,2.3725878405352283,1.0011160725609505
4827,2.3716,2.3717,0,49.33495000000001,2.3723408804014214,1.0011160725609505
4828,2.3715,2.3716,0,49.33495000000001,2.3721540180899945,1.0011160725609505
4829,2.3697,2.3698,0,49.33495000000001,2.37204853519028,1.0011160725609505
4830,2.3684,2.3685,0,49.33495000000001,2.37022426759514,1.0011160725609505
4831,2.3683,2.3684,0,49.33495000000001,2.3692621337975703,1.0011160725609505
4832,2.3672,2.3673,0,49.33495000000001,2.368231066898785,1.0011160725609505
4833,2.3668,2.3669,0,49.33495000000001,2.3675155334493923,1.0011160725609505
4834,2.366,2.3661,0,49.33495000000001,2.366757766724696,1.0011160725609505
4835,2.367,2.3671,0,49.33495000000001,2.3668269762319256,1.0011160725609505
4836,2.3663,2.3664,0,49.33495000000001,2.3666513174879507,1.0011160725609505
4837,2.3651,2.3652,0,49.33495000000001,2.36603079049277,1.0011160725609505
4838,2.3655,2.3656,0,49.33495000000001,2.365765395246385,1.0011160725609505
4839,2.3651,2.3652,0,49.33495000000001,2.365499237147831,1.0011160725609505
4840,2.3642,2.3643,0,49.33495000000001,2.3649795422886983,1.0011160725609505
4841,2.3655,2.3656,0,49.33495000000001,2.3653246130789967,1.0011160725609505
4842,2.3648,2.3649,0,49.33495000000001,2.3654990251990933,1.0011160725609505
4843,2.3638,2.3639,0,49.33495000000001,2.3649326834660624,1.0011160725609505
4844,2.3648,2.3649,0,49.33495000000001,2.3650389916314483,1.0011160725609505
4845,2.3644,2.3645,0,49.33495000000001,2.3650766411577533,1.0011160725609505
4846,2.3653,2.3654,0,49.33495000000001,2.36515855482282,1.0011160725609505
4847,2.3654,2.3655,0,49.33495000000001,2.3652029225806364,1.0011160725609505
4848,2.3647,2.3648,0,49.33495000000001,2.365197231945241,1.0011160725609505
4849,2.3647,2.3648,0,49.33495000000001,2.3651806585641695,1.0011160725609505
4850,2.3646,2.3647,0,49.33495000000001,2.36515573396167,1.0011160725609505
4851,2.3646,2.3647,0,49.33495000000001,2.365126534448379,1.0011160725609505
4852,2.3646,2.3647,0,49.33495000000001,2.3650955971410625,1.0011160725609505
4853,2.3666,2.3667,0,49.33495000000001,2.3651374397535188,1.0011160725609505
4854,2.3668,2.3669,0,49.33495000000001,2.3659687198767596,1.0011160725609505
4855,2.367,2.3671,0,49.33495000000001,2.36648435993838,1.0011160725609505
4856,2.3675,2.3676,0,49.33495000000001,2.366890615963028,1.0011160725609505
4857,2.3672,2.3673,0,49.33495000000001,2.366993743975352,1.0011160725609505
4858,2.3674,2.3675,0,49.33495000000001,2.3671098171252516,1.0011160725609505
4859,2.3689,2.369,0,49.33495000000001,2.367033719505949,1.0011160725609505
4860,2.3685,2.3686,0,49.33495000000001,2.367522479670633,1.0011160725609505
4861,2.3694,2.3695,0,49.33495000000001,2.368461239835317,1.0011160725609505
4862,2.3693,2.3694,0,49.33495000000001,2.36879674390119,1.0011160725609505
4863,2.3702,2.3703,0,49.33495000000001,2.369498371950595,1.0011160725609505
4864,2.3696,2.3697,0,49.33495000000001,2.3695274085361393,1.0011160725609505
4865,2.3697,2.3698,0,49.33495000000001,2.3695705564021043,1.0011160725609505
4866,2.371,2.3711,0,49.33495000000001,2.3694117376704895,1.0011160725609505
4867,2.3722,2.3723,0,49.33495000000001,2.3708058688352445,1.0011160725609505
4868,2.3725,2.3726,0,49.33495000000001,2.3716529344176225,1.0011160725609505
4869,2.3731,2.3732,0,49.33495000000001,2.3723764672088112,1.0011160725609505
4870,2.372,2.3721,0,49.33495000000001,2.3722509781392076,1.0011160725609505
4871,2.3728,2.3729,0,49.33495000000001,2.371937018558045,1.0011160725609505
4872,2.3731,2.3732,0,49.33495000000001,2.372269298970032,1.0011160725609505
4873,2.3732,2.3733,0,49.33495000000001,2.372501974227524,1.0011160725609505
4874,2.3726,2.3727,0,49.33495000000001,2.37239999672734,1.0011160725609505
4875,2.3718,2.3719,0,49.33495000000001,2.372327066401547,1.0011160725609505
4876,2.3716,2.3717,0,49.33495000000001,2.372126711356196,1.0011160725609505
4877,2.3728,2.3729,0,49.33495000000001,2.372119792899824,1.0011160725609505
4878,2.3754,2.3755,0,49.33495000000001,2.3724038421572606,1.0011160725609505
4879,2.3749,2.375,0,49.33495000000001,2.37365192107863,1.0011160725609505
4880,2.3744,2.3745,0,49.33495000000001,2.3740259605393152,1.0011160725609505
4881,2.3735,2.3736,0,49.33495000000001,2.373692722133412,1.0011160725609505
4882,2.3736,2.3737,0,49.33495000000001,2.3735769188635953,1.0011160725609505
4883,2.3731,2.3732,0,49.33495000000001,2.3734853849774242,1.0011160725609505
4884,2.3736,2.3737,0,49.33495000000001,2.3734592427068226,1.0011160725609505
4885,2.3737,2.3738,0,49.33495000000001,2.373456818013591,1.0011160725609505
4886,2.3728,2.3729,0,49.33495000000001,2.3734209971630866,1.0011160725609505
4887,2.3724,2.3725,0,49.33495000000001,2.3733562707207563,1.0011160725609505
4888,2.3708,2.3709,0,49.33495000000001,2.3730444454760096,1.0011160725609505
4889,2.3722,2.3723,0,49.33495000000001,2.372880979361292,1.0011160725609505
4890,2.3724,2.3725,0,49.33495000000001,2.3728286033072212,1.0011160725609505
4891,2.3733,2.3734,0,49.33495000000001,2.3727750379979344,1.0011160725609505
4892,2.3744,2.3745,0,49.33495000000001,2.372900848735232,1.0011160725609505
4893,2.3743,2.3744,0,49.33495000000001,2.373600424367616,1.0011160725609505
4894,2.3735,2.3736,0,49.33495000000001,2.37351520138956,1.0011160725609505
4895,2.3725,2.3726,0,49.33495000000001,2.3733357504902246,1.0011160725609505
4896,2.3725,2.3726,0,49.33495000000001,2.3731863614413853,1.0011160725609505
4897,2.3727,2.3728,0,49.33495000000001,2.373102098738755,1.0011160725609505
4898,2.3728,2.3729,0,49.33495000000001,2.373049318618664,1.0011160725609505
4899,2.3713,2.3714,0,49.33495000000001,2.3729145101520284,1.0011160725609505
4900,2.3711,2.3712,0,49.33495000000001,2.3720072550760145,1.0011160725609505
4901,2.3701,2.3702,0,49.33495000000001,2.371053627538007,1.0011160725609505
4902,2.3694,2.3695,0,49.33495000000001,2.370226813769004,1.0011160725609505
4903,2.3693,2.3694,0,49.33495000000001,2.369763406884502,1.0011160725609505
4904,2.3684,2.3685,0,49.33495000000001,2.3690817034422507,1.0011160725609505
4905,2.3685,2.3686,0,49.33495000000001,2.3688490220653504,1.0011160725609505
4906,2.3672,2.3673,0,49.33495000000001,2.368024511032675,1.0011160725609505
4907,2.3671,2.3672,0,49.33495000000001,2.367654706619605,1.0011160725609505
4908,2.3676,2.3677,0,49.33495000000001,2.3676364710797366,1.0011160725609505
4909,2.3686,2.3687,0,49.33495000000001,2.3679072248099677,1.0011160725609505
4910,2.3689,2.369,0,49.33495000000001,2.3683851472137105,1.0011160725609505
4911,2.3683,2.3684,0,49.33495000000001,2.3684534283245577,1.0011160725609505
4912,2.3691,2.3692,0,49.33495000000001,2.368601011173292,1.0011160725609505
4913,2.3682,2.3683,0,49.33495000000001,2.368617659370653,1.0011160725609505
4914,2.3663,2.3664,0,49.33495000000001,2.3684444215082925,1.0011160725609505
4915,2.3659,2.366,0,49.33495000000001,2.367172210754146,1.0011160725609505
4916,2.3665,2.3666,0,49.33495000000001,2.366836105377073,1.0011160725609505
4917,2.3664,2.3665,0,49.33495000000001,2.366661663226244,1.0011160725609505
4918,2.366,2.3661,0,49.33495000000001,2.366441108817496,1.0011160725609505
4919,2.3652,2.3653,0,49.33495000000001,2.3660865062982115,1.0011160725609505
4920,2.3652,2.3653,0,49.33495000000001,2.3658648797236586,1.0011160725609505
4921,2.3655,2.3656,0,49.33495000000001,2.365783795340623,1.0011160725609505
4922,2.3655,2.3656,0,49.33495000000001,2.3658596838744854,1.0011160725609505
4923,2.3653,2.3654,0,49.33495000000001,2.3658863387417592,1.0011160725609505
4924,2.367,2.3671,0,49.33495000000001,2.3664431693708794,1.0011160725609505
4925,2.3672,2.3673,0,49.33495000000001,2.366407159632563,1.0011160725609505
4926,2.3673,2.3674,0,49.33495000000001,2.3664735956821095,1.0011160725609505
4927,2.3665,2.3666,0,49.33495000000001,2.3664814833558268,1.0011160725609505
4928,2.3665,2.3666,0,49.33495000000001,2.3664871476990177,1.0011160725609505
4929,2.3661,2.3662,0,49.33495000000001,2.366482683081082,1.0011160725609505
4930,2.3666,2.3667,0,49.33495000000001,2.3664820090621648,1.0011160725609505
4931,2.3665,2.3666,0,49.33495000000001,2.3664818889905246,1.0011160725609505
4932,2.3654,2.3655,0,49.33495000000001,2.3664254483811344,1.0011160725609505
4933,2.3655,2.3656,0,49.33495000000001,2.366354520870372,1.0011160725609505
4934,2.364,2.3641,0,49.33495000000001,2.366053426118948,1.0011160725609505
4935,2.3646,2.3647,0,49.33495000000001,2.365472055671369,1.0011160725609505
4936,2.3631,2.3632,0,49.33495000000001,2.365285361888451,1.0011160725609505
4937,2.3624,2.3625,0,49.33495000000001,2.3638426809442254,1.0011160725609505
4938,2.3626,2.3627,0,49.33495000000001,2.363221340472113,1.0011160725609505
4939,2.3628,2.3629,0,49.33495000000001,2.3630528042832677,1.0011160725609505
4940,2.3621,2.3622,0,49.33495000000001,2.3627352028555118,1.0011160725609505
4941,2.361,2.3611,0,49.33495000000001,2.3618676014277558,1.0011160725609505
4942,2.358,2.3581,0,49.33495000000001,2.359933800713878,1.0011160725609505
4943,2.3574,2.3575,0,49.33495000000001,2.358666900356939,1.0011160725609505
4944,2.3557,2.3558,0,49.33495000000001,2.3571834501784696,1.0011160725609505
4945,2.356,2.3561,0,49.33495000000001,2.3565917250892348,1.0011160725609505
4946,2.3568,2.3569,0,49.33495000000001,2.35666115005949,1.0011160725609505
4947,2.3553,2.3554,0,49.33495000000001,2.356116690035694,1.0011160725609505
4948,2.3562,2.3563,0,49.33495000000001,2.3561404928826386,1.0011160725609505
4949,2.3574,2.3575,0,49.33495000000001,2.356714327881424,1.0011160725609505
4950,2.3573,2.3574,0,49.33495000000001,2.3572370721639366,1.0011160725609505
4951,2.3575,2.3576,0,49.33495000000001,2.3574272741353814,1.0011160725609505
4952,2.3592,2.3593,0,49.33495000000001,2.357705145878279,1.0011160725609505
4953,2.3599,2.36,0,49.33495000000001,2.3588025729391395,1.0011160725609505
4954,2.359,2.3591,0,49.33495000000001,2.358627833689881,1.0011160725609505
4955,2.3587,2.3588,0,49.33495000000001,2.358595371857538,1.0011160725609505
4956,2.3582,2.3583,0,49.33495000000001,2.3585195894398865,1.0011160725609505
4957,2.357,2.3571,0,49.33495000000001,2.358350443047221,1.0011160725609505
4958,2.3576,2.3577,0,49.33495000000001,2.358258830816056,1.0011160725609505
4959,2.3556,2.3557,0,49.33495000000001,2.357942163461826,1.0011160725609505
4960,2.3557,2.3558,0,49.33495000000001,2.3570452980770957,1.0011160725609505
4961,2.3536,2.3537,0,49.33495000000001,2.355322649038548,1.0011160725609505
4962,2.3536,2.3537,0,49.33495000000001,2.3544613245192743,1.0011160725609505
4963,2.3542,2.3543,0,49.33495000000001,2.3543306622596374,1.0011160725609505
4964,2.3556,2.3557,0,49.33495000000001,2.3550152982820167,1.0011160725609505
4965,2.3569,2.357,0,49.33495000000001,2.355466713174625,1.0011160725609505
4966,2.3563,2.3564,0,49.33495000000001,2.355727136251181,1.0011160725609505
4967,2.3567,2.3568,0,49.33495000000001,2.355883119348877,1.0011160725609505
4968,2.3564,2.3565,0,49.33495000000001,2.355978256716184,1.0011160725609505
4969,2.3575,2.3576,0,49.33495000000001,2.35612237669131,1.0011160725609505
4970,2.3571,2.3572,0,49.33495000000001,2.356240543085327,1.0011160725609505
4971,2.3567,2.3568,0,49.33495000000001,2.3563128189983518,1.0011160725609505
4972,2.3569,2.357,0,49.33495000000001,2.3563755654213256,1.0011160725609505
4973,2.3565,2.3566,0,49.33495000000001,2.3564170156756132,1.0011160725609505
4974,2.3552,2.3553,0,49.33495000000001,2.35638268403686,1.0011160725609505
4975,2.3548,2.3549,0,49.33495000000001,2.35559134201843,1.0011160725609505
4976,2.3549,2.355,0,49.33495000000001,2.3552456710092153,1.0011160725609505
4977,2.3542,2.3543,0,49.33495000000001,2.3553689349566094,1.0011160725609505
4978,2.3533,2.3534,0,49.33495000000001,2.3543344674783047,1.0011160725609505
4979,2.3532,2.3533,0,49.33495000000001,2.3537672337391524,1.0011160725609505
4980,2.3534,2.3535,0,49.33495000000001,2.3536203402434914,1.0011160725609505
4981,2.3527,2.3528,0,49.33495000000001,2.353252204146095,1.0011160725609505
4982,2.354,2.3541,0,49.33495000000001,2.353435081656405,1.0011160725609505
4983,2.3552,2.3553,0,49.33495000000001,2.3538947828863295,1.0011160725609505
4984,2.3551,2.3552,0,49.33495000000001,2.3541924076725413,1.0011160725609505
4985,2.3548,2.3549,0,49.33495000000001,2.354334000680935,1.0011160725609505
4986,2.3539,2.354,0,49.33495000000001,2.354347552684201,1.0011160725609505
4987,2.3549,2.355,0,49.33495000000001,2.3543952592506403,1.0011160725609505
4988,2.3542,2.3543,0,49.33495000000001,2.3544107792334494,1.0011160725609505
4989,2.3572,2.3573,0,49.33495000000001,2.355805389616725,1.0011160725609505
4990,2.3599,2.36,0,49.33495000000001,2.3578526948083622,1.0011160725609505
4991,2.3595,2.3596,0,49.33495000000001,2.358676347404181,1.0011160725609505
4992,2.3596,2.3597,0,49.33495000000001,2.3591381737020907,1.0011160725609505
4993,2.362,2.3621,0,49.33495000000001,2.3605690868510454,1.0011160725609505
4994,2.3624,2.3625,0,49.33495000000001,2.3614845434255227,1.0011160725609505
4995,2.3628,2.3629,0,49.33495000000001,2.362142271712761,1.0011160725609505
4996,2.3626,2.3627,0,49.33495000000001,2.362325363027657,1.0011160725609505
4997,2.3633,2.3634,0,49.33495000000001,2.3626502420184385,1.0011160725609505
4998,2.3634,2.3635,0,49.33495000000001,2.362864458584599,1.0011160725609505
4999,2.3627,2.3628,0,49.33495000000001,2.362823343938449,1.0011160725609505
5000,2.3635,2.3636,0,49.33495000000001,2.3629925079538365,1.0011160725609505
5001,2.3646,2.3647,0,49.33495000000001,2.363528338635891,1.0011160725609505
5002,2.3633,2.3634,0,49.33495000000001,2.363486822520274,1.0011160725609505
5003,2.3641,2.3642,0,49.33495000000001,2.3633123375663145,1.0011160725609505
5004,2.364,2.3641,0,49.33495000000001,2.3634373670997118,1.0011160725609505
5005,2.3645,2.3646,0,49.33495000000001,2.3637409764997943,1.0011160725609505
5006,2.3641,2.3642,0,49.33495000000001,2.3636842940013727,1.0011160725609505
5007,2.3641,2.3642,0,49.33495000000001,2.363662108710633,1.0011160725609505
5008,2.3654,2.3655,0,49.33495000000001,2.363726457918307,1.0011160725609505
5009,2.3641,2.3642,0,49.33495000000001,2.363754963649944,1.0011160725609505
5010,2.3644,2.3645,0,49.33495000000001,2.3637978330773457,1.0011160725609505
5011,2.365,2.3651,0,49.33495000000001,2.3638766232242254,1.0011160725609505
5012,2.3644,2.3645,0,49.33495000000001,2.3639270543779816,1.0011160725609505
5013,2.3631,2.3632,1,46.971750000000014,2.3639594535763715,1.0011140433381125
5014,2.363,2.3631,1,46.971750000000014,2.363479726788186,1.0011120141152743
5015,2.362,2.3621,2,44.609650000000016,2.3634917824429573,1.0010896926640556
5016,2.3614,2.3615,2,44.609650000000016,2.362445891221479,1.0010653419899982
5017,2.3601,2.3602,2,44.609650000000016,2.3612729456107395,1.001012582196208
5018,2.3601,2.3602,2,44.609650000000016,2.36068647280537,1.001012582196208
5019,2.3598,2.3599,2,44.609650000000016,2.3602432364026846,1.0010004068591793
5020,2.3596,2.3597,2,44.609650000000016,2.359985941841611,1.000992289967827
5021,2.358,2.3581,2,44.609650000000016,2.3589929709208057,1.0009273548370081
5022,2.3588,2.3589,2,44.609650000000016,2.358937836372004,1.0009598224024174
5023,2.359,2.3591,2,44.609650000000016,2.3589533772790032,1.00096793929377
5024,2.3571,2.3572,2,44.609650000000016,2.3591998462562866,1.0008908288259224
5025,2.3566,2.3567,2,44.609650000000016,2.3578999231281434,1.0008705365975414
5026,2.3551,2.3552,2,44.609650000000016,2.356499961564072,1.0008096599123988
5027,2.3546,2.3547,2,44.609650000000016,2.355549980782036,1.0007893676840178
5028,2.3571,2.3572,2,44.609650000000016,2.3562138367822554,1.0008908288259224
5029,2.3575,2.3576,2,44.609650000000016,2.3568739156204117,1.0009070626086272
5030,2.3562,2.3563,2,44.609650000000016,2.3570826828159834,1.000854302814837
5031,2.3568,2.3569,2,44.609650000000016,2.35713044787519,1.0008786534888938
5032,2.3569,2.357,2,44.609650000000016,2.3571360215887935,1.00088271193457
5033,2.3568,2.3569,2,44.609650000000016,2.357121171813917,1.0008786534888938
5034,2.3568,2.3569,2,44.609650000000016,2.357098979460223,1.0008786534888938
5035,2.3591,2.3592,2,44.609650000000016,2.357253654347941,1.0009719977394462
5036,2.3595,2.3596,2,44.609650000000016,2.358376827173971,1.0009882315221508
5037,2.359,2.3591,2,44.609650000000016,2.3586884135869854,1.00096793929377
5038,2.3606,2.3607,2,44.609650000000016,2.3585842037930402,1.0010328744245887
5039,2.361,2.3611,2,44.609650000000016,2.3597921018965202,1.0010491082072936
5040,2.3615,2.3616,2,44.609650000000016,2.36064605094826,1.0010694004356744
5041,2.3615,2.3616,2,44.609650000000016,2.360987630568956,1.0010694004356744
5042,2.3608,2.3609,2,44.609650000000016,2.3609250870459704,1.0010409913159413
5043,2.3619,2.362,2,44.609650000000016,2.3607523701014923,1.0010856342183792
5044,2.3629,2.363,1,46.97255000000001,2.3614682467343284,1.0011262186751408
5045,2.3633,2.3634,1,46.97255000000001,2.362384123367164,1.0011343355664934
5046,2.3637,2.3638,1,46.97255000000001,2.363042061683582,1.0011424524578458
5047,2.3635,2.3636,1,46.97255000000001,2.363225237010149,1.0011383940121696
5048,2.3642,2.3643,1,46.97255000000001,2.3635501580067664,1.001152598572036
5049,2.364,2.3641,1,46.97255000000001,2.3636786842905475,1.00114854012636
5050,2.3648,2.3649,1,46.97255000000001,2.3640524561936984,1.0011647739090648
5051,2.3656,2.3657,1,46.97255000000001,2.364671473716219,1.0011810076917695
5052,2.3655,2.3656,1,46.97255000000001,2.3650857368581093,1.0011789784689313
5053,2.3657,2.3658,1,46.97255000000001,2.3653314421148655,1.0011830369146075
5054,2.3652,2.3653,1,46.97255000000001,2.365298581586149,1.0011728908004172
5055,2.3643,2.3644,1,46.97255000000001,2.3651579575402204,1.0011546277948742
5056,2.3635,2.3636,1,46.97255000000001,2.3646908300241343,1.0011383940121696
5057,2.3627,2.3628,1,46.97255000000001,2.3643187478562684,1.0011221602294647
5058,2.3621,2.3622,1,46.97255000000001,2.363209373928134,1.0011099848924363
5059,2.3641,2.3642,1,46.97255000000001,2.3633495053932023,1.001150569349198
5060,2.3658,2.3659,1,46.97255000000001,2.3637155939012766,1.0011850661374455
5061,2.3651,2.3652,1,46.97255000000001,2.3644077969506383,1.001170861577579
5062,2.3648,2.3649,1,46.97255000000001,2.3643901865180106,1.0011647739090648
5063,2.3666,2.3667,1,46.97255000000001,2.36454225510432,1.0012012999201503
5064,2.3668,2.3669,1,46.97255000000001,2.36567112755216,1.0012053583658265
5065,2.3666,2.3667,1,46.97255000000001,2.36613556377608,1.0012012999201503
5066,2.3666,2.3667,1,46.97255000000001,2.366321338265648,1.0012012999201503
5067,2.3659,2.366,1,46.97255000000001,2.366177204291561,1.0011870953602837
5068,2.3658,2.3659,1,46.97255000000001,2.3660809383139814,1.0011850661374455
5069,2.3664,2.3665,1,46.97255000000001,2.3660166780453262,1.001197241474474
5070,2.3661,2.3662,1,46.97255000000001,2.3659929146613212,1.00119115380596
5071,2.3669,2.367,1,46.97255000000001,2.366006456813996,1.0012073875886647
5072,2.3661,2.3662,1,46.97255000000001,2.366015217903195,1.00119115380596
5073,2.3637,2.3638,1,46.97255000000001,2.3658262480400287,1.0011424524578458
5074,2.3667,2.3668,1,46.97255000000001,2.3659606714184855,1.0012033291429885
5075,2.3672,2.3673,1,46.97255000000001,2.365977646968296,1.0012134752571789
5076,2.3681,2.3682,1,46.97255000000001,2.367038823484148,1.0012317382627216
5077,2.3678,2.3679,1,46.97255000000001,2.367343294090489,1.0012256505942074
5078,2.3674,2.3675,1,46.97255000000001,2.3671693474990327,1.001217533702855
5079,2.3663,2.3664,1,46.97255000000001,2.3669479959697473,1.001195212251636
5080,2.3675,2.3676,1,46.97255000000001,2.3669278106128595,1.0012195629256933
5081,2.3663,2.3664,1,46.97255000000001,2.366862333308798,1.001195212251636
5082,2.367,2.3671,1,46.97255000000001,2.36685126766839,1.0012094168115027
5083,2.3675,2.3676,1,46.97255000000001,2.3668661288520023,1.0012195629256933
5084,2.3666,2.3667,2,44.60585000000001,2.3668675353213415,1.0011992706973123
5085,2.3665,2.3666,2,44.60585000000001,2.366854975923914,1.0011952122516359
5086,2.366,2.3661,2,44.60585000000001,2.3667566990986773,1.0011749200232551
5087,2.3651,2.3652,2,44.60585000000001,2.3665658859339276,1.0011383940121696
5088,2.3646,2.3647,2,44.60585000000001,2.365582942966964,1.0011181017837885
5089,2.3644,2.3645,2,44.60585000000001,2.364991471483482,1.0011099848924363
5090,2.3635,2.3636,2,44.60585000000001,2.364245735741741,1.0010734588813506
5091,2.3624,2.3625,2,44.60585000000001,2.3633228678708704,1.0010288159789127
5092,2.3629,2.363,2,44.60585000000001,2.363111433935435,1.0010491082072934
5093,2.3629,2.363,2,44.60585000000001,2.363026860361261,1.0010491082072934
5094,2.3614,2.3615,2,44.60585000000001,2.3623761162167565,1.0009882315221508
5095,2.3607,2.3608,2,44.60585000000001,2.361538058108378,1.0009598224024174
5096,2.3597,2.3598,2,44.60585000000001,2.360619029054189,1.0009192379456555
5097,2.361,2.3611,2,44.60585000000001,2.3607714174325136,1.000971997739446
5098,2.3604,2.3605,2,44.60585000000001,2.360647611621676,1.0009476470653889
5099,2.3597,2.3598,2,44.60585000000001,2.3603317410811178,1.0009192379456555
5100,2.3603,2.3604,2,44.60585000000001,2.3603238058108382,1.0009435886197127
5101,2.3604,2.3605,2,44.60585000000001,2.3603407378528742,1.0009476470653889
5102,2.3609,2.361,2,44.60585000000001,2.3604888519494507,1.0009679392937698
5103,2.3615,2.3616,2,44.60585000000001,2.3607562848068273,1.000992289967827
5104,2.3619,2.362,2,44.60585000000001,2.361024365441415,1.0010085237505315
5105,2.3611,2.3612,2,44.60585000000001,2.361060225508946,1.0009760561851222
5106,2.3617,2.3618,2,44.60585000000001,2.3611296487436024,1.0010004068591791
5107,2.3635,2.3636,1,46.96935000000001,2.3614303364639895,1.0010734588813506
5108,2.3636,2.3637,1,46.96935000000001,2.3625151682319947,1.0010754881041886
5109,2.3629,2.363,1,46.96935000000001,2.362397738819972,1.0010612835443222
5110,2.3633,2.3634,1,46.96935000000001,2.3624057106489813,1.0010694004356744
5111,2.3633,2.3634,1,46.96935000000001,2.3627038070993214,1.0010694004356744
5112,2.3613,2.3614,1,46.96935000000001,2.3620019035496607,1.0010288159789127
5113,2.3616,2.3617,1,46.96935000000001,2.3621060157335565,1.0010349036474269
5114,2.3623,2.3624,1,46.96935000000001,2.362123223242491,1.0010491082072934
5115,2.3627,2.3628,1,46.96935000000001,2.3621576490110443,1.0010572250986458
5116,2.3615,2.3616,1,46.96935000000001,2.3621600413020842,1.0010328744245887
5117,2.3605,2.3606,1,46.96935000000001,2.362011085785473,1.001012582196208
5118,2.3608,2.3609,1,46.96935000000001,2.3614055428927365,1.001018669864722
5119,2.3615,2.3616,1,46.96935000000001,2.3614572634836577,1.0010328744245887
5120,2.3607,2.3608,1,46.96935000000001,2.3614607383820427,1.0010166406418841
5121,2.3606,2.3607,1,46.96935000000001,2.3614176493276746,1.001014611419046
5122,2.36,2.3601,1,46.96935000000001,2.36124470376501,1.0010024360820173
5123,2.3607,2.3608,1,46.96935000000001,2.361191250884323,1.0010166406418841
5124,2.3605,2.3606,1,46.96935000000001,2.361135500565954,1.001012582196208
5125,2.3603,2.3604,1,46.96935000000001,2.3610747069693723,1.0010085237505317
5126,2.3607,2.3608,1,46.96935000000001,2.361026047051186,1.0010166406418841
5127,2.3601,2.3602,1,46.96935000000001,2.3609695185138326,1.0010044653048555
5128,2.3609,2.361,1,46.96935000000001,2.360931373064136,1.0010206990875603
5129,2.3629,2.363,1,46.96935000000001,2.3610167094090495,1.0010612835443222
5130,2.3646,2.3647,1,46.96935000000001,2.3628083547045247,1.0010957803325697
5131,2.3656,2.3657,1,46.96935000000001,2.3642041773522626,1.0011160725609505
5132,2.3664,2.3665,1,46.96935000000001,2.365302088676131,1.0011323063436552
5133,2.3665,2.3666,1,46.96935000000001,2.3659010443380657,1.0011343355664934
5134,2.3685,2.3686,0,49.33785000000001,2.367200522169033,1.0011749200232551
5135,2.3686,2.3687,0,49.33785000000001,2.3679002610845163,1.0011749200232551
5136,2.3696,2.3697,0,49.33785000000001,2.3687501305422582,1.0011749200232551
5137,2.3709,2.371,0,49.33785000000001,2.369825065271129,1.0011749200232551
5138,2.3707,2.3708,0,49.33785000000001,2.3702625326355644,1.0011749200232551
5139,2.3708,2.3709,0,49.33785000000001,2.3704775195813386,1.0011749200232551
5140,2.3719,2.372,0,49.33785000000001,2.371046511748803,1.0011749200232551
5141,2.3718,2.3719,0,49.33785000000001,2.3712976744992025,1.0011749200232551
5142,2.3715,2.3716,0,49.33785000000001,2.3713554817851445,1.0011749200232551
5143,2.373,2.3731,0,49.33785000000001,2.372013289071087,1.0011749200232551
5144,2.3721,2.3722,0,49.33785000000001,2.372032558166401,1.0011749200232551
5145,2.3716,2.3717,0,49.33785000000001,2.371946046533121,1.0011749200232551
5146,2.3712,2.3713,0,49.33785000000001,2.3714346818441596,1.0011749200232551
5147,2.3709,2.371,0,49.33785000000001,2.3712284401754697,1.0011749200232551
5148,2.3709,2.371,0,49.33785000000001,2.371124163118553,1.0011749200232551
5149,2.3717,2.3718,0,49.33785000000001,2.371114743465805,1.0011749200232551
5150,2.3712,2.3713,0,49.33785000000001,2.3711070582798954,1.0011749200232551
5151,2.3711,2.3712,0,49.33785000000001,2.3711025811772823,1.0011749200232551
5152,2.3701,2.3702,0,49.33785000000001,2.3710050270369694,1.0011749200232551
5153,2.3694,2.3695,0,49.33785000000001,2.3708192069762077,1.0011749200232551
5154,2.3697,2.3698,0,49.33785000000001,2.3703715241857246,1.0011749200232551
5155,2.3693,2.3694,0,49.33785000000001,2.3703237553053227,1.0011749200232551
5156,2.3699,2.37,0,49.33785000000001,2.3702898373395027,1.0011749200232551
5157,2.3703,2.3704,0,49.33785000000001,2.3702782079920204,1.0011749200232551
5158,2.3711,2.3712,0,49.33785000000001,2.3703243715943803,1.0011749200232551
5159,2.3707,2.3708,0,49.33785000000001,2.3703368499818933,1.0011749200232551
5160,2.3707,2.3708,0,49.33785000000001,2.3703526943373814,1.0011749200232551
5161,2.372,2.3721,0,49.33785000000001,2.370513981789032,1.0011749200232551
5162,2.3707,2.3708,0,49.33785000000001,2.3705371583073886,1.0011749200232551
5163,2.3707,2.3708,0,49.33785000000001,2.3705562317391817,1.0011749200232551
5164,2.3702,2.3703,1,46.96755000000001,2.370597973327361,1.001172890800417
5165,2.3701,2.3702,1,46.96755000000001,2.370575417968775,1.001170861577579
5166,2.3693,2.3694,1,46.96755000000001,2.370488892717913,1.0011546277948742
5167,2.3688,2.3689,1,46.96755000000001,2.369813335630748,1.0011444816806838
5168,2.3703,2.3704,1,46.96755000000001,2.3698818678790756,1.0011749200232551
5169,2.3695,2.3696,2,44.59795000000001,2.3699038201002214,1.0011566570177122
5170,2.3719,2.372,1,46.96985000000001,2.3709019100501108,1.0012540597139405
5171,2.3716,2.3717,1,46.96985000000001,2.3711811460300662,1.0012479720454264
5172,2.3702,2.3703,1,46.96985000000001,2.371066794737717,1.001219562925693
5173,2.3703,2.3704,1,46.96985000000001,2.3707631857544817,1.0012215921485312
5174,2.3709,2.371,1,46.96985000000001,2.3707073027463434,1.0012337674855596
5175,2.3697,2.3698,1,46.96985000000001,2.3705791774113463,1.0012094168115027
5176,2.3695,2.3696,1,46.96985000000001,2.370461357809978,1.0012053583658265
5177,2.3683,2.3684,1,46.96985000000001,2.3701684728806782,1.0011810076917693
5178,2.3679,2.368,1,46.96985000000001,2.3690342364403394,1.001172890800417
5179,2.3679,2.368,1,46.96985000000001,2.3684671182201695,1.001172890800417
5180,2.3664,2.3665,1,46.96985000000001,2.3674335591100846,1.0011424524578456
5181,2.3664,2.3665,1,46.96985000000001,2.3669167795550425,1.0011424524578456
5182,2.3663,2.3664,1,46.96985000000001,2.366608389777521,1.0011404232350076
5183,2.3652,2.3653,1,46.96985000000001,2.366045033866513,1.0011181017837885
5184,2.3646,2.3647,1,46.96985000000001,2.365322516933256,1.00110592644676
5185,2.3639,2.364,1,46.96985000000001,2.364611258466628,1.0010917218868933
5186,2.3642,2.3643,1,46.96985000000001,2.364446755079977,1.0010978095554075
5187,2.3641,2.3642,1,46.96985000000001,2.364331170053318,1.0010957803325695
5188,2.3648,2.3649,1,46.96985000000001,2.364659937000976,1.0011099848924363
5189,2.3653,2.3654,1,46.96985000000001,2.3648033648079236,1.0011201310066264
5190,2.3649,2.365,1,46.96985000000001,2.364912493836388,1.0011120141152743
5191,2.3652,2.3653,1,46.96985000000001,2.3649754820511006,1.0011181017837885
5192,2.3639,2.364,1,46.96985000000001,2.3649914647374817,1.0010917218868933
5193,2.3635,2.3636,1,46.96985000000001,2.364394878842489,1.001083604995541
5194,2.3634,2.3635,1,46.96985000000001,2.3638974394212444,1.0010815757727027
5195,2.3625,2.3626,1,46.96985000000001,2.3633384636527466,1.00106331276716
5196,2.3622,2.3623,1,46.96985000000001,2.362883078191648,1.0010572250986458
5197,2.3632,2.3633,1,46.96985000000001,2.363114657900395,1.0010775173270268
5198,2.3633,2.3634,1,46.96985000000001,2.363241503983259,1.0010795465498648
5199,2.3639,2.364,1,46.96985000000001,2.3634570419955687,1.0010917218868933
5200,2.3628,2.3629,1,46.96985000000001,2.363468419415926,1.0010694004356744
5201,2.3625,2.3626,1,46.96985000000001,2.36344317558619,1.00106331276716
5202,2.3624,2.3625,1,46.96985000000001,2.363301869846342,1.001061283544322
5203,2.3618,2.3619,1,46.96985000000001,2.3631463974335665,1.0010491082072934
5204,2.3607,2.3608,1,46.96985000000001,2.3628285941408578,1.0010267867560745
5205,2.3604,2.3605,1,46.96985000000001,2.361614297070429,1.00102069908756
5206,2.3601,2.3602,1,46.96985000000001,2.3608571485352146,1.001014611419046
5207,2.3608,2.3609,1,46.96985000000001,2.3608380990234767,1.0010288159789125
5208,2.3587,2.3588,1,46.96985000000001,2.3609489483832187,1.0009862022993126
5209,2.3578,2.3579,1,46.96985000000001,2.3593744741916094,1.0009679392937696
5210,2.3578,2.3579,1,46.96985000000001,2.3585872370958048,1.0009679392937696
5211,2.3581,2.3582,1,46.96985000000001,2.3583923422574826,1.000974026962284
5212,2.3596,2.3597,1,46.96985000000001,2.359012520182479,1.0010044653048553
5213,2.3594,2.3595,1,46.96985000000001,2.359301454771571,1.0010004068591791
5214,2.3597,2.3598,1,46.96985000000001,2.359455886669693,1.0010064945276935
5215,2.3591,2.3592,1,46.96985000000001,2.3594695859372425,1.000994319190665
5216,2.3588,2.3589,1,46.96985000000001,2.3594530833018488,1.0009882315221508
5217,2.3578,2.3579,1,46.96985000000001,2.3592757986892177,1.0009679392937696
5218,2.3583,2.3584,1,46.96985000000001,2.359222053857519,1.0009780854079602
5219,2.3591,2.3592,1,46.96985000000001,2.3591848143450505,1.000994319190665
5220,2.3593,2.3594,1,46.96985000000001,2.359111496865174,1.0009983776363411
5221,2.3605,2.3606,1,46.96985000000001,2.3592077309083903,1.0010227283103983
5222,2.3607,2.3608,1,46.96985000000001,2.3599538654541954,1.0010267867560745
5223,2.3595,2.3596,1,46.96985000000001,2.3598376988452756,1.0010024360820173
5224,2.3587,2.3588,1,46.96985000000001,2.3596154649184005,1.0009862022993126
5225,2.3578,2.3579,1,46.96985000000001,2.359359508773915,1.0009679392937696
5226,2.3583,2.3584,1,46.96985000000001,2.3591986861248895,1.0009780854079602
5227,2.3591,2.3592,1,46.96985000000001,2.359126914063931,1.000994319190665
5228,2.3596,2.3597,1,46.96985000000001,2.3591111992809717,1.0010044653048553
5229,2.3606,2.3607,1,46.96985000000001,2.359240116026036,1.0010247575332363
5230,2.3606,2.3607,1,46.96985000000001,2.359920058013018,1.0010247575332363
5231,2.3607,2.3608,1,46.96985000000001,2.3602320348078107,1.0010267867560745
5232,2.3602,2.3603,1,46.96985000000001,2.3601280070222437,1.001016640641884
5233,2.359,2.3591,1,46.96985000000001,2.3599190688758913,1.000992289967827
5234,2.3593,2.3594,1,46.96985000000001,2.3598623674019104,1.0009983776363411
5235,2.3582,2.3583,1,46.96985000000001,2.359618458862495,1.000976056185122
5236,2.3582,2.3583,1,46.96985000000001,2.359051075317497,1.000976056185122
5237,2.3577,2.3578,1,46.96985000000001,2.3589732177255645,1.0009659100709316
5238,2.3586,2.3587,1,46.96985000000001,2.3589356293157326,1.0009841730764746
5239,2.3595,2.3596,1,46.96985000000001,2.358939059644791,1.0010024360820173
5240,2.3582,2.3583,1,46.96985000000001,2.3589132526742924,1.000976056185122
5241,2.3583,2.3584,1,46.96985000000001,2.3588761722212146,1.0009780854079602
5242,2.3587,2.3588,1,46.96985000000001,2.3588482839443015,1.0009862022993126
5243,2.3598,2.3599,1,46.96985000000001,2.35888346380323,1.0010085237505315
5244,2.3599,2.36,1,46.96985000000001,2.3589902679452255,1.0010105529733697
5245,2.3586,2.3587,1,46.96985000000001,2.3589926147164917,1.0009841730764746
5246,2.3593,2.3594,1,46.96985000000001,2.359006096465863,1.0009983776363411
5247,2.3586,2.3587,1,46.96985000000001,2.359002382261836,1.0009841730764746
5248,2.3572,2.3573,1,46.96985000000001,2.3588627910117492,1.0009557639567412
5249,2.3586,2.3587,1,46.96985000000001,2.358838446931954,1.0009841730764746
5250,2.3601,2.3602,1,46.96985000000001,2.3588734620406306,1.001014611419046
5251,2.3599,2.36,1,46.96985000000001,2.359386731020315,1.0010105529733697
5252,2.3611,2.3612,1,46.96985000000001,2.3594205830683967,1.0010349036474269
5253,2.3616,2.3617,1,46.96985000000001,2.3605102915341982,1.0010450497616172
5254,2.3622,2.3623,1,46.96985000000001,2.3613551457670994,1.0010572250986458
5255,2.3622,2.3623,1,46.96985000000001,2.3616930874602597,1.0010572250986458
5256,2.3614,2.3615,1,46.96985000000001,2.3613835379143167,1.001040991315941
5257,2.3616,2.3617,1,46.96985000000001,2.3612500582349503,1.0010450497616172
5258,2.3604,2.3605,1,46.96985000000001,2.361036266905148,1.00102069908756
5259,2.3608,2.3609,1,46.96985000000001,2.3609966527600488,1.0010288159789125
5260,2.3586,2.3587,1,46.96985000000001,2.360705849196566,1.0009841730764746
5261,2.359,2.3591,1,46.96985000000001,2.3600235095179394,1.000992289967827
5262,2.3596,2.3597,2,44.610150000000004,2.3600344572992316,1.0010024360820173
5263,2.3607,2.3608,1,46.970850000000006,2.360103918456722,1.0010470789844552
5264,2.3612,2.3613,1,46.970850000000006,2.3602319781614476,1.0010572250986458
5265,2.3611,2.3612,1,46.970850000000006,2.360363277298704,1.0010551958758076
5266,2.361,2.3611,1,46.970850000000006,2.3604376754089436,1.0010531666529694
5267,2.3616,2.3617,1,46.970850000000006,2.3605487001109564,1.0010653419899982
5268,2.3602,2.3603,2,44.61055,2.360574983836498,1.0010349036474266
5269,2.3607,2.3608,1,46.971250000000005,2.360596761001782,1.0010551958758076
5270,2.361,2.3611,1,46.971250000000005,2.360623896614562,1.0010612835443218
5271,2.3628,2.3629,1,46.971250000000005,2.3608661279250596,1.0010978095554075
5272,2.3628,2.3629,1,46.971250000000005,2.36183306396253,1.0010978095554075
5273,2.3621,2.3622,1,46.971250000000005,2.3617354781735878,1.001083604995541
5274,2.3628,2.3629,1,46.971250000000005,2.3617490236082013,1.0010978095554075
5275,2.3614,2.3615,1,46.971250000000005,2.361742332908862,1.0010694004356744
5276,2.3614,2.3615,1,46.971250000000005,2.3617296545624127,1.0010694004356744
5277,2.3623,2.3624,1,46.971250000000005,2.3617377153221684,1.0010876634412171
5278,2.3624,2.3625,1,46.971250000000005,2.3617664150183133,1.0010896926640551
5279,2.3629,2.363,1,46.971250000000005,2.3619164313376126,1.0010998387782457
5280,2.3645,2.3646,1,46.971250000000005,2.362212671528452,1.001132306343655
5281,2.3661,2.3662,1,46.971250000000005,2.3641563357642257,1.0011647739090646
5282,2.3672,2.3673,1,46.971250000000005,2.3656781678821126,1.0011870953602835
5283,2.3672,2.3673,1,46.971250000000005,2.3664390839410565,1.0011870953602835
5284,2.3673,2.3674,1,46.971250000000005,2.366783450364634,1.0011891245831217
5285,2.368,2.3681,1,46.971250000000005,2.3672700702187806,1.0012033291429883
5286,2.3678,2.3679,1,46.971250000000005,2.367446713479187,1.001199270697312
5287,2.3668,2.3669,1,46.971250000000005,2.367113152846145,1.0011789784689311
5288,2.3664,2.3665,1,46.971250000000005,2.3666389509013985,1.0011708615775787
5289,2.367,2.3671,1,46.971250000000005,2.366574483277662,1.0011830369146073
5290,2.3662,2.3663,1,46.971250000000005,2.366462854150031,1.0011668031319025
5291,2.3668,2.3669,1,46.971250000000005,2.3664502374602874,1.0011789784689311
5292,2.3674,2.3675,1,46.971250000000005,2.3664688636706503,1.0011911538059597
5293,2.3675,2.3676,1,46.971250000000005,2.366507620424828,1.001193183028798
5294,2.3682,2.3683,1,46.971250000000005,2.366706806747589,1.0012073875886645
5295,2.3679,2.368,1,46.971250000000005,2.367104537831726,1.00120129992015
5296,2.3668,2.3669,1,46.971250000000005,2.367104152228548,1.0011789784689311
5297,2.3652,2.3653,1,46.971250000000005,2.3669298643798378,1.0011465109035218
5298,2.366,2.3661,1,46.971250000000005,2.3667740316799257,1.0011627446862263
5299,2.3676,2.3677,1,46.971250000000005,2.366860975713618,1.0011952122516359
5300,2.3681,2.3682,1,46.971250000000005,2.3669473230525986,1.0012053583658262
5301,2.3672,2.3673,1,46.971250000000005,2.366993958686985,1.0011870953602835
5302,2.3669,2.367,2,44.60425000000001,2.367007342435174,1.0011789784689313
5303,2.3678,2.3679,1,46.97205000000001,2.3670626825138728,1.001215504480017
5304,2.3689,2.369,1,46.97205000000001,2.367274989622456,1.0012378259312358
5305,2.3697,2.3698,1,46.97205000000001,2.368487494811228,1.0012540597139408
5306,2.3685,2.3686,1,46.97205000000001,2.3682927317138907,1.0012297090398836
5307,2.368,2.3681,1,46.97205000000001,2.3682342814367665,1.0012195629256933
5308,2.3675,2.3676,1,46.97205000000001,2.368071882670857,1.0012094168115027
5309,2.3675,2.3676,1,46.97205000000001,2.3679771425168608,1.0012094168115027
5310,2.3665,2.3666,1,46.97205000000001,2.367784720829921,1.0011891245831217
5311,2.3661,2.3662,1,46.97205000000001,2.3671108324979526,1.0011810076917695
5312,2.3669,2.367,2,44.60505000000001,2.3671490036864515,1.001195212251636
5313,2.367,2.3671,3,42.23795000000001,2.367161750149368,1.001197241474474
5314,2.3672,2.3673,2,44.60515000000001,2.3671693984075497,1.0012094168115027
5315,2.3674,2.3675,2,44.60515000000001,2.3671815726303502,1.001217533702855
5316,2.3686,2.3687,2,44.60515000000001,2.3673329322104744,1.0012662350509691
5317,2.3682,2.3683,2,44.60515000000001,2.367413357452037,1.0012500012682646
5318,2.3674,2.3675,2,44.60515000000001,2.3674365113875053,1.001217533702855
5319,2.3675,2.3676,2,44.60515000000001,2.3674532058085997,1.0012215921485312
5320,2.3674,2.3675,2,44.60515000000001,2.367463094581518,1.001217533702855
5321,2.3668,2.3669,2,44.60515000000001,2.3674417855976038,1.001193183028798
5322,2.3667,2.3668,2,44.60515000000001,2.3673852058125835,1.0011891245831217
5323,2.3655,2.3656,2,44.60515000000001,2.367167530914605,1.0011404232350076
5324,2.365,2.3651,2,44.60515000000001,2.3660837654573026,1.0011201310066267
5325,2.3652,2.3653,2,44.60515000000001,2.365641882728651,1.001128247897979
5326,2.3646,2.3647,2,44.60515000000001,2.3652251296371904,1.001103897223922
5327,2.3636,2.3637,2,44.60515000000001,2.3645750777823142,1.00106331276716
5328,2.3632,2.3633,2,44.60515000000001,2.363887538891157,1.0010470789844552
5329,2.3639,2.364,2,44.60515000000001,2.3638910992079696,1.0010754881041886
5330,2.3641,2.3642,2,44.60515000000001,2.3640871983480234,1.001083604995541
5331,2.3642,2.3643,2,44.60515000000001,2.3642036115519445,1.0010876634412171
5332,2.3656,2.3657,2,44.60515000000001,2.3645210502900014,1.0011444816806838
5333,2.366,2.3661,2,44.60515000000001,2.36478536156557,1.0011607154633884
5334,2.3661,2.3662,2,44.60515000000001,2.3654426807827846,1.0011647739090646
5335,2.366,2.3661,2,44.60515000000001,2.365417091114736,1.0011607154633884
5336,2.3658,2.3659,2,44.60515000000001,2.365429829213278,1.001152598572036
5337,2.3645,2.3646,2,44.60515000000001,2.3653557213654226,1.0010998387782457
5338,2.3645,2.3646,2,44.60515000000001,2.365247611667171,1.0010998387782457
5339,2.364,2.3641,2,44.60515000000001,2.365089965729961,1.0010795465498648
5340,2.3639,2.364,2,44.60515000000001,2.364613979437977,1.0010754881041886
5341,2.3638,2.3639,2,44.60515000000001,2.364600278036373,1.0010714296585124
5342,2.3631,2.3632,2,44.60515000000001,2.3645159356649024,1.001043020538779
5343,2.364,2.3641,2,44.60515000000001,2.3644493544219953,1.0010795465498648
5344,2.3639,2.364,2,44.60515000000001,2.3643908412421473,1.0010754881041886
5345,2.364,2.3641,2,44.60515000000001,2.364343116739429,1.0010795465498648
5346,2.3617,2.3618,2,44.60515000000001,2.364024738758669,1.0009862022993126
5347,2.3632,2.3633,2,44.60515000000001,2.3639563314958787,1.0010470789844552
5348,2.3631,2.3632,2,44.60515000000001,2.3638893246452866,1.001043020538779
5349,2.363,2.3631,2,44.60515000000001,2.363812120275667,1.001038962093103
5350,2.3624,2.3625,2,44.60515000000001,2.3636212585428122,1.001014611419046
5351,2.3637,2.3638,2,44.60515000000001,2.3635219243526002,1.0010673712128364
5352,2.3639,2.364,2,44.60515000000001,2.363495122686911,1.0010754881041886
5353,2.3635,2.3636,2,44.60515000000001,2.363481638985733,1.001059254321484
5354,2.3638,2.3639,2,44.60515000000001,2.363487147310919,1.0010714296585124
5355,2.3636,2.3637,2,44.60515000000001,2.363494405813129,1.00106331276716
5356,2.3636,2.3637,2,44.60515000000001,2.3635022156388032,1.00106331276716
5357,2.3665,2.3666,2,44.60515000000001,2.3637891186689033,1.0011810076917693
5358,2.3672,2.3673,2,44.60515000000001,2.3654945593344516,1.0012094168115027
5359,2.3668,2.3669,2,44.60515000000001,2.366147279667226,1.001193183028798
5360,2.3672,2.3673,2,44.60515000000001,2.3665683678003355,1.0012094168115027
5361,2.3671,2.3672,2,44.60515000000001,2.3667455785335574,1.0012053583658265
5362,2.3672,2.3673,2,44.60515000000001,2.3668754132382555,1.0012094168115027
5363,2.3672,2.3673,2,44.60515000000001,2.3669565599286915,1.0012094168115027
5364,2.367,2.3671,2,44.60515000000001,2.366824048265591,1.0012012999201503
5365,2.3674,2.3675,2,44.60515000000001,2.366769098921612,1.001217533702855
5366,2.3686,2.3687,2,44.60515000000001,2.366820117884446,1.0012662350509691
5367,2.3692,2.3693,2,44.60515000000001,2.368010058942223,1.0012905857250263
5368,2.3699,2.37,2,44.60515000000001,2.3689550294711115,1.0013189948447596
5369,2.3694,2.3695,2,44.60515000000001,2.369133017682667,1.0012987026163787
5370,2.3691,2.3692,2,44.60515000000001,2.369122011788445,1.00128652727935
5371,2.3688,2.3689,2,44.60515000000001,2.368934329094594,1.0012743519423215
5372,2.3682,2.3683,2,44.60515000000001,2.3686966530610247,1.0012500012682646
5373,2.3679,2.368,2,44.60515000000001,2.368522037331016,1.0012378259312358
5374,2.3682,2.3683,2,44.60515000000001,2.3684440792266743,1.0012500012682646
5375,2.3679,2.368,2,44.60515000000001,2.3683702554396344,1.0012378259312358
5376,2.3679,2.368,2,44.60515000000001,2.3683111293921875,1.0012378259312358
5377,2.3682,2.3683,2,44.60515000000001,2.3682780628091797,1.0012500012682646
5378,2.3682,2.3683,2,44.60515000000001,2.3682558062371686,1.0012500012682646
5379,2.3687,2.3688,2,44.60515000000001,2.3682556584685233,1.0012702934966453
5380,2.3692,2.3693,2,44.60515000000001,2.3682770149871404,1.0012905857250263
5381,2.3693,2.3694,2,44.60515000000001,2.3683132869732213,1.0012946441707025
5382,2.3693,2.3694,2,44.60515000000001,2.368357951469323,1.0012946441707025
5383,2.3686,2.3687,2,44.60515000000001,2.3683915872946013,1.0012662350509691
5384,2.3689,2.369,2,44.60515000000001,2.3684255993605867,1.0012784103879977
5385,2.3687,2.3688,2,44.60515000000001,2.368452903316154,1.0012702934966453
5386,2.3688,2.3689,2,44.60515000000001,2.3684778167498988,1.0012743519423215
5387,2.368,2.3681,3,42.23705000000001,2.3684905320770726,1.001239855154074
5388,2.3676,2.3677,3,42.23705000000001,2.3684710223977716,1.001215504480017
5389,2.3672,2.3673,3,42.23705000000001,2.368335521825962,1.00119115380596
5390,2.3675,2.3676,3,42.23705000000001,2.3682771269007454,1.0012094168115027
5391,2.3676,2.3677,3,42.23705000000001,2.3682190597380943,1.001215504480017
5392,2.3669,2.367,3,42.23705000000001,2.3680962405866235,1.0011728908004172
5393,2.3674,2.3675,3,42.23705000000001,2.3680206785487807,1.0012033291429883
5394,2.3672,2.3673,3,42.23705000000001,2.3679325656101966,1.00119115380596
5395,2.3667,2.3668,3,42.23705000000001,2.367837280359546,1.0011607154633884
5396,2.3673,2.3674,3,42.23705000000001,2.3677628203638017,1.001197241474474
5397,2.3674,2.3675,3,42.23705000000001,2.367714232434513,1.0012033291429883
5398,2.3681,2.3682,3,42.23705000000001,2.367703369014861,1.0012459428225884
5399,2.369,2.3691,2,44.60605000000001,2.3677568047287574,1.0013007318392169
5400,2.3688,2.3689,2,44.60605000000001,2.368174082837254,1.0012926149478645
5401,2.3687,2.3688,2,44.60605000000001,2.36815841684563,1.0012885565021883
5402,2.3696,2.3697,2,44.60605000000001,2.3682504416273464,1.0013250825132738
5403,2.3694,2.3695,2,44.60605000000001,2.368578886876676,1.0013169656219214
5404,2.3684,2.3685,2,44.60605000000001,2.3685713190596775,1.0012763811651597
5405,2.3679,2.368,2,44.60605000000001,2.3684979063537086,1.0012560889367788
5406,2.3687,2.3688,2,44.60605000000001,2.368494019580055,1.0012885565021883
5407,2.3672,2.3673,2,44.60605000000001,2.3683935488900723,1.0012276798170454
5408,2.3661,2.3662,2,44.60605000000001,2.368123391976667,1.0011830369146075
5409,2.367,2.3671,2,44.60605000000001,2.3679107466960314,1.0012195629256933
5410,2.3673,2.3674,2,44.60605000000001,2.367839489856991,1.0012317382627216
5411,2.3663,2.3664,2,44.60605000000001,2.3676878863912916,1.00119115380596
5412,2.3655,2.3656,2,44.60605000000001,2.366593943195646,1.0011586862405504
5413,2.3645,2.3646,2,44.60605000000001,2.365546971597823,1.0011181017837885
5414,2.3638,2.3639,2,44.60605000000001,2.364673485798911,1.0010896926640553
5415,2.3639,2.364,2,44.60605000000001,2.3642867428994556,1.0010937511097315
5416,2.3649,2.365,2,44.60605000000001,2.364644076568785,1.0011343355664932
5417,2.366,2.3661,2,44.60605000000001,2.365132797224345,1.0011789784689313
5418,2.3665,2.3666,2,44.60605000000001,2.365457019563043,1.001199270697312
5419,2.3666,2.3667,2,44.60605000000001,2.3656935632867793,1.0012033291429883
5420,2.3657,2.3658,2,44.60605000000001,2.365758465315266,1.0011668031319028
5421,2.3643,2.3644,2,44.60605000000001,2.3656789792190036,1.0011099848924363
5422,2.3631,2.3632,2,44.60605000000001,2.364389489609502,1.001061283544322
5423,2.3627,2.3628,2,44.60605000000001,2.363544744804751,1.0010450497616172
5424,2.3637,2.3638,2,44.60605000000001,2.363606846882851,1.0010856342183792
5425,2.3637,2.3638,2,44.60605000000001,2.363861147116589,1.0010856342183792
5426,2.3637,2.3638,2,44.60605000000001,2.363971669453579,1.0010856342183792
5427,2.3631,2.3632,2,44.60605000000001,2.3639885652189223,1.001061283544322
5428,2.3625,2.3626,2,44.60605000000001,2.363931271019523,1.0010369328702649
5429,2.3614,2.3615,2,44.60605000000001,2.3626656355097615,1.000992289967827
5430,2.361,2.3611,2,44.60605000000001,2.361832817754881,1.0009760561851222
5431,2.3614,2.3615,2,44.60605000000001,2.3616596906529286,1.000992289967827
5432,2.3611,2.3612,2,44.60605000000001,2.3614731271019522,1.0009801146307984
5433,2.3613,2.3614,2,44.60605000000001,2.36142366221568,1.0009882315221508
5434,2.3603,2.3604,2,44.60605000000001,2.3615379871018023,1.0009476470653889
5435,2.3591,2.3592,2,44.60605000000001,2.3603189935509015,1.0008989457172748
5436,2.3598,2.3599,2,44.60605000000001,2.3600594967754507,1.000927354837008
5437,2.3592,2.3593,2,44.60605000000001,2.3597156980652705,1.000903004162951
5438,2.359,2.3591,2,44.60605000000001,2.359477132043514,1.0008948872715986
5439,2.3603,2.3604,2,44.60605000000001,2.359628253461715,1.0009476470653889
5440,2.359,2.3591,2,44.60605000000001,2.3597542524820696,1.0008948872715986
5441,2.3594,2.3595,2,44.60605000000001,2.3598086659888464,1.0009111210543034
5442,2.359,2.3591,2,44.60605000000001,2.359810424052224,1.0008948872715986
5443,2.3586,2.3587,2,44.60605000000001,2.3597246946768475,1.0008786534888938
5444,2.3578,2.3579,2,44.60605000000001,2.359497115771335,1.0008461859234843
5445,2.3586,2.3587,2,44.60605000000001,2.3593973120910157,1.0008786534888938
5446,2.3564,2.3565,2,44.60605000000001,2.3590227572278692,1.0007893676840178
5447,2.3555,2.3556,2,44.60605000000001,2.3572613786139347,1.000752841672932
5448,2.356,2.3561,2,44.60605000000001,2.356630689306967,1.000773133901313
5449,2.3544,2.3545,2,44.60605000000001,2.3555153446534836,1.000708198770494
5450,2.3544,2.3545,2,44.60605000000001,2.35506920679209,1.000708198770494
5451,2.3536,2.3537,2,44.60605000000001,2.354334603396045,1.0006757312050847
5452,2.3538,2.3539,2,44.60605000000001,2.3541207620376268,1.000683848096437
5453,2.353,2.3531,2,44.60605000000001,2.353747174691751,1.0006513805310275
5454,2.3527,2.3528,2,44.60605000000001,2.353328304815051,1.000639205193999
5455,2.3525,2.3526,2,44.60605000000001,2.353052203210034,1.0006310883026466
5456,2.3518,2.3519,2,44.60605000000001,2.35255132192602,1.0006026791829135
5457,2.353,2.3531,2,44.60605000000001,2.3527815313271274,1.0006513805310275
5458,2.354,2.3541,2,44.60605000000001,2.3532690074992,1.0006919649877895
5459,2.3522,2.3523,2,44.60605000000001,2.353320127284433,1.000618912965618
5460,2.3515,2.3516,2,44.60605000000001,2.3524100636422167,1.0005905038458849
5461,2.3508,2.3509,2,44.60605000000001,2.3516050318211086,1.0005620947261515
5462,2.35,2.3501,2,44.60605000000001,2.350802515910554,1.0005296271607422
5463,2.35,2.3501,2,44.60605000000001,2.3504012579552773,1.0005296271607422
5464,2.35,2.3501,2,44.60605000000001,2.3502407547731665,1.0005296271607422
5465,2.3504,2.3505,2,44.60605000000001,2.3502862534094047,1.0005458609434468
5466,2.3507,2.3508,2,44.60605000000001,2.350508305237544,1.0005580362804753
5467,2.3512,2.3513,2,44.60605000000001,2.350642465035447,1.0005783285088563
5468,2.3512,2.3513,2,44.60605000000001,2.350740726566912,1.0005783285088563
5469,2.3527,2.3528,2,44.60605000000001,2.351099732880116,1.000639205193999
5470,2.3516,2.3517,2,44.60605000000001,2.351209644336184,1.000594562291561
5471,2.3505,2.3506,2,44.60605000000001,2.351224381666102,1.000549919389123
5472,2.3506,2.3507,2,44.60605000000001,2.3512007786887725,1.0005539778347992
5473,2.35,2.3501,2,44.60605000000001,2.35108196122634,1.0005296271607422
5474,2.3484,2.3485,2,44.60605000000001,2.350789539425678,1.0004646920299232
5475,2.3486,2.3487,2,44.60605000000001,2.3496947697128387,1.0004728089212755
5476,2.3484,2.3485,2,44.60605000000001,2.3490473848564193,1.0004646920299232
5477,2.3476,2.3477,2,44.60605000000001,2.3484684309138517,1.0004322244645136
5478,2.3482,2.3483,2,44.60605000000001,2.348378953942568,1.0004565751385708
5479,2.3476,2.3477,2,44.60605000000001,2.348531430553322,1.0004322244645136
5480,2.3464,2.3465,2,44.60605000000001,2.347678858331993,1.0003835231163996
5481,2.3456,2.3457,2,44.60605000000001,2.3466394291659967,1.00035105555099
5482,2.3453,2.3454,2,44.60605000000001,2.3459697145829983,1.0003388802139614
5483,2.3446,2.3447,2,44.60605000000001,2.345284857291499,1.000310471094228
5484,2.345,2.3451,2,44.60605000000001,2.345189904861,1.0003267048769329
5485,2.3477,2.3478,2,44.60605000000001,2.3464449524304998,1.0004362829101898
5486,2.348,2.3481,2,44.60605000000001,2.3467266744572197,1.0004484582472184
5487,2.3474,2.3475,2,44.60605000000001,2.3469031357902215,1.0004241075731612
5488,2.3475,2.3476,2,44.60605000000001,2.347004295078097,1.0004281660188374
5489,2.3473,2.3474,2,44.60605000000001,2.3470635999335556,1.000420049127485
5490,2.3467,2.3468,2,44.60605000000001,2.347072438570728,1.000395698453428
5491,2.3462,2.3463,2,44.60605000000001,2.3470255898493617,1.0003754062250472
5492,2.3445,2.3446,2,44.60605000000001,2.34675766000012,1.000306412648552
5493,2.3443,2.3444,2,44.60605000000001,2.34552883000006,1.0002982957571998
5494,2.3453,2.3454,2,44.60605000000001,2.34566844353233,1.0003388802139614
5495,2.3443,2.3444,2,44.60605000000001,2.3456603037692823,1.0002982957571998
5496,2.344,2.3441,2,44.60605000000001,2.3451068691795216,1.0002861204201712
5497,2.345,2.3451,2,44.60605000000001,2.345151423835264,1.0003267048769329
5498,2.3453,2.3454,2,44.60605000000001,2.3451786988904377,1.0003388802139614
5499,2.346,2.3461,2,44.60605000000001,2.3452979945361356,1.0003672893336948
5500,2.3486,2.3487,2,44.60605000000001,2.3456469796151813,1.0004728089212755
5501,2.3507,2.3508,2,44.60605000000001,2.3481734898075906,1.0005580362804753
5502,2.3482,2.3483,2,44.60605000000001,2.348186744903795,1.0004565751385708
5503,2.3469,2.347,2,44.60605000000001,2.3476237474564394,1.0004038153447805
5504,2.3467,2.3468,2,44.60605000000001,2.3473094532773904,1.000395698453428
5505,2.3461,2.3462,2,44.60605000000001,2.3470709280880167,1.000371347779371
5506,2.3464,2.3465,2,44.60605000000001,2.346944070528729,1.0003835231163996
5507,2.3483,2.3484,2,44.60605000000001,2.346989492432918,1.000460633584247
5508,2.3487,2.3488,2,44.60605000000001,2.347844746216459,1.0004768673669517
5509,2.3477,2.3478,2,44.60605000000001,2.347668262808572,1.0004362829101898
5510,2.3464,2.3465,2,44.60605000000001,2.347444669552953,1.0003835231163996
5511,2.3474,2.3475,2,44.60605000000001,2.3474099310668954,1.0004241075731612
5512,2.3476,2.3477,2,44.60605000000001,2.3473865953664608,1.0004322244645136
5513,2.3492,2.3493,2,44.60605000000001,2.347522811064431,1.0004971595953327
5514,2.3481,2.3482,2,44.60605000000001,2.347609368124535,1.0004525166928946
5515,2.3478,2.3479,2,44.60605000000001,2.3476349843900284,1.000440341355866
5516,2.3484,2.3485,2,44.60605000000001,2.34770167244126,1.0004646920299232
5517,2.3478,2.3479,2,44.60605000000001,2.3477254086128707,1.000440341355866
5518,2.3482,2.3483,2,44.60605000000001,2.3477683201940627,1.0004565751385708
5519,2.3478,2.3479,2,44.60605000000001,2.347785472611268,1.000440341355866
5520,2.3467,2.3468,2,44.60605000000001,2.347743017017957,1.000395698453428
5521,2.3468,2.3469,2,44.60605000000001,2.3474286780119717,1.0003997568991043
5522,2.3466,2.3467,2,44.60605000000001,2.3473981192827775,1.0003916400077517
5523,2.3464,2.3465,2,44.60605000000001,2.3473251259067265,1.0003835231163996
5524,2.3447,2.3448,2,44.60605000000001,2.3470267562438916,1.0003145295399043
5525,2.3447,2.3448,2,44.60605000000001,2.345863378121946,1.0003145295399043
5526,2.3438,2.3439,2,44.60605000000001,2.344831689060973,1.0002780035288188
5527,2.3443,2.3444,2,44.60605000000001,2.344619013436584,1.0002982957571998
5528,2.3448,2.3449,2,44.60605000000001,2.3448987112858495,1.0003185879855805
5529,2.3446,2.3447,2,44.60605000000001,2.345013961642085,1.000310471094228
5530,2.3433,2.3434,2,44.60605000000001,2.3449949891359743,1.0002577113004378
5531,2.3395,2.3396,2,44.60605000000001,2.34447216022975,1.000103490364743
5532,2.3367,2.3368,2,44.60605000000001,2.340586080114875,0.9999898538858097
5533,2.3363,2.3365,2,44.60605000000001,2.338443040057437,0.9999736201031051
5534,2.3366,2.3367,2,44.60605000000001,2.3375215200287185,0.9999857954401337
5535,2.3388,2.3389,2,44.60605000000001,2.3381607600143592,1.0000750812450097
5536,2.3409,2.341,2,44.60605000000001,2.339271370020662,1.0001603086042095
5537,2.3414,2.3415,2,44.60605000000001,2.3399192222940894,1.0001806008325904
5538,2.3433,2.3434,2,44.60605000000001,2.3404915961973924,1.0002577113004378
5539,2.3439,2.344,2,44.60605000000001,2.3421957980986963,1.000282061974495
5540,2.3428,2.3429,2,44.60605000000001,2.342437478859218,1.0002374190720569
5541,2.3423,2.3424,2,44.60605000000001,2.342281666868617,1.0002171268436761
5542,2.3449,2.345,2,44.60605000000001,2.34234460855859,1.0003226464312567
5543,2.3442,2.3443,2,44.60605000000001,2.342874720398993,1.0002942373115236
5544,2.343,2.3431,2,44.60605000000001,2.3428567855649005,1.0002455359634093
5545,2.3413,2.3414,2,44.60605000000001,2.342693248671705,1.0001765423869142
5546,2.345,2.3451,2,44.60605000000001,2.343462165781137,1.0003267048769329
5547,2.3435,2.3436,2,44.60605000000001,2.3433915190411545,1.0002658281917902
5548,2.3445,2.3446,2,44.60605000000001,2.3433622358115365,1.000306412648552
5549,2.3427,2.3428,2,44.60605000000001,2.3432900530529164,1.0002333606263807
5550,2.3423,2.3424,2,44.60605000000001,2.3431944257462467,1.0002171268436761
5551,2.343,2.3431,2,44.60605000000001,2.3431180702856773,1.0002455359634093
5552,2.3434,2.3435,2,44.60605000000001,2.343114866656678,1.000261769746114
5553,2.345,2.3451,2,44.60605000000001,2.343282965976412,1.0003267048769329
5554,2.3448,2.3449,2,44.60605000000001,2.344041482988206,1.0003185879855805
5555,2.3431,2.3432,2,44.60605000000001,2.34395076703352,1.0002495944090855
5556,2.3428,2.3429,2,44.60605000000001,2.343697707559168,1.0002374190720569
5557,2.3423,2.3424,2,44.60605000000001,2.34346711890519,1.0002171268436761
5558,2.3414,2.3415,2,44.60605000000001,2.3431848672826368,1.0001806008325904
5559,2.3426,2.3427,2,44.60605000000001,2.3430724430654166,1.0002293021807045
5560,2.3418,2.3419,2,44.60605000000001,2.3429537801552662,1.000196834615295
5561,2.3402,2.3403,2,44.60605000000001,2.342656417399305,1.0001318994844761
5562,2.3407,2.3408,2,44.60605000000001,2.3416782086996526,1.000152191712857
5563,2.3405,2.3406,2,44.60605000000001,2.3412069252197916,1.0001440748215047
5564,2.3405,2.3406,2,44.60605000000001,2.3409712834798615,1.0001440748215047
5565,2.3392,2.3393,2,44.60605000000001,2.3410106488772184,1.0000913150277142
5566,2.3396,2.3397,2,44.60605000000001,2.3406076063408703,1.0001075488104192
5567,2.3386,2.3387,2,44.60605000000001,2.3396038031704354,1.0000669643536573
5568,2.3398,2.3399,2,44.60605000000001,2.339754466562424,1.0001156657017714
5569,2.3391,2.3392,2,44.60605000000001,2.3398325793743058,1.0000872565820382
5570,2.3397,2.3398,2,44.60605000000001,2.339863056848226,1.0001116072560952
5571,2.34,2.3401,2,44.60605000000001,2.3398859087269734,1.0001237825931237
5572,2.3403,2.3404,2,44.60605000000001,2.3399421668206006,1.0001359579301523
5573,2.3393,2.3394,2,44.60605000000001,2.339938638405589,1.0000953734733906
5574,2.338,2.3381,2,44.60605000000001,2.3397537378955056,1.0000426136796001
5575,2.3415,2.3416,2,44.60605000000001,2.340452242737303,1.0001846592782666
5576,2.3417,2.3418,2,44.60605000000001,2.3410761213686513,1.0001927761696188
5577,2.3414,2.3415,2,44.60605000000001,2.3412380606843257,1.0001806008325904
5578,2.3414,2.3415,2,44.60605000000001,2.3413028364105957,1.0001806008325904
5579,2.3417,2.3418,2,44.60605000000001,2.341142283070368,1.0001927761696188
5580,2.342,2.3421,2,44.60605000000001,2.341111775894658,1.0002049515066473
5581,2.3441,2.3442,2,44.60605000000001,2.3413522321108946,1.0002901788658474
5582,2.3459,2.346,2,44.60605000000001,2.3436261160554475,1.0003632308880186
5583,2.3481,2.3482,2,44.60605000000001,2.3458630580277235,1.0004525166928946
5584,2.3498,2.3499,2,44.60605000000001,2.347831529013862,1.0005215102693898
5585,2.3511,2.3512,2,44.60605000000001,2.349465764506931,1.0005742700631801
5586,2.3515,2.3516,2,44.60605000000001,2.3504828822534654,1.0005905038458849
5587,2.3492,2.3493,2,44.60605000000001,2.350055254835644,1.0004971595953327
5588,2.3507,2.3508,2,44.60605000000001,2.3502701698904294,1.0005580362804753
5589,2.3518,2.3519,2,44.60605000000001,2.3507801132602864,1.0006026791829135
5590,2.3528,2.3529,2,44.60605000000001,2.351790056630143,1.0006432636396752
5591,2.3536,2.3537,2,44.60605000000001,2.352695028315072,1.0006757312050847
5592,2.3531,2.3532,2,44.60605000000001,2.3528570169890433,1.0006554389767037
5593,2.3539,2.354,2,44.60605000000001,2.353274210193426,1.0006879065421133
5594,2.3525,2.3526,2,44.60605000000001,2.3530530072810185,1.0006310883026466
5595,2.3533,2.3534,2,44.60605000000001,2.352698068484238,1.000663555868056
5596,2.3546,2.3547,2,44.60605000000001,2.353458841090543,1.0007163156618466
5597,2.355,2.3551,2,44.60605000000001,2.3542294205452716,1.0007325494445511
5598,2.3536,2.3537,2,44.60605000000001,2.35397353132245,1.0006757312050847
5599,2.3517,2.3518,2,44.60605000000001,2.352836765661225,1.0005986207372373
5600,2.3505,2.3506,2,44.60605000000001,2.3525776717931084,1.000549919389123
5601,2.3519,2.352,2,44.60605000000001,2.3524100723204144,1.0006067376285896
5602,2.3528,2.3529,2,44.60605000000001,2.3523879953538973,1.0006432636396752
5603,2.3511,2.3512,2,44.60605000000001,2.352297893047682,1.0005742700631801
5604,2.352,2.3521,2,44.60605000000001,2.3522172520437823,1.0006107960742658
5605,2.3518,2.3519,2,44.60605000000001,2.3521735439155957,1.0006026791829135
5606,2.3526,2.3527,2,44.60605000000001,2.352158670856858,1.0006351467483228
5607,2.3515,2.3516,2,44.60605000000001,2.3521322854160878,1.0005905038458849
5608,2.3515,2.3516,2,44.60605000000001,2.352095682991296,1.0005905038458849
5609,2.3525,2.3526,2,44.60605000000001,2.3520834327333566,1.0006310883026466
5610,2.3526,2.3527,2,44.60605000000001,2.3520968901253445,1.0006351467483228
5611,2.3542,2.3543,2,44.60605000000001,2.3523045978222985,1.0007000818791416
5612,2.3525,2.3526,2,44.60605000000001,2.3523362086422703,1.0006310883026466
5613,2.3525,2.3526,2,44.60605000000001,2.352360784204661,1.0006310883026466
5614,2.3514,2.3515,2,44.60605000000001,2.352333762021014,1.0005864454002085
5615,2.3508,2.3509,2,44.60605000000001,2.3521832745803386,1.0005620947261515
5616,2.3498,2.3499,2,44.60605000000001,2.3509916372901696,1.0005215102693898
5617,2.3485,2.3486,2,44.60605000000001,2.3497458186450846,1.0004687504755994
5618,2.3475,2.3476,2,44.60605000000001,2.3486229093225424,1.0004281660188374
5619,2.3482,2.3483,2,44.60605000000001,2.348411454661271,1.0004565751385708
5620,2.349,2.3491,2,44.60605000000001,2.3486076364408475,1.0004890427039803
5621,2.3493,2.3494,2,44.60605000000001,2.349168908903242,1.0005012180410087
5622,2.3499,2.35,2,44.60605000000001,2.349464983192109,1.0005255687150658
5623,2.352,2.3521,2,44.60605000000001,2.3498165605655443,1.0006107960742658
5624,2.3511,2.3512,2,44.60605000000001,2.3504582802827723,1.0005742700631801
5625,2.3511,2.3512,2,44.60605000000001,2.350465444774812,1.0005742700631801
5626,2.3512,2.3513,2,44.60605000000001,2.3505128942018696,1.0005783285088563
5627,2.3501,2.3502,2,44.60605000000001,2.350513923339444,1.0005336856064182
5628,2.3505,2.3506,2,44.60605000000001,2.3505135005115156,1.000549919389123
5629,2.3526,2.3527,2,44.60605000000001,2.3506649691687613,1.0006351467483228
5630,2.3519,2.352,2,44.60605000000001,2.351282484584381,1.0006067376285896
5631,2.3509,2.351,2,44.60605000000001,2.351239036514982,1.0005661531718277
5632,2.3488,2.3489,2,44.60605000000001,2.3509373219767715,1.000480925812628
5633,2.3476,2.3477,2,44.60605000000001,2.3492686609883857,1.0004322244645136
5634,2.3478,2.3479,2,44.60605000000001,2.348534330494193,1.000440341355866
5635,2.3462,2.3463,2,44.60605000000001,2.347367165247096,1.0003754062250472
5636,2.3463,2.3464,2,44.60605000000001,2.3469402991482577,1.0003794646707234
5637,2.3472,2.3473,2,44.60605000000001,2.3470268660988385,1.000415990681809
5638,2.348,2.3481,2,44.60605000000001,2.3476346882736974,1.0004484582472184
5639,2.3468,2.3469,2,44.60605000000001,2.34772107516066,1.0003997568991043
5640,2.346,2.3461,2,44.60605000000001,2.3472293394004713,1.0003672893336948
5641,2.3446,2.3447,2,44.60605000000001,2.3459146697002353,1.000310471094228
5642,2.3428,2.3429,2,44.60605000000001,2.344357334850118,1.0002374190720569
5643,2.3433,2.3434,2,44.60605000000001,2.343828667425059,1.0002577113004378
5644,2.3417,2.3418,2,44.60605000000001,2.3427643337125295,1.0001927761696188
5645,2.3403,2.3404,2,44.60605000000001,2.3415321668562648,1.0001359579301523
5646,2.3417,2.3418,2,44.60605000000001,2.341616083428132,1.0001927761696188
5647,2.3407,2.3408,2,44.60605000000001,2.341249650056879,1.000152191712857
5648,2.3407,2.3408,2,44.60605000000001,2.3410664333712528,1.000152191712857
5649,2.3408,2.3409,2,44.60605000000001,2.340990309550895,1.0001562501585333
5650,2.3406,2.3407,2,44.60605000000001,2.340892732163171,1.0001481332671809
5651,2.3398,2.3399,2,44.60605000000001,2.340528488108781,1.0001156657017714
5652,2.3394,2.3395,2,44.60605000000001,2.3402060629348433,1.0000994319190668
5653,2.339,2.3391,2,44.60605000000001,2.339603031467422,1.0000831981363618
5654,2.3392,2.3393,2,44.60605000000001,2.339468687644948,1.0000913150277142
5655,2.3386,2.3387,2,44.60605000000001,2.3391791250966323,1.0000669643536573
5656,2.3384,2.3385,2,44.60605000000001,2.338956517926166,1.000058847462305
5657,2.3382,2.3383,2,44.60605000000001,2.3387403699472613,1.0000507305709525
5658,2.3376,2.3377,2,44.60605000000001,2.338284221968357,1.0000263798968956
5659,2.3383,2.3384,2,44.60605000000001,2.338287728197611,1.0000547890166287
5660,2.3376,2.3377,2,44.60605000000001,2.3384268150657994,1.0000263798968956
5661,2.338,2.3381,2,44.60605000000001,2.3384644319980743,1.0000426136796001
5662,2.3392,2.3393,2,44.60605000000001,2.3385733273348377,1.0000913150277142
5663,2.3405,2.3406,2,44.60605000000001,2.338815301533775,1.0001440748215047
5664,2.3406,2.3407,2,44.60605000000001,2.3397076507668872,1.0001481332671809
5665,2.3398,2.3399,2,44.60605000000001,2.3395933155323627,1.0001156657017714
5666,2.3388,2.3389,2,44.60605000000001,2.3394510356809626,1.0000750812450097
5667,2.3388,2.3389,2,44.60605000000001,2.339333645225302,1.0000750812450097
5668,2.3392,2.3393,2,44.60605000000001,2.339306901699008,1.0000913150277142
5669,2.3403,2.3404,2,44.60605000000001,2.339358891495541,1.0001359579301523
5670,2.3407,2.3408,2,44.60605000000001,2.339502079003619,1.000152191712857
5671,2.3427,2.3428,2,44.60605000000001,2.3398513758020494,1.0002333606263807
5672,2.3465,2.3466,2,44.60605000000001,2.3431756879010246,1.0003875815620755
5673,2.3451,2.3452,2,44.60605000000001,2.344137843950512,1.000330763322609
5674,2.3457,2.3458,2,44.60605000000001,2.344918921975256,1.0003551139966662
5675,2.3475,2.3476,2,44.60605000000001,2.3459513531851535,1.0004281660188374
5676,2.3489,2.349,2,44.60605000000001,2.347425676592577,1.0004849842583041
5677,2.3485,2.3486,2,44.60605000000001,2.3479628382962883,1.0004687504755994
5678,2.3488,2.3489,2,44.60605000000001,2.348297702977773,1.000480925812628
5679,2.3491,2.3492,2,44.60605000000001,2.348618621786664,1.0004931011496565
5680,2.3483,2.3484,2,44.60605000000001,2.3485275869904743,1.000460633584247
5681,2.3484,2.3485,2,44.60605000000001,2.3484956902428555,1.0004646920299232
5682,2.3495,2.3496,2,44.60605000000001,2.3487467676821416,1.000509334932361
5683,2.3495,2.3496,2,44.60605000000001,2.3489141526416657,1.000509334932361
5684,2.348,2.3481,2,44.60605000000001,2.348732339192834,1.0004484582472184
5685,2.3479,2.348,2,44.60605000000001,2.348321969962681,1.0004443998015422
5686,2.3475,2.3476,2,44.60605000000001,2.348079367099193,1.0004281660188374
5687,2.3497,2.3498,2,44.60605000000001,2.3481274507369303,1.0005174518237134
5688,2.3511,2.3512,2,44.60605000000001,2.3496137253684655,1.0005742700631801
5689,2.3522,2.3523,2,44.60605000000001,2.3509068626842327,1.000618912965618
5690,2.3521,2.3522,2,44.60605000000001,2.3515034313421164,1.0006148545199418
5691,2.3515,2.3516,2,44.60605000000001,2.35150205880527,1.0005905038458849
5692,2.3532,2.3533,2,44.60605000000001,2.352181235283162,1.00065949742238
5693,2.3517,2.3518,2,44.60605000000001,2.352043739487973,1.0005986207372373
5694,2.3507,2.3508,2,44.60605000000001,2.351645486298578,1.0005580362804753
5695,2.3516,2.3517,2,44.60605000000001,2.351315507661929,1.000594562291561
5696,2.3531,2.3532,2,44.60605000000001,2.35133366453909,1.0006554389767037
5697,2.3529,2.353,2,44.60605000000001,2.352116832269545,1.0006473220853513
5698,2.3509,2.351,2,44.60605000000001,2.3519440614009532,1.0005661531718277
5699,2.3513,2.3514,2,44.60605000000001,2.3517088128852612,1.0005823869545325
5700,2.352,2.3521,2,44.60605000000001,2.3516888796071864,1.0006107960742658
5701,2.35,2.3501,2,44.60605000000001,2.351526910289717,1.0005296271607422
5702,2.3485,2.3486,2,44.60605000000001,2.3500134551448584,1.0004687504755994
5703,2.346,2.3461,2,44.60605000000001,2.3480067275724292,1.0003672893336948
5704,2.3477,2.3478,2,44.60605000000001,2.3478533637862147,1.0004362829101898
5705,2.3464,2.3465,2,44.60605000000001,2.3471266818931076,1.0003835231163996
5706,2.3462,2.3463,2,44.60605000000001,2.3467560091358646,1.0003754062250472
5707,2.3472,2.3473,2,44.60605000000001,2.3468828636684744,1.000415990681809
5708,2.3493,2.3494,2,44.60605000000001,2.348091431834237,1.0005012180410087
5709,2.3508,2.3509,2,44.60605000000001,2.3484698135373234,1.0005620947261515
5710,2.3505,2.3506,2,44.60605000000001,2.3494849067686614,1.000549919389123
5711,2.3526,2.3527,2,44.60605000000001,2.3510424533843306,1.0006351467483228
5712,2.3514,2.3515,2,44.60605000000001,2.3511854720305987,1.0005864454002085
5713,2.3505,2.3506,2,44.60605000000001,2.350889413271387,1.000549919389123
5714,2.349,2.3491,2,44.60605000000001,2.3504148610611577,1.0004890427039803
5715,2.3448,2.3449,2,44.60605000000001,2.3497102841514135,1.0003185879855805
5716,2.3457,2.3458,2,44.60605000000001,2.3477051420757067,1.0003551139966662
5717,2.3471,2.3472,2,44.60605000000001,2.347402571037853,1.000411932236133
5718,2.3447,2.3448,2,44.60605000000001,2.3474563467036065,1.0003145295399043
5719,2.3429,2.343,2,44.60605000000001,2.3451781733518033,1.000241477517733
5720,2.3428,2.3429,2,44.60605000000001,2.3439890866759017,1.0002374190720569
5721,2.3418,2.3419,2,44.60605000000001,2.342894543337951,1.000196834615295
5722,2.3414,2.3415,2,44.60605000000001,2.3421472716689755,1.0001806008325904
5723,2.3407,2.3408,2,44.60605000000001,2.341423635834488,1.000152191712857
5724,2.3422,2.3423,2,44.60605000000001,2.3416454541674914,1.0002130683979997
5725,2.3416,2.3417,2,44.60605000000001,2.3416340906256186,1.0001887177239428
5726,2.3403,2.3404,2,44.60605000000001,2.3411893937504127,1.0001359579301523
5727,2.3412,2.3413,2,44.60605000000001,2.3411920453128094,1.000172483941238
5728,2.3412,2.3413,2,44.60605000000001,2.341193813021074,1.000172483941238
5729,2.3412,2.3413,2,44.60605000000001,2.3411950504168595,1.000172483941238
5730,2.3418,2.3419,2,44.60605000000001,2.3415023337723,1.000196834615295
5731,2.3419,2.342,2,44.60605000000001,2.341652141583023,1.0002008930609712
5732,2.3412,2.3413,2,44.60605000000001,2.341677208120463,1.000172483941238
5733,2.3419,2.342,2,44.60605000000001,2.3417155348786984,1.0002008930609712
5734,2.3405,2.3406,2,44.60605000000001,2.341692456411177,1.0001440748215047
5735,2.3417,2.3418,2,44.60605000000001,2.3416831676156518,1.0001927761696188
5736,2.3415,2.3416,2,44.60605000000001,2.34167326207968,1.0001846592782666
5737,2.3409,2.341,2,44.60605000000001,2.341649986345728,1.0001603086042095
5738,2.3411,2.3412,2,44.60605000000001,2.3416234234219386,1.0001684254955618
5739,2.3409,2.341,2,44.60605000000001,2.3415917969627227,1.0001603086042095
5740,2.3421,2.3422,2,44.60605000000001,2.3415516583361784,1.0002090099523235
5741,2.3405,2.3406,2,44.60605000000001,2.3414348074099363,1.0001440748215047
5742,2.3389,2.339,2,44.60605000000001,2.3411403634295764,1.0000791396906858
5743,2.3403,2.3404,2,44.60605000000001,2.3409435123985585,1.0001359579301523
5744,2.3393,2.3394,2,44.60605000000001,2.3407595602503304,1.0000953734733906
5745,2.3397,2.3398,2,44.60605000000001,2.340620091326035,1.0001116072560952
5746,2.3394,2.3395,2,44.60605000000001,2.340491503708129,1.0000994319190668
5747,2.3398,2.3399,2,44.60605000000001,2.340394316689512,1.0001156657017714
5748,2.3402,2.3403,2,44.60605000000001,2.340333454409074,1.0001318994844761
5749,2.3405,2.3406,2,44.60605000000001,2.340297452803348,1.0001440748215047
5750,2.3397,2.3398,2,44.60605000000001,2.3402616354651444,1.0001116072560952
5751,2.3387,2.3388,2,44.60605000000001,2.340053732141166,1.0000710227993335
5752,2.3382,2.3383,2,44.60605000000001,2.339126866070583,1.0000507305709525
5753,2.3409,2.341,2,44.60605000000001,2.3395701495529373,1.0001603086042095
5754,2.3422,2.3423,2,44.60605000000001,2.3399002547943986,1.0002130683979997
5755,2.3408,2.3409,2,44.60605000000001,2.3401170928664143,1.0001562501585333
5756,2.3406,2.3407,2,44.60605000000001,2.3402231785724257,1.0001481332671809
5757,2.3415,2.3416,2,44.60605000000001,2.340343960387162,1.0001846592782666
5758,2.3413,2.3414,2,44.60605000000001,2.340450094202511,1.0001765423869142
5759,2.3419,2.342,2,44.60605000000001,2.3405702719852455,1.0002008930609712
5760,2.3422,2.3423,2,44.60605000000001,2.3412221631911474,1.0002130683979997
5761,2.3423,2.3424,2,44.60605000000001,2.3415814421274317,1.0002171268436761
5762,2.3449,2.345,2,44.60605000000001,2.3417960392786235,1.0003226464312567
5763,2.3454,2.3455,2,44.60605000000001,2.3435980196393116,1.0003429386596376
5764,2.3463,2.3464,2,44.60605000000001,2.344949009819656,1.0003794646707234
5765,2.3454,2.3455,2,44.60605000000001,2.3451294058917935,1.0003429386596376
5766,2.3453,2.3454,2,44.60605000000001,2.345186270594529,1.0003388802139614
5767,2.3445,2.3446,2,44.60605000000001,2.3446273402091995,1.000306412648552
5768,2.3426,2.3427,2,44.60605000000001,2.3442143832143647,1.0002293021807045
5769,2.3412,2.3413,2,44.60605000000001,2.3427071916071824,1.000172483941238
5770,2.341,2.3411,2,44.60605000000001,2.3418535958035913,1.0001643670498856
5771,2.3415,2.3416,2,44.60605000000001,2.3417121574821547,1.0001846592782666
5772,2.3417,2.3418,2,44.60605000000001,2.3417081049881032,1.0001927761696188
5773,2.3432,2.3433,2,44.60605000000001,2.3421582630138156,1.0002536528547616
5774,2.3421,2.3422,3,42.26385000000001,2.3422476924729922,1.0002069807294856
5775,2.3417,2.3418,4,39.92205000000001,2.3422743431891897,1.0001806008325904
5776,2.3418,2.3419,4,39.92205000000001,2.3422723579379507,1.0001887177239428
5777,2.342,2.3421,3,42.26405000000001,2.342262173063231,1.0002049515066473
5778,2.3419,2.342,3,42.26405000000001,2.3422449483124343,1.0001988638381332
5779,2.3418,2.3419,3,42.26405000000001,2.342221661453543,1.0001927761696188
5780,2.3407,2.3408,3,42.26405000000001,2.342126297307584,1.000125811815962
5781,2.3405,2.3406,3,42.26405000000001,2.34147577838455,1.0001136364789334
5782,2.342,2.3421,3,42.26405000000001,2.3415000422377688,1.0002049515066473
5783,2.3426,2.3427,3,42.26405000000001,2.3416695212503704,1.000241477517733
5784,2.344,2.3441,3,42.26405000000001,2.3419507152782186,1.0003267048769329
5785,2.344,2.3441,3,42.26405000000001,2.3429753576391095,1.0003267048769329
5786,2.344,2.3441,3,42.26405000000001,2.3433852145834657,1.0003267048769329
5787,2.3439,2.344,3,42.26405000000001,2.3435568097223105,1.0003206172084187
5788,2.3413,2.3414,3,42.26405000000001,2.3424284048611552,1.0001623378270474
5789,2.3414,2.3415,3,42.26405000000001,2.3419142024305777,1.0001684254955618
5790,2.3432,2.3433,3,42.26405000000001,2.34205111898512,1.0002780035288188
5791,2.3432,2.3433,3,42.26405000000001,2.3423796079848147,1.0002780035288188
5792,2.3426,2.3427,3,42.26405000000001,2.342431080485233,1.000241477517733
5793,2.3429,2.343,3,42.26405000000001,2.3425494114506282,1.000259740523276
5794,2.3423,2.3424,4,39.921650000000014,2.342574380658164,1.0002211852893523
5795,2.3417,2.3418,4,39.921650000000014,2.3425353045595148,1.000172483941238
5796,2.3404,2.3405,4,39.921650000000014,2.3423172074481147,1.0000669643536573
5797,2.3405,2.3406,4,39.921650000000014,2.3414086037240573,1.0000750812450097
5798,2.3405,2.3406,4,39.921650000000014,2.3410451622344346,1.0000750812450097
5799,2.3426,2.3427,3,42.26425000000001,2.341822581117217,1.0002455359634093
5800,2.3435,2.3436,3,42.26425000000001,2.341948516940658,1.0003003249800377
5801,2.3445,2.3446,3,42.26425000000001,2.343224258470329,1.0003612016651804
5802,2.3446,2.3447,3,42.26425000000001,2.3439121292351643,1.0003672893336948
5803,2.3439,2.344,3,42.26425000000001,2.3439080861567763,1.0003246756540949
5804,2.3453,2.3454,3,42.26425000000001,2.343737420086532,1.0004099030132947
5805,2.3458,2.3459,3,42.26425000000001,2.344424946724355,1.000440341355866
5806,2.3455,2.3456,3,42.26425000000001,2.3449624733621777,1.0004220783503233
5807,2.3459,2.346,3,42.26425000000001,2.3453374840173065,1.0004464290243804
5808,2.3465,2.3466,3,42.26425000000001,2.345724989344871,1.000482955035466
5809,2.3475,2.3476,3,42.26425000000001,2.346612494672436,1.0005438317206086
5810,2.3467,2.3468,3,42.26425000000001,2.3466343710043267,1.0004951303724945
5811,2.3445,2.3446,3,42.26425000000001,2.3455671855021634,1.0003612016651804
5812,2.3435,2.3436,3,42.26425000000001,2.3453080891181335,1.0003003249800377
5813,2.3432,2.3433,3,42.26425000000001,2.344254044559067,1.000282061974495
5814,2.3427,2.3428,3,42.26425000000001,2.3434770222795334,1.0002516236319237
5815,2.343,2.3431,3,42.26425000000001,2.34328621336772,1.0002698866374664
5816,2.3441,2.3442,3,42.26425000000001,2.3435191832353452,1.0003368509911235
5817,2.3446,2.3447,3,42.26425000000001,2.3438557039422037,1.0003672893336948
5818,2.344,2.3441,3,42.26425000000001,2.3439227196690178,1.0003307633226093
5819,2.3441,2.3442,3,42.26425000000001,2.3439675479609563,1.0003368509911235
5820,2.3446,2.3447,3,42.26425000000001,2.344054781978771,1.0003672893336948
5821,2.344,2.3441,3,42.26425000000001,2.3440769130145758,1.0003307633226093
5822,2.3445,2.3446,3,42.26425000000001,2.344118778255077,1.0003612016651804
5823,2.3441,2.3442,3,42.26425000000001,2.3441329705275886,1.0003368509911235
5824,2.3435,2.3436,3,42.26425000000001,2.344126915274988,1.0003003249800377
5825,2.3446,2.3447,3,42.26425000000001,2.3441366993604897,1.0003672893336948
5826,2.3436,2.3437,3,42.26425000000001,2.3441294571866056,1.000306412648552
5827,2.3436,2.3437,3,42.26425000000001,2.3441138232359955,1.000306412648552
5828,2.3426,2.3427,3,42.26425000000001,2.343925037285273,1.0002455359634093
5829,2.3426,2.3427,3,42.26425000000001,2.3433950223711637,1.0002455359634093
5830,2.3408,2.3409,3,42.26425000000001,2.3432141903512784,1.0001359579301523
5831,2.3401,2.3402,3,42.26425000000001,2.3416570951756395,1.0000933442505524
5832,2.3412,2.3413,3,42.26425000000001,2.341504730117093,1.0001603086042095
5833,2.3421,2.3422,3,42.26425000000001,2.3417130637948294,1.000215097620838
5834,2.3423,2.3424,3,42.26425000000001,2.3419794901657114,1.0002272729578665
5835,2.3424,2.3425,3,42.26425000000001,2.3420972667841298,1.0002333606263807
5836,2.3435,2.3436,3,42.26425000000001,2.342257101357962,1.0003003249800377
5837,2.345,2.3451,3,42.26425000000001,2.342604536086635,1.000391640007752
5838,2.3451,2.3452,3,42.26425000000001,2.3438522680433174,1.0003977276762661
5839,2.3445,2.3446,3,42.26425000000001,2.3441113608259903,1.0003612016651804
5840,2.3445,2.3446,3,42.26425000000001,2.344240907217327,1.0003612016651804
5841,2.3448,2.3449,3,42.26425000000001,2.344149386496657,1.0003794646707234
5842,2.3444,2.3445,3,42.26425000000001,2.344113977651012,1.0003551139966662
5843,2.345,2.3451,3,42.26425000000001,2.3441325232388652,1.000391640007752
5844,2.3464,2.3465,3,42.26425000000001,2.3443614179840613,1.0004768673669517
5845,2.3458,2.3459,3,42.26425000000001,2.3446491343872493,1.000440341355866
5846,2.3463,2.3464,3,42.26425000000001,2.344821928007787,1.0004707796984373
5847,2.3461,2.3462,3,42.26425000000001,2.3452479520051916,1.0004586043614088
5848,2.347,2.3471,3,42.26425000000001,2.3453591597211636,1.0005133933780375
5849,2.3467,2.3468,3,42.26425000000001,2.345742256943688,1.0004951303724945
5850,2.3488,2.3489,3,42.26425000000001,2.3460376887503633,1.0006229714112942
5851,2.3479,2.348,3,42.26425000000001,2.346782613250218,1.000568182394666
5852,2.3472,2.3473,3,42.26425000000001,2.3467708555011995,1.000525568715066
5853,2.3462,2.3463,3,42.26425000000001,2.3466997195936052,1.0004646920299232
5854,2.3462,2.3463,3,42.26425000000001,2.3466251894865344,1.0004646920299232
5855,2.3466,2.3467,3,42.26425000000001,2.3466033364581493,1.0004890427039803
5856,2.3474,2.3475,3,42.26425000000001,2.3466215178607674,1.0005377440520944
5857,2.3474,2.3475,3,42.26425000000001,2.34665473642575,1.0005377440520944
5858,2.3451,2.3452,3,42.26425000000001,2.345877368212875,1.0003977276762661
5859,2.3445,2.3446,3,42.26425000000001,2.3451886841064375,1.0003612016651804
5860,2.3452,2.3453,3,42.26425000000001,2.345194342053219,1.0004038153447805
5861,2.3443,2.3444,4,39.91985000000001,2.3453865986535836,1.0003469971053138
5862,2.344,2.3441,4,39.91985000000001,2.344924399102389,1.0003226464312567
5863,2.343,2.3431,4,39.91985000000001,2.3439621995511946,1.000241477517733
5864,2.3445,2.3446,3,42.26435000000001,2.3441865375317206,1.0003632308880186
5865,2.3445,2.3446,3,42.26435000000001,2.3443215688531502,1.0003632308880186
5866,2.3436,2.3437,3,42.26435000000001,2.3443945649289613,1.0003084418713901
5867,2.3434,2.3435,3,42.26435000000001,2.344145923696721,1.0002962665343615
5868,2.343,2.3431,3,42.26435000000001,2.3441305712062017,1.0002719158603044
5869,2.3438,2.3439,3,42.26435000000001,2.344119391977851,1.0003206172084185
5870,2.3423,2.3424,3,42.26435000000001,2.3439923569548493,1.0002293021807045
5871,2.342,2.3421,3,42.26435000000001,2.3433282379698994,1.0002110391751615
5872,2.343,2.3431,3,42.26435000000001,2.343332544674979,1.0002719158603044
5873,2.3417,2.3418,3,42.26435000000001,2.3432180425545135,1.0001927761696188
5874,2.342,2.3421,3,42.26435000000001,2.342812028369676,1.0002110391751615
5875,2.3419,2.342,3,42.26435000000001,2.3427749421985973,1.0002049515066473
5876,2.3413,2.3414,3,42.26435000000001,2.3426373304441803,1.0001684254955616
5877,2.343,2.3431,3,42.26435000000001,2.3426214924081945,1.0002719158603044
5878,2.3451,2.3452,3,42.26435000000001,2.3428111756992083,1.000399756899104
5879,2.3443,2.3444,3,42.26435000000001,2.343555587849604,1.00035105555099
5880,2.3459,2.346,3,42.26435000000001,2.3436384120165705,1.0004484582472184
5881,2.3466,2.3467,3,42.26435000000001,2.3451192060082855,1.0004910719268183
5882,2.3449,2.345,3,42.26435000000001,2.3448674049170015,1.0003875815620755
5883,2.3456,2.3457,3,42.26435000000001,2.344787736618895,1.0004301952416754
5884,2.3462,2.3463,3,42.26435000000001,2.344819009044798,1.0004667212527611
5885,2.3446,2.3447,3,42.26435000000001,2.3448235503384947,1.0003693185565328
5886,2.3466,2.3467,3,42.26435000000001,2.3449549760398734,1.0004910719268183
5887,2.3463,2.3464,3,42.26435000000001,2.345253870253235,1.0004728089212753
5888,2.3446,2.3447,3,42.26435000000001,2.3452413181253204,1.0003693185565328
5889,2.3453,2.3454,3,42.26435000000001,2.345240589594167,1.0004119322361327
5890,2.3451,2.3452,3,42.26435000000001,2.3452290535403324,1.000399756899104
5891,2.3457,2.3458,3,42.26435000000001,2.345238582706303,1.0004362829101898
5892,2.347,2.3471,3,42.26435000000001,2.345424050469788,1.0005154226008752
5893,2.3463,2.3464,3,42.26435000000001,2.345527720437418,1.0004728089212753
5894,2.3484,2.3485,3,42.26435000000001,2.345873657643895,1.0006006499600753
5895,2.3475,2.3476,3,42.26435000000001,2.346524194586337,1.0005458609434468
5896,2.3472,2.3473,3,42.26435000000001,2.3465455709993766,1.000527597937904
5897,2.347,2.3471,3,42.26435000000001,2.346574971759285,1.0005154226008752
5898,2.3463,2.3464,4,39.917950000000005,2.3465838400137926,1.0004707796984373
5899,2.3478,2.3479,3,42.265750000000004,2.3466501268036177,1.0005925330687226
5900,2.3476,2.3477,3,42.265750000000004,2.346711784970233,1.0005803577316943
5901,2.3447,2.3448,3,42.265750000000004,2.3457058924851166,1.0004038153447803
5902,2.3464,2.3465,3,42.265750000000004,2.345887010644663,1.0005073057095228
5903,2.3476,2.3477,3,42.265750000000004,2.346014719745871,1.0005803577316943
5904,2.347,2.3471,3,42.265750000000004,2.346391636155783,1.0005438317206086
5905,2.3471,2.3472,3,42.265750000000004,2.346566507987697,1.0005499193891227
5906,2.3476,2.3477,3,42.265750000000004,2.346700682343923,1.0005803577316943
5907,2.3483,2.3484,3,42.265750000000004,2.346870796699202,1.0006229714112942
5908,2.3468,2.3469,4,39.918850000000006,2.346937170903671,1.000529627160742
5909,2.3474,2.3475,3,42.26625000000001,2.346992075180707,1.0005783285088563
5910,2.3489,2.349,3,42.26625000000001,2.347160115616018,1.0006696435365703
5911,2.3482,2.3483,3,42.26625000000001,2.347252924645173,1.0006270298569704
5912,2.3485,2.3486,3,42.26625000000001,2.3474651164909637,1.0006452928625131
5913,2.3487,2.3488,3,42.26625000000001,2.34762676367085,1.0006574681995417
5914,2.3487,2.3488,3,42.26625000000001,2.3477580915123113,1.0006574681995417
5915,2.3483,2.3484,3,42.26625000000001,2.3478498799988623,1.0006331175254846
5916,2.3473,2.3474,4,39.918850000000006,2.3478856859505286,1.000570211617504
5917,2.3488,2.3489,3,42.26765,2.347933581623464,1.0006919649877892
5918,2.3488,2.3489,3,42.26765,2.3479907234578232,1.0006919649877892
5919,2.3496,2.3497,3,42.26765,2.348242214247637,1.0007406663359035
5920,2.3483,2.3484,3,42.26765,2.3482754868156515,1.000661526645218
5921,2.3486,2.3487,3,42.26765,2.3483053052375404,1.0006797896507607
5922,2.3494,2.3495,3,42.26765,2.348403995739018,1.000728490998875
5923,2.3497,2.3498,3,42.26765,2.348513371757319,1.0007467540044177
5924,2.3494,2.3495,3,42.26765,2.348608854767005,1.000728490998875
5925,2.3492,2.3493,3,42.26765,2.3486850366810255,1.0007163156618464
5926,2.3504,2.3505,3,42.26765,2.3488720813944397,1.0007893676840176
5927,2.3505,2.3506,3,42.26765,2.349337200996028,1.0007954553525318
5928,2.3506,2.3507,3,42.26765,2.349652900747021,1.0008015430210462
5929,2.3515,2.3516,3,42.26765,2.349795724979754,1.0008563320376747
5930,2.351,2.3511,3,42.26765,2.350197149986503,1.000825893695103
5931,2.3505,2.3506,3,42.26765,2.3502060932160598,1.0007954553525318
5932,2.3519,2.352,3,42.26765,2.350303496186578,1.0008806827117318
5933,2.3525,2.3526,3,42.26765,2.3514017480932887,1.0009172087228173
5934,2.3516,2.3517,3,42.26765,2.3513271956525528,1.0008624197061888
5935,2.351,2.3511,3,42.26765,2.351272017484427,1.000825893695103
5936,2.3517,2.3518,3,42.26765,2.3512511273211247,1.0008685073747032
5937,2.3514,2.3515,3,42.26765,2.3512421439366373,1.0008502443691605
5938,2.3512,2.3513,3,42.26765,2.3512352742560476,1.000838069032132
5939,2.3516,2.3517,3,42.26765,2.3512396195740606,1.0008624197061888
5940,2.3511,2.3512,3,42.26765,2.3512393350508294,1.0008319813636175
5941,2.3499,2.35,3,42.26765,2.351141277048457,1.0007589293414463
5942,2.3523,2.3524,3,42.26765,2.351334397540381,1.0009050333857887
5943,2.352,2.3521,3,42.26765,2.3513400775038273,1.000886770380246
5944,2.3515,2.3516,3,42.26765,2.3513673958303247,1.0008563320376747
5945,2.3519,2.352,3,42.26765,2.3514150712222457,1.0008806827117318
5946,2.3527,2.3528,3,42.26765,2.3515124492630473,1.0009293840598459
5947,2.3532,2.3533,3,42.26765,2.35174553590888,1.0009598224024174
5948,2.3542,2.3543,3,42.26765,2.35297276795444,1.00102069908756
5949,2.3553,2.3554,3,42.26765,2.3541363839772202,1.0010876634412171
5950,2.3551,2.3552,3,42.26765,2.35461819198861,1.0010754881041886
5951,2.3537,2.3538,3,42.26765,2.3542648241210022,1.0009902607449885
5952,2.3526,2.3527,3,42.26765,2.3537520775181298,1.0009232963913317
5953,2.3547,2.3548,3,42.26765,2.3540229125129497,1.0010511374301314
5954,2.3551,2.3552,3,42.26765,2.3542921843847124,1.0010754881041886
5955,2.3538,2.3539,3,42.26765,2.3541503736776543,1.000996348413503
5956,2.3535,2.3536,3,42.26765,2.3540337116448202,1.00097808540796
5957,2.3547,2.3548,3,42.26765,2.3539945504621413,1.0010511374301314
5958,2.3541,2.3542,3,42.26765,2.353981719235842,1.0010146114190457
5959,2.3534,2.3535,3,42.26765,2.3539377149611935,1.0009719977394458
5960,2.352,2.3521,3,42.26765,2.3537255555581904,1.000886770380246
5961,2.352,2.3521,3,42.26765,2.3528627777790954,1.000886770380246
5962,2.352,2.3521,3,42.26765,2.352517666667457,1.000886770380246
5963,2.3514,2.3515,4,39.91615,2.3525985236059235,1.0008482151463223
5964,2.3518,2.3519,3,42.26795,2.3523323490706156,1.0008806827117316
5965,2.3533,2.3534,3,42.26795,2.352391702090669,1.0009719977394458
5966,2.3534,2.3535,3,42.26795,2.3526047694416268,1.00097808540796
5967,2.3539,2.354,3,42.26795,2.352809681590507,1.0010085237505315
5968,2.3535,2.3536,3,42.26795,2.352926948723558,1.0009841730764741
5969,2.3541,2.3542,3,42.26795,2.3530460156583786,1.0010206990875599
5970,2.3539,2.354,3,42.26795,2.353146046139158,1.0010085237505315
5971,2.3519,2.352,3,42.26795,2.352523023069579,1.000886770380246
5972,2.3513,2.3514,3,42.26795,2.3519115115347895,1.0008502443691603
5973,2.3527,2.3528,3,42.26795,2.352013173384249,1.00093547172836
5974,2.3535,2.3536,3,42.26795,2.3524602564783414,1.0009841730764741
5975,2.354,2.3541,3,42.26795,2.3527831307915297,1.0010146114190457
5976,2.3541,2.3542,3,42.26795,2.3529845710546438,1.0010206990875599
5977,2.3543,2.3544,3,42.26795,2.3531791274707436,1.0010328744245884
5978,2.3545,2.3546,3,42.26795,2.3533387716124365,1.001045049761617
5979,2.3541,2.3542,3,42.26795,2.3534386818698363,1.0010206990875599
5980,2.3525,2.3526,4,39.91535,2.353475964288478,1.0009212671684935
5981,2.3519,2.352,4,39.91535,2.3533479467062426,1.0008725658203792
5982,2.3526,2.3527,4,39.91535,2.3532275807220335,1.0009293840598459
5983,2.3526,2.3527,4,39.91535,2.3531425459837805,1.0009293840598459
5984,2.3546,2.3547,3,42.269949999999994,2.3532228613958726,1.001091721886893
5985,2.3538,2.3539,3,42.269949999999994,2.3532911201564937,1.0010430205387788
5986,2.3536,2.3537,3,42.269949999999994,2.3533377641854454,1.0010308452017502
5987,2.3544,2.3545,3,42.269949999999994,2.3534455483363628,1.0010795465498645
5988,2.3541,2.3542,3,42.269949999999994,2.3535293055898374,1.0010612835443218
5989,2.354,2.3541,3,42.269949999999994,2.3535787807288853,1.0010551958758074
5990,2.3533,2.3534,4,39.916549999999994,2.3535883587712036,1.0010105529733693
5991,2.353,2.3531,4,39.916549999999994,2.353578267923361,1.0009862022993123
5992,2.3503,2.3504,4,39.916549999999994,2.3532678593443395,1.0007670462327984
5993,2.3503,2.3504,4,39.916549999999994,2.3517839296721696,1.0007670462327984
5994,2.3502,2.3503,4,39.916549999999994,2.350991964836085,1.000758929341446
5995,2.3492,2.3493,4,39.916549999999994,2.3502751789016507,1.0006777604279224
5996,2.3486,2.3487,4,39.916549999999994,2.349437589450825,1.0006290590798081
5997,2.3483,2.3484,4,39.916549999999994,2.3488687947254125,1.0006047084057512
5998,2.3484,2.3485,4,39.916549999999994,2.348681276835247,1.0006128252971034
5999,2.3504,2.3505,4,39.916549999999994,2.349430027414352,1.0007751631241508
6000,2.3511,2.3512,4,39.916549999999994,2.3498881501590447,1.0008319813636173
6001,2.3507,2.3508,4,39.916549999999994,2.350149368540142,1.0007995137982078
6002,2.3517,2.3518,4,39.916549999999994,2.350347631389218,1.0008806827117314
6003,2.3524,2.3525,4,39.916549999999994,2.351168578833531,1.000937500951198
6004,2.3528,2.3529,4,39.916549999999994,2.351984289416765,1.0009699685166076
6005,2.3529,2.353,4,39.916549999999994,2.352350573650059,1.00097808540796
6006,2.3527,2.3528,4,39.916549999999994,2.3524670491000395,1.0009618516252552
6007,2.3527,2.3528,4,39.916549999999994,2.352533606500028,1.0009618516252552
6008,2.3536,2.3537,3,42.270149999999994,2.3524540735455135,1.0010349036474264
6009,2.3533,2.3534,3,42.270149999999994,2.352665555159135,1.0010166406418837
6010,2.3534,2.3535,3,42.270149999999994,2.3526551646350615,1.001022728310398
6011,2.3538,2.3539,3,42.270149999999994,2.3526908440754535,1.001047078984455
6012,2.3547,2.3548,3,42.270149999999994,2.352851534127066,1.0011018680010835
6013,2.3555,2.3556,3,42.270149999999994,2.3541757670635333,1.0011505693491975
6014,2.3553,2.3554,3,42.270149999999994,2.354737883531767,1.0011383940121692
6015,2.3555,2.3556,3,42.270149999999994,2.3550427301190604,1.0011505693491975
6016,2.3558,2.3559,3,42.270149999999994,2.355295153412707,1.0011688323547405
6017,2.3552,2.3553,3,42.270149999999994,2.355125601314481,1.0011323063436548
6018,2.3545,2.3546,3,42.270149999999994,2.355037281476889,1.001089692664055
6019,2.3548,2.3549,3,42.270149999999994,2.35496374501994,1.0011079556695976
6020,2.3559,2.356,3,42.270149999999994,2.3549436410827345,1.001174920023255
6021,2.3559,2.356,3,42.270149999999994,2.355117524522237,1.001174920023255
6022,2.355,2.3551,3,42.270149999999994,2.3551059552722133,1.0011201310066262
6023,2.3537,2.3538,3,42.270149999999994,2.354952110344003,1.0010409913159408
6024,2.3546,2.3547,3,42.270149999999994,2.3549310111011557,1.0010957803325693
6025,2.3536,2.3537,3,42.270149999999994,2.354778968639798,1.0010349036474264
6026,2.3535,2.3536,3,42.270149999999994,2.354267381183879,1.0010288159789122
6027,2.3537,2.3538,3,42.270149999999994,2.354259518557006,1.0010409913159408
6028,2.3525,2.3526,3,42.270149999999994,2.354125120512691,1.0009679392937694
6029,2.354,2.3541,3,42.270149999999994,2.3540834111263553,1.0010592543214836
6030,2.3544,2.3545,3,42.270149999999994,2.35407103534595,1.0010836049955407
6031,2.3547,2.3548,3,42.270149999999994,2.3541079626738366,1.0011018680010835
6032,2.3547,2.3548,3,42.270149999999994,2.3541631052412297,1.0011018680010835
6033,2.3551,2.3552,3,42.270149999999994,2.354242445064786,1.0011262186751406
6034,2.355,2.3551,3,42.270149999999994,2.3543188925113947,1.0011201310066262
6035,2.3552,2.3553,3,42.270149999999994,2.3543980352960743,1.0011323063436548
6036,2.3553,2.3554,3,42.270149999999994,2.3544776471060582,1.0011383940121692
6037,2.3544,2.3545,4,39.91564999999999,2.3545204194297376,1.0010815757727025
6038,2.3538,2.3539,5,37.56174999999999,2.3545214190741106,1.0010308452017502
6039,2.3539,2.354,5,37.56174999999999,2.35451021463628,1.0010409913159406
6040,2.354,2.3541,4,39.91574999999999,2.3544839549332504,1.001051137430131
6041,2.3535,2.3536,4,39.91574999999999,2.3543849317463876,1.0010105529733693
6042,2.3545,2.3546,4,39.91574999999999,2.3543661162208567,1.0010917218868929
6043,2.354,2.3541,4,39.91574999999999,2.354345287349433,1.001051137430131
6044,2.354,2.3541,4,39.91574999999999,2.3543238670970417,1.001051137430131
6045,2.354,2.3541,4,39.91574999999999,2.354302719609865,1.001051137430131
6046,2.3525,2.3526,4,39.91574999999999,2.3540696260509364,1.0009293840598454
6047,2.3526,2.3527,4,39.91574999999999,2.353579750700624,1.0009375009511978
6048,2.3526,2.3527,4,39.91574999999999,2.353299821929017,1.0009375009511978
6049,2.3523,2.3524,4,39.91574999999999,2.3532689787131345,1.000913150277141
6050,2.3533,2.3534,4,39.91574999999999,2.3532646836726414,1.0009943191906645
6051,2.3538,2.3539,4,39.91574999999999,2.3532739947270263,1.0010349036474264
6052,2.3541,2.3542,4,39.91574999999999,2.3533757495893988,1.0010592543214833
6053,2.3535,2.3536,4,39.91574999999999,2.3533875101407378,1.0010105529733693
6054,2.3529,2.353,4,39.91574999999999,2.353385716286401,1.000961851625255
6055,2.3528,2.3529,4,39.91574999999999,2.353369349684291,1.0009537347339028
6056,2.3519,2.352,4,39.91574999999999,2.353195599871449,1.0008806827117314
6057,2.3526,2.3527,4,39.91574999999999,2.3531121165969497,1.0009375009511978
6058,2.3542,2.3543,4,39.91574999999999,2.3531243541944975,1.001067371212836
6059,2.3535,2.3536,4,39.91574999999999,2.353178528972802,1.0010105529733693
6060,2.3539,2.354,4,39.91574999999999,2.3532487295204074,1.0010430205387786
6061,2.3543,2.3544,4,39.91574999999999,2.353359647642293,1.0010754881041881
6062,2.3538,2.3539,4,39.91574999999999,2.353421416456861,1.0010349036474264
6063,2.3532,2.3533,4,39.91574999999999,2.3534275655829267,1.0009862022993123
6064,2.3529,2.353,4,39.91574999999999,2.3534249119590833,1.000961851625255
6065,2.3525,2.3526,4,39.91574999999999,2.3533485268183054,1.0009293840598454
6066,2.3522,2.3523,4,39.91574999999999,2.353227499435137,1.0009050333857885
6067,2.3512,2.3513,4,39.91574999999999,2.3529689145013624,1.000823864472265
6068,2.3512,2.3513,4,39.91574999999999,2.352261348700817,1.000823864472265
6069,2.3517,2.3518,4,39.91574999999999,2.352272950831102,1.0008644489290268
6070,2.3516,2.3517,4,39.91574999999999,2.352248295064493,1.0008563320376742
6071,2.3505,2.3506,4,39.91574999999999,2.3521221648879047,1.0007670462327984
6072,2.3513,2.3514,4,39.91574999999999,2.3520430805857955,1.0008319813636173
6073,2.3498,2.3499,4,39.91574999999999,2.351725929827248,1.0007102279933318
6074,2.3484,2.3485,4,39.91574999999999,2.350062964913624,1.0005965915143986
6075,2.3484,2.3485,4,39.91574999999999,2.349231482456812,1.0005965915143986
6076,2.3489,2.349,4,39.91574999999999,2.349098889474087,1.0006371759711605
6077,2.3487,2.3488,4,39.91574999999999,2.3489659263160583,1.0006209421884558
6078,2.3484,2.3485,4,39.91574999999999,2.3488042330828987,1.0005965915143986
6079,2.3483,2.3484,4,39.91574999999999,2.3486601664877846,1.0005884746230462
6080,2.3479,2.348,4,39.91574999999999,2.3484701248658384,1.0005560070576367
6081,2.3486,2.3487,4,39.91574999999999,2.3485784595628734,1.0006128252971034
6082,2.3491,2.3492,4,39.91574999999999,2.3486601641904357,1.0006534097538653
6083,2.348,2.3481,4,39.91574999999999,2.3486930354141613,1.000564123948989
6084,2.3474,2.3475,4,39.91574999999999,2.348667686196637,1.000515422600875
6085,2.3461,2.3462,4,39.91574999999999,2.3483979647082154,1.0004099030132942
6086,2.3457,2.3458,4,39.91574999999999,2.3470489823541074,1.000377435447885
6087,2.3461,2.3462,4,39.91574999999999,2.3466693894124644,1.0004099030132942
6088,2.3451,2.3452,4,39.91574999999999,2.3460416336474785,1.0003287340997706
6089,2.3448,2.3449,4,39.91574999999999,2.345627755764986,1.0003043834257135
6090,2.3442,2.3443,4,39.91574999999999,2.344913877882493,1.0002556820775994
6091,2.3444,2.3445,4,39.91574999999999,2.3447083267294957,1.000271915860304
6092,2.3444,2.3445,4,39.91574999999999,2.344605551152997,1.000271915860304
6093,2.3439,2.344,4,39.91574999999999,2.344403965109284,1.0002313314035423
6094,2.3433,2.3434,4,39.91574999999999,2.344035976739523,1.000182630055428
6095,2.3455,2.3456,4,39.91574999999999,2.3441995348939986,1.00036120166518
6096,2.3439,2.344,4,39.91574999999999,2.344322463024242,1.0002313314035423
6097,2.3435,2.3436,4,39.91574999999999,2.344373017326793,1.0001988638381327
6098,2.3436,2.3437,4,39.91574999999999,2.3439865086633964,1.000206980729485
6099,2.3434,2.3435,4,39.91574999999999,2.3440784969252992,1.0001907469467803
6100,2.344,2.3441,4,39.91574999999999,2.3441113710975747,1.0002394482948944
6101,2.3447,2.3448,4,39.91574999999999,2.3441292397127844,1.000296266534361
6102,2.3455,2.3456,4,39.91574999999999,2.3443123333886735,1.00036120166518
6103,2.3444,2.3445,4,39.91574999999999,2.3443318326004987,1.000271915860304
6104,2.3444,2.3445,4,39.91574999999999,2.3443465046368344,1.000271915860304
6105,2.3444,2.3445,4,39.91574999999999,2.3443576374343698,1.000271915860304
6106,2.3448,2.3449,4,39.91574999999999,2.3443819225272753,1.0003043834257135
6107,2.3447,2.3448,4,39.91574999999999,2.344395848792762,1.000296266534361
6108,2.3427,2.3428,4,39.91574999999999,2.344304348915384,1.0001339287073139
6109,2.3423,2.3424,4,39.91574999999999,2.343302174457692,1.0001014611419043
6110,2.3422,2.3423,4,39.91574999999999,2.342751087228846,1.000093344250552
6111,2.3433,2.3434,4,39.91574999999999,2.343005600088128,1.000182630055428
6112,2.3427,2.3428,4,39.91574999999999,2.3431259040666372,1.0001339287073139
6113,2.3429,2.343,4,39.91574999999999,2.343170414806375,1.0001501624900186
6114,2.3441,2.3442,4,39.91574999999999,2.343274438880242,1.000247565186247
6115,2.3441,2.3442,4,39.91574999999999,2.3433670281904457,1.000247565186247
6116,2.3434,2.3435,4,39.91574999999999,2.3433880288110855,1.0001907469467803
6117,2.3422,2.3423,4,39.91574999999999,2.343335868751324,1.000093344250552
6118,2.3407,2.3408,4,39.91574999999999,2.3430749061131193,0.9999715908802665
6119,2.3427,2.3428,4,39.91574999999999,2.3430315707848663,1.0001339287073139
6120,2.3426,2.3427,4,39.91574999999999,2.342940411987344,1.0001258118159615
6121,2.3418,2.3419,4,39.91574999999999,2.342821573128856,1.0000608766851424
6122,2.3411,2.3412,4,39.91574999999999,2.34256783468747,1.000004058445676
6123,2.3406,2.3407,4,39.91574999999999,2.341583917343735,0.9999634739889142
6124,2.3384,2.3385,4,39.91574999999999,2.3399919586718676,0.9997849023791621
6125,2.336,2.3361,4,39.91574999999999,2.3379959793359335,0.9995900969867053
6126,2.3363,2.3364,4,39.91574999999999,2.337147989667967,0.9996144476607624
6127,2.3374,2.3375,4,39.91574999999999,2.3372487938007804,0.9997037334656385
6128,2.3388,2.3389,4,39.91574999999999,2.3381994955346213,0.9998173699445715
6129,2.3396,2.3397,4,39.91574999999999,2.338715737558954,0.9998823050753906
6130,2.3396,2.3397,4,39.91574999999999,2.3390073149726396,0.9998823050753906
6131,2.338,2.3381,4,39.91574999999999,2.339025786693182,0.9997524348137528
6132,2.3369,2.337,4,39.91574999999999,2.338847646583336,0.9996631490088767
6133,2.3368,2.3369,4,39.91574999999999,2.337823823291668,0.9996550321175243
6134,2.337,2.3371,4,39.91574999999999,2.3374942939750007,0.9996712659002289
6135,2.3375,2.3376,4,39.91574999999999,2.3376565191035876,0.9997118503569908
6136,2.3359,2.336,4,39.91574999999999,2.337638549834115,0.999581980095353
6137,2.3347,2.3348,4,39.91574999999999,2.3361692749170575,0.9994845773991246
6138,2.3323,2.3324,4,39.91574999999999,2.334234637458529,0.9992897720066678
6139,2.3285,2.3286,4,39.91574999999999,2.3313673187292645,0.9989813301352779
6140,2.3284,2.3285,4,39.91574999999999,2.329883659364632,0.9989732132439255
6141,2.3283,2.3284,4,39.91574999999999,2.3290918296823158,0.9989650963525732
6142,2.3273,2.3274,4,39.91574999999999,2.3283750978093893,0.9988839274390496
6143,2.3243,2.3244,4,39.91574999999999,2.3263375489046947,0.9986404206984787
6144,2.3246,2.3248,4,39.91574999999999,2.3254687744523475,0.9986647713725357
6145,2.3258,2.3259,4,39.91574999999999,2.3256343872261738,0.9987621740687641
6146,2.3282,2.3283,4,39.91574999999999,2.327108164712019,0.9989569794612208
6147,2.3297,2.3298,4,39.91574999999999,2.327946695073318,0.9990787328315062
6148,2.333,2.3331,4,39.91574999999999,2.3287491215780927,0.9993465902461344
6149,2.3306,2.3307,4,39.91574999999999,2.329674560789046,0.9991517848536776
6150,2.33,2.3301,4,39.91574999999999,2.329720357612972,0.9991030835055634
6151,2.3282,2.3283,4,39.91574999999999,2.32961024588102,0.9989569794612208
6152,2.3288,2.3289,4,39.91574999999999,2.329491541456038,0.999005680809335
6153,2.3296,2.3297,4,39.91574999999999,2.3294657407670405,0.9990706159401539
6154,2.3301,2.3302,4,39.91574999999999,2.329502291042675,0.9991112003969157
6155,2.3325,2.3326,4,39.91574999999999,2.3297897624242823,0.9993060057893725
6156,2.3309,2.331,4,39.91574999999999,2.329964588518315,0.9991761355277347
6157,2.3316,2.3317,4,39.91574999999999,2.330220541937988,0.9992329537672012
6158,2.3306,2.3307,4,39.91574999999999,2.3303597463425825,0.9991517848536776
6159,2.3292,2.3293,4,39.91574999999999,2.3303112621133177,0.9990381483747445
6160,2.3282,2.3283,4,39.91574999999999,2.3300994947364986,0.9989569794612208
6161,2.3277,2.3278,4,39.91574999999999,2.3288997473682493,0.9989163950044591
6162,2.326,2.3261,4,39.91574999999999,2.3274498736841247,0.9987784078514689
6163,2.3286,2.3287,4,39.91574999999999,2.327902909339431,0.9989894470266303
6164,2.3278,2.3279,4,39.91574999999999,2.3281093722775257,0.9989245118958113
6165,2.3283,2.3284,4,39.91574999999999,2.3283378573480746,0.9989650963525732
6166,2.3279,2.328,4,39.91574999999999,2.328380790109485,0.9989326287871637
6167,2.3279,2.328,4,39.91574999999999,2.328369214717366,0.9989326287871637
6168,2.3275,2.3276,4,39.91574999999999,2.328318648834434,0.9989001612217543
6169,2.3265,2.3266,4,39.91574999999999,2.3281450113786217,0.9988189923082306
6170,2.3267,2.3268,4,39.91574999999999,2.3276633409190817,0.9988352260909354
6171,2.326,2.3261,4,39.91574999999999,2.327514517446265,0.9987784078514689
6172,2.3264,2.3265,4,39.91574999999999,2.3271430116308434,0.9988108754168782
6173,2.3257,2.3258,4,39.91574999999999,2.3270684022768964,0.9987540571774116
6174,2.3249,2.325,4,39.91574999999999,2.326201041366138,0.9986891220465928
6175,2.3244,2.3245,4,39.91574999999999,2.3253005206830686,0.998648537589831
6176,2.3257,2.3258,4,39.91574999999999,2.3254730712787173,0.9987540571774116
6177,2.3243,2.3244,4,39.91574999999999,2.3255666834364597,0.9986404206984787
6178,2.3227,2.3228,4,39.91574999999999,2.32413334171823,0.9985105504368408
6179,2.3217,2.3218,4,39.91574999999999,2.322916670859115,0.9984293815233171
6180,2.3239,2.324,4,39.91574999999999,2.3235268315917024,0.9986079531330692
6181,2.3238,2.3239,4,39.91574999999999,2.323792998461597,0.9985998362417168
6182,2.3248,2.3249,4,39.91574999999999,2.3241023169495474,0.9986810051552404
6183,2.3274,2.3275,4,39.91574999999999,2.3245286456992043,0.998892044330402
6184,2.3249,2.325,4,39.91574999999999,2.324667423497644,0.9986891220465928
6185,2.3228,2.3229,4,39.91574999999999,2.3246112031965813,0.9985186673281932
6186,2.3221,2.3222,4,39.91574999999999,2.3233556015982906,0.9984618490887265
6187,2.3235,2.3236,4,39.91574999999999,2.3236125464615762,0.9985754855676596
6188,2.3237,2.3238,4,39.91574999999999,2.323722960483734,0.9985917193503644
6189,2.3224,2.3225,4,39.91574999999999,2.323703006890745,0.9984861997627836
6190,2.323,2.3231,4,39.91574999999999,2.3236571580996985,0.9985349011108978
6191,2.3217,2.3219,4,39.91574999999999,2.3234323438270645,0.9984293815233171
6192,2.3229,2.323,4,39.91574999999999,2.3233699596632698,0.9985267842195455
6193,2.3219,2.322,4,39.91574999999999,2.3232213226788434,0.9984456153060217
6194,2.3228,2.3229,4,39.91574999999999,2.323163172082523,0.9985186673281932
6195,2.324,2.3241,4,39.91574999999999,2.3231383923255775,0.9986160700244214
6196,2.3229,2.323,4,39.91574999999999,2.3231270453134107,0.9985267842195455
6197,2.3224,2.3225,4,39.91574999999999,2.3231008665117345,0.9984861997627836
6198,2.3224,2.3225,4,39.91574999999999,2.322972894315644,0.9984861997627836
6199,2.3243,2.3244,4,39.91574999999999,2.323018423455156,0.9986404206984787
6200,2.3234,2.3235,4,39.91574999999999,2.323054393400631,0.9985673686763072
6201,2.3221,2.3222,4,39.91574999999999,2.3230300401987236,0.9984618490887265
6202,2.3236,2.3237,4,39.91574999999999,2.3230408033361716,0.9985836024590119
6203,2.3232,2.3233,4,39.91574999999999,2.323050675591777,0.9985511348936026
6204,2.3233,2.3234,4,39.91574999999999,2.3230634980004643,0.9985592517849549
6205,2.3253,2.3254,4,39.91574999999999,2.3232982895490175,0.9987215896120023
6206,2.323,2.3231,4,39.91574999999999,2.323310278045768,0.9985349011108978
6207,2.3231,2.3232,4,39.91574999999999,2.3233156746885815,0.9985430180022502
6208,2.3247,2.3248,4,39.91574999999999,2.3234157631207446,0.998672888263888
6209,2.3239,2.324,4,39.91574999999999,2.323471724040693,0.9986079531330692
6210,2.3235,2.3236,4,39.91574999999999,2.323526854976965,0.9985754855676596
6211,2.3229,2.323,4,39.91574999999999,2.3235149752905544,0.9985267842195455
6212,2.3242,2.3243,4,39.91574999999999,2.3235341136578453,0.9986323038071262
6213,2.3267,2.3268,4,39.91574999999999,2.3238610681675,0.9988352260909354
6214,2.3245,2.3246,4,39.91574999999999,2.324052906997131,0.9986566544811833
6215,2.3239,2.324,4,39.91574999999999,2.324070128033161,0.9986079531330692
6216,2.3236,2.3237,5,37.592049999999986,2.3240731814214057,0.9985815732361738
6217,2.3246,2.3247,4,39.91664999999999,2.324112494790547,0.9986830343780785
6218,2.3239,2.324,5,37.59264999999999,2.3241156990603145,0.9986241869157739
6219,2.3257,2.3258,4,39.91834999999999,2.3242623480937317,0.998806816971202
6220,2.3261,2.3262,4,39.91834999999999,2.3251811740468655,0.9988392845366115
6221,2.3241,2.3242,4,39.91834999999999,2.325052995364824,0.9986769467095642
6222,2.326,2.3261,4,39.91834999999999,2.3254317972188945,0.9988311676452593
6223,2.3245,2.3246,4,39.91834999999999,2.32511240261024,0.9987094142749737
6224,2.3253,2.3254,4,39.91834999999999,2.3250619105557275,0.9987743494057927
6225,2.3247,2.3248,4,39.91834999999999,2.3250295424322505,0.9987256480576784
6226,2.3235,2.3236,4,39.91834999999999,2.324860040360374,0.99862824536145
6227,2.3237,2.3238,4,39.91834999999999,2.324280020180187,0.9986444791441548
6228,2.3249,2.325,4,39.91834999999999,2.324310584566194,0.9987418818403831
6229,2.3247,2.3248,4,39.91834999999999,2.3243395084933174,0.9987256480576784
6230,2.3256,2.3257,4,39.91834999999999,2.324542842497599,0.9987987000798497
6231,2.3283,2.3284,4,39.91834999999999,2.324967584363205,0.9990178561463636
6232,2.3319,2.332,4,39.91834999999999,2.3284337921816025,0.9993100642350489
6233,2.3351,2.3352,4,39.91834999999999,2.3317668960908016,0.9995698047583245
6234,2.3333,2.3334,4,39.91834999999999,2.3325334480454005,0.9994237007139818
6235,2.3342,2.3343,4,39.91834999999999,2.3333667240227003,0.9994967527361531
6236,2.3317,2.3318,4,39.91834999999999,2.3325333620113504,0.999293830452344
6237,2.3337,2.3338,4,39.91834999999999,2.3329222413409005,0.9994561682793913
6238,2.3313,2.3314,4,39.91834999999999,2.3319578763460242,0.9992613628869346
6239,2.3317,2.3318,4,39.91834999999999,2.3316235113407178,0.999293830452344
6240,2.3302,2.3303,4,39.91834999999999,2.3309117556703587,0.9991720770820585
6241,2.3312,2.3313,4,39.91834999999999,2.3309466536351184,0.9992532459955821
6242,2.3327,2.3328,4,39.91834999999999,2.3310370585272553,0.9993749993658676
6243,2.3322,2.3323,4,39.91834999999999,2.3312537319378546,0.9993344149091059
6244,2.3329,2.333,4,39.91834999999999,2.331492031793295,0.9993912331485725
6245,2.3324,2.3325,4,39.91834999999999,2.3316120510391247,0.9993506486918106
6246,2.3329,2.333,4,39.91834999999999,2.3317555735950846,0.9993912331485725
6247,2.3353,2.3354,4,39.91834999999999,2.3321952217231345,0.9995860385410291
6248,2.3349,2.335,4,39.91834999999999,2.3335476108615674,0.9995535709756198
6249,2.3354,2.3355,4,39.91834999999999,2.3344738054307834,0.9995941554323815
6250,2.3348,2.3349,4,39.91834999999999,2.33460428325847,0.9995454540842673
6251,2.3343,2.3344,4,39.91834999999999,2.3343807245613934,0.9995048696275054
6252,2.3336,2.3337,4,39.91834999999999,2.3340811100247114,0.999448051388039
6253,2.3351,2.3352,4,39.91834999999999,2.334066138413812,0.9995698047583245
6254,2.3344,2.3345,4,39.91834999999999,2.334071461437612,0.9995129865188579
6255,2.3345,2.3346,4,39.91834999999999,2.334090093298966,0.9995211034102103
6256,2.3317,2.3318,4,39.91834999999999,2.332895046649483,0.999293830452344
6257,2.3298,2.3299,4,39.91834999999999,2.331347523324742,0.9991396095166492
6258,2.3321,2.3322,4,39.91834999999999,2.3317237616623707,0.9993262980177535
6259,2.3341,2.3342,4,39.91834999999999,2.332911880831185,0.9994886358448007
6260,2.3329,2.333,4,39.91834999999999,2.3329751060536044,0.9993912331485725
6261,2.3341,2.3342,4,39.91834999999999,2.3331032340033575,0.9994886358448007
6262,2.3329,2.333,5,37.58534999999999,2.3331258607773293,0.9993892039257344
6263,2.3314,2.3315,5,37.58534999999999,2.332987477158094,0.9992370122128774
6264,2.3316,2.3317,5,37.58534999999999,2.3322937385790468,0.9992573044412584
6265,2.3312,2.3313,5,37.58534999999999,2.3317468692895233,0.9992167199844966
6266,2.3304,2.3305,5,37.58534999999999,2.331208121573714,0.999135551070973
6267,2.3299,2.33,5,37.58534999999999,2.3305540607868567,0.9990848205000207
6268,2.329,2.3291,5,37.58534999999999,2.329777030393428,0.9989935054723066
6269,2.3293,2.3294,5,37.58534999999999,2.3295862182360567,0.9990239438148779
6270,2.3291,2.3292,5,37.58534999999999,2.3294241454907043,0.999003651586497
6271,2.3274,2.3275,5,37.58534999999999,2.328412072745352,0.9988311676452593
6272,2.3265,2.3266,5,37.58534999999999,2.327456036372676,0.998739852617545
6273,2.3269,2.327,5,37.58534999999999,2.327178018186338,0.998780437074307
6274,2.3275,2.3276,5,37.58534999999999,2.3273068109118027,0.9988413137594497
6275,2.3282,2.3283,5,37.58534999999999,2.3279265795217166,0.9989123365587829
6276,2.3282,2.3283,5,37.58534999999999,2.328149298010654,0.9989123365587829
6277,2.3293,2.3294,5,37.58534999999999,2.328390575446079,0.9990239438148779
6278,2.3306,2.331,5,37.58534999999999,2.3286901366291093,0.9991558432993538
6279,2.3311,2.3312,5,37.58534999999999,2.3298950683145545,0.9992065738703062
6280,2.332,2.3321,5,37.58534999999999,2.330947534157277,0.9992978888980202
6281,2.3314,2.3315,5,37.58534999999999,2.3311285204943664,0.9992370122128774
6282,2.3314,2.3315,5,37.58534999999999,2.3312190136629107,0.9992370122128774
6283,2.3319,2.332,5,37.58534999999999,2.3314135811877934,0.9992877427838298
6284,2.3323,2.3324,5,37.58534999999999,2.3316668437055665,0.9993283272405916
6285,2.3315,2.3316,5,37.58534999999999,2.3315286492212075,0.9992471583270679
6286,2.33,2.3301,5,37.58534999999999,2.3311918117348567,0.999094966614211
6287,2.33,2.3301,5,37.58534999999999,2.3309456680599987,0.999094966614211
6288,2.3281,2.3282,5,37.58534999999999,2.3305862758239204,0.9989021904445925
6289,2.3279,2.328,5,37.58534999999999,2.32924313791196,0.9988818982162114
6290,2.3271,2.3272,5,37.58534999999999,2.3281715689559803,0.9988007293026878
6291,2.3268,2.3269,5,37.58534999999999,2.327622941373588,0.9987702909601165
6292,2.3266,2.3268,5,37.58534999999999,2.327213764824153,0.9987499987317354
6293,2.3254,2.3255,5,37.58534999999999,2.3263068824120765,0.9986282453614501
6294,2.3246,2.3247,5,37.58534999999999,2.3254534412060384,0.9985470764479265
6295,2.3253,2.3254,5,37.58534999999999,2.325392064723623,0.9986180992472596
6296,2.3245,2.3246,5,37.58534999999999,2.3250352388341735,0.998536930333736
6297,2.3248,2.3249,5,37.58534999999999,2.324956825889449,0.9985673686763074
6298,2.3251,2.3252,5,37.58534999999999,2.324997732778178,0.9985978070188788
6299,2.3276,2.3277,5,37.58534999999999,2.326298866389089,0.9988514598736401
6300,2.3296,2.3297,5,37.58534999999999,2.3265907199434857,0.9990543821574491
6301,2.3293,2.3294,5,37.58534999999999,2.327945359971743,0.9990239438148779
6302,2.3286,2.3287,5,37.58534999999999,2.3282072159830456,0.9989529210155447
6303,2.3284,2.3285,5,37.58534999999999,2.328040872784078,0.9989326287871637
6304,2.3294,2.3295,5,37.58534999999999,2.3280325114765152,0.9990340899290683
6305,2.3298,2.3299,5,37.58534999999999,2.328537508197511,0.9990746743858302
6306,2.3322,2.3323,5,37.58534999999999,2.3303687540987554,0.9993181811264011
6307,2.3291,2.3292,5,37.58534999999999,2.330076258627432,0.999003651586497
6308,2.3297,2.3298,5,37.58534999999999,2.3298950563619494,0.9990645282716397
6309,2.3298,2.3299,5,37.58534999999999,2.329589902076437,0.9990746743858302
6310,2.3288,2.3289,5,37.58534999999999,2.3294325859774374,0.9989732132439257
6311,2.3287,2.3288,5,37.58534999999999,2.3293238302413353,0.9989630671297353
6312,2.3292,2.3293,5,37.58534999999999,2.3292665506638675,0.9990137977006874
6313,2.3279,2.328,5,37.58534999999999,2.329120300052203,0.9988818982162114
6314,2.3262,2.3263,5,37.58534999999999,2.3287650735357546,0.9987094142749737
6315,2.3248,2.3249,5,37.58534999999999,2.3267825367678774,0.9985673686763074
6316,2.3264,2.3265,5,37.58534999999999,2.3265912683839387,0.9987297065033546
6317,2.3285,2.3286,5,37.58534999999999,2.3275456341919694,0.9989427749013542
6318,2.3287,2.3288,5,37.58534999999999,2.327708771139208,0.9989630671297353
6319,2.3296,2.3297,5,37.58534999999999,2.327947438877696,0.9990543821574491
6320,2.3281,2.3282,5,37.58534999999999,2.328036643673732,0.9989021904445925
6321,2.3275,2.3276,5,37.58534999999999,2.328040045684096,0.9988413137594497
6322,2.3259,2.326,5,37.58534999999999,2.3278489754052325,0.9986789759324024
6323,2.3261,2.3262,5,37.58534999999999,2.326974487702616,0.9986992681607832
6324,2.3249,2.325,5,37.58534999999999,2.3259372438513077,0.9985775147904977
6325,2.3243,2.3244,5,37.58534999999999,2.325118621925654,0.998516638105355
6326,2.3235,2.3236,5,37.58534999999999,2.324309310962827,0.9984354691918313
6327,2.3242,2.3243,5,37.58534999999999,2.324265586577696,0.9985064919911645
6328,2.3229,2.323,5,37.58534999999999,2.3237193519466177,0.9983745925066887
6329,2.325,2.3251,5,37.58534999999999,2.3244044338405323,0.9985876609046882
6330,2.326,2.3261,5,37.58534999999999,2.324829746084358,0.9986891220465929
6331,2.3273,2.3274,5,37.58534999999999,2.325228305994618,0.9988210215310687
6332,2.3256,2.3257,5,37.58534999999999,2.325385776074731,0.998648537589831
6333,2.325,2.3251,5,37.58534999999999,2.3254268152847937,0.9985876609046882
6334,2.3242,2.3243,5,37.58534999999999,2.325348864158045,0.9985064919911645
6335,2.3237,2.3238,5,37.58534999999999,2.3245244320790226,0.9984557614202123
6336,2.3226,2.3227,5,37.58534999999999,2.3235622160395115,0.9983441541641173
6337,2.3219,2.322,5,37.58534999999999,2.322731108019756,0.998273131364784
6338,2.3219,2.322,5,37.58534999999999,2.3223155540098777,0.998273131364784
6339,2.3238,2.3239,5,37.58534999999999,2.322661105504032,0.9984659075344028
6340,2.3223,2.3224,5,37.58534999999999,2.322884681590632,0.9983137158215459
6341,2.3232,2.3233,5,37.58534999999999,2.3229990472222934,0.99840503084926
6342,2.324,2.3241,5,37.58534999999999,2.323202844420575,0.9984861997627836
6343,2.3237,2.3238,5,37.58534999999999,2.3233163466428675,0.9984557614202123
6344,2.3236,2.3237,5,37.58534999999999,2.323384147856258,0.9984456153060217
6345,2.3222,2.3223,5,37.58534999999999,2.3233458402012017,0.9983035697073556
6346,2.3214,2.3215,5,37.58534999999999,2.3223729201006007,0.9982224007938318
6347,2.3224,2.3225,5,37.58534999999999,2.322534867219237,0.9983238619357364
6348,2.3227,2.3228,5,37.58534999999999,2.322574204354958,0.9983543002783077
6349,2.3236,2.3237,5,37.58534999999999,2.3227720595244925,0.9984456153060217
6350,2.3244,2.3245,5,37.58534999999999,2.323000994864348,0.9985267842195455
6351,2.324,2.3241,5,37.58534999999999,2.3231485740763484,0.9984861997627836
6352,2.3231,2.3232,5,37.58534999999999,2.323197799302564,0.9983948847350695
6353,2.3225,2.3226,5,37.58534999999999,2.323184706983688,0.9983340080499268
6354,2.3217,2.3218,5,37.58534999999999,2.323044377672903,0.9982528391364032
6355,2.3209,2.321,5,37.58534999999999,2.3219721888364515,0.9981716702228796
6356,2.3219,2.322,5,37.58534999999999,2.3221225829635066,0.998273131364784
6357,2.3211,2.3212,5,37.58534999999999,2.3221426413986572,0.9981919624512604
6358,2.3218,2.3219,5,37.58534999999999,2.322135272513098,0.9982629852505936
6359,2.3203,2.3204,5,37.58534999999999,2.3219593859250844,0.9981107935377368
6360,2.3197,2.3198,5,37.58534999999999,2.3210556315550503,0.998049916852594
6361,2.3221,2.3222,5,37.58534999999999,2.3211420808835874,0.9982934235931651
6362,2.3222,2.3223,5,37.58534999999999,2.321397400703524,0.9983035697073556
6363,2.3236,2.3237,5,37.58534999999999,2.32170208602045,0.9984456153060217
6364,2.3248,2.3249,5,37.58534999999999,2.323251043010225,0.9985673686763074
6365,2.3255,2.3256,5,37.58534999999999,2.3243755215051127,0.9986383914756405
6366,2.3252,2.3253,5,37.58534999999999,2.3247877607525567,0.9986079531330693
6367,2.3258,2.3259,5,37.58534999999999,2.325192656451534,0.998668829818212
6368,2.3276,2.3277,5,37.58534999999999,2.326396328225767,0.9988514598736401
6369,2.3264,2.3265,5,37.58534999999999,2.3263975521505116,0.9987297065033546
6370,2.3265,2.3266,5,37.58534999999999,2.3264268229646508,0.998739852617545
6371,2.3258,2.3259,5,37.58534999999999,2.325860252498142,0.998668829818212
6372,2.3249,2.325,5,37.58534999999999,2.3255411779892845,0.9985775147904977
6373,2.3232,2.3233,5,37.58534999999999,2.325197813145726,0.99840503084926
6374,2.3243,2.3244,5,37.58534999999999,2.3249757263328403,0.998516638105355
6375,2.3213,2.3214,5,37.58534999999999,2.3245507156973106,0.9982122546796413
6376,2.3206,2.3207,5,37.58534999999999,2.322575357848655,0.9981412318803082
6377,2.3201,2.3202,5,37.58534999999999,2.3213376789243276,0.9980905013093558
6378,2.321,2.3211,5,37.58534999999999,2.3212026073545964,0.99818181633707
6379,2.3205,2.3206,5,37.58534999999999,2.3209684049030646,0.9981310857661176
6380,2.3195,2.3196,5,37.58534999999999,2.320478936602043,0.9980296246242131
6381,2.3214,2.3215,5,37.58534999999999,2.3207658021429536,0.9982224007938318
6382,2.3219,2.322,5,37.58534999999999,2.321069249576853,0.998273131364784
6383,2.3211,2.3212,5,37.58534999999999,2.321320320243057,0.9981919624512604
6384,2.32,2.3201,5,37.58534999999999,2.3213140226481763,0.9980803551951655
6385,2.32,2.3201,5,37.58534999999999,2.320657011324088,0.9980803551951655
6386,2.3193,2.3194,5,37.58534999999999,2.3206952013693507,0.9980093323958322
6387,2.318,2.3181,5,37.58534999999999,2.3193476006846754,0.9978774329113563
6388,2.3178,2.3179,5,37.58534999999999,2.318573800342338,0.9978571406829754
6389,2.3166,2.3167,5,37.58534999999999,2.317586900171169,0.9977353873126898
6390,2.3161,2.3162,5,37.58534999999999,2.3168434500855843,0.9976846567417376
6391,2.3145,2.3146,5,37.58534999999999,2.315671725042792,0.9975223189146902
6392,2.3139,2.314,5,37.58534999999999,2.314785862521396,0.9974614422295475
6393,2.3137,2.3138,5,37.58534999999999,2.314242931260698,0.9974411500011666
6394,2.3149,2.315,5,37.58534999999999,2.314461954173799,0.9975629033714521
6395,2.3156,2.3157,5,37.58534999999999,2.315292383851134,0.9976339261707854
6396,2.3157,2.3158,5,37.58534999999999,2.315669161096304,0.9976440722849758
6397,2.3162,2.3163,5,37.58534999999999,2.3158310764786285,0.9976948028559282
6398,2.3156,2.3157,5,37.58534999999999,2.3158833099545113,0.9976339261707854
6399,2.314,2.3141,5,37.58534999999999,2.3157548364389138,0.9974715883437381
6400,2.3138,2.3139,5,37.58534999999999,2.3147774182194567,0.9974512961153571
6401,2.3131,2.3132,5,37.58534999999999,2.3139387091097285,0.9973802733160239
6402,2.3136,2.3137,5,37.58534999999999,2.313803225465837,0.9974310038869761
6403,2.3127,2.3128,5,37.58534999999999,2.3139699796286806,0.997339688859262
6404,2.312,2.3121,5,37.58534999999999,2.313181987777208,0.9972686660599289
6405,2.3131,2.3132,5,37.58534999999999,2.3133219919161783,0.9973802733160239
6406,2.3121,2.3122,5,37.58534999999999,2.31337057838599,0.9972788121741194
6407,2.311,2.3111,5,37.58534999999999,2.312422347031594,0.9971672049180242
6408,2.3083,2.3084,5,37.58534999999999,2.3103611735157967,0.996893259834882
6409,2.3137,2.3138,5,37.58534999999999,2.3120305867578983,0.9974411500011666
6410,2.3141,2.3142,5,37.58534999999999,2.313065293378949,0.9974817344579284
6411,2.3162,2.3163,5,37.58534999999999,2.3146326466894744,0.9976948028559282
6412,2.3168,2.3169,5,37.58534999999999,2.3157163233447373,0.9977556795410708
6413,2.3149,2.315,5,37.58534999999999,2.3154442155631587,0.9975629033714521
6414,2.318,2.3181,5,37.58534999999999,2.3151484340006125,0.9978774329113563
6415,2.3175,2.3176,5,37.58534999999999,2.315932289333742,0.9978267023404039
6416,2.3178,2.3179,5,37.58534999999999,2.316866144666871,0.9978571406829754
6417,2.3194,2.3195,5,37.58534999999999,2.3178796868001226,0.9980194785100227
6418,2.3167,2.3168,5,37.58534999999999,2.3174155782056634,0.9977455334268803
6419,2.3156,2.3157,5,37.58534999999999,2.3168708004278633,0.9976339261707854
6420,2.3159,2.316,5,37.58534999999999,2.3165596822071395,0.9976643645133566
6421,2.3154,2.3155,5,37.58534999999999,2.316373521174383,0.9976136339424043
6422,2.3175,2.3176,5,37.58534999999999,2.3169367605871916,0.9978267023404039
6423,2.3156,2.3157,5,37.58534999999999,2.3167301221423156,0.9976339261707854
6424,2.3139,2.314,5,37.58534999999999,2.316261503538027,0.9974614422295475
6425,2.3131,2.3132,5,37.58534999999999,2.3146807517690133,0.9973802733160239
6426,2.3126,2.3127,5,37.58534999999999,2.313640375884507,0.9973295427450717
6427,2.3128,2.3129,5,37.58534999999999,2.3133042255307044,0.9973498349734525
6428,2.3137,2.3138,5,37.58534999999999,2.3136396022594163,0.9974411500011666
6429,2.3134,2.3135,5,37.58534999999999,2.313783954898325,0.9974107116585953
6430,2.3124,2.3125,5,37.58534999999999,2.3137964230692027,0.9973092505166906
6431,2.3123,2.3124,5,37.58534999999999,2.313422317301902,0.9972991044025002
6432,2.3124,2.3125,5,37.58534999999999,2.313195135679257,0.9973092505166906
6433,2.3128,2.3129,5,37.58534999999999,2.3132037402923,0.9973498349734525
6434,2.3136,2.3137,5,37.58534999999999,2.3132210282656884,0.9974310038869761
6435,2.3137,2.3138,5,37.58534999999999,2.3132453066191303,0.9974411500011666
6436,2.3134,2.3135,5,37.58534999999999,2.31326493214195,0.9974107116585953
6437,2.3141,2.3142,5,37.58534999999999,2.313347656807052,0.9974817344579284
6438,2.3156,2.3157,5,37.58534999999999,2.31362009909604,0.9976339261707854
6439,2.3133,2.3134,5,37.58534999999999,2.3136394764480057,0.9974005655444048
6440,2.3131,2.3132,5,37.58534999999999,2.31364178976479,0.9973802733160239
6441,2.3126,2.3127,5,37.58534999999999,2.3135546524592865,0.9973295427450717
6442,2.3124,2.3125,5,37.58534999999999,2.313442160071355,0.9973092505166906
6443,2.3128,2.3129,5,37.58534999999999,2.3133572216659073,0.9973498349734525
6444,2.3159,2.316,5,37.58534999999999,2.314628610832954,0.9976643645133566
6445,2.3156,2.3157,5,37.58534999999999,2.315114305416477,0.9976339261707854
6446,2.3148,2.3149,5,37.58534999999999,2.314641966532169,0.9975527572572617
6447,2.3159,2.316,5,37.58534999999999,2.31457887624042,0.9976643645133566
6448,2.3163,2.3164,5,37.58534999999999,2.31515258416028,0.9977049489701185
6449,2.3167,2.3168,5,37.58534999999999,2.31592629208014,0.9977455334268803
6450,2.3148,2.3149,5,37.58534999999999,2.3157177865930194,0.9975527572572617
6451,2.3194,2.3195,5,37.58534999999999,2.3175588932965097,0.9980194785100227
6452,2.3229,2.323,5,37.58534999999999,2.3202294466482547,0.9983745925066887
6453,2.3246,2.3247,5,37.58534999999999,2.3224147233241275,0.9985470764479265
6454,2.3254,2.3255,5,37.58534999999999,2.323907361662064,0.9986282453614501
6455,2.3241,2.3242,5,37.58534999999999,2.3239844169972383,0.9984963458769741
6456,2.3256,2.3257,5,37.58534999999999,2.324630650198343,0.998648537589831
6457,2.3246,2.3247,5,37.58534999999999,2.3246204334655625,0.9985470764479265
6458,2.3247,2.3248,5,37.58534999999999,2.324643166761116,0.9985572225621169
6459,2.3244,2.3245,5,37.58534999999999,2.324582375070837,0.9985267842195455
6460,2.324,2.3241,5,37.58534999999999,2.3243494250425023,0.9984861997627836
6461,2.3215,2.3216,5,37.58534999999999,2.3229247125212513,0.9982325469080223
6462,2.3221,2.3222,5,37.58534999999999,2.3227922521426256,0.9982934235931651
6463,2.3243,2.3244,5,37.58534999999999,2.3230242133514523,0.998516638105355
6464,2.325,2.3251,5,37.58534999999999,2.324012106675726,0.9985876609046882
6465,2.3226,2.3227,5,37.58534999999999,2.3237791291530394,0.9983441541641173
6466,2.3221,2.3222,5,37.58534999999999,2.323388208581833,0.9982934235931651
6467,2.3225,2.3226,5,37.58534999999999,2.323147540295264,0.9983340080499268
6468,2.3204,2.3205,5,37.58534999999999,2.322799308696643,0.9981209396519272
6469,2.3192,2.3193,5,37.58534999999999,2.320999654348322,0.9979991862816419
6470,2.3193,2.3194,5,37.58534999999999,2.320149827174161,0.9980093323958322
6471,2.3203,2.3204,5,37.58534999999999,2.3202098963044966,0.9981107935377368
6472,2.3205,2.3206,5,37.58534999999999,2.320496284416556,0.9981310857661176
6473,2.3209,2.321,5,37.58534999999999,2.320767303379463,0.9981716702228796
6474,2.3223,2.3224,5,37.58534999999999,2.3210175108297917,0.9983137158215459
6475,2.3204,2.3205,6,35.26484999999999,2.321038053160971,0.9981189104290892
6476,2.3195,2.3196,6,35.26484999999999,2.320993889108429,0.9980093323958322
6477,2.3192,2.3193,6,35.26484999999999,2.320096944554215,0.9979728063847465
6478,2.319,2.3191,6,35.26484999999999,2.3196581667325287,0.9979484557106895
6479,2.3198,2.3199,6,35.26484999999999,2.3198271481654955,0.9980458584069177
6480,2.3199,2.32,6,35.26484999999999,2.319909936982701,0.9980580337439464
6481,2.3213,2.3214,5,37.58614999999999,2.320120976729143,0.998228488462346
6482,2.3199,2.32,6,35.26614999999999,2.3201504192394395,0.9980844136408417
6483,2.3191,2.3192,6,35.26614999999999,2.3201290847048117,0.9979870109446132
6484,2.3187,2.3188,6,35.26614999999999,2.3199642568568013,0.9979383095964991
6485,2.3193,2.3194,6,35.26614999999999,2.319862003607867,0.9980113616186702
6486,2.3196,2.3197,6,35.26614999999999,2.3198042937267656,0.9980478876297559
6487,2.3197,2.3198,6,35.26614999999999,2.319771894627717,0.9980600629667844
6488,2.3183,2.3184,6,35.26614999999999,2.3196764980307294,0.9978896082483847
6489,2.3189,2.319,6,35.26614999999999,2.319601762283382,0.9979626602705561
6490,2.3202,2.3203,5,37.58634999999999,2.3195716921377145,0.9981209396519272
6491,2.3197,2.3198,5,37.58634999999999,2.3195647506079133,0.9980702090809749
6492,2.3207,2.3208,5,37.58634999999999,2.319655176372788,0.9981716702228796
6493,2.3205,2.3206,5,37.58634999999999,2.319746211977817,0.9981513779944985
6494,2.321,2.3211,5,37.58634999999999,2.3198594409690974,0.9982021085654508
6495,2.3212,2.3213,5,37.58634999999999,2.32003104969291,0.9982224007938318
6496,2.3194,2.3195,5,37.58634999999999,2.320043033992747,0.9980397707384036
6497,2.3189,2.319,5,37.58634999999999,2.319973440488394,0.9979890401674514
6498,2.3204,2.3205,5,37.58634999999999,2.3199775637153763,0.998141231880308
6499,2.3203,2.3204,5,37.58634999999999,2.3199895835447797,0.9981310857661176
6500,2.3186,2.3187,5,37.58634999999999,2.3199217570367066,0.9979586018248798
6501,2.3179,2.318,5,37.58634999999999,2.318910878518353,0.9978875790255467
6502,2.3189,2.319,5,37.58634999999999,2.319084293807426,0.9979890401674514
6503,2.318,2.3181,5,37.58634999999999,2.319090567217885,0.9978977251397371
6504,2.3181,2.3182,5,37.58634999999999,2.3187603781452566,0.9979078712539275
6505,2.3159,2.316,5,37.58634999999999,2.318564892229734,0.9976846567417376
6506,2.3182,2.3183,5,37.58634999999999,2.3185083204638435,0.997918017368118
6507,2.3165,2.3166,5,37.58634999999999,2.3182563168908104,0.9977455334268803
6508,2.317,2.3171,5,37.58634999999999,2.3178973692077216,0.9977962639978326
6509,2.3173,2.3174,5,37.58634999999999,2.317854740498229,0.9978267023404039
6510,2.3195,2.3196,5,37.58634999999999,2.3186773702491146,0.998049916852594
6511,2.3205,2.3206,5,37.58634999999999,2.3195886851245575,0.9981513779944985
6512,2.3227,2.3228,5,37.58634999999999,2.321144342562279,0.9983745925066887
6513,2.3217,2.3218,5,37.58634999999999,2.3214221712811396,0.998273131364784
6514,2.3222,2.3223,5,37.58634999999999,2.3218110856405696,0.9983238619357363
6515,2.3236,2.3237,5,37.58634999999999,2.322526651384342,0.9984659075344028
6516,2.3237,2.3238,5,37.58634999999999,2.323113325692171,0.9984760536485933
6517,2.3233,2.3234,5,37.58634999999999,2.323187995415303,0.9984354691918313
6518,2.3238,2.3239,5,37.58634999999999,2.3234327972491817,0.9984861997627836
6519,2.3235,2.3236,5,37.58634999999999,2.3234519980351296,0.9984557614202123
6520,2.3221,2.3222,5,37.58634999999999,2.3229840800616515,0.9983137158215457
6521,2.3199,2.32,5,37.58634999999999,2.3224165776632306,0.9980905013093558
6522,2.3192,2.3193,5,37.58634999999999,2.320808288831615,0.9980194785100226
6523,2.3187,2.3188,5,37.58634999999999,2.319754144415808,0.9979687479390703
6524,2.3164,2.3165,5,37.58634999999999,2.318077072207904,0.9977353873126898
6525,2.3173,2.3174,5,37.58634999999999,2.317688536103952,0.9978267023404039
6526,2.318,2.3181,5,37.58634999999999,2.3177923574026345,0.9978977251397371
6527,2.3186,2.3187,5,37.58634999999999,2.3184743045484666,0.9979586018248798
6528,2.3188,2.3189,5,37.58634999999999,2.3187828916037194,0.9979788940532608
6529,2.3195,2.3196,5,37.58634999999999,2.3189743234350755,0.998049916852594
6530,2.3217,2.3218,5,37.58634999999999,2.3193004252356233,0.998273131364784
6531,2.3198,2.3199,5,37.58634999999999,2.3194196393487654,0.9980803551951652
6532,2.3192,2.3193,5,37.58634999999999,2.319458425151925,0.9980194785100226
6533,2.3182,2.3183,5,37.58634999999999,2.3193916236238095,0.997918017368118
6534,2.3176,2.3177,5,37.58634999999999,2.318495811811905,0.9978571406829754
6535,2.3157,2.3158,5,37.58634999999999,2.3170979059059524,0.9976643645133566
6536,2.316,2.3161,5,37.58634999999999,2.316548952952976,0.9976948028559279
6537,2.3153,2.3154,5,37.58634999999999,2.3159244764764884,0.9976237800565949
6538,2.3151,2.3152,5,37.58634999999999,2.315594685885893,0.9976034878282138
6539,2.315,2.3151,5,37.58634999999999,2.315396457257262,0.9975933417140234
6540,2.3157,2.3158,5,37.58634999999999,2.3154831837551875,0.9976643645133566
6541,2.3163,2.3164,5,37.58634999999999,2.31570120106011,0.9977252411984994
6542,2.3172,2.3173,5,37.58634999999999,2.3161496166503306,0.9978165562262135
6543,2.3186,2.3187,5,37.58634999999999,2.3165558215144815,0.9979586018248798
6544,2.3192,2.3193,5,37.58634999999999,2.3178779107572405,0.9980194785100226
6545,2.3181,2.3182,5,37.58634999999999,2.3177274874020113,0.9979078712539275
6546,2.3179,2.318,5,37.58634999999999,2.317676405883841,0.9978875790255467
6547,2.3171,2.3172,5,37.58634999999999,2.317582211379534,0.9978064101120231
6548,2.3153,2.3154,5,37.58634999999999,2.31733620350236,0.9976237800565949
6549,2.3143,2.3144,5,37.58634999999999,2.31581810175118,0.9975223189146902
6550,2.3136,2.3137,5,37.58634999999999,2.31470905087559,0.9974512961153571
6551,2.3138,2.3139,5,37.58634999999999,2.314254525437795,0.9974715883437381
6552,2.3139,2.314,5,37.58634999999999,2.3141363502918635,0.9974817344579284
6553,2.3151,2.3152,5,37.58634999999999,2.3147073775149685,0.9976034878282138
6554,2.3147,2.3148,5,37.58634999999999,2.3148238431962866,0.9975629033714521
6555,2.3155,2.3156,5,37.58634999999999,2.3150282471509693,0.9976440722849758
6556,2.316,2.3161,5,37.58634999999999,2.315165815925159,0.9976948028559279
6557,2.316,2.3161,5,37.58634999999999,2.315272650670651,0.9976948028559279
6558,2.3161,2.3162,5,37.58634999999999,2.3153655785687692,0.9977049489701185
6559,2.3132,2.3133,5,37.58634999999999,2.314282789284385,0.9974107116585953
6560,2.3136,2.3137,5,37.58634999999999,2.3139413946421925,0.9974512961153571
6561,2.3137,2.3138,5,37.58634999999999,2.313820697321096,0.9974614422295475
6562,2.3126,2.3127,5,37.58634999999999,2.3140078315704073,0.9973498349734525
6563,2.3115,2.3116,5,37.58634999999999,2.312753915785204,0.9972382277173574
6564,2.3117,2.3118,5,37.58634999999999,2.312226957892602,0.9972585199457384
6565,2.3109,2.311,5,37.58634999999999,2.311563478946301,0.9971773510322146
6566,2.3101,2.3102,5,37.58634999999999,2.3109780873677805,0.997096182118691
6567,2.3114,2.3115,5,37.58634999999999,2.311098633834129,0.9972280816031669
6568,2.31,2.3101,5,37.58634999999999,2.31139320464093,0.9970860360045007
6569,2.3101,2.3102,5,37.58634999999999,2.3109621364272868,0.997096182118691
6570,2.3095,2.3096,5,37.58634999999999,2.3102310682136435,0.9970353054335483
6571,2.3107,2.3108,5,37.58634999999999,2.3103988830247806,0.9971570588038338
6572,2.3117,2.3118,5,37.58634999999999,2.3107917724407514,0.9972585199457384
6573,2.3141,2.3142,5,37.58634999999999,2.3112532478890344,0.9975020266863094
6574,2.3142,2.3143,5,37.58634999999999,2.312726623944517,0.9975121728004998
6575,2.3137,2.3138,5,37.58634999999999,2.3132133119722584,0.9974614422295475
6576,2.3126,2.3127,5,37.58634999999999,2.3128434077941322,0.9973498349734525
6577,2.3115,2.3116,5,37.58634999999999,2.3125699553763415,0.9972382277173574
6578,2.3125,2.3126,5,37.58634999999999,2.3124753741940576,0.997339688859262
6579,2.3117,2.3118,5,37.58634999999999,2.3123725525813685,0.9972585199457384
6580,2.3102,2.3103,5,37.58634999999999,2.312164072692858,0.9971063282328816
6581,2.3093,2.3094,5,37.58634999999999,2.3107320363464288,0.9970150132051674
6582,2.3096,2.3097,5,37.58634999999999,2.3101660181732147,0.9970454515477388
6583,2.3105,2.3106,5,37.58634999999999,2.3104307479619597,0.9971367665754529
6584,2.3103,2.3104,5,37.58634999999999,2.310547725631401,0.997116474347072
6585,2.3116,2.3117,5,37.58634999999999,2.3107630231904746,0.9972483738315479
6586,2.3116,2.3117,5,37.58634999999999,2.3108943552505004,0.9972483738315479
6587,2.313,2.3131,5,37.58634999999999,2.311166367628198,0.9973904194302144
6588,2.3157,2.3158,5,37.58634999999999,2.313433183814099,0.9976643645133566
6589,2.317,2.3171,5,37.58634999999999,2.3152165919070495,0.9977962639978326
6590,2.3175,2.3176,5,37.58634999999999,2.316358295953525,0.9978469945687848
6591,2.3186,2.3187,5,37.58634999999999,2.3174791479767625,0.9979586018248798
6592,2.3186,2.3187,5,37.58634999999999,2.318039573988381,0.9979586018248798
6593,2.3181,2.3182,5,37.58634999999999,2.318059715992254,0.9979078712539275
6594,2.3195,2.3196,5,37.58634999999999,2.3186358295953524,0.998049916852594
6595,2.3186,2.3187,5,37.58634999999999,2.318625592568109,0.9979586018248798
6596,2.3193,2.3194,5,37.58634999999999,2.318818280405792,0.9980296246242131
6597,2.319,2.3191,5,37.58634999999999,2.318863710304344,0.9979991862816416
6598,2.3211,2.3212,5,37.58634999999999,2.318578208637242,0.9982122546796413
6599,2.3192,2.3193,5,37.58634999999999,2.318702566909794,0.9980194785100226
6600,2.318,2.3181,5,37.58634999999999,2.318608821144732,0.9978977251397371
6601,2.3201,2.3202,5,37.58634999999999,2.3186314984952943,0.9981107935377368
6602,2.3199,2.32,5,37.58634999999999,2.3188851987962353,0.9980905013093558
6603,2.3171,2.3172,5,37.58634999999999,2.318171119277741,0.9978064101120231
6604,2.3157,2.3158,5,37.58634999999999,2.3169355596388703,0.9976643645133566
6605,2.3163,2.3164,5,37.58634999999999,2.316617779819435,0.9977252411984994
6606,2.3188,2.3189,5,37.58634999999999,2.3177088899097176,0.9979788940532608
6607,2.3193,2.3194,5,37.58634999999999,2.317944042766192,0.9980296246242131
6608,2.318,2.3181,5,37.58634999999999,2.3180453286832776,0.9978977251397371
6609,2.3174,2.3175,5,37.58634999999999,2.3180338412859207,0.9978368484545943
6610,2.3177,2.3178,5,37.58634999999999,2.3179940932984535,0.9978672867971659
6611,2.316,2.3161,5,37.58634999999999,2.3177965515491756,0.9976948028559279
6612,2.3149,2.315,5,37.58634999999999,2.3163482757745877,0.997583195599833
6613,2.3155,2.3156,5,37.58634999999999,2.315924137887294,0.9976440722849758
6614,2.3161,2.3162,6,35.27014999999999,2.3162287661716325,0.9977029197472803
6615,2.3182,2.3183,5,37.588349999999984,2.3172143830858163,0.9979586018248798
6616,2.3189,2.319,5,37.588349999999984,2.3180571915429082,0.9980296246242131
6617,2.3196,2.3197,5,37.588349999999984,2.3188285957714543,0.9981006474235462
6618,2.3189,2.319,5,37.588349999999984,2.3188571574628725,0.9980296246242131
6619,2.3189,2.319,5,37.588349999999984,2.318871438308582,0.9980296246242131
6620,2.3197,2.3198,5,37.588349999999984,2.3187157073161058,0.9981107935377367
6621,2.3191,2.3192,5,37.588349999999984,2.318669467032088,0.9980499168525939
6622,2.3179,2.318,5,37.588349999999984,2.318584999706856,0.9979281634823084
6623,2.3167,2.3168,5,37.588349999999984,2.3183445264674063,0.997806410112023
6624,2.3175,2.3176,5,37.588349999999984,2.318169375917867,0.9978875790255466
6625,2.3197,2.3198,5,37.588349999999984,2.318934687958934,0.9981107935377367
6626,2.32,2.3201,5,37.588349999999984,2.3194673439794666,0.998141231880308
6627,2.3194,2.3195,5,37.588349999999984,2.319111579688272,0.9980803551951652
6628,2.32,2.3201,5,37.588349999999984,2.319059760124734,0.998141231880308
6629,2.3205,2.3206,5,37.588349999999984,2.319539840083156,0.9981919624512603
6630,2.3194,2.3195,5,37.588349999999984,2.3194666968554625,0.9980803551951652
6631,2.3161,2.3162,5,37.588349999999984,2.319085827931188,0.9977455334268802
6632,2.3154,2.3155,5,37.588349999999984,2.317242913965594,0.997674510627547
6633,2.3171,2.3172,5,37.588349999999984,2.317171456982797,0.9978469945687848
6634,2.3182,2.3183,5,37.588349999999984,2.317571797280294,0.9979586018248798
6635,2.3197,2.3198,5,37.588349999999984,2.317929045831061,0.9981107935377367
6636,2.3209,2.321,5,37.588349999999984,2.3194145229155305,0.9982325469080221
6637,2.3215,2.3216,5,37.588349999999984,2.320457261457765,0.9982934235931649
6638,2.3202,2.3203,5,37.588349999999984,2.3203543568746587,0.9981615241086889
6639,2.3187,2.3188,5,37.588349999999984,2.319825992638517,0.998009332395832
6640,2.3191,2.3192,5,37.588349999999984,2.319543844302048,0.9980499168525939
6641,2.3192,2.3193,5,37.588349999999984,2.319426497988146,0.9980600629667843
6642,2.3196,2.3197,5,37.588349999999984,2.319389007951359,0.9981006474235462
6643,2.317,2.3171,5,37.588349999999984,2.319141151743864,0.9978368484545943
6644,2.3165,2.3166,5,37.588349999999984,2.3178205758719317,0.9977861178836421
6645,2.3189,2.319,5,37.588349999999984,2.31798011169919,0.9980296246242131
6646,2.3201,2.3202,5,37.588349999999984,2.318401255115565,0.9981513779944985
6647,2.3205,2.3206,5,37.588349999999984,2.3194506275577824,0.9981919624512603
6648,2.319,2.3191,5,37.588349999999984,2.319312076637437,0.9980397707384034
6649,2.3202,2.3203,5,37.588349999999984,2.3193092102526025,0.9981615241086889
6650,2.3182,2.3183,5,37.588349999999984,2.3187546051263013,0.9979586018248798
6651,2.3171,2.3172,5,37.588349999999984,2.3187466483322314,0.9978469945687848
6652,2.3176,2.3177,5,37.588349999999984,2.318173324166116,0.9978977251397371
6653,2.3174,2.3175,5,37.588349999999984,2.318234354878483,0.9978774329113561
6654,2.3214,2.3215,5,37.588349999999984,2.3198171774392415,0.9982832774789744
6655,2.3226,2.3227,5,37.588349999999984,2.321208588719621,0.9984050308492599
6656,2.3218,2.3219,5,37.588349999999984,2.3215042943598103,0.9983238619357363
6657,2.3218,2.3219,5,37.588349999999984,2.3216225766158862,0.9983238619357363
6658,2.321,2.3211,5,37.588349999999984,2.321025213477676,0.9982426930222125
6659,2.321,2.3211,5,37.588349999999984,2.3208278791067944,0.9982426930222125
6660,2.3188,2.3189,5,37.588349999999984,2.319813939553397,0.9980194785100226
6661,2.3179,2.318,5,37.588349999999984,2.3188569697766983,0.9979281634823084
6662,2.3209,2.321,5,37.588349999999984,2.3193677273325237,0.9982325469080221
6663,2.3218,2.3219,5,37.588349999999984,2.3198460673616594,0.9983238619357363
6664,2.3215,2.3216,5,37.588349999999984,2.32067303368083,0.9982934235931649
6665,2.3233,2.3234,5,37.588349999999984,2.3208566697274167,0.9984760536485932
6666,2.3228,2.3229,5,37.588349999999984,2.32163400183645,0.9984253230776408
6667,2.3212,2.3213,5,37.588349999999984,2.321547462392492,0.9982629852505935
6668,2.3213,2.3214,5,37.588349999999984,2.3214364595618537,0.998273131364784
6669,2.3217,2.3218,5,37.588349999999984,2.3214192979400554,0.9983137158215457
6670,2.3231,2.3232,5,37.588349999999984,2.3215615580412194,0.9984557614202123
6671,2.3228,2.3229,5,37.588349999999984,2.3221807790206097,0.9984253230776408
6672,2.3226,2.3227,5,37.588349999999984,2.322153333503013,0.9984050308492599
6673,2.3191,2.3192,5,37.588349999999984,2.3206266667515063,0.9980499168525939
6674,2.3186,2.3187,5,37.588349999999984,2.319613333375753,0.9979991862816415
6675,2.3191,2.3192,5,37.588349999999984,2.3193566666878764,0.9980499168525939
6676,2.3179,2.318,5,37.588349999999984,2.3187740000127257,0.9979281634823084
6677,2.3175,2.3176,5,37.588349999999984,2.318264400007635,0.9978875790255466
6678,2.3162,2.3163,5,37.588349999999984,2.3172322000038177,0.9977556795410706
6679,2.3156,2.3157,5,37.588349999999984,2.316416100001909,0.9976948028559278
6680,2.3148,2.3149,5,37.588349999999984,2.3156080500009546,0.9976136339424042
6681,2.3148,2.3149,5,37.588349999999984,2.315284830000573,0.9976136339424042
6682,2.3148,2.3149,5,37.588349999999984,2.315123220000382,0.9976136339424042
6683,2.3148,2.3149,5,37.588349999999984,2.3150308714288443,0.9976136339424042
6684,2.3142,2.3143,5,37.588349999999984,2.3147934795920317,0.9975527572572614
6685,2.3145,2.3146,5,37.588349999999984,2.314720109694024,0.9975831955998329
6686,2.3138,2.3139,5,37.588349999999984,2.314490082270518,0.9975121728004998
6687,2.3138,2.3139,5,37.588349999999984,2.3143367306548472,0.9975121728004998
6688,2.3129,2.313,5,37.588349999999984,2.3136183653274234,0.9974208577727857
6689,2.3126,2.3127,5,37.588349999999984,2.313211019196454,0.9973904194302142
6690,2.3128,2.3129,5,37.588349999999984,2.313074012797636,0.9974107116585951
6691,2.3125,2.3126,5,37.588349999999984,2.3129100091411687,0.9973802733160237
6692,2.3116,2.3117,5,37.588349999999984,2.312473339427446,0.9972889582883097
6693,2.3111,2.3112,5,37.588349999999984,2.3117866697137233,0.9972382277173574
6694,2.3122,2.3123,5,37.588349999999984,2.312044490064054,0.9973498349734524
6695,2.3124,2.3125,5,37.588349999999984,2.312171302780266,0.9973701272018333
6696,2.3125,2.3126,5,37.588349999999984,2.312259080196115,0.9973802733160237
6697,2.3144,2.3145,5,37.588349999999984,2.3126332539834324,0.9975730494856423
6698,2.3134,2.3135,5,37.588349999999984,2.312781770835523,0.9974715883437378
6699,2.3129,2.313,5,37.588349999999984,2.312857349060629,0.9974208577727857
6700,2.3129,2.313,5,37.588349999999984,2.3129385223307937,0.9974208577727857
6701,2.3137,2.3138,5,37.588349999999984,2.3129897385755642,0.9975020266863093
6702,2.3127,2.3128,5,37.588349999999984,2.3130140828621606,0.9974005655444046
6703,2.3118,2.3119,5,37.588349999999984,2.312953780784415,0.9973092505166905
6704,2.311,2.3111,5,37.588349999999984,2.312726826285858,0.9972280816031669
6705,2.3107,2.3108,5,37.588349999999984,2.311713413142929,0.9971976432605956
6706,2.3115,2.3116,5,37.588349999999984,2.311825717893554,0.9972788121741192
6707,2.3108,2.3109,5,37.588349999999984,2.3118248103094374,0.997207789374786
6708,2.3075,2.3076,5,37.588349999999984,2.3114309031670293,0.9968729676065009
6709,2.3086,2.3087,5,37.588349999999984,2.3100154515835145,0.996984574862596
6710,2.3089,2.309,5,37.588349999999984,2.3094577257917575,0.9970150132051673
6711,2.3092,2.3093,5,37.588349999999984,2.309328862895879,0.9970454515477387
6712,2.3089,2.309,5,37.588349999999984,2.3095100401665336,0.9970150132051673
6713,2.3062,2.3063,5,37.588349999999984,2.309357363372839,0.9967410681220249
6714,2.3064,2.3065,5,37.588349999999984,2.3078786816864194,0.996761360350406
6715,2.3053,2.3054,5,37.588349999999984,2.3065893408432094,0.9966497530943108
6716,2.3019,2.302,5,37.588349999999984,2.3042446704216046,0.9963047852118353
6717,2.3025,2.3026,5,37.588349999999984,2.3033723352108026,0.9963656618969782
6718,2.3031,2.3032,5,37.588349999999984,2.3032361676054016,0.9964265385821208
6719,2.3012,2.3013,5,37.588349999999984,2.302421700563241,0.9962337624125022
6720,2.3015,2.3016,5,37.588349999999984,2.302114467042161,0.9962642007550735
6721,2.3016,2.3017,5,37.588349999999984,2.3018572335210807,0.996274346869264
6722,2.3011,2.3012,5,37.588349999999984,2.3015543401126486,0.9962236162983117
6723,2.2993,2.2994,5,37.588349999999984,2.3004271700563246,0.9960409862428835
6724,2.3004,2.3005,5,37.588349999999984,2.300419407183089,0.9961525934989786
6725,2.3013,2.3014,5,37.588349999999984,2.3008116217704355,0.9962439085266925
6726,2.3029,2.303,5,37.588349999999984,2.301855810885218,0.99640624635374
6727,2.3057,2.3058,5,37.588349999999984,2.3023272835753796,0.9966903375510727
6728,2.3083,2.3084,5,37.588349999999984,2.3053136417876896,0.9969541365200245
6729,2.3109,2.311,5,37.588349999999984,2.308106820893845,0.9972179354889764
6730,2.3094,2.3095,5,37.588349999999984,2.3087534104469225,0.9970657437761197
6731,2.3088,2.3089,5,37.588349999999984,2.3087720462681536,0.9970048670909769
6732,2.3105,2.3106,5,37.588349999999984,2.309463227760892,0.9971773510322146
6733,2.308,2.3081,5,37.588349999999984,2.3085998078940517,0.9969236981774532
6734,2.3076,2.3077,5,37.588349999999984,2.3081032339307628,0.9968831137206915
6735,2.3078,2.3079,5,37.588349999999984,2.307770951368675,0.9969034059490723
6736,2.3104,2.3105,5,37.588349999999984,2.307874022014305,0.9971672049180241
6737,2.308,2.3081,5,37.588349999999984,2.3079097672198223,0.9969236981774532
6738,2.3074,2.3075,5,37.588349999999984,2.307899997849943,0.9968628214923104
6739,2.3065,2.3066,5,37.588349999999984,2.3077627339171176,0.9967715064645963
6740,2.3067,2.3068,5,37.588349999999984,2.307337640350271,0.9967917986929772
6741,2.3064,2.3065,5,37.588349999999984,2.307308577825791,0.996761360350406
6742,2.3061,2.3062,5,37.588349999999984,2.307223441470274,0.9967309220078344
6743,2.3069,2.307,5,37.588349999999984,2.3071739110761866,0.9968120909213583
6744,2.3062,2.3063,5,37.588349999999984,2.3070992487399877,0.9967410681220249
6745,2.3071,2.3072,5,37.588349999999984,2.307062623638945,0.9968323831497391
6746,2.3059,2.306,5,37.588349999999984,2.3069890125093404,0.9967106297794536
6747,2.306,2.3061,5,37.588349999999984,2.3069179914250224,0.996720775893644
6748,2.3055,2.3056,5,37.588349999999984,2.30665833975389,0.9966700453226917
6749,2.3049,2.305,5,37.588349999999984,2.306445483588509,0.996609168637549
6750,2.3052,2.3053,5,37.588349999999984,2.3060303223923393,0.9966396069801204
6751,2.3095,2.3096,5,37.588349999999984,2.3077651611961696,0.99707588989031
6752,2.3077,2.3078,5,37.588349999999984,2.307732580598085,0.9968932598348819
6753,2.3078,2.3079,5,37.588349999999984,2.3073578138928066,0.9969034059490723
6754,2.3079,2.308,5,37.588349999999984,2.307253789886756,0.9969135520632627
6755,2.3079,2.308,5,37.588349999999984,2.307266742765739,0.9969135520632627
6756,2.3067,2.3068,5,37.588349999999984,2.3072376936243693,0.9967917986929772
6757,2.3082,2.3083,5,37.588349999999984,2.30726955108361,0.996943990405834
6758,2.307,2.3071,6,35.281249999999986,2.3072768476570706,0.9968202078127105
6759,2.3099,2.31,5,37.591149999999985,2.3085884238285352,0.9971732925865383
6760,2.3096,2.3097,5,37.591149999999985,2.308993054297121,0.9971428542439671
6761,2.3072,2.3073,5,37.591149999999985,2.3088015406407716,0.9968993475033961
6762,2.3086,2.3087,5,37.591149999999985,2.3085048357548192,0.9970413931020625
6763,2.3082,2.3083,5,37.591149999999985,2.3083370107559102,0.9970008086453006
6764,2.3088,2.3089,5,37.591149999999985,2.3082761171651334,0.9970616853304434
6765,2.3074,2.3075,5,37.591149999999985,2.3082064118121863,0.996919639731777
6766,2.3082,2.3083,5,37.591149999999985,2.308177604539972,0.9970008086453006
6767,2.3079,2.308,5,37.591149999999985,2.3081473089620235,0.9969703703027294
6768,2.307,2.3071,5,37.591149999999985,2.308034123560981,0.9968790552750151
6769,2.3076,2.3077,5,37.591149999999985,2.307990555378508,0.9969399319601578
6770,2.3078,2.308,5,37.591149999999985,2.3079583311582423,0.9969602241885389
6771,2.307,2.3071,5,37.591149999999985,2.3078851097210324,0.9968790552750151
6772,2.3095,2.3096,5,37.591149999999985,2.3086925548605164,0.9971327081297766
6773,2.3081,2.3082,5,37.591149999999985,2.3085960990636325,0.9969906625311102
6774,2.3079,2.308,5,37.591149999999985,2.308516089231402,0.9969703703027294
6775,2.3091,2.3092,5,37.591149999999985,2.3083883527351006,0.9970921236730149
6776,2.3104,2.3105,5,37.591149999999985,2.308492846000088,0.9972240231574907
6777,2.3103,2.3104,5,37.591149999999985,2.309396423000044,0.9972138770433002
6778,2.3101,2.3102,5,37.591149999999985,2.309677853800026,0.9971935848149194
6779,2.3087,2.3088,5,37.591149999999985,2.309362315451568,0.997051539216253
6780,2.3059,2.306,5,37.591149999999985,2.308918475631602,0.9967674480189201
6781,2.3048,2.3049,5,37.591149999999985,2.306859237815801,0.9966558407628252
6782,2.3059,2.306,5,37.591149999999985,2.3063796189079007,0.9967674480189201
6783,2.3059,2.306,5,37.591149999999985,2.3061877713447405,0.9967674480189201
6784,2.3064,2.3065,5,37.591149999999985,2.306611448870244,0.9968181785898724
6785,2.3051,2.3052,5,37.591149999999985,2.306631973545284,0.9966862791053965
6786,2.304,2.3041,5,37.591149999999985,2.3053159867726416,0.9965746718493014
6787,2.3036,2.3037,5,37.591149999999985,2.304457993386321,0.9965340873925397
6788,2.304,2.3041,5,37.591149999999985,2.3042747960317924,0.9965746718493014
6789,2.3017,2.3018,5,37.591149999999985,2.3045051882765666,0.9963413112229209
6790,2.3021,2.3022,5,37.591149999999985,2.303302594138283,0.9963818956796828
6791,2.3019,2.302,5,37.591149999999985,2.3026012970691414,0.996361603451302
6792,2.3004,2.3005,5,37.591149999999985,2.3017207782414846,0.9962094117384449
6793,2.3,2.3001,5,37.591149999999985,2.300860389120742,0.9961688272816832
6794,2.2988,2.2989,5,37.591149999999985,2.299830194560371,0.9960470739113977
6795,2.2986,2.2987,5,37.591149999999985,2.2992150972801855,0.9960267816830168
6796,2.299,2.2991,5,37.591149999999985,2.29914339818679,0.9960673661397786
6797,2.2995,2.2996,5,37.591149999999985,2.299245284419136,0.996118096710731
6798,2.2977,2.2978,5,37.591149999999985,2.2995334870220914,0.9959354666553027
6799,2.2976,2.2977,5,37.591149999999985,2.298981062158637,0.9959253205411123
6800,2.2972,2.2973,5,37.591149999999985,2.2980905310793185,0.9958847360843506
6801,2.297,2.2971,5,37.591149999999985,2.297654318647591,0.9958644438559695
6802,2.2951,2.2952,5,37.591149999999985,2.2963771593237956,0.9956716676863507
6803,2.2956,2.2957,5,37.591149999999985,2.2959885796618975,0.9957223982573031
6804,2.2967,2.2968,5,37.591149999999985,2.2961664347464232,0.9958340055133982
6805,2.2976,2.2978,5,37.591149999999985,2.296840323592474,0.9959253205411123
6806,2.2968,2.2969,5,37.591149999999985,2.297057936408092,0.9958441516275887
6807,2.2972,2.2973,5,37.591149999999985,2.2971750964151707,0.9958847360843506
6808,2.2972,2.2973,5,37.591149999999985,2.297224534817147,0.9958847360843506
6809,2.2956,2.2957,5,37.591149999999985,2.297138746511739,0.9957223982573031
6810,2.2964,2.2965,5,37.591149999999985,2.2971045174838625,0.9958035671708267
6811,2.2953,2.2954,5,37.591149999999985,2.2968564537350877,0.9956919599147318
6812,2.2958,2.2959,5,37.591149999999985,2.296757692798516,0.995742690485684
6813,2.2936,2.2937,5,37.591149999999985,2.2963494232128583,0.9955194759734941
6814,2.2952,2.2953,5,37.591149999999985,2.296194273272686,0.9956818138005413
6815,2.2955,2.2956,5,37.591149999999985,2.296083377359067,0.9957122521431127
6816,2.2964,2.2965,5,37.591149999999985,2.295976061705164,0.9958035671708267
6817,2.2996,2.2997,5,37.591149999999985,2.2962616087826433,0.9961282428249213
6818,2.2991,2.2992,5,37.591149999999985,2.2976808043913217,0.9960775122539691
6819,2.2985,2.2986,5,37.591149999999985,2.298090402195661,0.9960166355688264
6820,2.2972,2.2973,5,37.591149999999985,2.297678738521583,0.9958847360843506
6821,2.2995,2.2996,5,37.591149999999985,2.2976768460940113,0.996118096710731
6822,2.2996,2.2997,5,37.591149999999985,2.2982263186385796,0.9961282428249213
6823,2.3032,2.3033,5,37.591149999999985,2.2985954649405635,0.9964935029357778
6824,2.3067,2.3068,5,37.591149999999985,2.302647732470282,0.9968486169324439
6825,2.3064,2.3065,5,37.591149999999985,2.304523866235141,0.9968181785898724
6826,2.3074,2.3075,5,37.591149999999985,2.3059619331175707,0.996919639731777
6827,2.3052,2.3053,5,37.591149999999985,2.3055809665587854,0.9966964252195869
6828,2.3032,2.3033,5,37.591149999999985,2.3043203114992146,0.9964935029357778
6829,2.3038,2.3039,5,37.591149999999985,2.3037572879294617,0.9965543796209205
6830,2.3046,2.3047,5,37.591149999999985,2.3036343138208544,0.9966355485344442
6831,2.3062,2.3063,5,37.591149999999985,2.3037920966341314,0.9967978863614915
6832,2.307,2.3071,5,37.591149999999985,2.305396048317066,0.9968790552750151
6833,2.3081,2.3082,5,37.591149999999985,2.3067480241585328,0.9969906625311102
6834,2.3086,2.3087,5,37.591149999999985,2.3076740120792665,0.9970413931020625
6835,2.3068,2.3069,5,37.591149999999985,2.307382674719511,0.9968587630466342
6836,2.3068,2.3069,5,37.591149999999985,2.307021866715015,0.9968587630466342
6837,2.3061,2.3062,5,37.591149999999985,2.3065690524635976,0.9967877402473012
6838,2.3048,2.3049,5,37.591149999999985,2.3062229873185998,0.9966558407628252
6839,2.3058,2.3059,5,37.591149999999985,2.306102970320352,0.9967573019047297
6840,2.3048,2.3049,5,37.591149999999985,2.305929652261837,0.9966558407628252
6841,2.3024,2.3025,5,37.591149999999985,2.305502420520308,0.9964123340222542
6842,2.3009,2.301,5,37.591149999999985,2.303201210260154,0.9962601423093973
6843,2.3005,2.3006,5,37.591149999999985,2.3018506051300767,0.9962195578526355
6844,2.301,2.3011,5,37.591149999999985,2.3015103630780462,0.9962702884235879
6845,2.299,2.2991,5,37.591149999999985,2.300255181539023,0.9960673661397786
6846,2.2982,2.2983,5,37.591149999999985,2.2992275907695117,0.995986197226255
6847,2.2982,2.2983,5,37.591149999999985,2.2987137953847556,0.995986197226255
6848,2.2986,2.2987,5,37.591149999999985,2.2986682772308535,0.9960267816830168
6849,2.2973,2.2974,5,37.591149999999985,2.2981209663385123,0.9958948821985408
6850,2.2975,2.2976,5,37.591149999999985,2.2979139775590083,0.9959151744269218
6851,2.2978,2.2981,5,37.591149999999985,2.297885483169256,0.9959456127694932
6852,2.2968,2.2969,5,37.591149999999985,2.2974512899015536,0.9958441516275887
6853,2.2976,2.2977,5,37.591149999999985,2.297481031921243,0.9959253205411123
6854,2.2969,2.297,5,37.591149999999985,2.2977029243143594,0.995854297741779
6855,2.2975,2.2976,5,37.591149999999985,2.2977787380369445,0.9959151744269218
6856,2.2972,2.2973,5,37.591149999999985,2.2978077225777143,0.9958847360843506
6857,2.2969,2.297,5,37.591149999999985,2.2977984291082456,0.995854297741779
6858,2.297,2.2971,5,37.591149999999985,2.2977665047591977,0.9958644438559695
6859,2.2974,2.2975,5,37.591149999999985,2.2977419478421695,0.9959050283127314
6860,2.298,2.2981,5,37.591149999999985,2.2977321031862283,0.9959659049978742
6861,2.2991,2.2992,5,37.591149999999985,2.297826252247661,0.9960775122539691
6862,2.2991,2.2992,5,37.591149999999985,2.2984631261238304,0.9960775122539691
6863,2.2958,2.2959,5,37.591149999999985,2.297131563061915,0.995742690485684
6864,2.2954,2.2955,5,37.591149999999985,2.2962657815309573,0.9957021060289223
6865,2.2959,2.296,5,37.591149999999985,2.2960828907654784,0.9957528365998746
6866,2.2953,2.2954,5,37.591149999999985,2.295769734459287,0.9956919599147318
6867,2.2936,2.2937,5,37.591149999999985,2.294684867229644,0.9955194759734941
6868,2.2937,2.2938,5,37.591149999999985,2.294192433614822,0.9955296220876845
6869,2.2933,2.2934,5,37.591149999999985,2.2937462168074108,0.9954890376309226
6870,2.2926,2.2927,5,37.591149999999985,2.2932877300844465,0.9954180148315894
6871,2.2928,2.2929,5,37.591149999999985,2.293125153389631,0.9954383070599703
6872,2.2926,2.2927,5,37.591149999999985,2.292975109564022,0.9954180148315894
6873,2.2914,2.2915,5,37.591149999999985,2.292345065738413,0.995296261461304
6874,2.2893,2.2894,5,37.591149999999985,2.2908225328692065,0.9950831930633044
6875,2.2909,2.291,5,37.591149999999985,2.2908612664346033,0.9952455308903517
6876,2.2909,2.291,5,37.591149999999985,2.290876759860762,0.9952455308903517
6877,2.2914,2.2915,5,37.591149999999985,2.2914597371854537,0.995296261461304
6878,2.2914,2.2915,5,37.591149999999985,2.2916461852418655,0.995296261461304
6879,2.2914,2.2915,5,37.591149999999985,2.291707539129072,0.995296261461304
6880,2.2928,2.2929,5,37.591149999999985,2.2918271497367657,0.9954383070599703
6881,2.2926,2.2927,5,37.591149999999985,2.291922920758897,0.9954180148315894
6882,2.2945,2.2946,5,37.591149999999985,2.2922355587989234,0.9956107910012081
6883,2.2945,2.2946,5,37.591149999999985,2.293367779399462,0.9956107910012081
6884,2.2984,2.2985,5,37.591149999999985,2.2936351456664865,0.996006489454636
6885,2.2997,2.2998,5,37.591149999999985,2.2966675728332433,0.9961383889391119
6886,2.2979,2.298,5,37.591149999999985,2.297283786416622,0.9959557588836836
6887,2.2994,2.2995,5,37.591149999999985,2.298130271849973,0.9961079505965404
6888,2.3016,2.3017,5,37.591149999999985,2.2998651359249864,0.9963311651087305
6889,2.3011,2.3012,5,37.591149999999985,2.300482567962493,0.9962804345377783
6890,2.3008,2.3009,5,37.591149999999985,2.300609540777496,0.9962499961952069
6891,2.299,2.2991,5,37.591149999999985,2.299569063635831,0.9960673661397786
6892,2.2993,2.2994,5,37.591149999999985,2.2991189535655288,0.99609780448235
6893,2.2999,2.3,5,37.591149999999985,2.299043532421172,0.9961586811674927
6894,2.2988,2.2989,5,37.591149999999985,2.2989764544051443,0.9960470739113977
6895,2.2961,2.2962,5,37.591149999999985,2.298673797040296,0.9957731288282554
6896,2.2972,2.2973,5,37.591149999999985,2.297936898520148,0.9958847360843506
6897,2.2952,2.2953,5,37.591149999999985,2.29777862411012,0.9956818138005413
6898,2.2949,2.295,5,37.591149999999985,2.2966271744660722,0.9956513754579699
6899,2.2958,2.2959,5,37.591149999999985,2.2963514496440482,0.995742690485684
6900,2.295,2.2951,6,35.29604999999999,2.296427679683158,0.9956594923493224
6901,2.2944,2.2945,6,35.29604999999999,2.2957517864554386,0.995586440327151
6902,2.2935,2.2936,6,35.29604999999999,2.2946258932277193,0.9954768622938942
6903,2.2943,2.2944,6,35.29604999999999,2.2944955359366315,0.9955742649901225
6904,2.2953,2.2954,5,37.591349999999984,2.2946963310050146,0.995696018360408
6905,2.2943,2.2944,5,37.591349999999984,2.294840029255509,0.9955945572185033
6906,2.2946,2.2947,5,37.591349999999984,2.2948855359022047,0.9956249955610748
6907,2.2939,2.294,5,37.591349999999984,2.2948829489807254,0.9955539727617416
6908,2.2947,2.2948,5,37.591349999999984,2.2948766918340393,0.9956351416752652
6909,2.2927,2.2928,5,37.591349999999984,2.294664732178174,0.9954322193914561
6910,2.2935,2.2936,5,37.591349999999984,2.2943319515558387,0.9955133883049797
6911,2.293,2.2931,5,37.591349999999984,2.2941894244320804,0.9954626577340273
6912,2.2918,2.2919,5,37.591349999999984,2.2939690028692445,0.9953409043637419
6913,2.2915,2.2916,5,37.591349999999984,2.292734501434622,0.9953104660211707
6914,2.2916,2.2917,5,37.591349999999984,2.2922807008607733,0.995320612135361
6915,2.2928,2.2929,5,37.591349999999984,2.2924411364856847,0.9954423655056465
6916,2.2928,2.2929,5,37.591349999999984,2.2925431463624775,0.9954423655056465
6917,2.2932,2.2933,5,37.591349999999984,2.2927489199258417,0.9954829499624084
6918,2.2926,2.2927,5,37.591349999999984,2.292774607896397,0.9954220732772656
6919,2.2928,2.2929,5,37.591349999999984,2.2927911404269223,0.9954423655056465
6920,2.2927,2.2928,5,37.591349999999984,2.292798996133493,0.9954322193914561
6921,2.2908,2.2909,5,37.591349999999984,2.2926349445520504,0.9952394432218374
6922,2.2913,2.2914,5,37.591349999999984,2.291967472276025,0.9952901737927896
6923,2.2893,2.2894,5,37.591349999999984,2.2918438284132985,0.9950872515089806
6924,2.2892,2.2893,5,37.591349999999984,2.290521914206649,0.9950771053947902
6925,2.2893,2.2894,5,37.591349999999984,2.2899109571033245,0.9950872515089806
6926,2.2919,2.292,5,37.591349999999984,2.2909054785516623,0.9953510504779324
6927,2.2906,2.2907,5,37.591349999999984,2.290928540831585,0.9952191509934564
6928,2.2913,2.2914,5,37.591349999999984,2.290990613554073,0.9952901737927896
6929,2.2913,2.2914,5,37.591349999999984,2.291033429095682,0.9952901737927896
6930,2.2937,2.2938,5,37.591349999999984,2.2913021178056985,0.9955336805333606
6931,2.2938,2.2939,5,37.591349999999984,2.2925510589028493,0.9955438266475511
6932,2.2934,2.2935,5,37.591349999999984,2.2929755294514247,0.9955032421907892
6933,2.2934,2.2935,5,37.591349999999984,2.293145317670855,0.9955032421907892
6934,2.2943,2.2944,5,37.591349999999984,2.2930247991618873,0.9955945572185033
6935,2.2939,2.294,5,37.591349999999984,2.293274856544205,0.9955539727617416
6936,2.293,2.2931,5,37.591349999999984,2.293203424915716,0.9954626577340273
6937,2.2917,2.2918,5,37.591349999999984,2.2929790838338686,0.9953307582495515
6938,2.292,2.2921,5,37.591349999999984,2.2927983003154884,0.9953611965921229
6939,2.2911,2.2912,5,37.591349999999984,2.292569952483834,0.9952698815644088
6940,2.2912,2.2913,5,37.591349999999984,2.2920219714903003,0.9952800276785991
6941,2.2906,2.2907,5,37.591349999999984,2.291966355585342,0.9952191509934564
6942,2.2919,2.292,5,37.591349999999984,2.2919405874612524,0.9953510504779324
6943,2.2928,2.2929,5,37.591349999999984,2.291987091357938,0.9954423655056465
6944,2.2918,2.2919,5,37.591349999999984,2.2919878977643795,0.9953409043637419
6945,2.2938,2.2939,5,37.591349999999984,2.2921539539054314,0.9955438266475511
6946,2.2932,2.2933,5,37.591349999999984,2.2922626386769043,0.9954829499624084
6947,2.2929,2.293,5,37.591349999999984,2.292346562015416,0.9954525116198369
6948,2.2928,2.2929,5,37.591349999999984,2.2924100881764544,0.9954423655056465
6949,2.2918,2.2919,5,37.591349999999984,2.2924280892671858,0.9953409043637419
6950,2.2916,2.2917,5,37.591349999999984,2.2923767014922953,0.995320612135361
6951,2.2939,2.294,5,37.591349999999984,2.2927575261192215,0.9955539727617416
6952,2.2927,2.2928,5,37.591349999999984,2.292733019983961,0.9954322193914561
6953,2.2944,2.2945,5,37.591349999999984,2.2928344374360226,0.9956047033326938
6954,2.2934,2.2935,5,37.591349999999984,2.2929087604249863,0.9955032421907892
6955,2.2951,2.2952,5,37.591349999999984,2.293153571311397,0.995675726132027
6956,2.2958,2.2959,5,37.591349999999984,2.2942121427868383,0.9957467489313602
6957,2.2961,2.2962,5,37.591349999999984,2.295156071393419,0.9957771872739316
6958,2.2961,2.2962,5,37.591349999999984,2.2955336428360513,0.9957771872739316
6959,2.2979,2.298,5,37.591349999999984,2.2967168214180256,0.9959598173293598
6960,2.2998,2.2999,5,37.591349999999984,2.2982584107090127,0.9961525934989786
6961,2.3014,2.3015,5,37.591349999999984,2.2998292053545066,0.9963149313260258
6962,2.3013,2.3014,5,37.591349999999984,2.3005646026772535,0.9963047852118353
6963,2.3018,2.3019,5,37.591349999999984,2.301182301338627,0.9963555157827876
6964,2.3041,2.3042,5,37.591349999999984,2.3026411506693134,0.996588876409168
6965,2.3041,2.3042,5,37.591349999999984,2.3033705753346565,0.996588876409168
6966,2.3029,2.303,5,37.591349999999984,2.303182345200794,0.9964671230388827
6967,2.3044,2.3045,5,37.591349999999984,2.303669407120476,0.9966193147517395
6968,2.3053,2.3054,5,37.591349999999984,2.3042129380803176,0.9967106297794536
6969,2.3044,2.3045,5,37.591349999999984,2.3043064690401587,0.9966193147517395
6970,2.3042,2.3043,5,37.591349999999984,2.304279851780119,0.9965990225233586
6971,2.3046,2.3047,5,37.591349999999984,2.304386567853413,0.9966396069801204
6972,2.3029,2.303,5,37.591349999999984,2.303759681393266,0.9964671230388827
6973,2.3041,2.3042,5,37.591349999999984,2.303677675758095,0.996588876409168
6974,2.3048,2.3049,5,37.591349999999984,2.303655926672426,0.9966598992085013
6975,2.304,2.3041,5,37.591349999999984,2.303655969336154,0.9965787302949778
6976,2.3028,2.3029,5,37.591349999999984,2.3036041564022827,0.9964569769246923
6977,2.3032,2.3033,5,37.591349999999984,2.3035250225107253,0.996497561381454
6978,2.3015,2.3016,5,37.591349999999984,2.3033085565995677,0.9963250774402163
6979,2.3004,2.3005,5,37.591349999999984,2.3018542782997837,0.9962134701841213
6980,2.3009,2.301,5,37.591349999999984,2.301377139149892,0.9962642007550735
6981,2.3015,2.3016,6,35.289749999999984,2.301685827926254,0.996323048217378
6982,2.3032,2.3033,5,37.59294999999998,2.302442913963127,0.9965300289468634
6983,2.3041,2.3042,5,37.59294999999998,2.3025514476772435,0.9966213439745775
6984,2.3056,2.3057,5,37.59294999999998,2.304075723838622,0.9967735356874343
6985,2.3055,2.3056,5,37.59294999999998,2.304787861919311,0.9967633895732438
6986,2.3049,2.305,5,37.59294999999998,2.3048327171515868,0.9967025128881011
6987,2.3055,2.3056,5,37.59294999999998,2.3050551447677243,0.9967633895732438
6988,2.3054,2.3055,5,37.59294999999998,2.305153674834089,0.9967532434590535
6989,2.3047,2.3048,5,37.59294999999998,2.304973912103346,0.9966822206597202
6990,2.3051,2.3052,5,37.59294999999998,2.30488095416523,0.9967228051164821
6991,2.3035,2.3036,5,37.59294999999998,2.304622314011543,0.9965604672894347
6992,2.3013,2.3014,5,37.59294999999998,2.30421447812944,0.9963372527772446
6993,2.3028,2.3029,5,37.59294999999998,2.3035072390647198,0.9964894444901017
6994,2.3046,2.3047,5,37.59294999999998,2.30366334776976,0.9966720745455299
6995,2.3054,2.3055,5,37.59294999999998,2.303877595071322,0.9967532434590535
6996,2.3061,2.3062,5,37.59294999999998,2.304988797535661,0.9968242662583866
6997,2.3055,2.3056,5,37.59294999999998,2.3051932785213967,0.9967633895732438
6998,2.3044,2.3045,5,37.59294999999998,2.3049961083180044,0.9966517823171489
6999,2.3043,2.3044,5,37.59294999999998,2.304771504668137,0.9966416362029583
7000,2.3022,2.3023,5,37.59294999999998,2.3044458482051793,0.9964285678049589
7001,2.3007,2.3008,5,37.59294999999998,2.3025729241025896,0.9962763760921018
7002,2.2996,2.2997,5,37.59294999999998,2.3010864620512947,0.9961647688360069
7003,2.3006,2.3007,5,37.59294999999998,2.3008432310256475,0.9962662299779115
7004,2.2992,2.2993,5,37.59294999999998,2.300021615512824,0.9961241843792452
7005,2.2997,2.2998,5,37.59294999999998,2.2999144103418825,0.9961749149501974
7006,2.2989,2.2991,5,37.59294999999998,2.299407205170941,0.9960937460366738
7007,2.2972,2.2973,5,37.59294999999998,2.2983036025854706,0.995921262095436
7008,2.2967,2.2968,5,37.59294999999998,2.2975018012927353,0.9958705315244837
7009,2.2951,2.2952,5,37.59294999999998,2.2963009006463677,0.9957081936974365
7010,2.2963,2.2964,5,37.59294999999998,2.2963005403878203,0.995829947067722
7011,2.2961,2.2962,5,37.59294999999998,2.2962336935918803,0.9958096548393409
7012,2.2965,2.2966,5,37.59294999999998,2.296309781137057,0.9958502392961028
7013,2.2972,2.2973,5,37.59294999999998,2.296822950791279,0.995921262095436
7014,2.2994,2.2995,5,37.59294999999998,2.2973721275526175,0.9961444766076261
7015,2.2995,2.2996,5,37.59294999999998,2.298436063776309,0.9961546227218165
7016,2.3001,2.3002,5,37.59294999999998,2.2992680318881544,0.9962154994069593
7017,2.2993,2.2994,5,37.59294999999998,2.299036110145627,0.9961343304934357
7018,2.3002,2.3003,5,37.59294999999998,2.2990117718481917,0.9962256455211497
7019,2.2992,2.2993,5,37.59294999999998,2.299010170989744,0.9961241843792452
7020,2.3003,2.3004,5,37.59294999999998,2.2990679809603223,0.9962357916353402
7021,2.3015,2.3016,5,37.59294999999998,2.299301613952503,0.9963575450056257
7022,2.3005,2.3006,5,37.59294999999998,2.299402537906856,0.996256083863721
7023,2.2997,2.2999,5,37.59294999999998,2.299472425287732,0.9961749149501974
7024,2.298,2.2981,5,37.59294999999998,2.299467224758187,0.9960024310089597
7025,2.2972,2.2973,5,37.59294999999998,2.2983336123790936,0.995921262095436
7026,2.298,2.2981,5,37.59294999999998,2.298166806189547,0.9960024310089597
7027,2.2993,2.2994,5,37.59294999999998,2.298387649084125,0.9961343304934357
7028,2.3005,2.3006,5,37.59294999999998,2.298805543036842,0.996256083863721
7029,2.3,2.3001,5,37.59294999999998,2.299085086650513,0.9962053532927688
7030,2.2994,2.2995,5,37.59294999999998,2.2991804114754224,0.9961444766076261
7031,2.2993,2.2994,5,37.59294999999998,2.2992311913169163,0.9961343304934357
7032,2.2984,2.2985,5,37.59294999999998,2.299207562398725,0.9960430154657214
7033,2.2985,2.2986,5,37.59294999999998,2.2991582355786893,0.996053161579912
7034,2.3002,2.3003,5,37.59294999999998,2.299389738783425,0.9962256455211497
7035,2.2996,2.2997,5,37.59294999999998,2.299377288773894,0.9961647688360069
7036,2.2992,2.2993,5,37.59294999999998,2.2993651254725167,0.9961241843792452
7037,2.2999,2.3,5,37.59294999999998,2.299373040631501,0.9961952071785785
7038,2.3014,2.3015,5,37.59294999999998,2.2995734997629236,0.9963473988914351
7039,2.3036,2.3037,5,37.59294999999998,2.3015867498814617,0.9965706134036253
7040,2.3034,2.3035,5,37.59294999999998,2.302493374940731,0.9965503211752443
7041,2.3029,2.303,5,37.59294999999998,2.3026560249644388,0.9964995906042922
7042,2.3016,2.3017,5,37.59294999999998,2.302024684304697,0.9963676911198162
7043,2.304,2.3041,5,37.59294999999998,2.3019722165911496,0.9966111978603871
7044,2.3055,2.3056,5,37.59294999999998,2.303736108295575,0.9967633895732438
7045,2.3042,2.3043,5,37.59294999999998,2.3039680541477874,0.996631490088768
7046,2.3061,2.3062,5,37.59294999999998,2.3050340270738934,0.9968242662583866
7047,2.3059,2.306,5,37.59294999999998,2.305380416244336,0.9968039740300058
7048,2.3054,2.3055,5,37.59294999999998,2.305386011603097,0.9967532434590535
7049,2.3031,2.3032,5,37.59294999999998,2.3042430058015486,0.996519882832673
7050,2.3052,2.3053,5,37.59294999999998,2.3044556711789825,0.9967329512306726
7051,2.3059,2.306,5,37.59294999999998,2.3044678235617053,0.9968039740300058
7052,2.3062,2.3063,5,37.59294999999998,2.3053339117808527,0.9968344123725771
7053,2.3058,2.3059,5,37.59294999999998,2.3055203470685113,0.9967938279158154
7054,2.3061,2.3062,5,37.59294999999998,2.3054103067844665,0.9968242662583866
7055,2.3061,2.3062,5,37.59294999999998,2.305394687597927,0.9968242662583866
7056,2.3056,2.3057,5,37.59294999999998,2.305396032895814,0.9967735356874343
7057,2.3063,2.3064,5,37.59294999999998,2.305433290618063,0.9968445584867676
7058,2.3075,2.3076,5,37.59294999999998,2.305594109921539,0.9969663118570531
7059,2.3069,2.307,5,37.59294999999998,2.3058552879372316,0.9969054351719103
7060,2.3059,2.306,5,37.59294999999998,2.305889290403351,0.9968039740300058
7061,2.3043,2.3044,5,37.59294999999998,2.3058143599564724,0.9966416362029583
7062,2.3043,2.3044,5,37.59294999999998,2.3050571799782364,0.9966416362029583
7063,2.3062,2.3063,5,37.59294999999998,2.3051307612596803,0.9968344123725771
7064,2.3065,2.3066,5,37.59294999999998,2.3054508968253673,0.9968648507151484
7065,2.3071,2.3072,5,37.59294999999998,2.305731779845388,0.9969257274002912
7066,2.3081,2.3082,5,37.59294999999998,2.3060619792767243,0.9970271885421959
7067,2.3068,2.3069,5,37.59294999999998,2.306196762195772,0.9968952890577198
7068,2.3068,2.3069,5,37.59294999999998,2.306291114615287,0.9968952890577198
7069,2.3079,2.308,5,37.59294999999998,2.306429834101222,0.9970068963138148
7070,2.3062,2.3063,6,35.28664999999998,2.30652661665508,0.9968323831497389
7071,2.3056,2.3057,6,35.28664999999998,2.3065100509328658,0.9967593311275678
7072,2.3038,2.3039,6,35.28664999999998,2.30625012889352,0.9965401750610539
7073,2.3028,2.3029,6,35.28664999999998,2.30452506444676,0.9964184216907683
7074,2.3043,2.3044,6,35.28664999999998,2.304435038668056,0.9966010517461966
7075,2.3047,2.3048,6,35.28664999999998,2.3046295700256842,0.9966497530943107
7076,2.3071,2.3072,5,37.59374999999998,2.305864785012842,0.9969419611829959
7077,2.3064,2.3065,5,37.59374999999998,2.306132392506421,0.9968709383836628
7078,2.3058,2.3059,5,37.59374999999998,2.305979193288278,0.99681006169852
7079,2.3055,2.3056,5,37.59374999999998,2.3058102854472264,0.9967796233559485
7080,2.3049,2.305,5,37.59374999999998,2.3056888039394474,0.9967187466708057
7081,2.3027,2.3028,5,37.59374999999998,2.3053425490197244,0.9964955321586159
7082,2.3026,2.3027,5,37.59374999999998,2.303971274509862,0.9964853860444253
7083,2.3045,2.3046,5,37.59374999999998,2.3041365061660763,0.996678162214044
7084,2.3045,2.3046,5,37.59374999999998,2.304338537981198,0.996678162214044
7085,2.3036,2.3037,5,37.59374999999998,2.3043474005883064,0.99658684718633
7086,2.3011,2.3012,5,37.59374999999998,2.3040612463830037,0.9963331943315684
7087,2.3025,2.3026,5,37.59374999999998,2.303280623191502,0.9964752399302349
7088,2.3017,2.3018,5,37.59374999999998,2.3032443713742374,0.9963940710167112
7089,2.3001,2.3002,5,37.59374999999998,2.3019866228245425,0.996231733189664
7090,2.3001,2.3002,5,37.59374999999998,2.301043311412271,0.996231733189664
7091,2.3021,2.3022,5,37.59374999999998,2.3013239785173236,0.9964346554734731
7092,2.3022,2.3023,5,37.59374999999998,2.3017480719174044,0.9964448015876636
7093,2.3035,2.3036,5,37.59374999999998,2.3020808308613097,0.9965767010721395
7094,2.3032,2.3033,5,37.59374999999998,2.3022711279075834,0.996546262729568
7095,2.3018,2.3019,5,37.59374999999998,2.302320423492721,0.9964042171309017
7096,2.301,2.3011,5,37.59374999999998,2.3022407177448585,0.996323048217378
7097,2.3007,2.3008,5,37.59374999999998,2.3014703588724292,0.9962926098748066
7098,2.3004,2.3005,5,37.59374999999998,2.3010422153234575,0.9962621715322354
7099,2.3,2.3001,5,37.59374999999998,2.3006253291940744,0.9962215870754735
7100,2.2985,2.2986,5,37.59374999999998,2.2995626645970373,0.9960693953626166
7101,2.298,2.2981,5,37.59374999999998,2.2987813322985184,0.9960186647916643
7102,2.299,2.2991,5,37.59374999999998,2.2988542215323458,0.9961201259335689
7103,2.298,2.2981,5,37.59374999999998,2.2991885530762635,0.9960186647916643
7104,2.2974,2.2975,5,37.59374999999998,2.298592368717509,0.9959577881065217
7105,2.2982,2.2983,5,37.59374999999998,2.2984802633696493,0.9960389570200453
7106,2.2986,2.2987,5,37.59374999999998,2.298593864870754,0.9960795414768071
7107,2.2979,2.298,5,37.59374999999998,2.2986381217908205,0.9960085186774739
7108,2.297,2.2971,5,37.59374999999998,2.298589234762261,0.9959172036497598
7109,2.2988,2.2989,5,37.59374999999998,2.2985789555551834,0.996099833705188
7110,2.3012,2.3013,5,37.59374999999998,2.298796206672053,0.996343340445759
7111,2.3014,2.3015,5,37.59374999999998,2.3000981033360266,0.9963636326741399
7112,2.3023,2.3024,5,37.59374999999998,2.3011990516680134,0.9964549477018539
7113,2.3011,2.3012,5,37.59374999999998,2.301159431000808,0.9963331943315684
7114,2.2996,2.2997,5,37.59374999999998,2.300613801169181,0.9961810026187116
7115,2.299,2.2991,5,37.59374999999998,2.300243879768135,0.9961201259335689
7116,2.2987,2.2988,5,37.59374999999998,2.299952195579695,0.9960896875909976
7117,2.2977,2.2978,5,37.59374999999998,2.2996281251771786,0.9959882264490929
7118,2.2964,2.2965,5,37.59374999999998,2.2980140625885896,0.995856326964617
7119,2.2966,2.2967,5,37.59374999999998,2.297307031294295,0.9958766191929979
7120,2.2984,2.2985,5,37.59374999999998,2.2975762644419326,0.9960592492484261
7121,2.2978,2.2979,5,37.59374999999998,2.297751645489713,0.9959983725632834
7122,2.2978,2.2979,5,37.59374999999998,2.297849261596999,0.9959983725632834
7123,2.2974,2.2975,5,37.59374999999998,2.297893228954282,0.9959577881065217
7124,2.2972,2.2973,5,37.59374999999998,2.2978932019332974,0.9959374958781406
7125,2.2971,2.2972,5,37.59374999999998,2.2978643405401695,0.9959273497639503
7126,2.2963,2.2964,5,37.59374999999998,2.297756088819833,0.9958461808504266
7127,2.2968,2.2969,5,37.59374999999998,2.2976572742437593,0.9958969114213789
7128,2.2962,2.2963,5,37.59374999999998,2.297512273151772,0.9958360347362362
7129,2.2966,2.2967,5,37.59374999999998,2.2974197809540766,0.9958766191929979
7130,2.297,2.2971,5,37.59374999999998,2.2973692442143774,0.9959172036497598
7131,2.2953,2.2954,5,37.59374999999998,2.2971849614169444,0.9957447197085221
7132,2.297,2.2971,5,37.59374999999998,2.2971366588952744,0.9959172036497598
7133,2.2956,2.2957,5,37.59374999999998,2.297021500022488,0.9957751580510934
7134,2.2954,2.2955,5,37.59374999999998,2.296752819314659,0.9957548658227124
7135,2.2959,2.296,5,37.59374999999998,2.2966835618057626,0.9958055963936647
7136,2.2945,2.2946,5,37.59374999999998,2.2963887607478743,0.9956635507949985
7137,2.2942,2.2943,5,37.59374999999998,2.2956591738319165,0.9956331124524269
7138,2.2938,2.2939,5,37.59374999999998,2.2947295869159583,0.9955925279956652
7139,2.2937,2.2938,5,37.59374999999998,2.294317752149575,0.9955823818814746
7140,2.2919,2.292,5,37.59374999999998,2.29437959100736,0.9953997518260465
7141,2.2918,2.2919,5,37.59374999999998,2.29308979550368,0.995389605711856
7142,2.2904,2.2905,5,37.59374999999998,2.29174489775184,0.9952475601131896
7143,2.2894,2.2895,5,37.59374999999998,2.29057244887592,0.9951460989712851
7144,2.2892,2.2893,5,37.59374999999998,2.28988622443796,0.9951258067429043
7145,2.2893,2.2894,5,37.59374999999998,2.289651734662776,0.9951359528570947
7146,2.2914,2.2915,5,37.59374999999998,2.290564986370744,0.9953490212550942
7147,2.2905,2.2906,5,37.59374999999998,2.29072840642388,0.9952577062273801
7148,2.2891,2.2892,5,37.59374999999998,2.290771381851744,0.9951156606287137
7149,2.2885,2.2886,5,37.59374999999998,2.2896356909258717,0.995054783943571
7150,2.2882,2.2883,5,37.59374999999998,2.2889178454629358,0.9950243456009995
7151,2.2888,2.2889,5,37.59374999999998,2.2888707072777614,0.9950852222861424
7152,2.2884,2.2885,5,37.59374999999998,2.288713804851841,0.9950446378293805
7153,2.2878,2.2879,5,37.59374999999998,2.288452717751315,0.9949837611442377
7154,2.2878,2.2879,5,37.59374999999998,2.288289538313486,0.9949837611442377
7155,2.2881,2.2882,5,37.59374999999998,2.28840776614514,0.9950141994868091
7156,2.2881,2.2882,5,37.59374999999998,2.288464286952537,0.9950141994868091
7157,2.2879,2.288,5,37.59374999999998,2.288479265054375,0.9949939072584283
7158,2.2874,2.2875,5,37.59374999999998,2.288453613533973,0.9949431766874759
7159,2.2871,2.2872,5,37.59374999999998,2.2883779344704536,0.9949127383449045
7160,2.2865,2.2866,5,37.59374999999998,2.2881546704907527,0.9948518616597618
7161,2.2864,2.2865,5,37.59374999999998,2.2875697803271686,0.9948417155455714
7162,2.2866,2.2867,5,37.59374999999998,2.2873934566313197,0.9948620077739523
7163,2.2868,2.2869,5,37.59374999999998,2.287374564175731,0.9948823000023331
7164,2.286,2.2861,5,37.59374999999998,2.2872927621563455,0.9948011310888095
7165,2.2867,2.2868,5,37.59374999999998,2.2872486819117213,0.9948721538881428
7166,2.2868,2.2869,5,37.59374999999998,2.287208952250713,0.9948823000023331
7167,2.2868,2.2869,5,37.59374999999998,2.287173246686277,0.9948823000023331
7168,2.2882,2.2883,5,37.59374999999998,2.287166121452384,0.9950243456009995
7169,2.2882,2.2883,5,37.59374999999998,2.287510747634923,0.9950243456009995
7170,2.2876,2.2877,5,37.59374999999998,2.2874767208531033,0.9949634689158567
7171,2.2885,2.2886,5,37.59374999999998,2.28752330106048,0.995054783943571
7172,2.2885,2.2886,5,37.59374999999998,2.2876015504749834,0.995054783943571
7173,2.2895,2.2896,5,37.59374999999998,2.2878381590436696,0.9951562450854755
7174,2.2908,2.2909,5,37.59374999999998,2.2893190795218348,0.9952881445699515
7175,2.2887,2.2888,5,37.59374999999998,2.289157918005689,0.9950750761719519
7176,2.2908,2.2909,5,37.59374999999998,2.289092738959509,0.9952881445699515
7177,2.2903,2.2904,5,37.59374999999998,2.2894951593063393,0.9952374139989992
7178,2.2921,2.2922,5,37.59374999999998,2.289624408585439,0.9954200440544274
7179,2.2928,2.2929,5,37.59374999999998,2.2912122042927194,0.9954910668537605
7180,2.2925,2.2926,5,37.59374999999998,2.29185610214636,0.9954606285111892
7181,2.2941,2.2942,5,37.59374999999998,2.29297805107318,0.9956229663382365
7182,2.297,2.2971,5,37.59374999999998,2.29498902553659,0.9959172036497598
7183,2.302,2.3021,5,37.59374999999998,2.298494512768295,0.9964245093592826
7184,2.3037,2.3038,5,37.59374999999998,2.3010972563841476,0.9965969933005203
7185,2.3034,2.3035,5,37.59374999999998,2.302248628192074,0.9965665549579491
7186,2.3032,2.3033,5,37.59374999999998,2.3026291769152443,0.996546262729568
7187,2.3008,2.3009,5,37.59374999999998,2.3017145884576222,0.9963027559889971
7188,2.301,2.3011,5,37.59374999999998,2.3013572942288114,0.996323048217378
7189,2.3011,2.3012,5,37.59374999999998,2.3012286471144057,0.9963331943315684
7190,2.3014,2.3015,5,37.59374999999998,2.3012971882686433,0.9963636326741399
7191,2.3019,2.302,5,37.59374999999998,2.3014478912014824,0.996414363245092
7192,2.3007,2.3008,5,37.59374999999998,2.3011250931864007,0.9962926098748066
7193,2.3011,2.3012,5,37.59374999999998,2.300958885420216,0.9963331943315684
7194,2.2995,2.2996,5,37.59374999999998,2.300229442710108,0.9961708565045212
7195,2.3001,2.3002,6,35.29354999999998,2.3002384300288896,0.996229703966826
7196,2.2992,2.2993,6,35.29354999999998,2.3001495422446068,0.996120125933569
7197,2.2976,2.2977,6,35.29354999999998,2.299881402492436,0.9959253205411123
7198,2.2968,2.2969,6,35.29354999999998,2.298340701246218,0.9958279178448838
7199,2.2966,2.2967,6,35.29354999999998,2.297470350623109,0.9958035671708267
7200,2.2968,2.2969,6,35.29354999999998,2.2972022103738654,0.9958279178448838
7201,2.2982,2.2983,6,35.29354999999998,2.2975132635758344,0.9959983725632835
7202,2.3005,2.3006,5,37.59404999999998,2.2981029076618635,0.99627840531494
7203,2.3008,2.3009,5,37.59404999999998,2.299451453830932,0.9963088436575116
7204,2.3005,2.3006,5,37.59404999999998,2.299975726915466,0.99627840531494
7205,2.3002,2.3003,5,37.59404999999998,2.299782241626128,0.9962479669723687
7206,2.3,2.3001,5,37.59404999999998,2.2997162860304217,0.9962276747439878
7207,2.2984,2.2985,5,37.59404999999998,2.2995426599948052,0.9960653369169405
7208,2.2975,2.2976,5,37.59404999999998,2.2992859347988888,0.9959740218892263
7209,2.2968,2.2969,5,37.59404999999998,2.2980429673994447,0.9959029990898932
7210,2.2969,2.297,5,37.59404999999998,2.297585780439667,0.9959131452040836
7211,2.2979,2.298,5,37.59404999999998,2.2978024646458706,0.9960146063459883
7212,2.2981,2.2982,5,37.59404999999998,2.297919227929505,0.9960348985743691
7213,2.2995,2.2996,5,37.59404999999998,2.298182351475994,0.9961769441730356
7214,2.3,2.3001,5,37.59404999999998,2.299091175737997,0.9962276747439878
7215,2.3002,2.3003,5,37.59404999999998,2.2996455878689983,0.9962479669723687
7216,2.2994,2.2995,5,37.59404999999998,2.299480915514754,0.9961667980588451
7217,2.2991,2.2992,5,37.59404999999998,2.2993793937192994,0.9961363597162737
7218,2.2991,2.2992,5,37.59404999999998,2.2993127295593827,0.9961363597162737
7219,2.2984,2.2985,5,37.59404999999998,2.2991699884627956,0.9960653369169405
7220,2.2998,2.2999,5,37.59404999999998,2.2991565140844217,0.9962073825156068
7221,2.3018,2.3019,5,37.59404999999998,2.299377538125893,0.9964103047994161
7222,2.3023,2.3024,5,37.59404999999998,2.3008387690629464,0.9964610353703682
7223,2.3034,2.3035,5,37.59404999999998,2.302119384531473,0.9965726426264633
7224,2.3055,2.3056,5,37.59404999999998,2.3038096922657365,0.996785711024463
7225,2.3042,2.3043,5,37.59404999999998,2.304004846132868,0.996653811539987
7226,2.3052,2.3053,5,37.59404999999998,2.3046024230664344,0.9967552726818915
7227,2.306,2.3061,5,37.59404999999998,2.305161453839861,0.9968364415954153
7228,2.3039,2.304,5,37.59404999999998,2.30443867597344,0.9966233731974157
7229,2.3043,2.3044,5,37.59404999999998,2.304210611129268,0.9966639576541775
7230,2.3034,2.3035,5,37.59404999999998,2.3038570214451233,0.9965726426264633
7231,2.3028,2.3029,5,37.59404999999998,2.3036644268979396,0.9965117659413205
7232,2.3025,2.3026,5,37.59404999999998,2.303440386889628,0.9964813275987493
7233,2.3009,2.301,5,37.59404999999998,2.3031177898962616,0.996318989771702
7234,2.3012,2.3013,5,37.59404999999998,2.302158894948131,0.9963494281142733
7235,2.3011,2.3012,5,37.59404999999998,2.3017353369688784,0.9963392820000828
7236,2.3005,2.3006,5,37.59404999999998,2.301241202181327,0.99627840531494
7237,2.3026,2.3027,5,37.59404999999998,2.3015659564877016,0.9964914737129397
7238,2.3014,2.3015,6,35.292549999999984,2.3016478205313513,0.9963676911198162
7239,2.3035,2.3036,5,37.596049999999984,2.302573910265676,0.9966233731974157
7240,2.3029,2.303,5,37.596049999999984,2.3024814764715185,0.996562496512273
7241,2.3031,2.3032,5,37.596049999999984,2.3024809851458743,0.9965827887406539
7242,2.3018,2.3019,5,37.596049999999984,2.302418876408486,0.9964508892561779
7243,2.2989,2.299,5,37.596049999999984,2.302073570433328,0.9961566519446547
7244,2.2999,2.3,5,37.596049999999984,2.300986785216664,0.9962581130865593
7245,2.3018,2.3019,5,37.596049999999984,2.30112465631441,0.9964508892561779
7246,2.303,2.3031,5,37.596049999999984,2.301436146635795,0.9965726426264634
7247,2.3032,2.3033,5,37.596049999999984,2.302318073317897,0.9965929348548442
7248,2.3035,2.3036,5,37.596049999999984,2.3029090366589484,0.9966233731974157
7249,2.3032,2.3033,5,37.596049999999984,2.302755743282721,0.9965929348548442
7250,2.303,2.3031,5,37.596049999999984,2.3026967623129146,0.9965726426264634
7251,2.3017,2.3018,5,37.596049999999984,2.3025458261108023,0.9964407431419874
7252,2.301,2.3011,5,37.596049999999984,2.3023435498362286,0.9963697203426543
7253,2.2997,2.2998,5,37.596049999999984,2.3020204777387914,0.9962378208581784
7254,2.2994,2.2995,5,37.596049999999984,2.300710238869396,0.9962073825156069
7255,2.2998,2.2999,5,37.596049999999984,2.3003461433216374,0.9962479669723688
7256,2.2994,2.2995,5,37.596049999999984,2.2999676859929825,0.9962073825156069
7257,2.2996,2.2997,5,37.596049999999984,2.2998626328521303,0.9962276747439878
7258,2.3011,2.3012,5,37.596049999999984,2.3001659857583467,0.9963798664568446
7259,2.3018,2.3019,5,37.596049999999984,2.300500680881857,0.9964508892561779
7260,2.3016,2.3017,5,37.596049999999984,2.3007375397158514,0.996430597027797
7261,2.3027,2.3028,5,37.596049999999984,2.3010128419919536,0.9965422042838921
7262,2.3028,2.3029,5,37.596049999999984,2.301727705195172,0.9965523503980825
7263,2.3021,2.3022,5,37.596049999999984,2.3017085490135822,0.9964813275987493
7264,2.3011,2.3012,5,37.596049999999984,2.30163363482663,0.9963798664568446
7265,2.3005,2.3006,5,37.596049999999984,2.3014999304022745,0.996318989771702
7266,2.3018,2.3019,5,37.596049999999984,2.3014889631182065,0.9964508892561779
7267,2.3026,2.3027,5,37.596049999999984,2.3015191656229526,0.9965320581697015
7268,2.3022,2.3023,5,37.596049999999984,2.3016366597227846,0.9964914737129398
7269,2.3015,2.3016,5,37.596049999999984,2.301647626540308,0.9964204509136065
7270,2.3013,2.3014,5,37.596049999999984,2.3016456473765,0.9964001586852256
7271,2.3015,2.3016,5,37.596049999999984,2.301640821078335,0.9964204509136065
7272,2.3014,2.3015,5,37.596049999999984,2.301632139480615,0.9964103047994161
7273,2.3012,2.3013,5,37.596049999999984,2.3016107573651974,0.9963900125710352
7274,2.3008,2.3009,5,37.596049999999984,2.301552036685102,0.9963494281142733
7275,2.3012,2.3013,5,37.596049999999984,2.301522302506754,0.9963900125710352
7276,2.3027,2.3028,5,37.596049999999984,2.301533662345477,0.9965422042838921
7277,2.3031,2.3032,5,37.596049999999984,2.302316831172739,0.9965827887406539
7278,2.3027,2.3028,5,37.596049999999984,2.302196800801714,0.9965422042838921
7279,2.3024,2.3025,5,37.596049999999984,2.3021600125710395,0.9965117659413206
7280,2.3007,2.3008,5,37.596049999999984,2.301997184694029,0.9963392820000828
7281,2.3028,2.3029,5,37.596049999999984,2.302226560495735,0.9965523503980825
7282,2.3023,2.3024,5,37.596049999999984,2.3022083502865467,0.9965016198271301
7283,2.3026,2.3027,5,37.596049999999984,2.302184357757701,0.9965320581697015
7284,2.3024,2.3025,5,37.596049999999984,2.3021921887295185,0.9965117659413206
7285,2.3034,2.3035,5,37.596049999999984,2.302268592991958,0.9966132270832253
7286,2.3046,2.3047,5,37.596049999999984,2.3025430516619574,0.9967349804535107
7287,2.3049,2.305,5,37.596049999999984,2.3037215258309787,0.9967654187960819
7288,2.3055,2.3056,5,37.596049999999984,2.3046107629154893,0.9968262954812247
7289,2.3041,2.3042,5,37.596049999999984,2.304308243404215,0.9966842498825583
7290,2.3056,2.3057,5,37.596049999999984,2.3042215210402337,0.9968364415954153
7291,2.3046,2.3047,5,37.596049999999984,2.3042032472985943,0.9967349804535107
7292,2.3037,2.3038,5,37.596049999999984,2.304148706003269,0.9966436654257965
7293,2.305,2.3051,5,37.596049999999984,2.3041682268215835,0.9967755649102725
7294,2.3051,2.3052,5,37.596049999999984,2.3042132895876515,0.996785711024463
7295,2.3056,2.3057,5,37.596049999999984,2.3044130932423394,0.9968364415954153
7296,2.3055,2.3056,5,37.596049999999984,2.3045575312935216,0.9968262954812247
7297,2.3053,2.3054,5,37.596049999999984,2.30466161769061,0.9968060032528439
7298,2.3052,2.3053,5,37.596049999999984,2.3046999335317317,0.9967958571386535
7299,2.3033,2.3034,5,37.596049999999984,2.3046667148206907,0.9966030809690348
7300,2.3023,2.3024,5,37.596049999999984,2.3034833574103453,0.9965016198271301
7301,2.3041,2.3042,5,37.596049999999984,2.3035618027163416,0.9966842498825583
7302,2.3051,2.3052,5,37.596049999999984,2.3039583689253886,0.996785711024463
7303,2.305,2.3051,5,37.596049999999984,2.304215294290418,0.9967755649102725
7304,2.3064,2.3065,5,37.596049999999984,2.3045190097315285,0.996917610508939
7305,2.3052,2.3053,5,37.596049999999984,2.3046431133529506,0.9967958571386535
7306,2.3046,2.3047,5,37.596049999999984,2.3046988961706054,0.9967349804535107
7307,2.3047,2.3048,5,37.596049999999984,2.304756047127697,0.9967451265677011
7308,2.3034,2.3035,5,37.596049999999984,2.30465615005308,0.9966132270832253
7309,2.3031,2.3032,5,37.596049999999984,2.304033690031848,0.9965827887406539
7310,2.3031,2.3032,5,37.596049999999984,2.303566845015924,0.9965827887406539
7311,2.3034,2.3035,6,35.292549999999984,2.303676931461154,0.9966111978603871
7312,2.3038,2.3039,5,37.59634999999999,2.303731943220656,0.9966598992085013
7313,2.3034,2.3035,6,35.29284999999999,2.3037535388566766,0.9966172855289015
7314,2.302,2.3021,6,35.29284999999999,2.30368929305716,0.9964468308105018
7315,2.3013,2.3014,6,35.29284999999999,2.3024946465285803,0.996361603451302
7316,2.3007,2.3008,6,35.29284999999999,2.30159732326429,0.9962885514291306
7317,2.2993,2.2994,6,35.29284999999999,2.300448661632145,0.996118096710731
7318,2.2998,2.2999,6,35.29284999999999,2.3001891969792867,0.9961789733958737
7319,2.3003,2.3004,6,35.29284999999999,2.3002261313195245,0.9962398500810165
7320,2.3007,2.3008,6,35.29284999999999,2.3004872132423624,0.9962885514291306
7321,2.3004,2.3005,6,35.29284999999999,2.3006434583658146,0.996252025418045
7322,2.3006,2.3007,6,35.29284999999999,2.300718580213116,0.9962763760921022
7323,2.3011,2.3012,6,35.29284999999999,2.3008086380332875,0.9963372527772449
7324,2.3005,2.3006,6,35.29284999999999,2.3008299868952165,0.9962642007550735
7325,2.3001,2.3002,6,35.29284999999999,2.300822422122434,0.9962154994069594
7326,2.2992,2.2993,6,35.29284999999999,2.3006594558033395,0.9961059213737025
7327,2.3005,2.3006,6,35.29284999999999,2.3006378120642057,0.9962642007550735
7328,2.3003,2.3004,6,35.29284999999999,2.3006142753021726,0.9962398500810165
7329,2.2997,2.2998,6,35.29284999999999,2.3005754213484355,0.9961667980588452
7330,2.3,2.3001,6,35.29284999999999,2.3005388031774143,0.9962033240699307
7331,2.3013,2.3014,6,35.29284999999999,2.300510035513816,0.996361603451302
7332,2.3021,2.3022,6,35.29284999999999,2.3006310405605244,0.9964590061475304
7333,2.3029,2.303,6,35.29284999999999,2.301765520280262,0.9965564088437587
7334,2.3036,2.3037,5,37.59644999999999,2.302682760140131,0.9966416362029586
7335,2.3039,2.304,5,37.59644999999999,2.303291380070066,0.99667207454553
7336,2.3035,2.3036,5,37.59644999999999,2.3033609200467104,0.9966314900887682
7337,2.3041,2.3042,5,37.59644999999999,2.3036072800311405,0.9966923667739108
7338,2.3044,2.3045,5,37.59644999999999,2.3038337714508144,0.9967228051164823
7339,2.3044,2.3045,5,37.59644999999999,2.303975328588111,0.9967228051164823
7340,2.3051,2.3052,5,37.59644999999999,2.3044251971528666,0.9967938279158155
7341,2.3052,2.3053,5,37.59644999999999,2.304683464768578,0.9968039740300059
7342,2.3045,2.3046,5,37.59644999999999,2.3045400862689536,0.9967329512306727
7343,2.3061,2.3062,5,37.59644999999999,2.3044658390498842,0.9968952890577201
7344,2.3048,2.3049,5,37.59644999999999,2.3044607782081084,0.9967633895732442
7345,2.3047,2.3048,5,37.59644999999999,2.304464284581589,0.9967532434590536
7346,2.306,2.3061,5,37.59644999999999,2.304538034498046,0.9968851429435296
7347,2.3056,2.3057,5,37.59644999999999,2.3046003856912014,0.9968445584867678
7348,2.3043,2.3044,6,35.29204999999999,2.304667204852098,0.9967106297794537
7349,2.3053,2.3054,5,37.59734999999999,2.304699261153292,0.9968323831497392
7350,2.3053,2.3054,5,37.59734999999999,2.304734806825509,0.9968323831497392
7351,2.3054,2.3055,5,37.59734999999999,2.3047735546456645,0.9968425292639297
7352,2.3046,2.3047,6,35.292649999999995,2.304792591040014,0.9967593311275681
7353,2.3041,2.3042,7,32.98844999999999,2.3047961539005204,0.9966964252195872
7354,2.303,2.3031,7,32.98844999999999,2.3046372397838217,0.9965401750610542
7355,2.3046,2.3047,6,35.293049999999994,2.304625344869846,0.9967674480189205
7356,2.306,2.3061,6,35.293049999999994,2.304699219455737,0.99693790273732
7357,2.3053,2.3054,6,35.293049999999994,2.3047840572903526,0.9968526753781202
7358,2.3059,2.306,6,35.293049999999994,2.3048929818696555,0.9969257274002915
7359,2.3055,2.3056,6,35.293049999999994,2.3049743309024215,0.9968770260521772
7360,2.3044,2.3045,7,32.98855,2.304985808021874,0.9967410681220252
7361,2.3028,2.3029,7,32.98855,2.3047941409795496,0.9965137951641589
7362,2.3029,2.303,7,32.98855,2.303847070489775,0.9965279997240256
7363,2.3035,2.3036,8,30.684949999999997,2.3039677477117664,0.9966111978603874
7364,2.3033,2.3034,9,28.381549999999997,2.3039766461079285,0.9965767010721399
7365,2.3027,2.3028,9,28.381549999999997,2.303904127287173,0.9964671230388831
7366,2.3017,2.3018,9,28.381549999999997,2.3036444184986298,0.9962844929834547
7367,2.3007,2.3008,9,28.381549999999997,2.302172209249315,0.9961018629280265
7368,2.3001,2.3002,9,28.381549999999997,2.3011361046246575,0.9959922848947694
7369,2.3004,2.3005,9,28.381549999999997,2.3008416627747943,0.996047073911398
7370,2.3008,2.3009,9,28.381549999999997,2.3008277751831963,0.9961201259335692
7371,2.302,2.3021,9,28.381549999999997,2.301333546965557,0.996339282000083
7372,2.3017,2.3018,9,28.381549999999997,2.301525723405925,0.9962844929834547
7373,2.3028,2.3029,9,28.381549999999997,2.3017594931847034,0.9964853860444257
7374,2.3012,2.3013,9,28.381549999999997,2.301775773211804,0.9961931779557406
7375,2.3009,2.301,9,28.381549999999997,2.3017577202312083,0.996138388939112
7376,2.3006,2.3007,9,28.381549999999997,2.301619239041366,0.9960835999224837
7377,2.2999,2.3,9,28.381549999999997,2.3014488823580455,0.9959557588836839
7378,2.2981,2.2982,9,28.381549999999997,2.30103990145164,0.995627024783913
7379,2.2983,2.2984,9,28.381549999999997,2.2996699507258196,0.9956635507949987
7380,2.2996,2.2997,9,28.381549999999997,2.299791888214225,0.9959009698670553
7381,2.3007,2.3008,9,28.381549999999997,2.299999152626074,0.9961018629280265
7382,2.3004,2.3005,9,28.381549999999997,2.3001203832830965,0.996047073911398
7383,2.3001,2.3002,9,28.381549999999997,2.3001585763502606,0.9959922848947694
7384,2.3017,2.3018,9,28.381549999999997,2.3002894292123037,0.9962844929834547
7385,2.3007,2.3008,9,28.381549999999997,2.3003566410360174,0.9961018629280265
7386,2.3013,2.3014,9,28.381549999999997,2.300444926333719,0.9962114409612834
7387,2.3035,2.3036,8,30.685049999999997,2.3008129520851215,0.9966132270832255
7388,2.3032,2.3033,8,30.685049999999997,2.3020064760425605,0.9965645257351112
7389,2.303,2.3031,8,30.685049999999997,2.30250323802128,0.9965320581697018
7390,2.3047,2.3048,8,30.685049999999997,2.3024367986633543,0.9968080324756822
7391,2.3042,2.3043,8,30.685049999999997,2.3030245324422363,0.9967268635621586
7392,2.3029,2.303,8,30.685049999999997,2.3029365510590796,0.9965158243869972
7393,2.304,2.3041,8,30.685049999999997,2.3029398991672796,0.996694395996749
7394,2.3043,2.3044,8,30.685049999999997,2.3032421437967727,0.9967430973448634
7395,2.3049,2.305,8,30.685049999999997,2.3040710718983863,0.9968405000410917
7396,2.3053,2.3054,8,30.685049999999997,2.3045626431390316,0.9969054351719107
7397,2.3062,2.3063,8,30.685049999999997,2.3053813215695156,0.9970515392162531
7398,2.3061,2.3062,8,30.685049999999997,2.3056687929417095,0.9970353054335485
7399,2.3073,2.3074,8,30.685049999999997,2.3064843964708546,0.9972301108260053
7400,2.3072,2.3073,8,30.685049999999997,2.306770637882513,0.9972138770433006
7401,2.3068,2.3069,8,30.685049999999997,2.306779027058938,0.9971489419124816
7402,2.3068,2.3069,8,30.685049999999997,2.3067842702942034,0.9971489419124816
7403,2.3082,2.3083,8,30.685049999999997,2.306631902467323,0.9973762148703479
7404,2.31,2.3101,8,30.685049999999997,2.3083159512336615,0.9976684229590329
7405,2.3091,2.3092,8,30.685049999999997,2.308707975616831,0.9975223189146903
7406,2.3099,2.31,8,30.685049999999997,2.3093039878084154,0.9976521891763283
7407,2.311,2.3111,8,30.685049999999997,2.309982392685049,0.9978307607860802
7408,2.3109,2.311,8,30.685049999999997,2.3104411963425244,0.9978145270033756
7409,2.3097,2.3098,8,30.685049999999997,2.31008488990216,0.9976197216109188
7410,2.3111,2.3112,8,30.685049999999997,2.3098548882750647,0.9978469945687851
7411,2.3115,2.3116,8,30.685049999999997,2.310403258850043,0.9979119296996039
7412,2.3118,2.3119,8,30.685049999999997,2.3111016294250213,0.9979606310477181
7413,2.312,2.3121,8,30.685049999999997,2.311460977655013,0.9979930986131277
7414,2.3117,2.3118,8,30.685049999999997,2.3115406517700086,0.9979443972650134
7415,2.3121,2.3122,8,30.685049999999997,2.3113741051612338,0.9980093323958323
7416,2.3118,2.3119,8,30.685049999999997,2.311308298138054,0.9979606310477181
7417,2.3119,2.312,8,30.685049999999997,2.3112963105440754,0.9979768648304229
7418,2.3128,2.3129,8,30.685049999999997,2.311349437204712,0.9981229688747655
7419,2.3123,2.3124,8,30.685049999999997,2.311408521756788,0.9980417999612418
7420,2.3106,2.3107,8,30.685049999999997,2.3113186860060337,0.9977658256552614
7421,2.3131,2.3132,8,30.685049999999997,2.311642561277664,0.9981716702228796
7422,2.3148,2.3149,8,30.685049999999997,2.3132212806388317,0.99844764452886
7423,2.3149,2.315,8,30.685049999999997,2.3140606403194157,0.9984638783115649
7424,2.3147,2.3148,8,30.685049999999997,2.314380320159708,0.9984314107461554
7425,2.3153,2.3154,8,30.685049999999997,2.314748192095825,0.9985288134423836
7426,2.3168,2.3169,8,30.685049999999997,2.3157740960479125,0.9987723201829546
7427,2.3162,2.3163,8,30.685049999999997,2.315895782891366,0.9986749174867262
7428,2.3156,2.3157,8,30.685049999999997,2.3158218371685244,0.9985775147904978
7429,2.3145,2.3146,8,30.685049999999997,2.315243838186305,0.9983989431807458
7430,2.3158,2.3159,8,30.685049999999997,2.3151694806006216,0.9986099823559074
7431,2.3159,2.316,8,30.685049999999997,2.3151493841661446,0.9986262161386121
7432,2.315,2.3151,8,30.685049999999997,2.3151204835446224,0.9984801120942696
7433,2.315,2.3151,8,30.685049999999997,2.3151002282929523,0.9984801120942696
7434,2.3132,2.3133,8,30.685049999999997,2.3149026215483612,0.9981879040055844
7435,2.314,2.3141,8,30.685049999999997,2.3147723050466142,0.9983177742672222
7436,2.3153,2.3154,8,30.685049999999997,2.3147643063776733,0.9985288134423836
7437,2.3157,2.3158,8,30.685049999999997,2.314826464155008,0.9985937485732027
7438,2.3163,2.3164,8,30.685049999999997,2.3149858501407348,0.998691151269431
7439,2.3155,2.3156,8,30.685049999999997,2.3150604796434644,0.9985612810077932
7440,2.3153,2.3154,8,30.685049999999997,2.31510781397495,0.9985288134423836
7441,2.3141,2.3142,8,30.685049999999997,2.3150646046344283,0.9983340080499269
7442,2.3143,2.3144,8,30.685049999999997,2.3149948557859354,0.9983664756153364
7443,2.3137,2.3138,8,30.685049999999997,2.3148343411938206,0.998269072919108
7444,2.3144,2.3145,8,30.685049999999997,2.3147742551232575,0.9983827093980412
7445,2.3159,2.316,8,30.685049999999997,2.3148151439035223,0.9986262161386121
7446,2.3157,2.3158,8,30.685049999999997,2.314912312595128,0.9985937485732027
7447,2.3158,2.3159,8,30.685049999999997,2.3150086723418264,0.9986099823559074
7448,2.3154,2.3155,8,30.685049999999997,2.315071809065971,0.9985450472250884
7449,2.3157,2.3158,8,30.685049999999997,2.3151339608296766,0.9985937485732027
7450,2.3132,2.3133,8,30.685049999999997,2.3141669804148384,0.9981879040055844
7451,2.3137,2.3138,8,30.685049999999997,2.313933490207419,0.998269072919108
7452,2.3134,2.3135,9,28.371549999999996,2.31419429169807,0.9982183423481558
7453,2.3147,2.3148,8,30.686249999999994,2.314232457948294,0.9984557614202124
7454,2.3153,2.3154,8,30.686249999999994,2.314438801487727,0.9985531641164407
7455,2.3158,2.3159,8,30.686249999999994,2.314646960073156,0.9986343330299644
7456,2.3156,2.3157,8,30.686249999999994,2.314784396695794,0.9986018654645549
7457,2.315,2.3151,8,30.686249999999994,2.3148536876356127,0.9985044627683266
7458,2.3141,2.3142,8,30.686249999999994,2.314841863164954,0.9983583587239839
7459,2.3149,2.315,8,30.686249999999994,2.3148420423183027,0.998488228985622
7460,2.3134,2.3135,8,30.686249999999994,2.314711240722118,0.998244722245051
7461,2.3128,2.3129,8,30.686249999999994,2.313946744433271,0.9981473195488225
7462,2.3119,2.312,8,30.686249999999994,2.312923372216636,0.99800121550448
7463,2.3126,2.3127,8,30.686249999999994,2.3127940233299817,0.9981148519834131
7464,2.3122,2.3123,8,30.686249999999994,2.312979173832702,0.998049916852594
7465,2.3116,2.3117,8,30.686249999999994,2.312519449221801,0.9979525141563657
7466,2.3125,2.3126,8,30.686249999999994,2.3126232800194284,0.9980986182007083
7467,2.3111,2.3112,8,30.686249999999994,2.3126169649933783,0.9978713452428422
7468,2.3112,2.3113,8,30.686249999999994,2.3122627237450337,0.9978875790255468
7469,2.3116,2.3117,8,30.686249999999994,2.312252320106256,0.9979525141563657
7470,2.3131,2.3132,8,30.686249999999994,2.3123123577785964,0.9981960208969366
7471,2.314,2.3141,8,30.686249999999994,2.3124903406646813,0.9983421249412793
7472,2.3132,2.3133,8,30.686249999999994,2.312627666330381,0.9982122546796415
7473,2.3145,2.3146,8,30.686249999999994,2.312808778996946,0.9984232938548029
7474,2.3138,2.3139,8,30.686249999999994,2.3129429445425442,0.9983096573758697
7475,2.3169,2.317,8,30.686249999999994,2.313412448666893,0.9988129046397164
7476,2.3169,2.317,8,30.686249999999994,2.3151562243334465,0.9988129046397164
7477,2.3157,2.3158,8,30.686249999999994,2.3154281121667233,0.9986180992472597
7478,2.3147,2.3148,8,30.686249999999994,2.315048294845501,0.9984557614202124
7479,2.3162,2.3163,8,30.686249999999994,2.3150145086157434,0.9986992681607832
7480,2.3141,2.3142,8,30.686249999999994,2.3149037281899645,0.9983583587239839
7481,2.3122,2.3123,8,30.686249999999994,2.314612615453058,0.998049916852594
7482,2.3119,2.312,8,30.686249999999994,2.313256307726529,0.99800121550448
7483,2.3113,2.3114,8,30.686249999999994,2.3122781538632644,0.9979038128082516
7484,2.3112,2.3113,8,30.686249999999994,2.3118468923179583,0.9978875790255468
7485,2.3106,2.3107,8,30.686249999999994,2.3113481353907748,0.9977901763293184
7486,2.3106,2.3107,8,30.686249999999994,2.3110987569271835,0.9977901763293184
7487,2.313,2.3131,8,30.686249999999994,2.3117274801843264,0.9981797871142319
7488,2.312,2.3121,8,30.686249999999994,2.3118528044054503,0.9980174492871847
7489,2.3121,2.3122,8,30.686249999999994,2.3119335699355323,0.9980336830698894
7490,2.3123,2.3124,8,30.686249999999994,2.3120659488159645,0.9980661506352988
7491,2.3131,2.3132,8,30.686249999999994,2.3121827735812346,0.9981960208969366
7492,2.313,2.3131,8,30.686249999999994,2.312279846272465,0.9981797871142319
7493,2.3155,2.3156,8,30.686249999999994,2.3126718664091817,0.9985856316818502
7494,2.3142,2.3143,8,30.686249999999994,2.313283119845509,0.9983745925066888
7495,2.3155,2.3156,8,30.686249999999994,2.3134794723616707,0.9985856316818502
7496,2.3175,2.3176,8,30.686249999999994,2.3154897361808353,0.9989103073359448
7497,2.3181,2.3182,8,30.686249999999994,2.3167948680904176,0.9990077100321733
7498,2.3184,2.3185,8,30.686249999999994,2.317597434045209,0.9990564113802873
7499,2.3174,2.3175,8,30.686249999999994,2.3175184604271255,0.9988940735532401
7500,2.3211,2.3212,8,30.686249999999994,2.3172126480228625,0.9994947235133153
7501,2.3232,2.3233,8,30.686249999999994,2.3202063240114312,0.9998356329501145
7502,2.3234,2.3235,8,30.686249999999994,2.3218031620057156,0.999868100515524
7503,2.3254,2.3255,8,30.686249999999994,2.323601581002858,1.0001927761696185
7504,2.3265,2.3266,8,30.686249999999994,2.325050790501429,1.0003713477793705
7505,2.3271,2.3272,8,30.686249999999994,2.3260753952507143,1.0004687504755991
7506,2.3324,2.3325,8,30.686249999999994,2.329237697625357,1.0013291409589498
7507,2.335,2.3351,8,30.686249999999994,2.3321188488126783,1.0017512193092728
7508,2.3343,2.3344,8,30.686249999999994,2.333209424406339,1.0016375828303397
7509,2.3334,2.3335,8,30.686249999999994,2.3332856546438037,1.001491478785997
7510,2.3314,2.3315,8,30.686249999999994,2.332342827321902,1.0011668031319023
7511,2.3317,2.3318,8,30.686249999999994,2.332021413660951,1.0012155044800166
7512,2.3309,2.331,8,30.686249999999994,2.331460706830476,1.001085634218379
7513,2.3304,2.3305,8,30.686249999999994,2.3308629335775004,1.001004465304855
7514,2.3286,2.3287,8,30.686249999999994,2.330290396937947,1.00071225721617
7515,2.3283,2.3284,8,30.686249999999994,2.329295198468974,1.0006635558680557
7516,2.3295,2.3296,8,30.686249999999994,2.3293525749687647,1.0008583612605126
7517,2.3289,2.329,9,28.357249999999993,2.329356442455392,1.000758929341446
7518,2.3308,2.3309,8,30.688049999999993,2.329490839266688,1.0011059264467597
7519,2.3303,2.3304,8,30.688049999999993,2.329593671730989,1.001024757533236
7520,2.331,2.3311,8,30.688049999999993,2.329784621494902,1.0011383940121692
7521,2.3321,2.3322,8,30.688049999999993,2.330015505308917,1.0013169656219212
7522,2.3318,2.3319,8,30.688049999999993,2.330610336872611,1.0012682642738069
7523,2.3311,2.3312,8,30.688049999999993,2.330638808069398,1.001154627794874
7524,2.3303,2.3304,8,30.688049999999993,2.330637125605257,1.001024757533236
7525,2.328,2.3281,8,30.688049999999993,2.330396698633085,1.000651380531027
7526,2.3318,2.3319,8,30.688049999999993,2.330677358906468,1.0012682642738069
7527,2.3324,2.3325,8,30.688049999999993,2.3315386794532342,1.0013656669700353
7528,2.3306,2.3307,8,30.688049999999993,2.331154734933531,1.0010734588813501
7529,2.3295,2.3296,8,30.688049999999993,2.3308472362724224,1.0008948872715981
7530,2.3286,2.3287,8,30.688049999999993,2.3305171471590214,1.0007487832272555
7531,2.3281,2.3282,8,30.688049999999993,2.3293085735795107,1.000667614313732
7532,2.3266,2.3267,8,30.688049999999993,2.3279542867897556,1.000424107573161
7533,2.3267,2.3268,8,30.688049999999993,2.3273271433948777,1.0004403413558658
7534,2.3265,2.3266,8,30.688049999999993,2.326913571697439,1.0004078737904563
7535,2.3284,2.3285,8,30.688049999999993,2.327637771345661,1.0007163156618462
7536,2.3299,2.33,8,30.688049999999993,2.3281396919885093,1.000959822402417
7537,2.3303,2.3304,8,30.688049999999993,2.3292198459942544,1.001024757533236
7538,2.3297,2.3298,8,30.688049999999993,2.3291642071771808,1.0009273548370077
7539,2.3304,2.3305,8,30.688049999999993,2.3292267694177315,1.0010409913159408
7540,2.3308,2.3309,8,30.688049999999993,2.3297511796118213,1.0011059264467597
7541,2.33,2.3301,8,30.688049999999993,2.329726331682737,1.0009760561851218
7542,2.3304,2.3305,8,30.688049999999993,2.3297442466425125,1.0010409913159408
7543,2.3292,2.3293,8,30.688049999999993,2.3297167562165537,1.0008461859234838
7544,2.3292,2.3293,8,30.688049999999993,2.329670177079582,1.0008461859234838
7545,2.3321,2.3322,8,30.688049999999993,2.330885088539791,1.0013169656219212
7546,2.3328,2.3329,8,30.688049999999993,2.331842544269896,1.0014306021008543
7547,2.3336,2.3337,8,30.688049999999993,2.3327212721349477,1.0015604723624922
7548,2.3328,2.3329,8,30.688049999999993,2.332752763280969,1.0014306021008543
7549,2.3334,2.3335,8,30.688049999999993,2.3329685088539796,1.0015280047970827
7550,2.3337,2.3338,8,30.688049999999993,2.3332123392359865,1.0015767061451968
7551,2.3344,2.3345,8,30.688049999999993,2.3338061696179935,1.00169034262413
7552,2.3342,2.3343,8,30.688049999999993,2.333904627213495,1.0016578750587206
7553,2.3338,2.3339,8,30.688049999999993,2.333881376721607,1.0015929399279015
7554,2.3338,2.3339,8,30.688049999999993,2.3337367594260074,1.0015929399279015
7555,2.3335,2.3336,8,30.688049999999993,2.3336507027367106,1.0015442385797875
7556,2.333,2.3331,8,30.688049999999993,2.3335783397088536,1.0014630696662636
7557,2.3317,2.3318,8,30.688049999999993,2.333244764740824,1.0012520304911023
7558,2.3315,2.3316,8,30.688049999999993,2.332372382370412,1.0012195629256928
7559,2.3305,2.3306,8,30.688049999999993,2.331436191185206,1.0010572250986456
7560,2.3281,2.3282,8,30.688049999999993,2.329768095592603,1.000667614313732
7561,2.3288,2.3289,8,30.688049999999993,2.3292840477963015,1.0007812507926652
7562,2.3295,2.3296,8,30.688049999999993,2.3293704286777808,1.0008948872715981
7563,2.3305,2.3306,8,30.688049999999993,2.330032869599997,1.0010572250986456
7564,2.3315,2.3316,8,30.688049999999993,2.3304372436499947,1.0012195629256928
7565,2.3317,2.3318,8,30.688049999999993,2.3307174654295397,1.0012520304911023
7566,2.3315,2.3316,8,30.688049999999993,2.3308660859806967,1.0012195629256928
7567,2.3311,2.3312,8,30.688049999999993,2.33094106190431,1.001154627794874
7568,2.3305,2.3306,9,28.357449999999993,2.3309516856046826,1.0010551958758074
7569,2.3301,2.3302,9,28.357449999999993,2.3309001753756173,1.0009821438536362
7570,2.3285,2.3286,9,28.357449999999993,2.3306503690645437,1.0006899357649508
7571,2.3277,2.3278,9,28.357449999999993,2.329175184532272,1.0005438317206083
7572,2.3276,2.3277,9,28.357449999999993,2.328387592266136,1.0005255687150656
7573,2.3272,2.3273,9,28.357449999999993,2.3279125553596813,1.0004525166928941
7574,2.3302,2.3303,9,28.357449999999993,2.3290562776798405,1.001000406859179
7575,2.3303,2.3304,9,28.357449999999993,2.3292601232114225,1.0010186698647217
7576,2.3328,2.3329,8,30.690249999999992,2.329665321546031,1.0014752450032924
7577,2.3331,2.3332,8,30.690249999999992,2.3313826607730155,1.0015239463514065
7578,2.3346,2.3347,8,30.690249999999992,2.3329913303865077,1.0017674530919773
7579,2.3341,2.3342,8,30.690249999999992,2.3334347982319046,1.0016862841784537
7580,2.3336,2.3337,8,30.690249999999992,2.3334898654879366,1.0016051152649301
7581,2.3336,2.3337,8,30.690249999999992,2.3335213324913835,1.0016051152649301
7582,2.3325,2.3326,8,30.690249999999992,2.332980240100582,1.001426543655178
7583,2.3335,2.3336,8,30.690249999999992,2.3329028600658672,1.0015888814822254
7584,2.3358,2.3359,8,30.690249999999992,2.3330554422829013,1.001962258484434
7585,2.3353,2.3354,8,30.690249999999992,2.334177721141451,1.0018810895709105
7586,2.3348,2.3349,8,30.690249999999992,2.3344266326848704,1.0017999206573869
7587,2.3335,2.3336,8,30.690249999999992,2.3340895935251744,1.0015888814822254
7588,2.3334,2.3335,8,30.690249999999992,2.3338890235484646,1.0015726476995206
7589,2.3351,2.3352,8,30.690249999999992,2.3339050449280148,1.0018486220055012
7590,2.3364,2.3365,8,30.690249999999992,2.334148244527281,1.0020596611806625
7591,2.3363,2.3364,8,30.690249999999992,2.3352241222636403,1.0020434273979577
7592,2.3368,2.3369,8,30.690249999999992,2.3360120611318202,1.0021245963114815
7593,2.3381,2.3382,8,30.690249999999992,2.3370560305659103,1.002335635486643
7594,2.3378,2.3379,8,30.690249999999992,2.3373040203772737,1.0022869341385288
7595,2.3381,2.3382,8,30.690249999999992,2.3376224122263642,1.002335635486643
7596,2.3373,2.3374,8,30.690249999999992,2.337361711075219,1.0022057652250052
7597,2.3367,2.3368,8,30.690249999999992,2.3371927746463026,1.0021083625287768
7598,2.3377,2.3378,8,30.690249999999992,2.3371144647044213,1.002270700355824
7599,2.3368,2.3369,8,30.690249999999992,2.3370574715256347,1.0021245963114815
7600,2.3361,2.3362,8,30.690249999999992,2.336929496774359,1.0020109598325484
7601,2.3373,2.3374,8,30.690249999999992,2.3369076430810485,1.0022057652250052
7602,2.3373,2.3374,8,30.690249999999992,2.33690378536701,1.0022057652250052
7603,2.337,2.3371,8,30.690249999999992,2.3369035927937727,1.0021570638768909
7604,2.3369,2.337,8,30.690249999999992,2.3369033831219324,1.0021408300941863
7605,2.3374,2.3375,8,30.690249999999992,2.33691386466664,1.00222199900771
7606,2.3392,2.3393,8,30.690249999999992,2.337153854436391,1.002514207096395
7607,2.3367,2.3368,9,28.35344999999999,2.337165837202467,1.0021063333059386
7608,2.3362,2.3363,9,28.35344999999999,2.3371526554777904,1.0020150182782244
7609,2.3352,2.3353,9,28.35344999999999,2.3369427862010577,1.0018323882227964
7610,2.3354,2.3355,9,28.35344999999999,2.3363256717206347,1.001868914233882
7611,2.3377,2.3378,8,30.691149999999993,2.3365547264338624,1.002288963361367
7612,2.3382,2.3383,8,30.691149999999993,2.3367680080095052,1.0023701322748906
7613,2.3374,2.3375,8,30.691149999999993,2.336912713380495,1.002240262013253
7614,2.338,2.3381,8,30.691149999999993,2.3370391468924194,1.002337664709481
7615,2.3397,2.3398,8,30.691149999999993,2.3372947308424608,1.0026136390154616
7616,2.3385,2.3386,8,30.691149999999993,2.3374469625733862,1.0024188336230047
7617,2.3398,2.3399,8,30.691149999999993,2.337816566609707,1.0026298727981664
7618,2.3392,2.3393,8,30.691149999999993,2.338277711073138,1.0025324701019378
7619,2.3389,2.339,8,30.691149999999993,2.3383155239367386,1.0024837687538237
7620,2.3391,2.3392,8,30.691149999999993,2.3383821197371057,1.0025162363192333
7621,2.3398,2.3399,8,30.691149999999993,2.338487434444735,1.0026298727981664
7622,2.3394,2.3395,8,30.691149999999993,2.3385723185941263,1.0025649376673473
7623,2.338,2.3381,9,28.353049999999993,2.3386219599497062,1.002335635486643
7624,2.3403,2.3404,8,30.69334999999999,2.33899485773866,1.002755684614128
7625,2.3398,2.3399,8,30.69334999999999,2.3390238568351522,1.0026745157006043
7626,2.3401,2.3402,8,30.69334999999999,2.3391810043656904,1.0027232170487184
7627,2.3406,2.3407,8,30.69334999999999,2.339335634149089,1.002804385962242
7628,2.3373,2.3374,8,30.69334999999999,2.3383178170745444,1.0022686711329858
7629,2.3387,2.3388,8,30.69334999999999,2.3385693818644597,1.002495944090852
7630,2.3394,2.3395,8,30.69334999999999,2.3386319010815257,1.0026095805697852
7631,2.3373,2.3374,9,28.355949999999993,2.3386987222257334,1.0022666419101478
7632,2.3344,2.3345,9,28.355949999999993,2.3383489331800673,1.001737014749406
7633,2.3338,2.3339,9,28.355949999999993,2.3360744665900337,1.001627436716149
7634,2.3343,2.3344,9,28.355949999999993,2.3351872332950165,1.0017187517438633
7635,2.3337,2.3338,9,28.355949999999993,2.33459233997701,1.0016091737106063
7636,2.3316,2.3317,9,28.355949999999993,2.333096169988505,1.001225650594207
7637,2.3318,2.3319,9,28.355949999999993,2.3324480849942524,1.0012621766052927
7638,2.3313,2.3314,9,28.355949999999993,2.3318740424971263,1.0011708615775787
7639,2.3296,2.3297,9,28.355949999999993,2.330737021248563,1.0008603904833506
7640,2.33,2.3301,9,28.355949999999993,2.3303685106242815,1.0009334425055219
7641,2.3295,2.3296,9,28.355949999999993,2.329934255312141,1.0008421274778077
7642,2.3285,2.3286,9,28.355949999999993,2.3293605531872847,1.0006594974223795
7643,2.3297,2.3298,9,28.355949999999993,2.3294737021248566,1.0008786534888934
7644,2.3298,2.3299,9,28.355949999999993,2.3295552765936427,1.0008969164944361
7645,2.3276,2.3277,9,28.355949999999993,2.329846982563718,1.000495130372494
7646,2.3283,2.3284,9,28.355949999999993,2.3294049875455127,1.000622971411294
7647,2.3284,2.3285,9,28.355949999999993,2.3291537406591347,1.0006412344168367
7648,2.3278,2.3279,9,28.355949999999993,2.3286122443954804,1.0005316563835798
7649,2.3261,2.3262,9,28.355949999999993,2.32735612219774,1.0002211852893519
7650,2.3267,2.3268,9,28.355949999999993,2.3270280610988703,1.0003307633226088
7651,2.3271,2.3272,9,28.355949999999993,2.3270460458241526,1.00040381534478
7652,2.3272,2.3273,9,28.355949999999993,2.3272492980414383,1.0004220783503228
7653,2.3278,2.3279,9,28.355949999999993,2.3275221652691336,1.0005316563835798
7654,2.3256,2.3257,9,28.355949999999993,2.3275179932440846,1.000129870261638
7655,2.3268,2.3269,9,28.355949999999993,2.3274870870410185,1.0003490263281514
7656,2.3273,2.3274,9,28.355949999999993,2.3274682378175413,1.0004403413558658
7657,2.3286,2.3287,9,28.355949999999993,2.32752871453585,1.0006777604279224
7658,2.3269,2.327,9,28.355949999999993,2.327520070431524,1.0003672893336946
7659,2.3274,2.3275,9,28.355949999999993,2.3274974697961865,1.0004586043614085
7660,2.3273,2.3274,9,28.355949999999993,2.3274766450941486,1.0004403413558658
7661,2.3283,2.3284,9,28.355949999999993,2.3275034213217816,1.000622971411294
7662,2.3299,2.33,9,28.355949999999993,2.327754153844624,1.000915179499979
7663,2.3313,2.3314,9,28.355949999999993,2.3295270769223118,1.0011708615775787
7664,2.3324,2.3325,9,28.355949999999993,2.330963538461156,1.0013717546385497
7665,2.3333,2.3334,9,28.355949999999993,2.332131769230578,1.001536121688435
7666,2.3332,2.3333,9,28.355949999999993,2.332665884615289,1.0015178586828923
7667,2.3343,2.3344,9,28.355949999999993,2.3334829423076444,1.0017187517438633
7668,2.3338,2.3339,9,28.355949999999993,2.3335886282050966,1.001627436716149
7669,2.3327,2.3328,9,28.355949999999993,2.3333664711538225,1.001426543655178
7670,2.335,2.3351,9,28.355949999999993,2.333008059736746,1.001846592782663
7671,2.3343,2.3344,9,28.355949999999993,2.3333310448025593,1.0017187517438633
7672,2.3338,2.3339,9,28.355949999999993,2.3334248358420475,1.001627436716149
7673,2.3346,2.3347,9,28.355949999999993,2.3333661419751053,1.0017735407604917
7674,2.3359,2.336,9,28.355949999999993,2.334633070987553,1.0020109598325484
7675,2.3353,2.3354,9,28.355949999999993,2.334823622133966,1.0019013817992917
7676,2.3351,2.3352,9,28.355949999999993,2.334892716600475,1.001864855788206
7677,2.3342,2.3343,9,28.355949999999993,2.334558325440704,1.0017004887383205
7678,2.3343,2.3344,9,28.355949999999993,2.3344301010290915,1.0017187517438633
7679,2.3341,2.3342,9,28.355949999999993,2.334357639465002,1.0016822257327775
7680,2.3336,2.3337,9,28.355949999999993,2.334272197432165,1.0015909107050636
7681,2.3334,2.3335,9,28.355949999999993,2.334172732236547,1.001554384693978
7682,2.3302,2.3303,9,28.355949999999993,2.3337301941459008,1.0009699685166076
7683,2.3312,2.3313,9,28.355949999999993,2.3324650970729506,1.0011525985720358
7684,2.3301,2.3302,9,28.355949999999993,2.331282548536475,1.0009517055110648
7685,2.3286,2.3287,9,28.355949999999993,2.3299412742682373,1.0006777604279224
7686,2.3271,2.3272,9,28.355949999999993,2.328520637134119,1.00040381534478
7687,2.3271,2.3272,9,28.355949999999993,2.3278103185670593,1.00040381534478
7688,2.3273,2.3274,9,28.355949999999993,2.3276061911402355,1.0004403413558658
7689,2.3281,2.3282,9,28.355949999999993,2.3277707940934906,1.0005864454002082
7690,2.329,2.3291,9,28.355949999999993,2.328539260671725,1.0007508124500937
7691,2.3276,2.3277,9,28.355949999999993,2.328653753350376,1.000495130372494
7692,2.3265,2.3266,9,28.355949999999993,2.327576876675188,1.0002942373115231
7693,2.3293,2.3294,9,28.355949999999993,2.327944848202998,1.0008056014667222
7694,2.3288,2.3289,9,28.355949999999993,2.3281342525460564,1.0007142864390082
7695,2.3274,2.3275,9,28.355949999999993,2.3282447195815252,1.0004586043614085
7696,2.3284,2.3285,9,28.355949999999993,2.328328318398812,1.0006412344168367
7697,2.3269,2.327,9,28.355949999999993,2.3282497705458916,1.0003672893336946
7698,2.3269,2.327,9,28.355949999999993,2.327709862327535,1.0003672893336946
7699,2.328,2.3281,9,28.355949999999993,2.3277400025098687,1.0005681823946655
7700,2.3299,2.33,9,28.355949999999993,2.3280226764401992,1.000915179499979
7701,2.3307,2.3308,9,28.355949999999993,2.3293613382200995,1.0010612835443218
7702,2.3302,2.3303,9,28.355949999999993,2.3297806691100496,1.0009699685166076
7703,2.333,2.3331,9,28.355949999999993,2.3297564504153234,1.0014813326718066
7704,2.3329,2.333,9,28.355949999999993,2.3313282252076615,1.0014630696662636
7705,2.3323,2.3324,9,28.355949999999993,2.3318141126038308,1.001353491633007
7706,2.3331,2.3332,9,28.355949999999993,2.3323284675622986,1.0014995956773494
7707,2.3324,2.3325,9,28.355949999999993,2.332352311708199,1.0013717546385497
7708,2.332,2.3321,9,28.355949999999993,2.332098828557702,1.0012987026163784
7709,2.3313,2.3314,9,28.355949999999993,2.331766963648538,1.0011708615775787
7710,2.3303,2.3304,9,28.355949999999993,2.3314978403994675,1.0009882315221503
7711,2.3296,2.3297,9,28.355949999999993,2.3312152135794415,1.0008603904833506
7712,2.33,2.3301,9,28.355949999999993,2.3310343383598373,1.0009334425055219
7713,2.3294,2.3295,9,28.355949999999993,2.330826684098589,1.0008238644722651
7714,2.3296,2.3297,9,28.355949999999993,2.330667390137255,1.0008603904833506
7715,2.3309,2.331,9,28.355949999999993,2.330623716108555,1.0010978095554073
7716,2.3319,2.332,9,28.355949999999993,2.3306682753244488,1.0012804396108355
7717,2.3322,2.3323,9,28.355949999999993,2.3314341376622245,1.001335228627464
7718,2.3335,2.3336,9,28.355949999999993,2.331437480392136,1.0015726476995206
7719,2.3342,2.3343,9,28.355949999999993,2.332818740196068,1.0017004887383205
7720,2.3345,2.3346,9,28.355949999999993,2.333659370098034,1.0017552777549488
7721,2.3357,2.3358,9,28.355949999999993,2.334679685049017,1.0019744338214627
7722,2.3355,2.3356,9,28.355949999999993,2.3350078110294104,1.0019379078103772
7723,2.3371,2.3372,9,28.355949999999993,2.336053905514705,1.0022301158990623
7724,2.3363,2.3364,9,28.355949999999993,2.3361523433088234,1.0020840118547198
7725,2.3359,2.336,9,28.355949999999993,2.336080245220588,1.0020109598325484
7726,2.3356,2.3357,9,28.355949999999993,2.3358224169451636,1.00195617081592
7727,2.3356,2.3357,9,28.355949999999993,2.3356666637712324,1.00195617081592
7728,2.337,2.3371,9,28.355949999999993,2.3356072609065057,1.0022118528935196
7729,2.3365,2.3366,9,28.355949999999993,2.3357858087252046,1.0021205378658053
7730,2.337,2.3371,9,28.355949999999993,2.3357982273060114,1.0022118528935196
7731,2.3371,2.3372,9,28.355949999999993,2.336058581844809,1.0022301158990623
7732,2.3387,2.3388,8,30.694649999999992,2.3363077330070787,1.0025223239877474
7733,2.339,2.3392,8,30.694649999999992,2.3376538665035396,1.0025710253358615
7734,2.338,2.3381,8,30.694649999999992,2.3377403998776547,1.0024086875088143
7735,2.3364,2.3365,8,30.694649999999992,2.337390398496098,1.0021489469855385
7736,2.337,2.3371,8,30.694649999999992,2.337211725340361,1.002246349681767
7737,2.3376,2.3377,8,30.694649999999992,2.3371979813885866,1.0023437523779954
7738,2.3379,2.338,8,30.694649999999992,2.337210820891253,1.0023924537261095
7739,2.3386,2.3387,8,30.694649999999992,2.3373633725202287,1.0025060902050427
7740,2.3399,2.34,8,30.694649999999992,2.3376563825029706,1.0027171293802042
7741,2.3397,2.3398,8,30.694649999999992,2.3386781912514856,1.0026846618147947
7742,2.3395,2.3396,8,30.694649999999992,2.3390069147508914,1.0026521942493851
7743,2.3374,2.3375,8,30.694649999999992,2.338203457375446,1.002311284812586
7744,2.3396,2.3397,8,30.694649999999992,2.33860246955389,1.0026684280320899
7745,2.3384,2.3385,8,30.694649999999992,2.3385851200556393,1.0024736226396334
7746,2.3361,2.3362,8,30.694649999999992,2.3383788329723516,1.0021002456374244
7747,2.3357,2.3358,8,30.694649999999992,2.337039416486176,1.0020353105066053
7748,2.3348,2.3349,8,30.694649999999992,2.335919708243088,1.0018892064622629
7749,2.3329,2.333,8,30.694649999999992,2.334409854121544,1.001580764590873
7750,2.3334,2.3335,8,30.694649999999992,2.333904927060772,1.0016619335043966
7751,2.333,2.3331,8,30.694649999999992,2.333452463530386,1.0015969983735777
7752,2.3328,2.3329,8,30.694649999999992,2.3331914781182315,1.0015645308081684
7753,2.3352,2.3353,0,49.37624999999999,2.334052457298932,1.0019541415930817
7754,2.3363,2.3364,0,49.37624999999999,2.334608998118406,1.0019541415930817
7755,2.3354,2.3355,0,49.37624999999999,2.3349085831701544,1.0019541415930817
7756,2.3358,2.3359,0,49.37624999999999,2.3350714595019877,1.0019541415930817
7757,2.3375,2.3376,0,49.37624999999999,2.335328038101107,1.0019541415930817
7758,2.3386,2.3387,0,49.37624999999999,2.336964019050553,1.0019541415930817
7759,2.3377,2.3378,0,49.37624999999999,2.3373320095252765,1.0019541415930817
7760,2.336,2.3361,0,49.37624999999999,2.337127585749619,1.0019541415930817
7761,2.3346,2.3347,0,49.37624999999999,2.336605107548144,1.0019541415930817
7762,2.3337,2.3338,0,49.37624999999999,2.335152553774072,1.0019541415930817
7763,2.333,2.3331,0,49.37624999999999,2.334076276887036,1.0019541415930817
7764,2.3328,2.3329,0,49.37624999999999,2.333438138443518,1.0019541415930817
7765,2.3308,2.3309,0,49.37624999999999,2.332119069221759,1.0019541415930817
7766,2.3296,2.3297,0,49.37624999999999,2.3308595346108794,1.0019541415930817
7767,2.3302,2.3303,0,49.37624999999999,2.33052976730544,1.0019541415930817
7768,2.3307,2.3308,0,49.37624999999999,2.330597860383264,1.0019541415930817
7769,2.3287,2.3288,0,49.37624999999999,2.3298387162299585,1.0019541415930817
7770,2.3297,2.3298,0,49.37624999999999,2.329799083021399,1.0019541415930817
7771,2.3299,2.33,0,49.37624999999999,2.3298243122660494,1.0019541415930817
7772,2.3288,2.3289,0,49.37624999999999,2.3301491993403305,1.0019541415930817
7773,2.3294,2.3295,0,49.37624999999999,2.3299993594722643,1.0019541415930817
7774,2.328,2.3281,0,49.37624999999999,2.3299862868687433,1.0019541415930817
7775,2.3296,2.3297,0,49.37624999999999,2.3299727985783014,1.0019541415930817
7776,2.3297,2.3298,0,49.37624999999999,2.3299566787149937,1.0019541415930817
7777,2.33,2.3301,0,49.37624999999999,2.3299243473211884,1.0019541415930817
7778,2.3323,2.3324,0,49.37624999999999,2.3301270892672505,1.0019541415930817
7779,2.3331,2.3332,0,49.37624999999999,2.3316135446336252,1.0019541415930817
7780,2.3337,2.3338,0,49.37624999999999,2.3326567723168123,1.0019541415930817
7781,2.3347,2.3348,0,49.37624999999999,2.3336783861584065,1.0019541415930817
7782,2.3334,2.3335,0,49.37624999999999,2.3335855907722713,1.0019541415930817
7783,2.332,2.3321,0,49.37624999999999,2.3328845166524266,1.0019541415930817
7784,2.3339,2.334,0,49.37624999999999,2.332773381577532,1.0019541415930817
7785,2.3339,2.334,0,49.37624999999999,2.333055036183149,1.0019541415930817
7786,2.3337,2.3338,0,49.37624999999999,2.3333775180915746,1.0019541415930817
7787,2.3337,2.3338,0,49.37624999999999,2.333252371559986,1.0019541415930817
7788,2.3351,2.3352,0,49.37624999999999,2.333313152732822,1.0019541415930817
7789,2.3333,2.3334,0,49.37624999999999,2.333328086378212,1.0019541415930817
7790,2.3337,2.3338,0,49.37624999999999,2.3333617918939025,1.0019541415930817
7791,2.333,2.3331,0,49.37624999999999,2.3333702675818953,1.0019541415930817
7792,2.3344,2.3345,0,49.37624999999999,2.3334090993278616,1.0019541415930817
7793,2.3341,2.3342,0,49.37624999999999,2.3334550455129697,1.0019541415930817
7794,2.3343,2.3344,0,49.37624999999999,2.333508844444348,1.0019541415930817
7795,2.3334,2.3335,1,47.04274999999999,2.333558918603969,1.0019521123702437
7796,2.3321,2.3322,1,47.04274999999999,2.3334877442904154,1.0019257324733484
7797,2.3324,2.3325,1,47.04274999999999,2.332943872145208,1.0019318201418628
7798,2.3314,2.3315,1,47.04274999999999,2.332921283874777,1.001911527913482
7799,2.3315,2.3316,1,47.04274999999999,2.3323527703248663,1.00191355713632
7800,2.3299,2.33,1,47.04274999999999,2.332249089063061,1.0018810895709105
7801,2.3299,2.33,1,47.04274999999999,2.3313094534378367,1.0018810895709105
7802,2.3295,2.3296,1,47.04274999999999,2.3304047267189185,1.001872972679558
7803,2.3295,2.3296,1,47.04274999999999,2.330042836031351,1.001872972679558
7804,2.3295,2.3296,1,47.04274999999999,2.3298618906875674,1.001872972679558
7805,2.3289,2.329,1,47.04274999999999,2.3295870647768337,1.0018607973425295
7806,2.328,2.3281,1,47.04274999999999,2.329058043184556,1.0018425343369868
7807,2.3283,2.3284,1,47.04274999999999,2.3288414594175397,1.001848622005501
7808,2.3269,2.327,1,47.04274999999999,2.3278707297087697,1.0018202128857678
7809,2.3267,2.3268,1,47.04274999999999,2.327402437825262,1.0018161544400916
7810,2.3261,2.3262,1,47.04274999999999,2.326751218912631,1.001803979103063
7811,2.3254,2.3255,1,47.04274999999999,2.3262107313475786,1.0017897745431965
7812,2.3255,2.3256,1,47.04274999999999,2.325973820898386,1.0017918037660345
7813,2.3263,2.3264,1,47.04274999999999,2.3260670149274185,1.001808037548739
7814,2.327,2.3271,1,47.04274999999999,2.326587138786844,1.0018222421086058
7815,2.3258,2.3259,1,47.04274999999999,2.326649903173938,1.001797891434549
7816,2.3254,2.3255,1,47.04274999999999,2.3263999225391507,1.0017897745431965
7817,2.3262,2.3263,1,47.04274999999999,2.3264234315302743,1.001806008325901
7818,2.3266,2.3267,1,47.04274999999999,2.326443208061789,1.0018141252172534
7819,2.3279,2.328,1,47.04274999999999,2.326616095688815,1.0018405051141486
7820,2.3292,2.3293,1,47.04274999999999,2.326921722837252,1.001866885011044
7821,2.3288,2.3289,1,47.04274999999999,2.327860861418626,1.0018587681196915
7822,2.331,2.3311,1,47.04274999999999,2.328004047853283,1.0019034110221297
7823,2.3317,2.3318,1,47.04274999999999,2.329852023926642,1.0019176155819962
7824,2.3318,2.3319,1,47.04274999999999,2.330826011963321,1.0019196448048342
7825,2.3333,2.3334,1,47.04274999999999,2.3320630059816603,1.0019500831474057
7826,2.3329,2.333,1,47.04274999999999,2.332397803588996,1.0019419662560534
7827,2.3316,2.3317,1,47.04274999999999,2.3321698597064255,1.001915586359158
7828,2.3313,2.3314,1,47.04274999999999,2.3315150090706984,1.0019094986906438
7829,2.3315,2.3316,1,47.04274999999999,2.33129960274841,1.00191355713632
7830,2.3299,2.33,1,47.04274999999999,2.331040184982604,1.0018810895709105
7831,2.3308,2.3309,1,47.04274999999999,2.3309548780172267,1.0018993525764535
7832,2.33,2.3301,1,47.04274999999999,2.3308504755502195,1.0018831187937485
7833,2.3294,2.3295,1,47.04274999999999,2.330676650259071,1.0018709434567201
7834,2.328,2.3281,1,47.04274999999999,2.330326652897769,1.0018425343369868
7835,2.3274,2.3275,1,47.04274999999999,2.3288633264488845,1.0018303589999582
7836,2.3266,2.3267,1,47.04274999999999,2.3277316632244425,1.0018141252172534
7837,2.3268,2.3269,1,47.04274999999999,2.3273589979346654,1.0018181836629296
7838,2.3255,2.3256,1,47.04274999999999,2.3264294989673324,1.0017918037660345
7839,2.325,2.3251,1,47.04274999999999,2.3257147494836663,1.0017816576518441
7840,2.3258,2.3259,1,47.04274999999999,2.3257431663224444,1.001797891434549
7841,2.3265,2.3266,1,47.04274999999999,2.3260329582242,1.0018120959944155
7842,2.3254,2.3255,1,47.04274999999999,2.3262116520527663,1.0017897745431965
7843,2.3251,2.3252,1,47.04274999999999,2.3258940371805474,1.0017836868746821
7844,2.3249,2.325,1,47.04274999999999,2.325397018590274,1.001779628429006
7845,2.3238,2.3239,1,47.04274999999999,2.3245985092951367,1.001757306977787
7846,2.3231,2.3232,1,47.04274999999999,2.3238492546475684,1.0017431024179204
7847,2.3221,2.3222,1,47.04274999999999,2.3229746273237843,1.0017228101895395
7848,2.3227,2.3228,1,47.04274999999999,2.3228647763942707,1.0017349855265678
7849,2.3238,2.3239,1,47.04274999999999,2.3232054512036466,1.001757306977787
7850,2.325,2.3251,1,47.04274999999999,2.3237866929057307,1.0017816576518441
7851,2.3242,2.3243,1,47.04274999999999,2.324006976160541,1.0017654238691394
7852,2.3257,2.3258,1,47.04274999999999,2.3242960612341257,1.0017958622117107
7853,2.3256,2.3257,1,47.04274999999999,2.3248176367404754,1.0017938329888727
7854,2.3269,2.327,1,47.04274999999999,2.324987317754223,1.0018202128857678
7855,2.3277,2.3278,1,47.04274999999999,2.3263436588771116,1.0018364466684726
7856,2.3273,2.3274,1,47.04274999999999,2.326821829438556,1.0018283297771202
7857,2.3293,2.3294,1,47.04274999999999,2.3266802055163667,1.001868914233882
7858,2.329,2.3291,1,47.04274999999999,2.3276081233098203,1.0018628265653677
7859,2.3286,2.3287,1,47.04274999999999,2.3279387488732137,1.0018547096740154
7860,2.329,2.3291,1,47.04274999999999,2.328363249323928,1.0018628265653677
7861,2.328,2.3281,1,47.04274999999999,2.3282084101810003,1.0018425343369868
7862,2.3269,2.327,1,47.04274999999999,2.3278677623008077,1.0018202128857678
7863,2.3261,2.3262,1,47.04274999999999,2.32756770068611,1.001803979103063
7864,2.3254,2.3255,1,47.04274999999999,2.326483850343055,1.0017897745431965
7865,2.3259,2.326,1,47.04274999999999,2.326250310205833,1.0017999206573869
7866,2.3258,2.3259,1,47.04274999999999,2.326356883208361,1.001797891434549
7867,2.3251,2.3252,1,47.04274999999999,2.3263388391971125,1.0017836868746821
7868,2.3263,2.3264,1,47.04274999999999,2.3263296921380965,1.001808037548739
7869,2.3277,2.3278,1,47.04274999999999,2.326443039644022,1.0018364466684726
7870,2.3285,2.3286,1,47.04274999999999,2.3274715198220113,1.0018526804511771
7871,2.3291,2.3292,1,47.04274999999999,2.3282857599110054,1.0018648557882057
7872,2.3285,2.3286,1,47.04274999999999,2.328371455946603,1.0018526804511771
7873,2.3294,2.3295,1,47.04274999999999,2.3281691465299397,1.0018709434567201
7874,2.3286,2.3287,1,47.04274999999999,2.3281205888628014,1.0018547096740154
7875,2.3264,2.3265,1,47.04274999999999,2.327260294431401,1.0018100667715772
7876,2.327,2.3271,2,44.71564999999999,2.3274199603160777,1.0018202128857678
7877,2.328,2.3281,1,47.04364999999999,2.327467179812986,1.0018607973425298
7878,2.3291,2.3292,1,47.04364999999999,2.327692886279473,1.0018831187937485
7879,2.3277,2.3278,1,47.04364999999999,2.3277460183740035,1.0018547096740154
7880,2.3278,2.3279,1,47.04364999999999,2.327775641905343,1.0018567388968536
7881,2.329,2.3291,1,47.04364999999999,2.3278740828609634,1.0018810895709105
7882,2.329,2.3291,1,47.04364999999999,2.327978596405879,1.0018810895709105
7883,2.3311,2.3312,1,47.04364999999999,2.328369249221735,1.0019237032505104
7884,2.3299,2.33,1,47.04364999999999,2.328981549533041,1.0018993525764535
7885,2.3301,2.3302,1,47.04364999999999,2.3290454188761456,1.0019034110221297
7886,2.3301,2.3302,1,47.04364999999999,2.329130063302732,1.0019034110221297
7887,2.3314,2.3315,1,47.04364999999999,2.329325347332815,1.0019297909190248
7888,2.3311,2.3312,1,47.04364999999999,2.329832390952011,1.0019237032505104
7889,2.3311,2.3312,1,47.04364999999999,2.330149293214008,1.0019237032505104
7890,2.3312,2.3313,1,47.04364999999999,2.330196140706059,1.0019257324733486
7891,2.3293,2.3294,1,47.04364999999999,2.3297480703530296,1.0018871772394247
7892,2.3284,2.3285,2,44.715149999999994,2.3297970461731556,1.001866885011044
7893,2.3288,2.3289,1,47.043949999999995,2.329298523086578,1.0018831187937487
7894,2.3275,2.3276,1,47.043949999999995,2.329281194524511,1.0018567388968536
7895,2.3281,2.3282,1,47.043949999999995,2.3288874630163408,1.0018689142338821
7896,2.3287,2.3288,2,44.715149999999994,2.328916247238255,1.0018790603480725
7897,2.33,2.3301,1,47.04514999999999,2.3290442086253718,1.0019318201418628
7898,2.3308,2.3309,1,47.04514999999999,2.329256173863249,1.0019480539245675
7899,2.3304,2.3305,1,47.04514999999999,2.329446871109358,1.0019399370332152
7900,2.3307,2.3308,1,47.04514999999999,2.3296004177637677,1.0019460247017296
7901,2.33,2.3301,1,47.04514999999999,2.329675016317196,1.0019318201418628
7902,2.327,2.3271,1,47.04514999999999,2.3295081269907296,1.0018709434567201
7903,2.3268,2.3269,1,47.04514999999999,2.328154063495365,1.001866885011044
7904,2.3253,2.3254,1,47.04514999999999,2.3267270317476827,1.0018364466684726
7905,2.3261,2.3262,1,47.04514999999999,2.3264762190486095,1.0018526804511771
7906,2.3247,2.3248,1,47.04514999999999,2.325588109524305,1.001824271331444
7907,2.3237,2.3238,1,47.04514999999999,2.3246440547621523,1.001803979103063
7908,2.326,2.3261,1,47.04514999999999,2.325110090815531,1.0018506512283392
7909,2.3261,2.3262,1,47.04514999999999,2.325404288629878,1.0018526804511771
7910,2.3257,2.3258,1,47.04514999999999,2.32585240926134,1.0018445635598248
7911,2.3257,2.3258,1,47.04514999999999,2.32598798261263,1.0018445635598248
7912,2.3265,2.3266,1,47.04514999999999,2.326074475794968,1.0018607973425298
7913,2.3266,2.3267,1,47.04514999999999,2.3261422141246344,1.0018628265653677
7914,2.326,2.3261,1,47.04514999999999,2.326170388764821,1.0018506512283392
7915,2.3243,2.3244,1,47.04514999999999,2.3260349313900663,1.0018161544400916
7916,2.3233,2.3234,1,47.04514999999999,2.3246674656950335,1.0017958622117107
7917,2.3237,2.3238,1,47.04514999999999,2.3241837328475166,1.001803979103063
7918,2.3249,2.325,1,47.04514999999999,2.3244805443018413,1.0018283297771202
7919,2.3251,2.3252,1,47.04514999999999,2.3247797041915756,1.0018323882227964
7920,2.3248,2.3249,1,47.04514999999999,2.3248418185239497,1.0018263005542822
7921,2.324,2.3241,1,47.04514999999999,2.324841669658636,1.0018100667715772
7922,2.3244,2.3245,1,47.04514999999999,2.324823743220641,1.0018181836629296
7923,2.3246,2.3247,1,47.04514999999999,2.324807013150589,1.001822242108606
7924,2.3238,2.3239,1,47.04514999999999,2.3247625239912786,1.001806008325901
7925,2.3241,2.3242,1,47.04514999999999,2.324715147340754,1.0018120959944155
7926,2.3254,2.3255,1,47.04514999999999,2.324701288359752,1.0018384758913106
7927,2.3259,2.326,1,47.04514999999999,2.32478758381268,1.001848622005501
7928,2.3256,2.3257,1,47.04514999999999,2.3248749107745343,1.0018425343369868
7929,2.325,2.3251,1,47.04514999999999,2.32489347041656,1.0018303589999584
7930,2.3236,2.3237,1,47.04514999999999,2.324821437681844,1.0018019498802249
7931,2.3235,2.3236,1,47.04514999999999,2.324160718840922,1.0017999206573869
7932,2.3235,2.3236,1,47.04514999999999,2.3238964313045534,1.0017999206573869
7933,2.3257,2.3258,1,47.04514999999999,2.324798215652277,1.0018445635598248
7934,2.3265,2.3266,1,47.04514999999999,2.3248654163384703,1.0018607973425298
7935,2.326,2.3261,1,47.04514999999999,2.3254327081692354,1.0018506512283392
7936,2.3259,2.326,1,47.04514999999999,2.325366540534592,1.001848622005501
7937,2.3244,2.3245,1,47.04514999999999,2.3252380703465523,1.0018181836629296
7938,2.3263,2.3264,1,47.04514999999999,2.3255414788189657,1.0018567388968536
7939,2.3261,2.3262,1,47.04514999999999,2.32552279839695,1.0018526804511771
7940,2.3253,2.3254,1,47.04514999999999,2.3255036071204187,1.0018364466684726
7941,2.3255,2.3256,1,47.04514999999999,2.3254924845849354,1.0018405051141486
7942,2.3263,2.3264,1,47.04514999999999,2.3255292912380487,1.0018567388968536
7943,2.3259,2.326,1,47.04514999999999,2.3255505630150175,1.001848622005501
7944,2.3254,2.3255,1,47.04514999999999,2.3255597392938085,1.0018384758913106
7945,2.3241,2.3242,1,47.04514999999999,2.3254476823489236,1.0018120959944155
7946,2.3227,2.3228,1,47.04514999999999,2.325152051567023,1.0017836868746821
7947,2.3254,2.3255,1,47.04514999999999,2.325127451792351,1.0018384758913106
7948,2.3265,2.3266,1,47.04514999999999,2.3251817840928486,1.0018607973425298
7949,2.3252,2.3253,1,47.04514999999999,2.325205666934611,1.0018344174456344
7950,2.3262,2.3263,1,47.04514999999999,2.325285798269398,1.0018547096740154
7951,2.3276,2.3277,1,47.04514999999999,2.3254934410505195,1.0018831187937485
7952,2.3257,2.3258,1,47.04514999999999,2.3255769811919245,1.0018445635598248
7953,2.3266,2.3267,1,47.04514999999999,2.325666201437328,1.0018628265653677
7954,2.3259,2.326,1,47.04514999999999,2.3257969534260208,1.001848622005501
7955,2.3251,2.3252,1,47.04514999999999,2.325789057464064,1.0018323882227964
7956,2.3246,2.3247,1,47.04514999999999,2.325676116081585,1.001822242108606
7957,2.3264,2.3265,1,47.04514999999999,2.3256826508602897,1.0018587681196915
7958,2.3267,2.3268,1,47.04514999999999,2.325788503738523,1.001864855788206
7959,2.3258,2.3259,1,47.04514999999999,2.325808214211797,1.001846592782663
7960,2.325,2.3251,1,47.04514999999999,2.3257855881091727,1.0018303589999584
7961,2.3262,2.3263,1,47.04514999999999,2.3257921917155606,1.0018547096740154
7962,2.3277,2.3278,1,47.04514999999999,2.325971031783009,1.0018851480165867
7963,2.3291,2.3292,1,47.04514999999999,2.3275355158915048,1.00191355713632
7964,2.3292,2.3293,1,47.04514999999999,2.3283677579457525,1.001915586359158
7965,2.3307,2.3308,1,47.04514999999999,2.3295338789728763,1.0019460247017296
7966,2.3311,2.3312,1,47.04514999999999,2.3303169394864383,1.0019541415930817
7967,2.3299,2.33,1,47.04514999999999,2.3301779596576253,1.0019297909190248
7968,2.3309,2.331,1,47.04514999999999,2.330466775794575,1.0019500831474057
7969,2.3297,2.3298,1,47.04514999999999,2.3301466672098963,1.0019257324733486
7970,2.3297,2.3298,1,47.04514999999999,2.329954015367348,1.0019257324733486
7971,2.3311,2.3312,1,47.04514999999999,2.3298681843724625,1.0019541415930817
7972,2.3302,2.3303,1,47.04514999999999,2.3298408487425974,1.001935878587539
7973,2.33,2.3301,1,47.04514999999999,2.329828897371465,1.0019318201418628
7974,2.3287,2.3288,1,47.04514999999999,2.3297018243512886,1.0019054402449676
7975,2.3279,2.328,1,47.04514999999999,2.32948603772019,1.0018892064622629
7976,2.3306,2.3307,1,47.04514999999999,2.3296345660241644,1.0019439954788913
7977,2.3288,2.3289,1,47.04514999999999,2.3295625656683026,1.0019074694678058
7978,2.3303,2.3304,1,47.04514999999999,2.3295559684254163,1.0019379078103772
7979,2.3293,2.3294,1,47.04514999999999,2.329544426768107,1.0019176155819962
7980,2.3293,2.3294,1,47.04514999999999,2.3295289283000806,1.0019176155819962
7981,2.3283,2.3284,1,47.04514999999999,2.32939184641603,1.0018973233536153
7982,2.3287,2.3288,1,47.04514999999999,2.3292966671509925,1.0019054402449676
7983,2.3291,2.3292,1,47.04514999999999,2.329273195061762,1.00191355713632
7984,2.3278,2.3279,1,47.04514999999999,2.3291664870477247,1.0018871772394247
7985,2.3268,2.3269,1,47.04514999999999,2.328842218665393,1.001866885011044
7986,2.327,2.3271,1,47.04514999999999,2.3279211093326966,1.0018709434567201
7987,2.3267,2.3268,1,47.04514999999999,2.327432665599618,1.001864855788206
7988,2.3263,2.3264,1,47.04514999999999,2.3270551103997454,1.0018567388968536
7989,2.3265,2.3268,1,47.04514999999999,2.3268965074283896,1.0018607973425298
7990,2.3256,2.3257,1,47.04514999999999,2.3269582348641795,1.0018425343369868
7991,2.3253,2.3254,1,47.04514999999999,2.326405489909453,1.0018364466684726
7992,2.3241,2.3242,1,47.04514999999999,2.3252527449547262,1.0018120959944155
7993,2.3265,2.3266,1,47.04514999999999,2.325449049569571,1.0018607973425298
7994,2.3263,2.3264,1,47.04514999999999,2.325595295596269,1.0018567388968536
7995,2.3255,2.3256,1,47.04514999999999,2.325692121050949,1.0018405051141486
7996,2.3256,2.3257,1,47.04514999999999,2.325750483335686,1.0018425343369868
7997,2.3247,2.3248,1,47.04514999999999,2.325786299991282,1.001824271331444
7998,2.3258,2.3259,1,47.04514999999999,2.3257953844047314,1.001846592782663
7999,2.3263,2.3264,1,47.04514999999999,2.3258229669159394,1.0018567388968536
8000,2.3264,2.3265,1,47.04514999999999,2.3259092757327906,1.0018587681196915
8001,2.3264,2.3265,1,47.04514999999999,2.3259732112922844,1.0018587681196915
8002,2.3286,2.3287,1,47.04514999999999,2.3262512434499483,1.0019034110221297
8003,2.3284,2.3285,1,47.04514999999999,2.327325621724974,1.0018993525764535
8004,2.3276,2.3277,1,47.04514999999999,2.327233227617523,1.0018831187937485
8005,2.3275,2.3276,1,47.04514999999999,2.327198106648144,1.0018810895709105
8006,2.3265,2.3266,1,47.04514999999999,2.327091539399529,1.0018607973425298
8007,2.3288,2.3289,1,47.04514999999999,2.3275796709996635,1.0019074694678058
8008,2.3286,2.3287,1,47.04514999999999,2.3278347532497476,1.0019034110221297
8009,2.3275,2.3276,1,47.04514999999999,2.327785590730665,1.0018810895709105
8010,2.3282,2.3283,1,47.04514999999999,2.3277352818281165,1.0018952941307773
8011,2.3297,2.3298,1,47.04514999999999,2.327833774742037,1.0019257324733486
8012,2.3297,2.3298,1,47.04514999999999,2.3287668873710183,1.0019257324733486
8013,2.3294,2.3295,1,47.04514999999999,2.3290201324226114,1.0019196448048342
8014,2.33,2.3301,1,47.04514999999999,2.3289303437527225,1.0019318201418628
8015,2.329,2.3291,1,47.04514999999999,2.3289108376700147,1.001911527913482
8016,2.3269,2.327,1,47.04514999999999,2.328696115201036,1.0018689142338821
8017,2.3286,2.3287,1,47.04514999999999,2.328663922282508,1.0019034110221297
8018,2.3299,2.33,1,47.04514999999999,2.3286845985269764,1.0019297909190248
8019,2.33,2.3301,1,47.04514999999999,2.3293422992634882,1.0019318201418628
8020,2.3296,2.3297,1,47.04514999999999,2.3292434430159177,1.0019237032505104
8021,2.3292,2.3293,1,47.04514999999999,2.329200368913674,1.001915586359158
8022,2.329,2.3291,1,47.04514999999999,2.329169821597629,1.001911527913482
8023,2.3299,2.33,1,47.04514999999999,2.3291873907383955,1.0019297909190248
8024,2.3298,2.3299,1,47.04514999999999,2.329221725795444,1.0019277616961866
8025,2.3299,2.33,1,47.04514999999999,2.3292660549355557,1.0019297909190248
8026,2.3297,2.3298,1,47.04514999999999,2.329306777897091,1.0019257324733486
8027,2.3301,2.3302,1,47.04514999999999,2.3293558040205458,1.001933849364701
8028,2.3311,2.3312,1,47.04514999999999,2.329503714865075,1.0019541415930817
8029,2.3306,2.3307,1,47.04514999999999,2.329629182234888,1.0019439954788913
8030,2.3312,2.3313,1,47.04514999999999,2.3297610863665073,1.00195617081592
8031,2.3317,2.3318,1,47.04514999999999,2.3300531884542526,1.0019663169301103
8032,2.3322,2.3323,1,47.04514999999999,2.3311265942271264,1.0019764630443009
8033,2.3322,2.3323,1,47.04514999999999,2.331555956536276,1.0019764630443009
8034,2.3319,2.332,1,47.04514999999999,2.3314693693586492,1.0019703753757865
8035,2.3326,2.3327,1,47.04514999999999,2.3314673799427212,1.0019845799356533
8036,2.3313,2.3314,1,47.04514999999999,2.3314611068560467,1.001958200038758
8037,2.3308,2.3309,1,47.04514999999999,2.3314431946546557,1.0019480539245675
8038,2.3304,2.3305,1,47.04514999999999,2.331297064745703,1.0019399370332152
8039,2.33,2.3301,1,47.04514999999999,2.3311549084303587,1.0019318201418628
8040,2.331,2.3311,1,47.04514999999999,2.331087365184363,1.0019521123702437
8041,2.3323,2.3324,1,47.04514999999999,2.331142342057242,1.001978492267139
8042,2.3314,2.3315,1,47.04514999999999,2.331153145348594,1.0019602292615961
8043,2.3318,2.3319,1,47.04514999999999,2.3312267064929246,1.0019683461529485
8044,2.3308,2.3309,2,44.71424999999999,2.3312292458104267,1.0019460247017296
8045,2.33,2.3301,2,44.71424999999999,2.33114317031258,1.00191355713632
8046,2.3298,2.3299,2,44.71424999999999,2.33047158515629,1.0019054402449676
8047,2.3295,2.3296,3,42.38464999999999,2.330506219266767,1.001891235685101
8048,2.3299,2.33,2,44.714549999999996,2.3304836472048858,1.001915586359158
8049,2.3299,2.33,2,44.714549999999996,2.330442774697778,1.001915586359158
8050,2.33,2.3301,2,44.714549999999996,2.33040174786129,1.0019196448048344
8051,2.3281,2.3282,2,44.714549999999996,2.33014214693821,1.0018425343369868
8052,2.3289,2.329,2,44.714549999999996,2.3298661142852746,1.0018750019023963
8053,2.3291,2.3292,2,44.714549999999996,2.3298117116385098,1.0018831187937487
8054,2.3285,2.3286,2,44.714549999999996,2.329735977447426,1.0018587681196918
8055,2.3288,2.3289,2,44.714549999999996,2.3296611412408543,1.0018709434567201
8056,2.3293,2.3294,2,44.714549999999996,2.329608025503485,1.001891235685101
8057,2.3296,2.3297,2,44.714549999999996,2.3295730642813646,1.0019034110221297
8058,2.3297,2.3298,2,44.714549999999996,2.329532351552802,1.0019074694678058
8059,2.3292,2.3293,2,44.714549999999996,2.3295123067030654,1.0018871772394249
8060,2.3287,2.3288,2,44.714549999999996,2.3294814250031775,1.001866885011044
8061,2.3278,2.3279,2,44.714549999999996,2.329233817514596,1.0018303589999584
8062,2.3269,2.327,2,44.714549999999996,2.328066908757298,1.0017938329888727
8063,2.3278,2.3279,2,44.714549999999996,2.3281980025657667,1.0018303589999584
8064,2.3271,2.3272,2,44.714549999999996,2.328203954690163,1.001801949880225
8065,2.3272,2.3273,2,44.714549999999996,2.3279171104929737,1.0018060083259013
8066,2.3288,2.3289,2,44.714549999999996,2.328017848156999,1.0018709434567201
8067,2.3282,2.3283,2,44.714549999999996,2.3280352649463962,1.001846592782663
8068,2.3285,2.3286,2,44.714549999999996,2.3280919786851966,1.0018587681196918
8069,2.3292,2.3293,2,44.714549999999996,2.3282189642034736,1.0018871772394249
8070,2.3296,2.3297,2,44.714549999999996,2.3283546119637704,1.0019034110221297
8071,2.3292,2.3293,2,44.714549999999996,2.3284619479574795,1.0018871772394249
8072,2.3287,2.3288,2,44.714549999999996,2.3285203553098732,1.001866885011044
8073,2.328,2.3281,2,44.714549999999996,2.3285566789908123,1.0018384758913106
8074,2.3278,2.3279,2,44.714549999999996,2.328513535541606,1.0018303589999584
8075,2.3273,2.3274,2,44.714549999999996,2.328404098899879,1.0018100667715775
8076,2.327,2.3271,2,44.714549999999996,2.328248259173949,1.001797891434549
8077,2.3261,2.3262,2,44.714549999999996,2.3279573339626785,1.0017613654234632
8078,2.3262,2.3263,2,44.714549999999996,2.327254400377607,1.0017654238691394
8079,2.3274,2.3275,2,44.714549999999996,2.3272867174816905,1.0018141252172537
8080,2.3274,2.3275,2,44.714549999999996,2.3273093457328766,1.0018141252172537
8081,2.3291,2.3292,2,44.714549999999996,2.327509160531829,1.0018831187937487
8082,2.3292,2.3293,2,44.714549999999996,2.3283545802659145,1.0018871772394249
8083,2.3293,2.3294,2,44.714549999999996,2.328827290132957,1.001891235685101
8084,2.3298,2.3299,2,44.714549999999996,2.3292163740797744,1.001911527913482
8085,2.3297,2.3298,2,44.714549999999996,2.3293775827198497,1.0019074694678058
8086,2.33,2.3301,2,44.714549999999996,2.3292571704807683,1.0019196448048344
8087,2.3301,2.3302,2,44.714549999999996,2.3294678778605764,1.0019237032505104
8088,2.3293,2.3294,2,44.714549999999996,2.329405865205661,1.001891235685101
8089,2.3294,2.3295,2,44.714549999999996,2.3293701355867307,1.0018952941307773
8090,2.3287,2.3288,2,44.714549999999996,2.3293334007971507,1.001866885011044
8091,2.3307,2.3308,2,44.714549999999996,2.329348521893374,1.0019480539245675
8092,2.331,2.3311,2,44.714549999999996,2.330174260946687,1.0019602292615961
8093,2.3312,2.3313,2,44.714549999999996,2.3306871304733434,1.0019683461529485
8094,2.3306,2.3307,2,44.714549999999996,2.3304481842844353,1.0019439954788913
8095,2.3307,2.3308,2,44.714549999999996,2.33036569512931,1.0019480539245675
8096,2.3298,2.3299,2,44.714549999999996,2.330337714433579,1.001911527913482
8097,2.3286,2.3287,2,44.714549999999996,2.33009389053226,1.0018628265653677
8098,2.3282,2.3283,2,44.714549999999996,2.32914694526613,1.001846592782663
8099,2.3286,2.3287,2,44.714549999999996,2.328928167159678,1.0018628265653677
8100,2.3281,2.3282,3,42.38634999999999,2.3290149314224653,1.0018405051141486
8101,2.3282,2.3283,3,42.38634999999999,2.3290010361104256,1.001846592782663
8102,2.3286,2.3287,2,44.714949999999995,2.328977122750481,1.0018709434567201
8103,2.3288,2.3289,2,44.714949999999995,2.328956922624835,1.0018790603480725
8104,2.33,2.3301,2,44.714949999999995,2.3290228249335847,1.0019277616961868
8105,2.3296,2.3297,2,44.714949999999995,2.329047265086194,1.001911527913482
8106,2.3296,2.3297,2,44.714949999999995,2.3290773333638795,1.001911527913482
8107,2.3298,2.3299,2,44.714949999999995,2.329157048176016,1.0019196448048342
8108,2.3296,2.3297,2,44.714949999999995,2.329187496891028,1.001911527913482
8109,2.3307,2.3308,2,44.714949999999995,2.3293158936511236,1.00195617081592
8110,2.3317,2.3318,2,44.714949999999995,2.32966394546021,1.0019967552726818
8111,2.3317,2.3318,2,44.714949999999995,2.330681972730105,1.0019967552726818
8112,2.3304,2.3305,2,44.714949999999995,2.3306123083969985,1.0019439954788913
8113,2.33,2.3301,2,44.714949999999995,2.3304426478158233,1.0019277616961868
8114,2.3302,2.3303,2,44.714949999999995,2.3304145045869813,1.0019358785875392
8115,2.3302,2.3303,2,44.714949999999995,2.330390840963583,1.0019358785875392
8116,2.3303,2.3304,2,44.714949999999995,2.330373149841272,1.0019399370332154
8117,2.331,2.3311,2,44.714949999999995,2.3303758015947538,1.0019683461529485
8118,2.3311,2.3312,2,44.714949999999995,2.330394023462812,1.0019724045986247
8119,2.3313,2.3314,2,44.714949999999995,2.3304388708986017,1.001980521489977
8120,2.3318,2.3319,2,44.714949999999995,2.330582519165672,1.002000813718358
8121,2.3318,2.3319,2,44.714949999999995,2.330712925152059,1.002000813718358
8122,2.3332,2.3333,2,44.714949999999995,2.3310723926243133,1.0020576319578245
8123,2.3331,2.3332,2,44.714949999999995,2.3318834355745883,1.0020535735121483
8124,2.3318,2.3319,2,44.714949999999995,2.331856137993261,1.002000813718358
8125,2.3318,2.3319,2,44.714949999999995,2.3318380390029416,1.002000813718358
8126,2.3329,2.333,2,44.714949999999995,2.3318696506594456,1.002045456620796
8127,2.3316,2.3317,3,42.38325,2.3318791722778314,1.0019906676041674
8128,2.3315,2.3316,3,42.38325,2.33186138574981,1.0019845799356533
8129,2.3317,2.3318,3,42.38325,2.3318545095037773,1.0019967552726818
8130,2.3322,2.3323,2,44.71545,2.3318572590114774,1.0020271936152532
8131,2.3308,2.3309,2,44.71545,2.331798056835038,1.0019703753757867
8132,2.3308,2.3309,2,44.71545,2.3317185307870902,1.0019703753757867
8133,2.3306,2.3307,2,44.71545,2.3315355127119535,1.0019622584844343
8134,2.3299,2.33,2,44.71545,2.3313566695083123,1.001933849364701
8135,2.3284,2.3285,2,44.71545,2.3309781366780493,1.001872972679558
8136,2.3288,2.3289,2,44.71545,2.3298890683390248,1.001889206462263
8137,2.3296,2.3297,2,44.71545,2.3299543382618526,1.0019216740276724
8138,2.3291,2.3292,2,44.71545,2.329955730765558,1.0019013817992917
8139,2.3291,2.3292,2,44.71545,2.3299175459883363,1.0019013817992917
8140,2.3292,2.3293,2,44.71545,2.329867726170929,1.0019054402449676
8141,2.3285,2.3286,2,44.71545,2.3297807609872887,1.0018770311252345
8142,2.3269,2.327,2,44.71545,2.3293943552936867,1.0018120959944155
8143,2.3271,2.3272,2,44.71545,2.328247177646843,1.001820212885768
8144,2.3268,2.3269,2,44.71545,2.3275235888234214,1.0018080375487393
8145,2.326,2.3261,2,44.71545,2.326914153294053,1.00177556998333
8146,2.3254,2.3255,2,44.71545,2.3261570766470268,1.0017512193092728
8147,2.3254,2.3255,2,44.71545,2.325854245988216,1.0017512193092728
8148,2.3259,2.326,2,44.71545,2.325865684491162,1.0017715115376538
8149,2.3261,2.3262,2,44.71545,2.3260560062615365,1.0017796284290061
8150,2.3255,2.3256,2,44.71545,2.3261669863352576,1.001755277754949
8151,2.3253,2.3254,2,44.71545,2.3259743227052003,1.0017471608635966
8152,2.3245,2.3246,2,44.71545,2.32596606239008,1.001714693298187
8153,2.3241,2.3242,2,44.71545,2.325219637434048,1.0016984595154825
8154,2.323,2.3231,2,44.71545,2.324109818717024,1.0016538166130444
8155,2.3227,2.3228,2,44.71545,2.323404909358512,1.0016416412760158
8156,2.3221,2.3223,2,44.71545,2.322752454679256,1.0016172906019587
8157,2.3219,2.322,2,44.71545,2.322411472807554,1.0016091737106063
8158,2.3228,2.3229,2,44.71545,2.3225224805768243,1.001645699721692
8159,2.3222,2.3223,2,44.71545,2.322762573687868,1.001621349047635
8160,2.3219,2.322,2,44.71545,2.3225469302659008,1.0016091737106063
8161,2.3213,2.3214,2,44.71545,2.3222351976994258,1.0015848230365494
8162,2.3215,2.3216,2,44.71545,2.322088158159541,1.0015929399279018
8163,2.3221,2.3222,2,44.71545,2.3221556479560173,1.0016172906019587
8164,2.324,2.3241,2,44.71545,2.322447558903529,1.0016944010698063
8165,2.3236,2.3237,2,44.71545,2.3226717443908265,1.0016781672871014
8166,2.323,2.3231,2,44.71545,2.322752780166706,1.0016538166130444
8167,2.3231,2.3232,2,44.71545,2.3228180251252644,1.0016578750587206
8168,2.3239,2.324,2,44.71545,2.3229191875193105,1.00169034262413
8169,2.3234,2.3235,2,44.71545,2.322982427247815,1.0016700503957492
8170,2.3243,2.3244,2,44.71545,2.3230811231154056,1.001706576406835
8171,2.324,2.3241,2,44.71545,2.323172083563772,1.0016944010698063
8172,2.3228,2.3229,2,44.71545,2.3231904479533476,1.001645699721692
8173,2.322,2.3221,2,44.71545,2.3231535961079857,1.0016132321562825
8174,2.3212,2.3213,2,44.71545,2.322960920706884,1.0015807645908732
8175,2.3201,2.3202,2,44.71545,2.321530460353442,1.001536121688435
8176,2.3188,2.3189,2,44.71545,2.320165230176721,1.0014833618946448
8177,2.3186,2.3187,2,44.71545,2.3193826150883607,1.0014752450032924
8178,2.3197,2.3198,2,44.71545,2.3194884100589075,1.0015198879057303
8179,2.3181,2.3182,2,44.71545,2.3198303012329182,1.0014549527749115
8180,2.3173,2.3174,2,44.71545,2.3189868674886123,1.001422485209502
8181,2.3171,2.3172,2,44.71545,2.318043433744306,1.0014143683181496
8182,2.3171,2.3172,2,44.71545,2.3176660602465837,1.0014143683181496
8183,2.3175,2.3176,2,44.71545,2.317610706831056,1.0014306021008543
8184,2.3174,2.3175,2,44.71545,2.3175505048793257,1.0014265436551781
8185,2.3156,2.3157,2,44.71545,2.3176692732845363,1.001353491633007
8186,2.3161,2.3162,2,44.71545,2.3172769549634022,1.0013737838613876
8187,2.3169,2.317,2,44.71545,2.3173125583801295,1.0014062514267972
8188,2.3177,2.3178,2,44.71545,2.3174060404820347,1.0014387189922067
8189,2.3196,2.3197,2,44.71545,2.3176437340253564,1.0015158294600541
8190,2.3194,2.3195,2,44.71545,2.318521867012678,1.0015077125687017
8191,2.3189,2.319,2,44.71545,2.3184301305648396,1.0014874203403208
8192,2.3201,2.3202,2,44.71545,2.318506541358458,1.001536121688435
8193,2.3197,2.3198,2,44.71545,2.3189043609056386,1.0015198879057303
8194,2.3206,2.3207,2,44.71545,2.31902289847538,1.001556413916816
8195,2.3213,2.3214,2,44.71545,2.319933739085228,1.0015848230365494
8196,2.3225,2.3226,2,44.71545,2.3212168695426136,1.0016335243846635
8197,2.3237,2.3238,2,44.71545,2.322458434771307,1.0016822257327775
8198,2.3253,2.3254,2,44.71545,2.3238792173856533,1.0017471608635966
8199,2.3247,2.3248,2,44.71545,2.3242896086928266,1.0017228101895395
8200,2.3235,2.3236,2,44.71545,2.324026405795218,1.0016741088414254
8201,2.323,2.3231,2,44.71545,2.323260333176788,1.0016538166130444
8202,2.3229,2.323,2,44.71545,2.322914182271359,1.0016497581673682
8203,2.3215,2.3216,2,44.71545,2.322644013058105,1.0015929399279018
8204,2.3225,2.3226,2,44.71545,2.322561602481272,1.0016335243846635
8205,2.3236,2.3237,2,44.71545,2.3225750889506913,1.0016781672871014
8206,2.3235,2.3236,2,44.71545,2.3226757233494615,1.0016741088414254
8207,2.3219,2.322,2,44.71545,2.3226610475060525,1.0016091737106063
8208,2.3211,2.3212,2,44.71545,2.322501122834046,1.001576706145197
8209,2.3207,2.3208,2,44.71545,2.321600561417023,1.0015604723624922
8210,2.3207,2.3208,2,44.71545,2.321240336850214,1.0015604723624922
8211,2.3226,2.3227,2,44.71545,2.321348646982849,1.0016375828303397
8212,2.3228,2.3229,2,44.71545,2.3217242859646547,1.001645699721692
8213,2.322,2.3221,2,44.71545,2.3218037239223706,1.0016132321562825
8214,2.3218,2.3219,2,44.71545,2.321854124888498,1.0016051152649301
8215,2.3215,2.3216,3,42.39385,2.3218701136276985,1.0015909107050636
8216,2.3223,2.3224,2,44.71615,2.3219073958966807,1.0016396120531776
8217,2.3216,2.3217,3,42.39445,2.3219107907339342,1.0016091737106065
8218,2.3214,2.3215,3,42.39445,2.3218986394920957,1.0015969983735777
8219,2.3191,2.3192,3,42.39445,2.3216168774259502,1.0014569819977495
8220,2.3176,2.3177,3,42.39445,2.319608438712975,1.0013656669700355
8221,2.3182,2.3183,3,42.39445,2.3189042193564875,1.0014021929811212
8222,2.3181,2.3182,3,42.39445,2.3185825316138926,1.0013961053126068
8223,2.3176,2.3177,3,42.39445,2.3182550210759283,1.0013656669700355
8224,2.3169,2.317,3,42.39445,2.3178033473839523,1.0013230532904356
8225,2.3175,2.3176,3,42.39445,2.317716676702823,1.0013595793015213
8226,2.3164,2.3165,3,42.39445,2.317190006021694,1.001292614947864
8227,2.3155,2.3156,3,42.39445,2.3165140036130163,1.0012378259312358
8228,2.3154,2.3155,3,42.39445,2.315957001806508,1.0012317382627214
8229,2.3168,2.3169,3,42.39445,2.316190946466694,1.0013169656219214
8230,2.3162,2.3163,3,42.39445,2.316382721533445,1.0012804396108357
8231,2.3163,2.3164,3,42.39445,2.3164895482886405,1.0012865272793499
8232,2.3168,2.3169,3,42.39445,2.31654755694591,1.0013169656219214
8233,2.3169,2.317,3,42.39445,2.316594070322889,1.0013230532904356
8234,2.3168,2.3169,3,42.39445,2.3166296713672923,1.0013169656219214
8235,2.3158,2.3159,3,42.39445,2.3166393163765946,1.0012560889367785
8236,2.3156,2.3157,3,42.39445,2.316613740469376,1.00124391359975
8237,2.3157,2.3158,3,42.39445,2.316572084570584,1.0012500012682641
8238,2.3145,2.3146,3,42.39445,2.3163464068930804,1.001176949246093
8239,2.314,2.3141,3,42.39445,2.31517320344654,1.0011465109035216
8240,2.3139,2.314,3,42.39445,2.31453660172327,1.0011404232350072
8241,2.3142,2.3143,3,42.39445,2.3144404298023353,1.0011586862405502
8242,2.3136,2.3137,3,42.39445,2.31457516641018,1.0011221602294647
8243,2.3129,2.313,3,42.39445,2.3140167776067866,1.0010795465498645
8244,2.3121,2.3122,3,42.39445,2.3130583888033933,1.0010308452017505
8245,2.3128,2.3129,3,42.39445,2.312993791602545,1.0010734588813504
8246,2.3132,2.3133,3,42.39445,2.313137781462971,1.0010978095554073
8247,2.3132,2.3133,3,42.39445,2.31322551819106,1.0010978095554073
8248,2.3132,2.3133,3,42.39445,2.313278583359325,1.0010978095554073
8249,2.3137,2.3138,3,42.39445,2.313376485354879,1.0011282478979788
8250,2.3171,2.3172,3,42.39445,2.3137950883189786,1.001335228627464
8251,2.3163,2.3164,3,42.39445,2.3150475441594893,1.0012865272793499
8252,2.3155,2.3156,3,42.39445,2.314902734864577,1.0012378259312358
8253,2.313,2.3131,3,42.39445,2.3139513674322885,1.001085634218379
8254,2.313,2.3131,3,42.39445,2.3134756837161445,1.001085634218379
8255,2.313,2.3131,3,42.39445,2.313237841858072,1.001085634218379
8256,2.3128,2.3129,3,42.39445,2.3134432679087116,1.0010734588813504
8257,2.3052,2.3054,3,42.39445,2.312819936811721,1.0006107960742654
8258,2.3084,2.3085,3,42.39445,2.3106099684058603,1.0008056014667222
8259,2.3097,2.3098,3,42.39445,2.31015498420293,1.0008847411574078
8260,2.3117,2.3118,3,42.39445,2.31071390290764,1.0010064945276933
8261,2.3118,2.3119,3,42.39445,2.3110412875679636,1.0010125821962077
8262,2.3114,2.3115,3,42.39445,2.3112078278773716,1.0009882315221503
8263,2.3128,2.3129,3,42.39445,2.3113781263148234,1.0010734588813504
8264,2.3129,2.313,3,42.39445,2.3118854175432157,1.0010795465498645
8265,2.3139,2.314,3,42.39445,2.312059731464381,1.0011404232350072
8266,2.3134,2.3135,3,42.39445,2.3125958388786287,1.0011099848924359
8267,2.3146,2.3147,3,42.39445,2.3127167528121624,1.0011830369146073
8268,2.3157,2.3158,3,42.39445,2.3142083764060812,1.0012500012682641
8269,2.3141,2.3142,3,42.39445,2.3140295281855554,1.0011525985720358
8270,2.3138,2.3139,3,42.39445,2.31392270074464,1.001134335566493
8271,2.3127,2.3128,3,42.39445,2.3136585886592713,1.001067371212836
8272,2.312,2.3121,3,42.39445,2.3133997620189595,1.001024757533236
8273,2.3112,2.3113,3,42.39445,2.31229988100948,1.000976056185122
8274,2.3109,2.311,3,42.39445,2.31159994050474,1.0009577931795792
8275,2.3112,2.3113,3,42.39445,2.31146662700316,1.000976056185122
8276,2.311,2.3111,3,42.39445,2.311311084668773,1.0009638808480934
8277,2.3106,2.3107,3,42.39445,2.311434466696264,1.0009395301740363
8278,2.311,2.3111,3,42.39445,2.31147781129231,1.0009638808480934
8279,2.3103,2.3104,3,42.39445,2.3114508722356875,1.0009212671684935
8280,2.3109,2.311,3,42.39445,2.3114176158902295,1.0009577931795792
8281,2.3107,2.3108,3,42.39445,2.3113741041511062,1.0009456178425504
8282,2.3119,2.312,3,42.39445,2.3113418117085294,1.0010186698647219
8283,2.3114,2.3115,3,42.39445,2.3113395486513832,1.0009882315221503
8284,2.3114,2.3115,3,42.39445,2.311339532864854,1.0009882315221503
8285,2.3116,2.3117,3,42.39445,2.311345442078017,1.0010004068591791
8286,2.3131,2.3132,3,42.39445,2.3115218691813455,1.001091721886893
8287,2.3118,2.3119,3,42.39445,2.311543526813338,1.0010125821962077
8288,2.3118,2.3119,3,42.39445,2.311563357395891,1.0010125821962077
8289,2.3124,2.3125,3,42.39445,2.3116278084014166,1.0010491082072932
8290,2.3121,2.3122,3,42.39445,2.31167287794492,1.0010308452017505
8291,2.3123,2.3124,3,42.39445,2.3117271320534787,1.001043020538779
8292,2.3116,2.3117,3,42.39445,2.311742491953002,1.0010004068591791
8293,2.311,2.3111,3,42.39445,2.311741731193887,1.0009638808480934
8294,2.3114,2.3115,3,42.39445,2.311727508913404,1.0009882315221503
8295,2.3109,2.311,3,42.39445,2.311689272192277,1.0009577931795792
8296,2.3119,2.312,3,42.39445,2.3116796250574776,1.0010186698647219
8297,2.312,2.3121,3,42.39445,2.3116791098056066,1.001024757533236
8298,2.3114,2.3115,3,42.39445,2.3116707512548467,1.0009882315221503
8299,2.3116,2.3117,3,42.39445,2.3116673860986507,1.0010004068591791
8300,2.3116,2.3117,3,42.39445,2.311664108785583,1.0010004068591791
8301,2.3114,2.3115,3,42.39445,2.3116532462068737,1.0009882315221503
8302,2.3108,2.3109,3,42.39445,2.311622196403335,1.0009517055110648
8303,2.3096,2.3097,3,42.39445,2.3113621472125283,1.0008786534888936
8304,2.3097,2.3098,3,42.39445,2.3105310736062643,1.0008847411574078
8305,2.31,2.3101,3,42.39445,2.310585095736847,1.0009030041629507
8306,2.309,2.3091,3,42.39445,2.310505175986912,1.0008421274778079
8307,2.3091,2.3092,3,42.39445,2.3100367839912748,1.0008482151463223
8308,2.3074,2.3075,3,42.39445,2.3098440490424257,1.0007447247815795
8309,2.3059,2.306,3,42.39445,2.3078720245212128,1.0006534097538655
8310,2.3059,2.306,3,42.39445,2.3068860122606063,1.0006534097538655
8311,2.3047,2.3048,3,42.39445,2.305793006130303,1.000580357731694
8312,2.3031,2.3032,3,42.39445,2.3044465030651518,1.0004829550354657
8313,2.3023,2.3024,3,42.39445,2.3033732515325758,1.0004342536873516
8314,2.3024,2.3025,3,42.39445,2.3028866257662877,1.0004403413558658
8315,2.3018,2.3019,3,42.39445,2.3024519754597725,1.00040381534478
8316,2.3025,2.3026,3,42.39445,2.3024679836398487,1.00044642902438
8317,2.3012,2.3013,3,42.39445,2.302045322426566,1.0003672893336946
8318,2.3016,2.3017,3,42.39445,2.3019339918199244,1.0003916400077517
8319,2.3004,2.3005,3,42.39445,2.301166995909962,1.0003185879855803
8320,2.3002,2.3003,3,42.39445,2.3007801975459774,1.0003064126485517
8321,2.2979,2.298,3,42.39445,2.299340098772989,1.0001663962727236
8322,2.2987,2.2988,3,42.39445,2.2990200493864945,1.0002150976208377
8323,2.2987,2.2988,3,42.39445,2.2988920296318964,1.0002150976208377
8324,2.2981,2.2982,3,42.39445,2.298575217779138,1.000178571609752
8325,2.2982,2.2983,3,42.39445,2.2984501451860924,1.0001846592782664
8326,2.2985,2.2986,3,42.39445,2.2984643894186374,1.0002029222838091
8327,2.2986,2.2987,3,42.39445,2.2984982920639783,1.0002090099523235
8328,2.2999,2.3,3,42.39445,2.2989880938174516,1.000288149643009
8329,2.2995,2.2996,3,42.39445,2.299097831759802,1.0002637989689518
8330,2.2987,2.2988,3,42.39445,2.2991381511789606,1.0002150976208377
8331,2.2992,2.2993,3,42.39445,2.2991633209387556,1.000245535963409
8332,2.2978,2.2979,3,42.39445,2.299101162991092,1.0001603086042092
8333,2.2983,2.2984,3,42.39445,2.299035655490754,1.0001907469467806
8334,2.2982,2.2983,3,42.39445,2.2989616179326346,1.0001846592782664
8335,2.2963,2.2964,3,42.39445,2.298707469535436,1.000068993576495
8336,2.296,2.2961,3,42.39445,2.297353734767718,1.0000507305709523
8337,2.2948,2.2949,3,42.39445,2.296076867383859,0.999977678548781
8338,2.2947,2.2948,3,42.39445,2.2953884336919295,0.9999715908802667
8339,2.2943,2.2944,3,42.39445,2.2948442168459646,0.9999472402062096
8340,2.296,2.2961,3,42.39445,2.2952665245768418,1.0000507305709523
8341,2.2958,2.2959,3,42.39445,2.2955067262766384,1.0000385552339237
8342,2.2956,2.2957,3,42.39445,2.2956415140209057,1.0000263798968951
8343,2.2964,2.2965,3,42.39445,2.2958510698719095,1.0000750812450094
8344,2.2963,2.2964,3,42.39445,2.2959640051520527,1.000068993576495
8345,2.2959,2.296,3,42.39445,2.296013481119286,1.000044642902438
8346,2.2954,2.2955,3,42.39445,2.2960118901685753,1.0000142045598668
8347,2.295,2.2951,3,42.39445,2.295984584553026,0.9999898538858095
8348,2.2952,2.2953,3,42.39445,2.2959476915548955,1.0000020292228382
8349,2.2951,2.2952,3,42.39445,2.2959039003787542,0.9999959415543238
8350,2.2933,2.2934,3,42.39445,2.2955417801581,0.9998863635210669
8351,2.2929,2.293,3,42.39445,2.2942208900790497,0.9998620128470098
8352,2.2914,2.2915,3,42.39445,2.2928104450395246,0.9997706978192957
8353,2.2911,2.2912,3,42.39445,2.2919552225197624,0.9997524348137529
8354,2.292,2.2921,3,42.39445,2.2919701483465085,0.9998072238303812
8355,2.2919,2.292,3,42.39445,2.2919501059617917,0.999801136161867
8356,2.2927,2.2928,3,42.39445,2.292468918576496,0.9998498375099811
8357,2.2923,2.2924,3,42.39445,2.2925564231498163,0.9998254868359241
8358,2.2936,2.2937,3,42.39445,2.2927765844116323,0.9999046265266097
8359,2.2939,2.294,3,42.39445,2.2929303401401078,0.9999228895321526
8360,2.2926,2.2927,3,42.39445,2.292951779868202,0.999843749841467
8361,2.2928,2.2929,3,42.39445,2.292965138010178,0.9998559251784955
8362,2.2926,2.2927,3,42.39445,2.292961118600463,0.999843749841467
8363,2.2924,2.2925,3,42.39445,2.2929448848389407,0.9998315745044385
8364,2.2911,2.2912,3,42.39445,2.292734000987717,0.9997524348137529
8365,2.2909,2.291,3,42.39445,2.2918170004938583,0.9997402594767243
8366,2.293,2.2931,3,42.39445,2.2918957672332905,0.999868100515524
8367,2.2927,2.2928,3,42.39445,2.292162215845234,0.9998498375099811
8368,2.2914,2.2915,3,42.39445,2.2921780995873617,0.9997706978192957
8369,2.2914,2.2915,3,42.39445,2.2921333548392653,0.9997706978192957
8370,2.292,2.2921,3,42.39445,2.2921232122269712,0.9998072238303812
8371,2.292,2.2921,3,42.39445,2.292113382268829,0.9998072238303812
8372,2.2908,2.2909,3,42.39445,2.2920190384062322,0.99973417180821
8373,2.292,2.2921,3,42.39445,2.2919979927536356,0.9998072238303812
8374,2.2924,2.2925,3,42.39445,2.2919950056474527,0.9998315745044385
8375,2.2934,2.2935,3,42.39445,2.2921080684309674,0.9998924511895811
8376,2.2947,2.2948,3,42.39445,2.292389951530499,0.9999715908802667
8377,2.2943,2.2944,3,42.39445,2.2933449757652493,0.9999472402062096
8378,2.295,2.2951,3,42.39445,2.2941724878826246,0.9999898538858095
8379,2.296,2.2961,3,42.39445,2.2949034927295746,1.0000507305709523
8380,2.2966,2.2967,3,42.39445,2.2957517463647874,1.000087256582038
8381,2.2971,2.2972,3,42.39445,2.2964258731823937,1.0001176949246093
8382,2.2977,2.2978,3,42.39445,2.297062936591197,1.0001542209356948
8383,2.2973,2.2974,3,42.39445,2.2971419577274648,1.000129870261638
8384,2.2964,2.2965,3,42.39445,2.296814643310373,1.0000750812450094
8385,2.2952,2.2953,3,42.39445,2.2962661534975446,1.0000020292228382
8386,2.2936,2.2937,3,42.39445,2.295799393710702,0.9999046265266097
8387,2.2943,2.2944,3,42.39445,2.295049696855351,0.9999472402062096
8388,2.2949,2.295,4,40.09945,2.2950665839857507,0.9999817369944571
8389,2.2935,2.2936,4,40.09945,2.294963703999412,0.999868100515524
8390,2.2935,2.2936,4,40.09945,2.294475802666275,0.999868100515524
8391,2.2929,2.293,4,40.09945,2.2943716207778158,0.9998193991674098
8392,2.2934,2.2935,4,40.09945,2.2943061462652756,0.9998599836241716
8393,2.293,2.2931,4,40.09945,2.2941734158298477,0.9998275160587623
8394,2.2939,2.294,4,40.09945,2.2941248872431133,0.9999005680809334
8395,2.2932,2.2933,4,40.09945,2.2940381785556374,0.999843749841467
8396,2.2927,2.2928,4,40.09945,2.293936815087493,0.999803165384705
8397,2.2921,2.2922,4,40.09945,2.29362469784106,0.9997544640365909
8398,2.2902,2.2903,4,40.09945,2.2931856773456047,0.999600243100896
8399,2.29,2.2901,4,40.09945,2.2915928386728024,0.9995840093181914
8400,2.2922,2.2923,4,40.09945,2.291777362227591,0.9997625809279432
8401,2.29,2.2901,4,40.09945,2.2917990733376845,0.9995840093181914
8402,2.2909,2.291,4,40.09945,2.2917599812158893,0.9996570613403626
8403,2.2916,2.2917,4,40.09945,2.291716361755083,0.9997138795798292
8404,2.2916,2.2917,4,40.09945,2.2916790169263987,0.9997138795798292
8405,2.2905,2.2906,4,40.09945,2.2915973764018247,0.999624593774953
8406,2.2899,2.29,4,40.09945,2.2913762726633706,0.9995758924268389
8407,2.2888,2.2889,4,40.09945,2.2900881363316854,0.9994866066219629
8408,2.2887,2.2888,4,40.09945,2.2893940681658425,0.9994784897306105
8409,2.2869,2.287,4,40.09945,2.2881470340829213,0.999332385686268
8410,2.2869,2.287,4,40.09945,2.2875235170414605,0.999332385686268
8411,2.2867,2.2868,4,40.09945,2.28711175852073,0.9993161519035632
8412,2.2873,2.2874,4,40.09945,2.2871655418005217,0.9993648532516773
8413,2.2888,2.2889,4,40.09945,2.2878570898293047,0.9994866066219629
8414,2.2893,2.2894,4,40.09945,2.288271169492961,0.9995271910787246
8415,2.2904,2.2905,4,40.09945,2.2886340957650964,0.9996164768836007
8416,2.2906,2.2907,4,40.09945,2.2896170478825484,0.9996327106663054
8417,2.2891,2.2892,4,40.09945,2.2894961001999796,0.9995109572960199
8418,2.2895,2.2896,4,40.09945,2.2894397558185196,0.9995434248614294
8419,2.2893,2.2894,4,40.09945,2.289404590813522,0.9995271910787246
8420,2.2899,2.29,4,40.09945,2.289405426434492,0.9995758924268389
8421,2.2901,2.2902,4,40.09945,2.2894311622379755,0.9995921262095436
8422,2.29,2.2901,4,40.09945,2.2894652806586273,0.9995840093181914
8423,2.2888,2.2889,4,40.09945,2.2894664450840625,0.9994866066219629
8424,2.2888,2.2889,4,40.09945,2.2894401531511055,0.9994866066219629
8425,2.2893,2.2894,4,40.09945,2.2894257570187633,0.9995271910787246
8426,2.2903,2.2904,4,40.09945,2.2894375278650174,0.9996083599922484
8427,2.2907,2.2908,4,40.09945,2.289583597809374,0.9996408275576577
8428,2.2915,2.2916,4,40.09945,2.289817572076667,0.9997057626884768
8429,2.2901,2.2902,4,40.09945,2.289844548079216,0.9995921262095436
8430,2.2894,2.2895,4,40.09945,2.2898546263186903,0.9995353079700771
8431,2.2893,2.2894,4,40.09945,2.289839250531527,0.9995271910787246
8432,2.2895,2.2896,4,40.09945,2.289809545689798,0.9995434248614294
8433,2.2901,2.2902,4,40.09945,2.289811032410931,0.9995921262095436
8434,2.2923,2.2924,4,40.09945,2.290043384232753,0.9997706978192956
8435,2.2929,2.293,4,40.09945,2.2914716921163762,0.9998193991674098
8436,2.2921,2.2922,4,40.09945,2.291785846058188,0.9997544640365909
8437,2.2913,2.2914,4,40.09945,2.2915414810394896,0.999689528905772
8438,2.2902,2.2903,4,40.09945,2.291219593202419,0.999600243100896
8439,2.2902,2.2903,4,40.09945,2.2909952215233975,0.999600243100896
8440,2.29,2.2901,4,40.09945,2.290849411044925,0.9995840093181914
8441,2.2899,2.29,4,40.09945,2.290732221240403,0.9995758924268389
8442,2.2899,2.29,4,40.09945,2.2906341989296966,0.9995758924268389
8443,2.2901,2.2902,4,40.09945,2.2905597921149172,0.9995921262095436
8444,2.2922,2.2923,4,40.09945,2.2906175844681496,0.9997625809279432
8445,2.2945,2.2946,4,40.09945,2.292558792234075,0.9999492694290477
8446,2.2961,2.2962,3,42.39555,2.2943293961170372,1.0000791396906856
8447,2.2987,2.2988,3,42.39555,2.2965146980585187,1.0002374190720569
8448,2.3,2.3001,3,42.39555,2.2982573490292593,1.0003165587627423
8449,2.2989,2.299,3,42.39555,2.29857867451463,1.0002495944090852
8450,2.2981,2.2982,3,42.39555,2.298387204708778,1.0002008930609712
8451,2.297,2.2971,3,42.39555,2.2976936023543892,1.000133928707314
8452,2.2969,2.297,3,42.39555,2.2969627666817907,1.0001278410388
8453,2.298,2.2981,3,42.39555,2.2968263104873374,1.0001948053924568
8454,2.299,2.2991,3,42.39555,2.297913155243669,1.0002556820775994
8455,2.2994,2.2995,3,42.39555,2.298656577621834,1.0002800327516568
8456,2.2993,2.2994,3,42.39555,2.2989139465731006,1.0002739450831424
8457,2.2968,2.2969,3,42.39555,2.2978569732865504,1.0001217533702855
8458,2.2962,2.2963,3,42.39555,2.2975999578055597,1.0000852273591998
8459,2.296,2.2961,3,42.39555,2.2967999789027798,1.0000730520221712
8460,2.2955,2.2956,3,42.39555,2.296279987341668,1.0000426136796
8461,2.295,2.2951,3,42.39555,2.295767992405001,1.0000121753370286
8462,2.295,2.2951,3,42.39555,2.2955119949366676,1.0000121753370286
8463,2.2929,2.293,4,40.10255,2.295560240227843,0.9998823050753907
8464,2.2939,2.294,3,42.39645,2.2948961441367057,0.9999634739889144
8465,2.2941,2.2942,3,42.39645,2.2946686743833613,0.999975649325943
8466,2.2933,2.2934,4,40.10305,2.2947037699022523,0.9999249187549907
8467,2.2929,2.293,4,40.10305,2.294102513268168,0.9998924511895811
8468,2.2923,2.2924,4,40.10305,2.293201256634084,0.999843749841467
8469,2.2923,2.2924,4,40.10305,2.2928407539804505,0.999843749841467
8470,2.2913,2.2914,4,40.10305,2.2920703769902255,0.9997625809279433
8471,2.2909,2.291,4,40.10305,2.2916022261941356,0.9997301133625339
8472,2.2923,2.2924,4,40.10305,2.2918883962919185,0.999843749841467
8473,2.2923,2.2924,4,40.10305,2.2920611195253793,0.999843749841467
8474,2.2924,2.2925,4,40.10305,2.292172365758166,0.9998518667328194
8475,2.2931,2.2932,4,40.10305,2.2923854614986743,0.999908684972286
8476,2.2927,2.2928,4,40.10305,2.2924916999683562,0.9998762174068765
8477,2.2908,2.2909,4,40.10305,2.2924248314464273,0.9997219964711814
8478,2.2908,2.2909,4,40.10305,2.291612415723214,0.9997219964711814
8479,2.2922,2.2923,4,40.10305,2.2916770908685313,0.9998356329501146
8480,2.2912,2.2913,4,40.10305,2.29176282766441,0.999754464036591
8481,2.2923,2.2924,4,40.10305,2.2917908234611692,0.999843749841467
8482,2.2912,2.2913,4,40.10305,2.2918069159465992,0.999754464036591
8483,2.2908,2.2909,4,40.10305,2.2917710219741765,0.9997219964711814
8484,2.2908,2.2909,4,40.10305,2.2917122102326863,0.9997219964711814
8485,2.2907,2.2908,4,40.10305,2.2915712287664203,0.9997138795798292
8486,2.2907,2.2908,4,40.10305,2.291460752786801,0.9997138795798292
8487,2.2912,2.2913,4,40.10305,2.291425646867826,0.999754464036591
8488,2.292,2.2921,4,40.10305,2.291421184468394,0.9998193991674099
8489,2.2915,2.2916,4,40.10305,2.2914177402686304,0.9997788147106482
8490,2.292,2.2921,4,40.10305,2.2914244747705648,0.9998193991674099
8491,2.2916,2.2917,4,40.10305,2.2914320158661434,0.9997869316020005
8492,2.2932,2.2933,4,40.10305,2.2916297616202437,0.9999168018636384
8493,2.2939,2.294,3,42.396950000000004,2.2927648808101218,0.999973620103105
8494,2.2938,2.2939,3,42.396950000000004,2.293282440405061,0.9999675324345906
8495,2.2951,2.2952,3,42.396950000000004,2.2941912202025305,1.0000466721252763
8496,2.2952,2.2953,3,42.396950000000004,2.294594732121518,1.0000527597937905
8497,2.2962,2.2963,3,42.396950000000004,2.295397366060759,1.0001136364789331
8498,2.2964,2.2965,3,42.396950000000004,2.2957984196364554,1.0001258118159617
8499,2.2957,2.2958,3,42.396950000000004,2.2957656130909703,1.0000831981363618
8500,2.2969,2.297,3,42.396950000000004,2.2954636956656955,1.0001562501585333
8501,2.2979,2.298,3,42.396950000000004,2.2964382173994173,1.0002171268436757
8502,2.2971,2.2972,3,42.396950000000004,2.296627298142441,1.0001684254955616
8503,2.2981,2.2982,3,42.396950000000004,2.2972163788854645,1.0002293021807045
8504,2.3003,2.3004,3,42.396950000000004,2.298758189442732,1.0003632308880184
8505,2.302,2.3021,3,42.396950000000004,2.3003790947213663,1.0004667212527611
8506,2.3028,2.3029,3,42.396950000000004,2.301589547360683,1.0005154226008752
8507,2.3032,2.3033,3,42.396950000000004,2.3023947736803416,1.0005397732749324
8508,2.3025,2.3026,3,42.396950000000004,2.302436864208205,1.0004971595953325
8509,2.3037,2.3038,3,42.396950000000004,2.302942118524923,1.0005702116175037
8510,2.3022,2.3023,3,42.396950000000004,2.3027300846606593,1.0004788965897895
8511,2.3032,2.3033,3,42.396950000000004,2.3024031028522325,1.0005397732749324
8512,2.303,2.3031,3,42.396950000000004,2.3025357466628473,1.0005275979379038
8513,2.305,2.3051,3,42.396950000000004,2.302421570652015,1.0006493513081893
8514,2.3053,2.3054,3,42.396950000000004,2.303860785326007,1.000667614313732
8515,2.3037,2.3038,3,42.396950000000004,2.3037053291900023,1.0005702116175037
8516,2.3044,2.3045,3,42.396950000000004,2.303577884205893,1.0006128252971038
8517,2.3029,2.303,3,42.396950000000004,2.3033859169079736,1.0005215102693896
8518,2.3032,2.3033,3,42.396950000000004,2.3033095700171655,1.0005397732749324
8519,2.3017,2.3018,3,42.396950000000004,2.3031163962417,1.0004484582472182
8520,2.3007,2.3008,3,42.396950000000004,2.30190819812085,1.0003875815620755
8521,2.3006,2.3007,3,42.396950000000004,2.301254099060425,1.0003814938935613
8522,2.3003,2.3004,3,42.396950000000004,2.300872459436255,1.0003632308880184
8523,2.2997,2.2998,3,42.396950000000004,2.300403475661753,1.0003267048769329
8524,2.3007,2.3008,3,42.396950000000004,2.3006618357102693,1.0003875815620755
8525,2.3007,2.3008,3,42.396950000000004,2.300795686384612,1.0003875815620755
8526,2.3006,2.3007,4,40.096250000000005,2.300860789322754,1.0003794646707234
8527,2.3003,2.3004,5,37.79585,2.3008776832119535,1.000353084773828
8528,2.2991,2.2992,5,37.79585,2.300743720193193,1.0002313314035425
8529,2.2982,2.2983,5,37.79585,2.299471860096596,1.0001400163758283
8530,2.2985,2.2986,5,37.79585,2.298985930048298,1.0001704547183996
8531,2.2992,2.2993,5,37.79585,2.2991029086168555,1.0002414775177328
8532,2.2986,2.2987,6,35.497150000000005,2.2992478971595793,1.0001785716097522
8533,2.2986,2.2987,7,33.19845000000001,2.29928202701542,1.000176542386914
8534,2.2978,2.2979,7,33.19845000000001,2.299232114918274,1.000062905907981
8535,2.2972,2.2973,7,33.19845000000001,2.2984192689509646,0.9999776785487812
8536,2.2968,2.2969,7,33.19845000000001,2.2976096344754824,0.9999208603093147
8537,2.2965,2.2966,7,33.19845000000001,2.2971657806852894,0.9998782466297147
8538,2.2966,2.2967,7,33.19845000000001,2.2969771871235265,0.9998924511895814
8539,2.298,2.2981,7,33.19845000000001,2.29710705617323,1.0000913150277142
8540,2.2977,2.2978,7,33.19845000000001,2.297205944557826,1.0000487013481143
8541,2.299,2.2991,6,35.49745000000001,2.2976117665420315,1.0002333606263807
8542,2.2999,2.3,6,35.49745000000001,2.2979858058499305,1.0003429386596376
8543,2.2997,2.2998,6,35.49745000000001,2.2988429029249655,1.0003185879855805
8544,2.3008,2.3009,6,35.49745000000001,2.2989228872384504,1.0004525166928946
8545,2.3016,2.3017,6,35.49745000000001,2.3002614436192252,1.0005499193891227
8546,2.3014,2.3015,6,35.49745000000001,2.3008307218096125,1.0005255687150658
8547,2.3009,2.301,6,35.49745000000001,2.3008505155782943,1.0004646920299232
8548,2.3004,2.3005,6,35.49745000000001,2.3006814020792232,1.0004038153447803
8549,2.3001,2.3002,6,35.49745000000001,2.300563404272329,1.0003672893336946
8550,2.3005,2.3006,6,35.49745000000001,2.3004910946922816,1.000415990681809
8551,2.2996,2.2997,6,35.49745000000001,2.300348345377843,1.000306412648552
8552,2.3002,2.3003,6,35.49745000000001,2.300308258966436,1.0003794646707234
8553,2.3,2.3001,6,35.49745000000001,2.3002557176472944,1.000355113996666
8554,2.2998,2.2999,6,35.49745000000001,2.300203869428152,1.000330763322609
8555,2.3003,2.3004,6,35.49745000000001,2.30018749490816,1.0003916400077517
8556,2.2998,2.2999,6,35.49745000000001,2.30015763400608,1.000330763322609
8557,2.2996,2.2997,6,35.49745000000001,2.300122412270529,1.000306412648552
8558,2.2987,2.2988,6,35.49745000000001,2.299921057605035,1.000196834615295
8559,2.2983,2.2984,6,35.49745000000001,2.2997372646159615,1.0001481332671809
8560,2.2983,2.2984,6,35.49745000000001,2.2992581764106412,1.0001481332671809
8561,2.2984,2.2985,6,35.49745000000001,2.2992117731993846,1.0001603086042095
8562,2.298,2.2981,6,35.49745000000001,2.2991066938462925,1.0001116072560952
8563,2.2983,2.2984,6,35.49745000000001,2.2990358894816816,1.0001481332671809
8564,2.3,2.3001,6,35.49745000000001,2.2990221569158353,1.000355113996666
8565,2.3,2.3001,6,35.49745000000001,2.2995110784579174,1.000355113996666
8566,2.3004,2.3005,6,35.49745000000001,2.2994600118419712,1.0004038153447803
8567,2.3018,2.3019,6,35.49745000000001,2.299651847149814,1.0005742700631801
8568,2.3009,2.301,6,35.49745000000001,2.300067898099876,1.0004646920299232
8569,2.3007,2.3008,6,35.49745000000001,2.3000932171293567,1.000440341355866
8570,2.3001,2.3002,6,35.49745000000001,2.30011972821593,1.0003672893336946
8571,2.3004,2.3005,6,35.49745000000001,2.3001358725259764,1.0004038153447803
8572,2.3015,2.3016,6,35.49745000000001,2.3001947234480586,1.0005377440520944
8573,2.3,2.3001,7,33.19735000000001,2.3002396373778984,1.000353084773828
8574,2.3003,2.3004,6,35.49765000000001,2.300256778115256,1.000395698453428
8575,2.3008,2.3009,6,35.49765000000001,2.300282761009669,1.0004565751385708
8576,2.3019,2.302,6,35.49765000000001,2.3004882442484935,1.0005905038458847
8577,2.3019,2.302,6,35.49765000000001,2.3011941221242465,1.0005905038458847
8578,2.3025,2.3026,6,35.49765000000001,2.301197854146721,1.0006635558680559
8579,2.302,2.3021,6,35.49765000000001,2.3012474868712314,1.0006026791829132
8580,2.3026,2.3027,6,35.49765000000001,2.3013565297590715,1.0006757312050847
8581,2.3026,2.3027,6,35.49765000000001,2.3017118069707654,1.0006757312050847
8582,2.3023,2.3024,6,35.49765000000001,2.3017445254553426,1.000639205193999
8583,2.3029,2.303,6,35.49765000000001,2.3018120321493525,1.0007122572161702
8584,2.3016,2.3017,7,33.19595000000001,2.3018378260366648,1.000551948611961
8585,2.3017,2.3018,8,30.89415000000001,2.3018502046780034,1.0005641239489897
8586,2.3019,2.302,7,33.196050000000014,2.3018601673827623,1.000596591514399
8587,2.3023,2.3024,7,33.196050000000014,2.3018779962025033,1.0006534097538657
8588,2.3026,2.3027,7,33.196050000000014,2.3019092528760225,1.0006960234334656
8589,2.3018,2.3019,8,30.894150000000014,2.3019249678986746,1.0005803577316943
8590,2.3016,2.3017,9,28.592450000000014,2.3019291176787924,1.0005458609434468
8591,2.3021,2.3022,8,30.894550000000013,2.3019355878688015,1.000637175971161
8592,2.3019,2.302,8,30.894550000000013,2.301939364691223,1.0006047084057514
8593,2.3014,2.3015,8,30.894550000000013,2.301934732418688,1.0005235394922278
8594,2.3026,2.3027,8,30.894550000000013,2.3019413326332048,1.0007183448846846
8595,2.3023,2.3024,8,30.894550000000013,2.301951679344853,1.0006696435365705
8596,2.3011,2.3012,8,30.894550000000013,2.3019416513624975,1.0004748381441135
8597,2.3014,2.3015,8,30.894550000000013,2.301933210771473,1.0005235394922278
8598,2.3018,2.3019,8,30.894550000000013,2.3019225824546194,1.0005884746230467
8599,2.3019,2.302,8,30.894550000000013,2.3019142396355323,1.0006047084057514
8600,2.3029,2.303,8,30.894550000000013,2.301953166772534,1.0007670462327989
8601,2.3047,2.3048,8,30.894550000000013,2.302226765990919,1.001059254321484
8602,2.3042,2.3043,8,30.894550000000013,2.3032133829954593,1.0009780854079602
8603,2.306,2.3061,8,30.894550000000013,2.30460669149773,1.0012702934966455
8604,2.308,2.3081,8,30.894550000000013,2.306303345748865,1.00159496915074
8605,2.3087,2.3088,8,30.894550000000013,2.3075016728744324,1.0017086056296731
8606,2.3089,2.309,8,30.894550000000013,2.308200836437216,1.0017410731950827
8607,2.3079,2.308,8,30.894550000000013,2.30808050186233,1.0015787353680352
8608,2.3087,2.3088,8,30.894550000000013,2.3082870012415535,1.0017086056296731
8609,2.3082,2.3083,8,30.894550000000013,2.308262143743967,1.0016274367161495
8610,2.3094,2.3095,8,30.894550000000013,2.3085466078079753,1.0018222421086063
8611,2.3096,2.3097,8,30.894550000000013,2.3089679646847854,1.0018547096740158
8612,2.3078,2.3079,8,30.894550000000013,2.308727399352686,1.0015625015853307
8613,2.3076,2.308,8,30.894550000000013,2.3082312561408243,1.0015300340199211
8614,2.3071,2.3072,8,30.894550000000013,2.3079254469958967,1.0014488651063975
8615,2.3061,2.3062,8,30.894550000000013,2.3076343935278905,1.0012865272793503
8616,2.3061,2.3062,8,30.894550000000013,2.307020636116734,1.0012865272793503
8617,2.306,2.3061,8,30.894550000000013,2.306612381670041,1.0012702934966455
8618,2.3064,2.3065,9,28.588050000000013,2.306664450584547,1.0013331994046264
8619,2.3065,2.3066,10,26.281450000000014,2.3066862073425787,1.0013494331873312
8620,2.3065,2.3066,11,23.974850000000014,2.3066918968551757,1.001347403964493
8621,2.3071,2.3072,10,26.281950000000016,2.3067087733633267,1.001481332671807
8622,2.3079,2.308,10,26.281950000000016,2.30680168099525,1.0016436704988543
8623,2.3072,2.3073,10,26.281950000000016,2.3068362121195034,1.0015016249001878
8624,2.3058,2.3059,10,26.281950000000016,2.3068307100954355,1.001217533702855
8625,2.3064,2.3065,10,26.281950000000016,2.3068172675345395,1.0013392870731406
8626,2.3069,2.307,10,26.281950000000016,2.306810211569977,1.0014407482150454
8627,2.3065,2.3066,10,26.281950000000016,2.3067988217420905,1.0013595793015218
8628,2.3063,2.3064,10,26.281950000000016,2.3067529397455577,1.0013189948447596
8629,2.3072,2.3073,10,26.281950000000016,2.306751617023901,1.0015016249001878
8630,2.3061,2.3062,10,26.281950000000016,2.306723244857143,1.001278410387998
8631,2.3069,2.307,10,26.281950000000016,2.3067185676885957,1.0014407482150454
8632,2.3065,2.3066,10,26.281950000000016,2.3067116500581166,1.0013595793015218
8633,2.306,2.3061,10,26.281950000000016,2.306680651772369,1.001258118159617
8634,2.3066,2.3067,10,26.281950000000016,2.3066688621784044,1.0013798715299023
8635,2.3073,2.3074,10,26.281950000000016,2.3066695538572457,1.0015219171285688
8636,2.3056,2.3057,10,26.281950000000016,2.3064021653929343,1.0011769492460934
8637,2.3069,2.307,10,26.281950000000016,2.3064136843085956,1.0014407482150454
8638,2.3072,2.3073,10,26.281950000000016,2.3064323109929767,1.0015016249001878
8639,2.3068,2.3069,10,26.281950000000016,2.306450584974711,1.0014204559866642
8640,2.3058,2.3059,11,23.976050000000015,2.3064593803702254,1.001215504480017
8641,2.3059,2.306,11,23.976050000000015,2.3064553266158296,1.001237825931236
8642,2.3053,2.3054,11,23.976050000000015,2.3063593627126386,1.001103897223922
8643,2.3065,2.3066,10,26.282550000000015,2.3063537746238323,1.00137175463855
8644,2.3057,2.3058,10,26.282550000000015,2.3063158275759026,1.0012094168115029
8645,2.3054,2.3055,10,26.282550000000015,2.306243151465055,1.00114854012636
8646,2.3038,2.3039,10,26.282550000000015,2.305931853377646,1.0008238644722653
8647,2.3038,2.3039,10,26.282550000000015,2.304865926688823,1.0008238644722653
8648,2.3045,2.3046,10,26.282550000000015,2.304959281645191,1.0009659100709318
8649,2.3052,2.3053,10,26.282550000000015,2.3049950143050957,1.001107955669598
8650,2.3051,2.3052,10,26.282550000000015,2.305020122549277,1.0010876634412174
8651,2.3051,2.3052,10,26.282550000000015,2.3050381592750053,1.0010876634412174
8652,2.306,2.3061,10,26.282550000000015,2.3051235077408707,1.0012702934966455
8653,2.3056,2.3057,10,26.282550000000015,2.3051881637643468,1.0011891245831217
8654,2.3048,2.3049,10,26.282550000000015,2.3051984430522183,1.0010267867560745
8655,2.3054,2.3055,10,26.282550000000015,2.3052159315744363,1.00114854012636
8656,2.3047,2.3048,10,26.282550000000015,2.305209685149774,1.0010064945276935
8657,2.3044,2.3045,10,26.282550000000015,2.30515039190034,1.0009456178425509
8658,2.3045,2.3046,10,26.282550000000015,2.305123482101584,1.0009659100709318
8659,2.3054,2.3055,10,26.282550000000015,2.3051075061362027,1.00114854012636
8660,2.3055,2.3056,10,26.282550000000015,2.3051074305185564,1.001168832354741
8661,2.3051,2.3052,10,26.282550000000015,2.3051072807605326,1.0010876634412174
8662,2.3057,2.3058,10,26.282550000000015,2.305120590832643,1.0012094168115029
8663,2.3061,2.3062,10,26.282550000000015,2.305205359101662,1.0012905857250265
8664,2.306,2.3061,10,26.282550000000015,2.3052761570707307,1.0012702934966455
8665,2.3063,2.3064,10,26.282550000000015,2.3053661395939895,1.0013311701817882
8666,2.3061,2.3062,10,26.282550000000015,2.3054448718958076,1.0012905857250265
8667,2.3059,2.306,10,26.282550000000015,2.305474225347891,1.0012500012682646
8668,2.3062,2.3063,10,26.282550000000015,2.305539700876112,1.0013108779534072
8669,2.3048,2.3049,10,26.282550000000015,2.3055475955369924,1.0010267867560745
8670,2.3044,2.3045,10,26.282550000000015,2.305496430383358,1.0009456178425509
8671,2.3048,2.3049,10,26.282550000000015,2.3054833671210333,1.0010267867560745
8672,2.3038,2.3039,10,26.282550000000015,2.3053032245532328,1.0008238644722653
8673,2.3032,2.3033,10,26.282550000000015,2.3044619347319397,1.0007021111019798
8674,2.304,2.3041,10,26.282550000000015,2.3044935280359757,1.0008644489290273
8675,2.3055,2.3056,10,26.282550000000015,2.304617336820924,1.001168832354741
8676,2.3049,2.305,10,26.282550000000015,2.304693682521955,1.0010470789844554
8677,2.305,2.3051,10,26.282550000000015,2.304740946022514,1.0010673712128364
8678,2.3041,2.3042,10,26.282550000000015,2.3047303041252,1.000884741157408
8679,2.3038,2.3039,10,26.282550000000015,2.3046469730309598,1.0008238644722653
8680,2.3034,2.3035,10,26.282550000000015,2.3044824768566796,1.0007426955587417
8681,2.3037,2.3038,10,26.282550000000015,2.30440337505715,1.0008035722438844
8682,2.3038,2.3039,10,26.282550000000015,2.3043354991343383,1.0008238644722653
8683,2.3034,2.3035,10,26.282550000000015,2.304239300480193,1.0007426955587417
8684,2.3014,2.3015,10,26.282550000000015,2.303882797267527,1.0003368509911235
8685,2.3012,2.3013,10,26.282550000000015,2.3025413986337635,1.0002962665343618
8686,2.301,2.3011,10,26.282550000000015,2.301770699316882,1.0002556820775999
8687,2.3007,2.3008,10,26.282550000000015,2.301342419590129,1.000194805392457
8688,2.3,2.3001,10,26.282550000000015,2.300894946393419,1.0000527597937907
8689,2.3002,2.3003,10,26.282550000000015,2.3006963902810136,1.0000933442505524
8690,2.3015,2.3016,10,26.282550000000015,2.30092016639939,1.0003571432195044
8691,2.2999,2.3,10,26.282550000000015,2.3010010072559024,1.0000324675654098
8692,2.2996,2.2997,10,26.282550000000015,2.300650755441927,0.9999715908802669
8693,2.2995,2.2996,10,26.282550000000015,2.3000753777209635,0.9999512986518863
8694,2.2999,2.3,10,26.282550000000015,2.3002700199413515,1.0000324675654098
8695,2.3011,2.3012,10,26.282550000000015,2.3003299867957927,1.0002759743059806
8696,2.301,2.3011,10,26.282550000000015,2.300385939856874,1.0002556820775999
8697,2.3015,2.3016,10,26.282550000000015,2.300624557383448,1.0003571432195044
8698,2.3015,2.3016,10,26.282550000000015,2.300766318946076,1.0003571432195044
8699,2.3015,2.3016,10,26.282550000000015,2.3008687778310253,1.0003571432195044
8700,2.3021,2.3022,10,26.282550000000015,2.3009806402795197,1.00047889658979
8701,2.302,2.3021,10,26.282550000000015,2.3010841772007034,1.0004586043614088
8702,2.3023,2.3024,10,26.282550000000015,2.301189776038492,1.0005194810465516
8703,2.3024,2.3025,10,26.282550000000015,2.301294263516917,1.0005397732749326
8704,2.3034,2.3035,10,26.282550000000015,2.301535870249931,1.0007426955587417
8705,2.305,2.3051,10,26.282550000000015,2.303267935124966,1.0010673712128364
8706,2.3049,2.305,10,26.282550000000015,2.304083967562483,1.0010470789844554
8707,2.3049,2.305,10,26.282550000000015,2.30441038053749,1.0010470789844554
8708,2.3039,2.304,10,26.282550000000015,2.3041323087198156,1.0008441567006463
8709,2.3025,2.3026,10,26.282550000000015,2.3036995253863015,1.0005600655033136
8710,2.3027,2.3028,10,26.282550000000015,2.3034316117147458,1.0006006499600755
8711,2.3018,2.3019,10,26.282550000000015,2.3031736823295867,1.000418019904647
8712,2.3021,2.3022,10,26.282550000000015,2.303011183088656,1.00047889658979
8713,2.3012,2.3013,10,26.282550000000015,2.302834937454417,1.0002962665343618
8714,2.301,2.3011,10,26.282550000000015,2.3021009624726503,1.0002556820775999
8715,2.3,2.3001,10,26.282550000000015,2.301050481236325,1.0000527597937907
8716,2.3,2.3001,10,26.282550000000015,2.300630288741795,1.0000527597937907
8717,2.3011,2.3012,10,26.282550000000015,2.3008257240255414,1.0002759743059806
8718,2.3007,2.3008,10,26.282550000000015,2.300927245330795,1.000194805392457
8719,2.2994,2.2995,10,26.282550000000015,2.300931591708186,0.9999310064235052
8720,2.2988,2.2989,10,26.282550000000015,2.299865795854093,0.9998092530532197
8721,2.2986,2.2987,10,26.282550000000015,2.2992328979270464,0.999768668596458
8722,2.299,2.2991,10,26.282550000000015,2.299139738756228,0.9998498375099815
8723,2.2992,2.2993,10,26.282550000000015,2.299339028251122,0.9998904219667433
8724,2.2982,2.2983,10,26.282550000000015,2.299396325838989,0.9996874996829342
8725,2.2983,2.2984,10,26.282550000000015,2.2991222443792414,0.9997077919113151
8726,2.2983,2.2984,10,26.282550000000015,2.2989395234060765,0.9997077919113151
8727,2.2994,2.2995,10,26.282550000000015,2.298983050588239,0.9999310064235052
8728,2.2997,2.2998,10,26.282550000000015,2.2990172404246145,0.999991883108648
8729,2.2989,2.299,10,26.282550000000015,2.299048654562586,0.9998295452816007
8730,2.2991,2.2992,10,26.282550000000015,2.2990698619343837,0.9998701297383624
8731,2.2994,2.2995,10,26.282550000000015,2.2990905897045075,0.9999310064235052
8732,2.2997,2.2998,10,26.282550000000015,2.2991116407447088,0.999991883108648
8733,2.3004,2.3005,10,26.282550000000015,2.299211108527613,1.0001339287073143
8734,2.3005,2.3006,10,26.282550000000015,2.29937060589377,1.000154220935695
8735,2.2997,2.2998,10,26.282550000000015,2.2993973463544006,0.999991883108648
8736,2.2998,2.2999,10,26.282550000000015,2.2994456346466197,1.0000121753370288
8737,2.2998,2.2999,10,26.282550000000015,2.299485881415082,1.0000121753370288
8738,2.2998,2.2999,10,26.282550000000015,2.2995198397504373,1.0000121753370288
8739,2.3008,2.3009,10,26.282550000000015,2.299602510352572,1.0002150976208382
8740,2.3015,2.3016,10,26.282550000000015,2.299910288578558,1.0003571432195044
8741,2.3008,2.3009,10,26.282550000000015,2.299979219288812,1.0002150976208382
8742,2.301,2.3011,10,26.282550000000015,2.300057150249173,1.0002556820775999
8743,2.3005,2.3006,10,26.282550000000015,2.3001103937972687,1.000154220935695
8744,2.3003,2.3004,10,26.282550000000015,2.3001438288208957,1.0001136364789334
8745,2.3,2.3001,10,26.282550000000015,2.300164466290584,1.0000527597937907
8746,2.3004,2.3005,10,26.282550000000015,2.3001830178270652,1.0001339287073143
8747,2.3002,2.3003,10,26.282550000000015,2.300196407254462,1.0000933442505524
8748,2.3002,2.3003,10,26.282550000000015,2.3002059901315905,1.0000933442505524
8749,2.2997,2.2998,10,26.282550000000015,2.30020405561569,0.999991883108648
8750,2.2985,2.2986,10,26.282550000000015,2.3000459758973357,0.999748376368077
8751,2.2987,2.2988,10,26.282550000000015,2.2995973172648907,0.9997889608248388
8752,2.2982,2.2983,10,26.282550000000015,2.2995201080134713,0.9996874996829342
8753,2.2985,2.2986,10,26.282550000000015,2.299426697682529,0.999748376368077
8754,2.2988,2.2989,10,26.282550000000015,2.299367409170973,0.9998092530532197
8755,2.3003,2.3004,10,26.282550000000015,2.299367299786611,1.0001136364789334
8756,2.3005,2.3006,10,26.282550000000015,2.2994702277851347,1.000154220935695
8757,2.3006,2.3007,10,26.282550000000015,2.299615041258609,1.0001745131640762
8758,2.2999,2.3,10,26.282550000000015,2.299663696810403,1.0000324675654098
8759,2.3003,2.3004,10,26.282550000000015,2.299725186584287,1.0001136364789334
8760,2.3006,2.3007,10,26.282550000000015,2.299806567019192,1.0001745131640762
8761,2.3006,2.3007,10,26.282550000000015,2.2998842471498047,1.0001745131640762
8762,2.3007,2.3008,10,26.282550000000015,2.299959577841258,1.000194805392457
8763,2.3018,2.3019,10,26.282550000000015,2.300143025147266,1.000418019904647
8764,2.3021,2.3022,10,26.282550000000015,2.300795350098177,1.00047889658979
8765,2.3027,2.3028,10,26.282550000000015,2.3017476750490884,1.0006006499600755
8766,2.3031,2.3032,10,26.282550000000015,2.302288605029453,1.000681818873599
8767,2.3031,2.3032,10,26.282550000000015,2.302559070019636,1.000681818873599
8768,2.3039,2.304,10,26.282550000000015,2.3030954420117817,1.0008441567006463
8769,2.3033,2.3034,10,26.282550000000015,2.3031465815088366,1.0007224033303608
8770,2.3035,2.3036,10,26.282550000000015,2.3030056680005724,1.0007629877871227
8771,2.3044,2.3045,10,26.282550000000015,2.3029792783713705,1.0009456178425509
8772,2.3038,2.3039,10,26.282550000000015,2.303000443555213,1.0008238644722653
8773,2.3038,2.3039,10,26.282550000000015,2.3030416402130425,1.0008238644722653
8774,2.3036,2.3037,10,26.282550000000015,2.303081031110857,1.0007832800155037
8775,2.3031,2.3032,10,26.282550000000015,2.3031045444638436,1.000681818873599
8776,2.3014,2.3015,10,26.282550000000015,2.303007300469915,1.0003368509911235
8777,2.302,2.3021,10,26.282550000000015,2.302875946066043,1.0004586043614088
8778,2.3022,2.3023,10,26.282550000000015,2.3027991557094696,1.0004991888181707
8779,2.3026,2.3027,10,26.282550000000015,2.3027631852481107,1.0005803577316943
8780,2.3036,2.3037,10,26.282550000000015,2.302787756155882,1.0007832800155037
8781,2.3039,2.304,10,26.282550000000015,2.3028989209676167,1.0008441567006463
8782,2.3042,2.3043,10,26.282550000000015,2.303062677393543,1.0009050333857892
8783,2.3043,2.3044,10,26.282550000000015,2.303206257504316,1.00092532561417
8784,2.3035,2.3036,10,26.282550000000015,2.3032572841000087,1.0007629877871227
8785,2.304,2.3041,10,26.282550000000015,2.3033275743173793,1.0008644489290273
8786,2.3038,2.3039,10,26.282550000000015,2.3033850023423135,1.0008238644722653
8787,2.3036,2.3037,10,26.282550000000015,2.303422010244806,1.0007832800155037
8788,2.3033,2.3034,11,23.979150000000015,2.3034395598890205,1.0007203741075228
8789,2.3022,2.3023,11,23.979150000000015,2.3033663593258646,1.0004748381441138
8790,2.3022,2.3023,11,23.979150000000015,2.3028998155955187,1.0004748381441138
8791,2.3021,2.3022,12,21.676950000000016,2.3029044111126584,1.0004504874700566
8792,2.3038,2.3039,11,23.980750000000015,2.3029895882528035,1.0008644489290273
8793,2.3034,2.3035,11,23.980750000000015,2.303005622775588,1.0007751631241513
8794,2.3024,2.3025,11,23.980750000000015,2.3030045907772125,1.0005519486119612
8795,2.3017,2.3018,11,23.980750000000015,2.302884302891033,1.0003956984534281
8796,2.3018,2.3019,11,23.980750000000015,2.302736521220229,1.000418019904647
8797,2.3023,2.3024,11,23.980750000000015,2.302705708947814,1.0005296271607422
8798,2.3015,2.3016,11,23.980750000000015,2.302586417269626,1.00035105555099
8799,2.3016,2.3017,11,23.980750000000015,2.3024794020814023,1.0003733770022092
8800,2.3023,2.3024,11,23.980750000000015,2.302447962923472,1.0005296271607422
8801,2.3018,2.3019,11,23.980750000000015,2.3023817691296027,1.000418019904647
8802,2.3025,2.3026,11,23.980750000000015,2.3023649632862746,1.0005742700631801
8803,2.3025,2.3026,11,23.980750000000015,2.3023555156682476,1.0005742700631801
8804,2.3015,2.3016,11,23.980750000000015,2.302317351991311,1.00035105555099
8805,2.3014,2.3015,11,23.980750000000015,2.3022676726983775,1.000328734099771
8806,2.3016,2.3017,11,23.980750000000015,2.302218393862053,1.0003733770022092
8807,2.3016,2.3017,11,23.980750000000015,2.3021711472573787,1.0003733770022092
8808,2.3015,2.3016,11,23.980750000000015,2.3021244856563765,1.00035105555099
8809,2.3021,2.3022,11,23.980750000000015,2.3020942972505596,1.0004849842583041
8810,2.3022,2.3023,11,23.980750000000015,2.302075520602522,1.0005073057095233
8811,2.3031,2.3032,11,23.980750000000015,2.3021033635670696,1.0007081987704942
8812,2.3058,2.3059,11,23.980750000000015,2.3024508117282876,1.0013108779534072
8813,2.3044,2.3045,11,23.980750000000015,2.303425405864144,1.0009983776363411
8814,2.304,2.3041,11,23.980750000000015,2.303357256910387,1.0009090918314651
8815,2.3064,2.3065,11,23.980750000000015,2.303545092375969,1.0014448066607213
8816,2.306,2.3061,11,23.980750000000015,2.3047725461879844,1.0013555208558453
8817,2.3057,2.3058,11,23.980750000000015,2.305236273093992,1.0012885565021883
8818,2.3062,2.3063,11,23.980750000000015,2.3056217638563954,1.0014001637582834
8819,2.3067,2.3068,11,23.980750000000015,2.3059811759042637,1.0015117710143784
8820,2.3049,2.305,11,23.980750000000015,2.3058053042161175,1.0011099848924363
8821,2.3031,2.3032,11,23.980750000000015,2.305271577434049,1.0007081987704942
8822,2.3037,2.3038,11,23.980750000000015,2.3044857887170247,1.000842127477808
8823,2.3031,2.3032,11,23.980750000000015,2.304385728667646,1.0007081987704942
8824,2.3023,2.3024,11,23.980750000000015,2.3035514372005874,1.0005296271607422
8825,2.3033,2.3034,12,21.677350000000015,2.303637980607774,1.0007508124500941
8826,2.3029,2.303,13,19.374350000000014,2.3036401058055347,1.0006513805310275
8827,2.3055,2.3056,12,21.679850000000012,2.3045700529027675,1.0013372578503024
8828,2.3044,2.3045,12,21.679850000000012,2.3043654331393295,1.0010694004356744
8829,2.306,2.3061,12,21.679850000000012,2.3043884679990994,1.001459011220588
8830,2.3056,2.3057,12,21.679850000000012,2.3048730807994597,1.0013616085243595
8831,2.305,2.3051,12,21.679850000000012,2.3048138217218668,1.001215504480017
8832,2.303,2.3031,12,21.679850000000012,2.3046004441382117,1.000728490998875
8833,2.303,2.3031,12,21.679850000000012,2.303800222069106,1.000728490998875
8834,2.3031,2.3032,12,21.679850000000012,2.303450111034553,1.000752841672932
8835,2.3049,2.305,12,21.679850000000012,2.3037850748704964,1.00119115380596
8836,2.306,2.3061,12,21.679850000000012,2.30412346236061,1.001459011220588
8837,2.3048,2.3049,12,21.679850000000012,2.304323397028328,1.001166803131903
8838,2.3038,2.3039,13,19.375950000000014,2.3043386014314153,1.0009212671684937
8839,2.3027,2.3028,13,19.375950000000014,2.3042114076057065,1.0006310883026468
8840,2.3024,2.3025,13,19.375950000000014,2.3033057038028533,1.0005519486119612
8841,2.3027,2.3028,13,19.375950000000014,2.303063422281712,1.0006310883026468
8842,2.3031,2.3032,13,19.375950000000014,2.3032070678586365,1.0007366078902273
8843,2.3041,2.3042,12,21.680050000000016,2.303405771707153,1.0010004068591793
8844,2.3048,2.3049,12,21.680050000000016,2.303613807671805,1.0011708615775792
8845,2.3024,2.3025,12,21.680050000000016,2.3033440726336263,1.0005864454002087
8846,2.3019,2.302,12,21.680050000000016,2.302622036316813,1.0004646920299232
8847,2.3018,2.3019,12,21.680050000000016,2.3022110181584066,1.0004403413558662
8848,2.3022,2.3023,12,21.680050000000016,2.3024668859062807,1.0005377440520944
8849,2.3036,2.3037,12,21.680050000000016,2.302726906032814,1.0008786534888938
8850,2.3035,2.3036,12,21.680050000000016,2.3029035591725036,1.000854302814837
8851,2.3024,2.3025,12,21.680050000000016,2.302916803715963,1.0005864454002087
8852,2.3008,2.3009,12,21.680050000000016,2.302740621681484,1.0001968346152952
8853,2.3011,2.3012,12,21.680050000000016,2.301920310840742,1.0002698866374664
8854,2.3018,2.3019,12,21.680050000000016,2.3020352265421558,1.0004403413558662
8855,2.3028,2.3029,12,21.680050000000016,2.3021752678551,1.000683848096437
8856,2.3035,2.3036,12,21.680050000000016,2.3023529876781135,1.000854302814837
8857,2.3035,2.3036,12,21.680050000000016,2.302926493839057,1.000854302814837
8858,2.3018,2.3019,12,21.680050000000016,2.302841060511353,1.0004403413558662
8859,2.3019,2.302,12,21.680050000000016,2.3026331845638364,1.0004646920299232
8860,2.3019,2.302,12,21.680050000000016,2.3024814912613216,1.0004646920299232
8861,2.3016,2.3017,12,21.680050000000016,2.3023677377251297,1.000391640007752
8862,2.303,2.3031,12,21.680050000000016,2.3023628077580596,1.0007325494445514
8863,2.3022,2.3023,12,21.680050000000016,2.302358234173236,1.0005377440520944
8864,2.302,2.3021,12,21.680050000000016,2.30234588271054,1.0004890427039803
8865,2.3012,2.3013,12,21.680050000000016,2.3022063414573166,1.0002942373115236
8866,2.3012,2.3013,12,21.680050000000016,2.3020874849411843,1.0002942373115236
8867,2.3017,2.3018,12,21.680050000000016,2.302048153819694,1.000415990681809
8868,2.3023,2.3024,12,21.680050000000016,2.302040232233805,1.0005620947261515
8869,2.3006,2.3007,12,21.680050000000016,2.3019441192829704,1.0001481332671809
8870,2.3002,2.3003,12,21.680050000000016,2.301445799487836,1.0000507305709525
8871,2.3015,2.3016,12,21.680050000000016,2.3014454348061264,1.000367289333695
8872,2.3028,2.3029,12,21.680050000000016,2.3015676073746594,1.000683848096437
8873,2.3033,2.3034,12,21.680050000000016,2.3024338036873297,1.0008056014667226
8874,2.3022,2.3023,12,21.680050000000016,2.3022691158500788,1.0005377440520944
8875,2.3011,2.3012,12,21.680050000000016,2.302061774145395,1.0002698866374664
8876,2.3018,2.3019,12,21.680050000000016,2.301999705999085,1.0004403413558662
8877,2.3028,2.3029,12,21.680050000000016,2.302004343606127,1.000683848096437
8878,2.3043,2.3044,12,21.680050000000016,2.302218731250576,1.0010491082072936
8879,2.3046,2.3047,12,21.680050000000016,2.303409365625288,1.0011221602294649
8880,2.3015,2.3016,12,21.680050000000016,2.3029320242189657,1.000367289333695
8881,2.3021,2.3022,12,21.680050000000016,2.30271475128096,1.0005133933780375
8882,2.303,2.3031,12,21.680050000000016,2.302651798598961,1.0007325494445514
8883,2.3029,2.303,12,21.680050000000016,2.302649246914019,1.0007081987704942
8884,2.3037,2.3038,12,21.680050000000016,2.3027432041151665,1.000903004162951
8885,2.3041,2.3042,12,21.680050000000016,2.3028726298089843,1.0010004068591793
8886,2.3035,2.3036,12,21.680050000000016,2.3029506035037524,1.000854302814837
8887,2.305,2.3051,12,21.680050000000016,2.303163447181017,1.0012195629256933
8888,2.3044,2.3045,12,21.680050000000016,2.303284958437404,1.0010734588813506
8889,2.3042,2.3043,12,21.680050000000016,2.303388208680791,1.0010247575332365
8890,2.3049,2.305,12,21.680050000000016,2.303530844255907,1.001195212251636
8891,2.3054,2.3055,12,21.680050000000016,2.3037608282564013,1.0013169656219216
8892,2.3053,2.3054,12,21.680050000000016,2.304200591611715,1.0012926149478645
8893,2.3039,2.304,13,19.376050000000017,2.3042194255746278,1.000949676288227
8894,2.3052,2.3053,12,21.681250000000016,2.304277878706243,1.0012926149478645
8895,2.3048,2.3049,12,21.681250000000016,2.30431823557664,1.0011952122516363
8896,2.3051,2.3052,12,21.681250000000016,2.304377098286249,1.0012682642738073
8897,2.3044,2.3045,12,21.681250000000016,2.3044030848441817,1.0010978095554077
8898,2.3026,2.3027,12,21.681250000000016,2.3043188995247306,1.00065949742238
8899,2.3043,2.3044,12,21.681250000000016,2.3043112874010507,1.0010734588813508
8900,2.3062,2.3063,12,21.681250000000016,2.304456519116342,1.0015361216884353
8901,2.3063,2.3064,12,21.681250000000016,2.3053782595581707,1.0015604723624925
8902,2.3059,2.306,12,21.681250000000016,2.3056391297790855,1.0014630696662643
8903,2.307,2.3071,12,21.681250000000016,2.3055585271105046,1.0017309270808923
8904,2.3069,2.307,12,21.681250000000016,2.3060056847403367,1.0017065764068354
8905,2.3054,2.3055,12,21.681250000000016,2.3059163451083897,1.0013413162959788
8906,2.3066,2.3067,12,21.681250000000016,2.305892598283859,1.001633524384664
8907,2.3081,2.3082,12,21.681250000000016,2.3060069509859784,1.0019987844955203
8908,2.3086,2.3087,12,21.681250000000016,2.307303475492989,1.0021205378658058
8909,2.3074,2.3075,12,21.681250000000016,2.307101715601934,1.0018283297771207
8910,2.3071,2.3072,12,21.681250000000016,2.3070190734888096,1.0017552777549494
8911,2.308,2.3081,12,21.681250000000016,2.307031392839099,1.0019744338214633
8912,2.3088,2.3089,12,21.681250000000016,2.307130468156068,1.00216923921392
8913,2.3073,2.3074,12,21.681250000000016,2.307182352162526,1.0018039791030637
8914,2.3061,2.3062,12,21.681250000000016,2.307158244975179,1.0015117710143784
8915,2.3083,2.3084,12,21.681250000000016,2.3073865959801436,1.0020474858436346
8916,2.3089,2.309,12,21.681250000000016,2.3075076168364124,1.0021935898879772
8917,2.3093,2.3094,12,21.681250000000016,2.3084038084182064,1.0022909925842054
8918,2.3075,2.3076,12,21.681250000000016,2.3083252474199822,1.0018526804511778
8919,2.3053,2.3054,12,21.681250000000016,2.3078573933861612,1.0013169656219216
8920,2.3053,2.3054,12,21.681250000000016,2.3065786966930806,1.0013169656219216
8921,2.3051,2.3052,12,21.681250000000016,2.3058393483465403,1.0012682642738073
8922,2.304,2.3041,12,21.681250000000016,2.305103609007924,1.0010004068591793
8923,2.3041,2.3042,12,21.681250000000016,2.3047690726719496,1.0010247575332365
8924,2.304,2.3041,12,21.681250000000016,2.304549337622821,1.0010004068591793
8925,2.3031,2.3032,12,21.681250000000016,2.3039696025736927,1.0007812507926654
8926,2.3036,2.3037,12,21.681250000000016,2.303864001838352,1.000903004162951
8927,2.3043,2.3044,12,21.681250000000016,2.3040296678701386,1.0010734588813508
8928,2.3038,2.3039,12,21.681250000000016,2.3041206536784697,1.000951705511065
8929,2.3031,2.3032,12,21.681250000000016,2.3041538580800958,1.0007812507926654
8930,2.3023,2.3024,12,21.681250000000016,2.303226929040048,1.0005864454002087
8931,2.3028,2.3029,12,21.681250000000016,2.303149305578221,1.0007081987704942
8932,2.3016,2.3017,12,21.681250000000016,2.3032200367116618,1.000415990681809
8933,2.3012,2.3013,12,21.681250000000016,2.302412022026997,1.000318587985581
8934,2.3014,2.3015,12,21.681250000000016,2.3020746813513315,1.000367289333695
8935,2.3015,2.3016,12,21.681250000000016,2.3019104866795224,1.000391640007752
8936,2.3,2.3001,12,21.681250000000016,2.3019477170829123,1.0000263798968956
8937,2.2995,2.2996,12,21.681250000000016,2.3007238585414562,0.99990462652661
8938,2.2989,2.299,12,21.681250000000016,2.299811929270728,0.9997585224822675
8939,2.2987,2.2988,12,21.681250000000016,2.299367157562437,0.9997098211341534
8940,2.2985,2.2986,12,21.681250000000016,2.299078105041625,0.999661119786039
8941,2.2975,2.2976,12,21.681250000000016,2.2984468630249753,0.9994176130454681
8942,2.2965,2.2966,12,21.681250000000016,2.2974734315124876,0.9991741063048971
8943,2.2976,2.2977,12,21.681250000000016,2.297509593937491,0.9994419637195252
8944,2.2978,2.2979,12,21.681250000000016,2.2975821954531184,0.9994906650676395
8945,2.2972,2.2973,12,21.681250000000016,2.2977892063471668,0.9993445610232969
8946,2.2962,2.2963,12,21.681250000000016,2.297335147390833,0.9991010542827258
8947,2.2949,2.295,12,21.681250000000016,2.2961175736954167,0.9987844955199836
8948,2.2948,2.2949,12,21.681250000000016,2.2954587868477083,0.9987601448459266
8949,2.2952,2.2953,12,21.681250000000016,2.295355272108625,0.9988575475421549
8950,2.2951,2.2952,12,21.681250000000016,2.2952701814057503,0.9988331968680979
8951,2.2943,2.2944,12,21.681250000000016,2.2949467876038336,0.998638391475641
8952,2.2941,2.2942,12,21.681250000000016,2.2947048482884522,0.9985896901275267
8953,2.2941,2.2942,12,21.681250000000016,2.2945536362163392,0.9985896901275267
8954,2.2951,2.2952,12,21.681250000000016,2.294705966461478,0.9988331968680979
8955,2.2961,2.2962,12,21.681250000000016,2.295081964457025,0.9990767036086687
8956,2.2971,2.2972,12,21.681250000000016,2.2954192395954736,0.9993202103492396
8957,2.2957,2.2958,12,21.681250000000016,2.295550039488386,0.9989793009124405
8958,2.2972,2.2973,12,21.681250000000016,2.295734247473024,0.9993445610232969
8959,2.2971,2.2972,12,21.681250000000016,2.2961894983153495,0.9993202103492396
8960,2.2961,2.2962,12,21.681250000000016,2.296189345462645,0.9990767036086687
8961,2.2945,2.2946,12,21.681250000000016,2.2960355810104494,0.9986870928237553
8962,2.2945,2.2946,12,21.681250000000016,2.295267790505225,0.9986870928237553
8963,2.296,2.2961,12,21.681250000000016,2.295345964044047,0.9990523529346116
8964,2.2956,2.2957,12,21.681250000000016,2.295441395218962,0.9989549502383831
8965,2.2971,2.2972,12,21.681250000000016,2.295689777537037,0.9993202103492396
8966,2.2962,2.2963,12,21.681250000000016,2.295808173383895,0.9991010542827258
8967,2.2953,2.2954,12,21.681250000000016,2.2958199309023755,0.998881898216212
8968,2.2938,2.2939,12,21.681250000000016,2.2956531354490752,0.9985166381053556
8969,2.2941,2.2942,12,21.681250000000016,2.2948765677245375,0.9985896901275267
8970,2.2948,2.2949,12,21.681250000000016,2.294969484652881,0.9987601448459266
8971,2.2945,2.2946,12,21.681250000000016,2.2949917129984696,0.9986870928237553
8972,2.2945,2.2946,12,21.681250000000016,2.2949765619393436,0.9986870928237553
8973,2.2952,2.2953,12,21.681250000000016,2.294978702894717,0.9988575475421549
8974,2.2945,2.2946,12,21.681250000000016,2.294960723789764,0.9986870928237553
8975,2.2955,2.2956,12,21.681250000000016,2.294972364940092,0.9989305995643261
8976,2.2948,2.2949,12,21.681250000000016,2.29497190404886,0.9987601448459266
8977,2.2944,2.2945,12,21.681250000000016,2.2949542593791152,0.9986627421496981
8978,2.2937,2.2938,12,21.681250000000016,2.2948041444292624,0.9984922874312986
8979,2.293,2.2931,12,21.681250000000016,2.294578720638026,0.9983218327128989
8980,2.292,2.2921,12,21.681250000000016,2.293289360319013,0.9980783259723277
8981,2.293,2.2931,12,21.681250000000016,2.2934452954319315,0.9983218327128989
8982,2.2923,2.2924,12,21.681250000000016,2.2934609391037095,0.9981513779944992
8983,2.2926,2.2927,12,21.681250000000016,2.2934235289188933,0.9982244300166705
8984,2.2914,2.2915,12,21.681250000000016,2.2932013113281595,0.9979322219279851
8985,2.2907,2.2908,12,21.681250000000016,2.29195065566408,0.9977617672095856
8986,2.2913,2.2914,12,21.681250000000016,2.29173377044272,0.9979078712539281
8987,2.2932,2.2933,12,21.681250000000016,2.2921129255423907,0.9983705340610131
8988,2.2933,2.2934,12,21.681250000000016,2.2923759503065835,0.9983948847350701
8989,2.2938,2.2939,12,21.681250000000016,2.292613010409519,0.9985166381053556
8990,2.2943,2.2944,12,21.681250000000016,2.292813283867969,0.998638391475641
8991,2.2945,2.2946,12,21.681250000000016,2.2933755225786463,0.9986870928237553
8992,2.293,2.2931,12,21.681250000000016,2.2933537303389557,0.9983218327128989
8993,2.2942,2.2943,12,21.681250000000016,2.293381053382798,0.998614040801584
8994,2.296,2.2961,12,21.681250000000016,2.2935983484889118,0.9990523529346116
8995,2.2982,2.2983,12,21.681250000000016,2.2958991742444557,0.9995880677638679
8996,2.2993,2.2994,12,21.681250000000016,2.297599587122228,0.999855925178496
8997,2.2996,2.2997,12,21.681250000000016,2.298599793561114,0.9999289772006671
8998,2.3003,2.3004,12,21.681250000000016,2.299449896780557,1.0000994319190668
8999,2.3016,2.3017,12,21.681250000000016,2.3005249483902785,1.000415990681809
9000,2.3021,2.3022,12,21.681250000000016,2.3013124741951394,1.0005377440520944
9001,2.3022,2.3023,12,21.681250000000016,2.3017562370975697,1.0005620947261518
9002,2.3017,2.3018,12,21.681250000000016,2.30173749139838,1.000440341355866
9003,2.302,2.3021,12,21.681250000000016,2.3018249942655866,1.0005133933780375
9004,2.3007,2.3008,12,21.681250000000016,2.3015061899740132,1.0001968346152952
9005,2.3002,2.3003,12,21.681250000000016,2.300993850539661,1.0000750812450097
9006,2.3015,2.3016,12,21.681250000000016,2.300886499931605,1.000391640007752
9007,2.3019,2.302,12,21.681250000000016,2.3008530886270013,1.0004890427039803
9008,2.3023,2.3024,12,21.681250000000016,2.301576544313501,1.0005864454002087
9009,2.3028,2.3029,12,21.681250000000016,2.3020659265881003,1.0007081987704942
9010,2.3039,2.304,12,21.681250000000016,2.30298296329405,1.0009760561851224
9011,2.303,2.3031,12,21.681250000000016,2.3029878309243212,1.0007569001186083
9012,2.3016,2.3017,12,21.681250000000016,2.302857087600499,1.000415990681809
9013,2.3021,2.3022,12,21.681250000000016,2.302413860118598,1.0005377440520944
9014,2.3023,2.3024,12,21.681250000000016,2.3022605231158964,1.0005864454002087
9015,2.3047,2.3048,12,21.681250000000016,2.3023882005809746,1.001170861577579
9016,2.3046,2.3047,12,21.681250000000016,2.3034941002904876,1.0011465109035218
9017,2.3043,2.3044,12,21.681250000000016,2.3038970501452436,1.0010734588813508
9018,2.3009,2.301,12,21.681250000000016,2.302398525072622,1.0002455359634095
9019,2.3023,2.3024,13,19.378850000000018,2.30252973435723,1.0005844161773707
9020,2.3032,2.3033,12,21.682050000000018,2.3025806720309068,1.0008218352494274
9021,2.3024,2.3025,13,19.379550000000016,2.3026258790366887,1.0006250006341324
9022,2.3026,2.3027,12,21.682150000000014,2.3026461894550407,1.000677760427923
9023,2.3025,2.3026,12,21.682150000000014,2.3026456382955764,1.0006534097538657
9024,2.3043,2.3044,12,21.682150000000014,2.3027955838655076,1.0010917218868935
9025,2.3043,2.3044,12,21.682150000000014,2.303547791932754,1.0010917218868935
9026,2.3055,2.3056,12,21.682150000000014,2.303579631025346,1.0013839299755785
9027,2.3054,2.3055,12,21.682150000000014,2.3043077786152075,1.0013595793015215
9028,2.3052,2.3053,12,21.682150000000014,2.3046051857434717,1.0013108779534072
9029,2.3033,2.3034,12,21.682150000000014,2.304307011247384,1.0008482151463225
9030,2.3029,2.303,12,21.682150000000014,2.3040571206583134,1.0007508124500941
9031,2.3021,2.3022,12,21.682150000000014,2.30377697263021,1.0005560070576374
9032,2.3006,2.3007,12,21.682150000000014,2.302188486315105,1.0001907469467808
9033,2.2987,2.2988,12,21.682150000000014,2.3004442431575525,0.999728084139696
9034,2.299,2.2991,12,21.682150000000014,2.2997221215787764,0.9998011361618674
9035,2.2983,2.2984,12,21.682150000000014,2.299011060789388,0.9996306814434677
9036,2.2976,2.2977,12,21.682150000000014,2.2984466364736327,0.999460226725068
9037,2.2983,2.2984,12,21.682150000000014,2.2983977576490884,0.9996306814434677
9038,2.2979,2.298,12,21.682150000000014,2.2982555411779204,0.9995332787472392
9039,2.2963,2.2964,12,21.682150000000014,2.2974733247067523,0.9991436679623257
9040,2.2958,2.2959,12,21.682150000000014,2.296636662353376,0.9990219145920403
9041,2.2966,2.2967,12,21.682150000000014,2.296621997412026,0.9992167199844971
9042,2.2953,2.2954,12,21.682150000000014,2.2960931984472155,0.9989001612217548
9043,2.2959,2.296,12,21.682150000000014,2.2960287989648105,0.9990462652660974
9044,2.2953,2.2954,12,21.682150000000014,2.2958205706891506,0.9989001612217548
9045,2.2951,2.2952,12,21.682150000000014,2.295640428016863,0.9988514598736407
9046,2.2953,2.2954,12,21.682150000000014,2.295564777346449,0.9989001612217548
9047,2.2957,2.2958,12,21.682150000000014,2.295699402387021,0.9989975639179832
9048,2.2965,2.2966,12,21.682150000000014,2.2957970947610593,0.99919236931044
9049,2.2974,2.2975,12,21.682150000000014,2.2961426387296777,0.9994115253769539
9050,2.2991,2.2992,12,21.682150000000014,2.2965528486505056,0.9998254868359244
9051,2.3003,2.3004,12,21.682150000000014,2.298426424325253,1.0001176949246096
9052,2.299,2.2991,12,21.682150000000014,2.2987132121626264,0.9998011361618674
9053,2.298,2.2981,12,21.682150000000014,2.298469654002284,0.9995576294212964
9054,2.2965,2.2966,12,21.682150000000014,2.298041500974454,0.99919236931044
9055,2.2976,2.2977,12,21.682150000000014,2.2978692690035674,0.999460226725068
9056,2.2999,2.3,12,21.682150000000014,2.297948193112017,1.0000202922283814
9057,2.2993,2.2994,12,21.682150000000014,2.2986240965560087,0.9998741881840386
9058,2.2999,2.3,12,21.682150000000014,2.29859054619064,1.0000202922283814
9059,2.2993,2.2994,12,21.682150000000014,2.2986311627117457,0.9998741881840386
9060,2.3014,2.3015,12,21.682150000000014,2.2989077989668107,1.0003855523392378
9061,2.3025,2.3026,12,21.682150000000014,2.3007038994834055,1.0006534097538657
9062,2.3022,2.3023,12,21.682150000000014,2.3014519497417028,1.0005803577316943
9063,2.3018,2.3019,12,21.682150000000014,2.3015911698450218,1.0004829550354661
9064,2.3015,2.3016,12,21.682150000000014,2.3015607798966813,1.0004099030132947
9065,2.3012,2.3013,12,21.682150000000014,2.30133888772282,1.0003368509911235
9066,2.3012,2.3013,12,21.682150000000014,2.3012191070556036,1.0003368509911235
9067,2.3019,2.302,12,21.682150000000014,2.301181282972249,1.000507305709523
9068,2.303,2.3031,12,21.682150000000014,2.3012924636736045,1.0007751631241513
9069,2.3032,2.3033,12,21.682150000000014,2.3022462318368024,1.0008238644722653
9070,2.3021,2.3022,12,21.682150000000014,2.3021714400215387,1.0005560070576374
9071,2.3015,2.3016,12,21.682150000000014,2.3021055867106304,1.0004099030132947
9072,2.3011,2.3012,12,21.682150000000014,2.3018659997873936,1.0003125003170663
9073,2.3004,2.3005,12,21.682150000000014,2.301634714247215,1.0001420455986667
9074,2.302,2.3021,12,21.682150000000014,2.3016193619931693,1.0005316563835802
9075,2.3019,2.302,12,21.682150000000014,2.301615020645669,1.000507305709523
9076,2.3014,2.3015,12,21.682150000000014,2.301598586958224,1.0003855523392378
9077,2.3003,2.3004,12,21.682150000000014,2.301460364981976,1.0001176949246096
9078,2.2994,2.2995,12,21.682150000000014,2.301216513720604,0.9998985388580957
9079,2.2981,2.2982,12,21.682150000000014,2.299658256860302,0.9995819800953535
9080,2.298,2.2981,12,21.682150000000014,2.298829128430151,0.9995576294212964
9081,2.2974,2.2975,12,21.682150000000014,2.2981145642150755,0.9994115253769539
9082,2.2972,2.2973,12,21.682150000000014,2.2977487385290454,0.9993628240288397
9083,2.2992,2.2993,12,21.682150000000014,2.298092607329478,0.9998498375099815
9084,2.299,2.2991,12,21.682150000000014,2.2985971183727836,0.9998011361618674
9085,2.2977,2.2978,12,21.682150000000014,2.298659535705606,0.999484577399125
9086,2.2969,2.297,12,21.682150000000014,2.298576181004469,0.9992897720066684
9087,2.2965,2.2966,12,21.682150000000014,2.2975380905022345,0.99919236931044
9088,2.2976,2.2977,12,21.682150000000014,2.2977034072509936,0.999460226725068
9089,2.2986,2.2987,12,21.682150000000014,2.297920174840797,0.9997037334656389
9090,2.3,2.3001,12,21.682150000000014,2.298197927505644,1.0000446429024383
9091,2.2991,2.2992,12,21.682150000000014,2.2983544336500925,0.9998254868359244
9092,2.3005,2.3006,12,21.682150000000014,2.2986455229978136,1.0001663962727239
9093,2.2988,2.2989,12,21.682150000000014,2.2987215946376542,0.9997524348137531
9094,2.2982,2.2983,12,21.682150000000014,2.2987459009147853,0.9996063307694106
9095,2.2973,2.2974,12,21.682150000000014,2.2986293705925895,0.9993871747028967
9096,2.2976,2.2977,12,21.682150000000014,2.29851637008041,0.999460226725068
9097,2.2987,2.2988,12,21.682150000000014,2.2984812716841905,0.999728084139696
9098,2.2999,2.3,12,21.682150000000014,2.2985815301159933,1.0000202922283814
9099,2.3009,2.301,12,21.682150000000014,2.2997407650579964,1.0002637989689522
9100,2.3018,2.3019,12,21.682150000000014,2.3007703825289982,1.0004829550354661
9101,2.3017,2.3018,12,21.682150000000014,2.301235191264499,1.0004586043614088
9102,2.3021,2.3022,12,21.682150000000014,2.3015811147586995,1.0005560070576374
9103,2.304,2.3041,12,21.682150000000014,2.3027905573793497,1.001018669864722
9104,2.3031,2.3032,12,21.682150000000014,2.3028937049195664,1.0007995137982082
9105,2.3035,2.3036,12,21.682150000000014,2.30313622295174,1.0008969164944368
9106,2.3021,2.3022,12,21.682150000000014,2.3024861988710867,1.0005560070576374
9107,2.3029,2.303,12,21.682150000000014,2.302384731912136,1.0007508124500941
9108,2.3035,2.3036,12,21.682150000000014,2.3023627847977903,1.0008969164944368
9109,2.3043,2.3044,12,21.682150000000014,2.303331392398895,1.0010917218868935
9110,2.304,2.3041,12,21.682150000000014,2.3035988354393373,1.001018669864722
9111,2.3041,2.3044,12,21.682150000000014,2.3037658902928917,1.0010430205387792
9112,2.3047,2.3048,12,21.682150000000014,2.3036468739740705,1.0011891245831217
9113,2.3049,2.305,12,21.682150000000014,2.304004909981479,1.001237825931236
9114,2.3031,2.3032,12,21.682150000000014,2.3039511104365324,1.0007995137982082
9115,2.3035,2.3036,12,21.682150000000014,2.3038990911370814,1.0008969164944368
9116,2.3042,2.3043,12,21.682150000000014,2.3038587388843204,1.0010673712128364
9117,2.3048,2.3049,12,21.682150000000014,2.3038700232477085,1.001213475257179
9118,2.3051,2.3052,12,21.682150000000014,2.3039864556465757,1.0012865272793503
9119,2.3042,2.3043,12,21.682150000000014,2.304005611234844,1.0010673712128364
9120,2.3054,2.3055,12,21.682150000000014,2.304121465152929,1.0013595793015215
9121,2.3054,2.3055,12,21.682150000000014,2.3044867608235204,1.0013595793015215
9122,2.3055,2.3056,12,21.682150000000014,2.3045444239484603,1.0013839299755785
9123,2.3057,2.3058,12,21.682150000000014,2.3046225665035402,1.0014326313236928
9124,2.3046,2.3047,12,21.682150000000014,2.3046469741548323,1.0011647739090648
9125,2.3069,2.307,12,21.682150000000014,2.3048096599362187,1.0017248394123779
9126,2.3058,2.3059,12,21.682150000000014,2.304937866986418,1.00145698199775
9127,2.3065,2.3066,12,21.682150000000014,2.305237224094715,1.0016274367161497
9128,2.3045,2.3046,12,21.682150000000014,2.3048686120473576,1.0011404232350076
9129,2.3021,2.3022,12,21.682150000000014,2.3048130790709678,1.0005560070576374
9130,2.3049,2.305,12,21.682150000000014,2.3047982629378114,1.001237825931236
9131,2.3053,2.3054,12,21.682150000000014,2.304820863689135,1.0013352286274644
9132,2.3051,2.3052,12,21.682150000000014,2.3048693541221588,1.0012865272793503
9133,2.3071,2.3072,12,21.682150000000014,2.305091977106381,1.0017735407604922
9134,2.3072,2.3073,12,21.682150000000014,2.3061459885531903,1.0017978914345491
9135,2.3067,2.3068,12,21.682150000000014,2.3064229942765953,1.0016761380642638
9136,2.3058,2.3059,12,21.682150000000014,2.3062768519181995,1.00145698199775
9137,2.3046,2.3047,12,21.682150000000014,2.3059450543039683,1.0011647739090648
9138,2.305,2.3051,12,21.682150000000014,2.3057234048886945,1.0012621766052932
9139,2.3057,2.3058,12,21.682150000000014,2.305689658533077,1.0014326313236928
9140,2.3068,2.3069,12,21.682150000000014,2.305728474693592,1.0017004887383207
9141,2.3077,2.3078,12,21.682150000000014,2.3059235836052947,1.0019196448048346
9142,2.3078,2.3079,12,21.682150000000014,2.306861791802647,1.0019439954788918
9143,2.3087,2.3088,12,21.682150000000014,2.3077808959013235,1.0021631515454057
9144,2.3097,2.3098,12,21.682150000000014,2.3087404479506617,1.0024066582859767
9145,2.3097,2.3098,12,21.682150000000014,2.3092202239753306,1.0024066582859767
9146,2.3097,2.3098,12,21.682150000000014,2.309412134385198,1.0024066582859767
9147,2.3105,2.3106,12,21.682150000000014,2.3098472806311188,1.0026014636784335
9148,2.3115,2.3116,12,21.682150000000014,2.310673640315559,1.0028449704190043
9149,2.3101,2.3102,12,21.682150000000014,2.3105302302366693,1.002504060982205
9150,2.3091,2.3092,12,21.682150000000014,2.3102968685808967,1.002260554241634
9151,2.3076,2.3077,12,21.682150000000014,2.309622101116325,1.0018952941307777
9152,2.3076,2.3077,12,21.682150000000014,2.3086110505581625,1.0018952941307777
9153,2.3066,2.3067,12,21.682150000000014,2.3084655832368997,1.0016517873902067
9154,2.3083,2.3084,12,21.682150000000014,2.30841587498341,1.0020657488491773
9155,2.3093,2.3094,12,21.682150000000014,2.308455579595699,1.0023092555897481
9156,2.3098,2.3099,12,21.682150000000014,2.30859404242839,1.0024310089600337
9157,2.3111,2.3112,12,21.682150000000014,2.3088785006391825,1.002747567722776
9158,2.3116,2.3117,12,21.682150000000014,2.310239250319591,1.0028693210930615
9159,2.3105,2.3106,12,21.682150000000014,2.3100823643090607,1.0026014636784335
9160,2.3093,2.3094,12,21.682150000000014,2.309882878999621,1.0023092555897481
9161,2.3078,2.3079,12,21.682150000000014,2.309611918736703,1.0019439954788918
9162,2.3075,2.3076,12,21.682150000000014,2.3085559593683516,1.0018709434567206
9163,2.3092,2.3093,12,21.682150000000014,2.308717795601977,1.0022849049156912
9164,2.3095,2.3096,12,21.682150000000014,2.3089213165565816,1.0023579569378624
9165,2.3083,2.3084,13,19.373750000000015,2.3089366166988743,1.0020637196263391
9166,2.3091,2.3092,12,21.682850000000016,2.308961017419014,1.0022747588015006
9167,2.3095,2.3096,12,21.682850000000016,2.3090036651427672,1.002372161497729
9168,2.3095,2.3096,12,21.682850000000016,2.309049387967235,1.002372161497729
9169,2.31,2.3101,12,21.682850000000016,2.3091559329714553,1.0024939148680145
9170,2.3102,2.3103,12,21.682850000000016,2.3092627963537,1.0025426162161288
9171,2.3107,2.3108,12,21.682850000000016,2.309408188722579,1.0026643695864144
9172,2.31,2.3101,12,21.682850000000016,2.3094945679315484,1.0024939148680145
9173,2.31,2.3101,12,21.682850000000016,2.3095621053614286,1.0024939148680145
9174,2.3084,2.3085,12,21.682850000000016,2.3095531607395365,1.002104304083101
9175,2.3068,2.3069,12,21.682850000000016,2.309299214236077,1.0017146932981875
9176,2.3079,2.308,12,21.682850000000016,2.3085996071180386,1.0019825507128155
9177,2.3099,2.31,12,21.682850000000016,2.3087996675614173,1.0024695641939576
9178,2.3095,2.3096,12,21.682850000000016,2.3089576850868987,1.002372161497729
9179,2.3092,2.3093,12,21.682850000000016,2.309027022816191,1.0022991094755578
9180,2.3091,2.3092,12,21.682850000000016,2.3090598111105263,1.0022747588015006
9181,2.31,2.3101,12,21.682850000000016,2.309134676779526,1.0024939148680145
9182,2.3104,2.3105,12,21.682850000000016,2.309235409986875,1.0025913175642431
9183,2.3122,2.3123,12,21.682850000000016,2.309607940768311,1.0030296296972707
9184,2.3132,2.3133,12,21.682850000000016,2.3114039703841556,1.0032731364378418
9185,2.3129,2.313,12,21.682850000000016,2.3121519851920778,1.0032000844156705
9186,2.3137,2.3138,12,21.682850000000016,2.3127711911152464,1.003394889808127
9187,2.3138,2.3139,12,21.682850000000016,2.313182714669148,1.0034192404821842
9188,2.313,2.3131,12,21.682850000000016,2.313130510477963,1.0032244350897275
9189,2.3135,2.3136,12,21.682850000000016,2.3129372230478404,1.003346188460013
9190,2.3141,2.3142,12,21.682850000000016,2.3132279172858805,1.0034922925043555
9191,2.3137,2.3138,12,21.682850000000016,2.3133223338287046,1.003394889808127
9192,2.3121,2.3122,12,21.682850000000016,2.31312235628455,1.0030052790232136
9193,2.3106,2.3107,12,21.682850000000016,2.3127294331771004,1.0026400189123572
9194,2.3113,2.3114,12,21.682850000000016,2.3120147165885503,1.002810473630757
9195,2.3123,2.3124,12,21.682850000000016,2.3120683711572205,1.0030539803713279
9196,2.3132,2.3133,12,21.682850000000016,2.312215145699112,1.0032731364378418
9197,2.3134,2.3135,12,21.682850000000016,2.312382903857239,1.0033218377859559
9198,2.3128,2.3129,12,21.682850000000016,2.31245393463629,1.0031757337416134
9199,2.3138,2.3139,12,21.682850000000016,2.3125742584166025,1.0034192404821842
9200,2.3138,2.3139,12,21.682850000000016,2.312924470297573,1.0034192404821842
9201,2.3131,2.3132,12,21.682850000000016,2.312946673764823,1.0032487857637846
9202,2.3136,2.3137,12,21.682850000000016,2.312985181766563,1.00337053913407
9203,2.3124,2.3125,13,19.370350000000016,2.312985886535516,1.0030763018225468
9204,2.3108,2.3109,13,19.370350000000016,2.3127884669933145,1.0026542234722238
9205,2.31,2.3101,13,19.370350000000016,2.3113942334966575,1.0024431842970623
9206,2.3104,2.3105,13,19.370350000000016,2.310897116748329,1.0025487038846432
9207,2.3109,2.311,14,17.059350000000016,2.3111455042263747,1.002678574146281
9208,2.312,2.3121,13,19.371350000000017,2.3114264117787413,1.002991074463347
9209,2.3112,2.3113,14,17.060050000000018,2.311473578697237,1.0027780060653475
9210,2.3105,2.3106,14,17.060050000000018,2.3114582684564398,1.0025791422272146
9211,2.3099,2.31,14,17.060050000000018,2.3112978178466936,1.0024086875088147
9212,2.3111,2.3112,14,17.060050000000018,2.3112674097279977,1.0027495969456142
9213,2.3109,2.311,14,17.060050000000018,2.311237616572495,1.0026927787061477
9214,2.3111,2.3112,14,17.060050000000018,2.3112150162208502,1.0027495969456142
9215,2.3113,2.3114,14,17.060050000000018,2.3112026947942512,1.0028064151850808
9216,2.312,2.3121,0,49.42805000000001,2.3112308539874373,1.0030052790232136
9217,2.3126,2.3127,0,49.42805000000001,2.3113488597148004,1.0030052790232136
9218,2.3112,2.3113,0,49.42805000000001,2.3113627138098782,1.0030052790232136
9219,2.3104,2.3105,0,49.42805000000001,2.311317701255242,1.0030052790232136
9220,2.3095,2.3096,0,49.42805000000001,2.3111340414596873,1.0030052790232136
9221,2.3098,2.3099,0,49.42805000000001,2.3106004248758123,1.0030052790232136
9222,2.3114,2.3115,0,49.42805000000001,2.310625241487242,1.0030052790232136
9223,2.312,2.3121,0,49.42805000000001,2.3108466659100944,1.0030052790232136
9224,2.3117,2.3118,0,49.42805000000001,2.311014824454889,1.0030052790232136
9225,2.3124,2.3125,0,49.42805000000001,2.3111705982001025,1.0030052790232136
9226,2.3122,2.3123,0,49.42805000000001,2.3112967118110173,1.0030052790232136
9227,2.3112,2.3113,0,49.42805000000001,2.311343907751345,1.0030052790232136
9228,2.3116,2.3117,0,49.42805000000001,2.311384509453303,1.0030052790232136
9229,2.3114,2.3115,0,49.42805000000001,2.311407281716864,1.0030052790232136
9230,2.3111,2.3112,0,49.42805000000001,2.311408980276673,1.0030052790232136
9231,2.3107,2.3108,0,49.42805000000001,2.311373936929112,1.0030052790232136
9232,2.3089,2.309,0,49.42805000000001,2.3111131937846423,1.0030052790232136
9233,2.3081,2.3082,0,49.42805000000001,2.309606596892321,1.0030052790232136
9234,2.3084,2.3085,0,49.42805000000001,2.3090032984461604,1.0030052790232136
9235,2.3083,2.3084,0,49.42805000000001,2.308721979067696,1.0030052790232136
9236,2.3075,2.3076,0,49.42805000000001,2.3083146527117977,1.0030052790232136
9237,2.3082,2.3083,0,49.42805000000001,2.308281894794141,1.0030052790232136
9238,2.3081,2.3082,0,49.42805000000001,2.3084393963136005,1.0030052790232136
9239,2.3084,2.3085,0,49.42805000000001,2.308523714463059,1.0030052790232136
9240,2.3067,2.3068,0,49.42805000000001,2.308493671820084,1.0030052790232136
9241,2.3073,2.3074,0,49.42805000000001,2.3082549374560672,1.0030052790232136
9242,2.3074,2.3075,0,49.42805000000001,2.3082252860470875,1.0030052790232136
9243,2.3073,2.3074,0,49.42805000000001,2.308177030206205,1.0030052790232136
9244,2.3076,2.3077,0,49.42805000000001,2.3081338409431904,1.0030052790232136
9245,2.3072,2.3073,0,49.42805000000001,2.308079296760214,1.0030052790232136
9246,2.3051,2.3052,0,49.42805000000001,2.307674570423798,1.0030052790232136
9247,2.3043,2.3044,0,49.42805000000001,2.305987285211899,1.0030052790232136
9248,2.3043,2.3044,0,49.42805000000001,2.3051436426059495,1.0030052790232136
9249,2.3051,2.3052,0,49.42805000000001,2.3051261855635694,1.0030052790232136
9250,2.3049,2.305,0,49.42805000000001,2.3053704440208946,1.0030052790232136
9251,2.3048,2.3049,0,49.42805000000001,2.3054550093245325,1.0030052790232136
9252,2.3061,2.3062,0,49.42805000000001,2.305571107531179,1.0030052790232136
9253,2.3052,2.3053,0,49.42805000000001,2.3055877764347623,1.0030052790232136
9254,2.3049,2.305,0,49.42805000000001,2.3055723131182777,1.0030052790232136
9255,2.3053,2.3054,0,49.42805000000001,2.3055541097194348,1.0030052790232136
9256,2.3062,2.3063,0,49.42805000000001,2.305565312606465,1.0030052790232136
9257,2.3061,2.3062,0,49.42805000000001,2.305591171983347,1.0030052790232136
9258,2.3061,2.3062,0,49.42805000000001,2.305623380142042,1.0030052790232136
9259,2.3062,2.3063,0,49.42805000000001,2.3056606175684524,1.0030052790232136
9260,2.3069,2.307,0,49.42805000000001,2.305786509963954,1.0030052790232136
9261,2.3066,2.3067,0,49.42805000000001,2.3058749882182976,1.0030052790232136
9262,2.3068,2.3069,0,49.42805000000001,2.3059606232977052,1.0030052790232136
9263,2.3072,2.3073,0,49.42805000000001,2.3060651941745927,1.0030052790232136
9264,2.3072,2.3073,0,49.42805000000001,2.3061663504340975,1.0030052790232136
9265,2.3063,2.3064,0,49.42805000000001,2.306205834519693,1.0030052790232136
9266,2.3064,2.3065,0,49.42805000000001,2.30624255253246,1.0030052790232136
9267,2.3068,2.3069,0,49.42805000000001,2.306287073697907,1.0030052790232136
9268,2.3073,2.3074,0,49.42805000000001,2.306344606107496,1.0030052790232136
9269,2.3073,2.3074,0,49.42805000000001,2.3064054247487418,1.0030052790232136
9270,2.306,2.3061,0,49.42805000000001,2.3064271404879944,1.0030052790232136
9271,2.3061,2.3062,0,49.42805000000001,2.3064377303090797,1.0030052790232136
9272,2.306,2.3061,0,49.42805000000001,2.3064389879939475,1.0030052790232136
9273,2.3055,2.3056,0,49.42805000000001,2.306375431426527,1.0030052790232136
9274,2.3038,2.3039,0,49.42805000000001,2.3061023006759256,1.0030052790232136
9275,2.304,2.3041,0,49.42805000000001,2.3050511503379627,1.0030052790232136
9276,2.3031,2.3032,0,49.42805000000001,2.3040755751689814,1.0030052790232136
9277,2.3036,2.3037,0,49.42805000000001,2.3038853451013885,1.0030052790232136
9278,2.3048,2.3049,0,49.42805000000001,2.304067497225569,1.0030052790232136
9279,2.304,2.3041,0,49.42805000000001,2.304213462726009,1.0030052790232136
9280,2.3043,2.3044,0,49.42805000000001,2.304296576727218,1.0030052790232136
9281,2.3056,2.3057,0,49.42805000000001,2.304486574457533,1.0030052790232136
9282,2.3057,2.3058,0,49.42805000000001,2.304713475386814,1.0030052790232136
9283,2.3046,2.3047,0,49.42805000000001,2.3047354772969944,1.0030052790232136
9284,2.3055,2.3056,0,49.42805000000001,2.3047994808686214,1.0030052790232136
9285,2.3052,2.3053,0,49.42805000000001,2.3048505744988574,1.0030052790232136
9286,2.3054,2.3055,0,49.42805000000001,2.3048998163234886,1.0030052790232136
9287,2.305,2.3051,0,49.42805000000001,2.3049297113695455,1.0030052790232136
9288,2.3055,2.3056,0,49.42805000000001,2.3049673758291434,1.0030052790232136
9289,2.3067,2.3068,0,49.42805000000001,2.3051014056739128,1.0030052790232136
9290,2.3064,2.3065,0,49.42805000000001,2.305228970677537,1.0030052790232136
9291,2.3061,2.3062,0,49.42805000000001,2.3053075511887915,1.0030052790232136
9292,2.3063,2.3064,0,49.42805000000001,2.3054079333820434,1.0030052790232136
9293,2.3055,2.3056,0,49.42805000000001,2.3054485525498825,1.0030052790232136
9294,2.3061,2.3062,0,49.42805000000001,2.305497579079936,1.0030052790232136
9295,2.3063,2.3064,0,49.42805000000001,2.3055601370358554,1.0030052790232136
9296,2.3063,2.3064,0,49.42805000000001,2.3056195700845086,1.0030052790232136
9297,2.3063,2.3064,0,49.42805000000001,2.305674966987033,1.0030052790232136
9298,2.3068,2.3069,0,49.42805000000001,2.305758160696482,1.0030052790232136
9299,2.3062,2.3063,0,49.42805000000001,2.3058076515577888,1.0030052790232136
9300,2.3065,2.3066,0,49.42805000000001,2.3058553821640784,1.0030052790232136
9301,2.3065,2.3066,0,49.42805000000001,2.3059006055068982,1.0030052790232136
9302,2.3057,2.3058,1,47.122250000000015,2.3059237750122916,1.0030032498003756
9303,2.3055,2.3056,2,44.81665000000002,2.305933513941648,1.0029971621318612
9304,2.3056,2.3057,3,42.510950000000015,2.3059365111561183,1.0029991913546994
9305,2.3055,2.3056,3,42.510950000000015,2.305933067123833,1.002993103686185
9306,2.3045,2.3046,3,42.510950000000015,2.3058335342701883,1.0029322270010423
9307,2.305,2.3051,3,42.510950000000015,2.305770649544625,1.0029626653436137
9308,2.3061,2.3062,2,44.817050000000016,2.3057605859132173,1.0030296296972707
9309,2.3056,2.3057,2,44.817050000000016,2.305751530763408,1.00300933746889
9310,2.3034,2.3035,2,44.817050000000016,2.3054840417371842,1.0029200516640138
9311,2.3025,2.3026,2,44.817050000000016,2.3039920208685922,1.002883525652928
9312,2.3022,2.3023,2,44.817050000000016,2.303096010434296,1.0028713503158995
9313,2.3029,2.303,2,44.817050000000016,2.303017606260578,1.002899759435633
9314,2.3024,2.3025,2,44.817050000000016,2.302811737507052,1.0028794672072519
9315,2.3024,2.3025,2,44.817050000000016,2.302694098219323,1.0028794672072519
9316,2.3013,2.3014,2,44.817050000000016,2.3028058087154406,1.002834824304814
9317,2.3024,2.3025,2,44.817050000000016,2.302840189901941,1.0028794672072519
9318,2.3009,2.301,2,44.817050000000016,2.3027554210404526,1.0028185905221092
9319,2.3007,2.3008,2,44.817050000000016,2.3019332526242717,1.0028104736307568
9320,2.2998,2.2999,2,44.817050000000016,2.3008666263121356,1.0027739476196713
9321,2.2993,2.2994,2,44.817050000000016,2.3002399757872816,1.0027536553912904
9322,2.2993,2.2994,2,44.817050000000016,2.2999266505248546,1.0027536553912904
9323,2.3004,2.3005,2,44.817050000000016,2.300195785200623,1.0027982982937282
9324,2.3004,2.3005,2,44.817050000000016,2.3003426933779765,1.0027982982937282
9325,2.3001,2.3002,2,44.817050000000016,2.3004130193180288,1.0027861229566999
9326,2.3005,2.3006,2,44.817050000000016,2.300456459835767,1.0028023567394044
9327,2.2997,2.2998,2,44.817050000000016,2.300457301802164,1.0027698891739951
9328,2.3008,2.3009,2,44.817050000000016,2.300465477893468,1.002814532076433
9329,2.3007,2.3008,2,44.817050000000016,2.300479242060814,1.0028104736307568
9330,2.3013,2.3014,2,44.817050000000016,2.300526168165096,1.002834824304814
9331,2.3015,2.3016,2,44.817050000000016,2.300650744017995,1.0028429411961663
9332,2.3022,2.3023,2,44.817050000000016,2.3007956011688475,1.0028713503158995
9333,2.3022,2.3023,2,44.817050000000016,2.3011968579777484,1.0028713503158995
9334,2.3014,2.3015,2,44.817050000000016,2.3012247314029697,1.0028388827504902
9335,2.301,2.3011,2,44.817050000000016,2.301228668022126,1.0028226489677854
9336,2.3007,2.3008,2,44.817050000000016,2.3012209883984007,1.0028104736307568
9337,2.3015,2.3016,2,44.817050000000016,2.3012199301121434,1.0028429411961663
9338,2.3015,2.3016,2,44.817050000000016,2.3012277676755115,1.0028429411961663
9339,2.3025,2.3026,2,44.817050000000016,2.301359456539172,1.002883525652928
9340,2.3025,2.3026,2,44.817050000000016,2.301815673923503,1.002883525652928
9341,2.302,2.3021,2,44.817050000000016,2.30180474966222,1.0028632334245473
9342,2.3012,2.3013,2,44.817050000000016,2.301788744739194,1.0028307658591378
9343,2.3025,2.3026,2,44.817050000000016,2.3017899740483507,1.002883525652928
9344,2.3037,2.3038,2,44.817050000000016,2.301965121468829,1.0029322270010423
9345,2.3037,2.3038,2,44.817050000000016,2.3028325607344144,1.0029322270010423
9346,2.3049,2.305,2,44.817050000000016,2.303866280367207,1.0029809283491566
9347,2.305,2.3051,2,44.817050000000016,2.3043197682203242,1.0029849867948326
9348,2.3038,2.3039,2,44.817050000000016,2.3040451690549464,1.0029362854467185
9349,2.304,2.3041,2,44.817050000000016,2.3039026958883353,1.002944402338071
9350,2.3042,2.3043,2,44.817050000000016,2.3038287829957174,1.002952519229423
9351,2.3042,2.3043,2,44.817050000000016,2.303803465539311,1.002952519229423
9352,2.3042,2.3043,2,44.817050000000016,2.303803384976485,1.002952519229423
9353,2.3049,2.305,2,44.817050000000016,2.303839588774589,1.0029809283491566
9354,2.3048,2.3049,2,44.817050000000016,2.3038909081120744,1.0029768699034805
9355,2.3059,2.306,2,44.817050000000016,2.304178524201288,1.0030215128059183
9356,2.3051,2.3052,2,44.817050000000016,2.3042360761025913,1.0029890452405088
9357,2.3055,2.3056,2,44.817050000000016,2.3043385424746856,1.0030052790232136
9358,2.3052,2.3053,2,44.817050000000016,2.3044000391161177,1.002993103686185
9359,2.3045,2.3046,2,44.817050000000016,2.304443613556524,1.0029646945664519
9360,2.3044,2.3045,2,44.817050000000016,2.3044724423203053,1.0029606361207757
9361,2.3042,2.3043,3,42.51275000000002,2.304512203004764,1.002950490006585
9362,2.3028,2.3029,3,42.51275000000002,2.3043972125225274,1.0028652626473853
9363,2.3037,2.3038,3,42.51275000000002,2.304334112798237,1.0029200516640138
9364,2.3039,2.304,3,42.51275000000002,2.304292513354728,1.0029322270010426
9365,2.3043,2.3044,3,42.51275000000002,2.3042807931438523,1.0029565776750995
9366,2.3047,2.3048,2,44.817450000000015,2.304271006008744,1.0029809283491566
9367,2.3045,2.3046,2,44.817450000000015,2.304280880604458,1.0029728114578043
9368,2.3043,2.3044,2,44.817450000000015,2.3042823909646954,1.0029646945664519
9369,2.3047,2.3048,2,44.817450000000015,2.304305080441428,1.0029809283491566
9370,2.3058,2.3059,2,44.817450000000015,2.3043986507008807,1.0030255712515945
9371,2.3049,2.305,2,44.817450000000015,2.304455160326988,1.0029890452405088
9372,2.3052,2.3053,2,44.817450000000015,2.304513408688738,1.0030012205775374
9373,2.305,2.3051,2,44.817450000000015,2.304563897192881,1.002993103686185
9374,2.3047,2.3048,2,44.817450000000015,2.304599480246037,1.0029809283491566
9375,2.3048,2.3051,2,44.817450000000015,2.3046275633712208,1.0029849867948326
9376,2.307,2.3071,2,44.817450000000015,2.3049121707356512,1.0030742725997086
9377,2.3069,2.307,2,44.817450000000015,2.305906085367826,1.0030702141540324
9378,2.3073,2.3074,2,44.817450000000015,2.3066030426839133,1.0030864479367374
9379,2.3064,2.3065,2,44.817450000000015,2.3063806037714842,1.0030499219256517
9380,2.3062,2.3063,2,44.817450000000015,2.3063195533104115,1.0030418050342993
9381,2.3067,2.3068,2,44.817450000000015,2.3062608233248554,1.0030620972626803
9382,2.3075,2.3076,2,44.817450000000015,2.306287117158384,1.0030945648280896
9383,2.3093,2.3094,2,44.817450000000015,2.3065932853033164,1.003167616850261
9384,2.3094,2.3095,2,44.817450000000015,2.3079966426516583,1.0031716752959372
9385,2.3095,2.3096,2,44.817450000000015,2.308748321325829,1.0031757337416132
9386,2.3084,2.3085,2,44.817450000000015,2.3084533766424067,1.0031310908391753
9387,2.3089,2.309,2,44.817450000000015,2.308338681640162,1.0031513830675562
9388,2.3099,2.31,2,44.817450000000015,2.30835275954066,1.003191967524318
9389,2.3105,2.3106,2,44.817450000000015,2.30942637977033,1.003216318198375
9390,2.3099,2.31,2,44.817450000000015,2.309531628710257,1.003191967524318
9391,2.3097,2.3098,2,44.817450000000015,2.3094470037463872,1.0031838506329656
9392,2.3097,2.3098,2,44.817450000000015,2.3094050119085012,1.0031838506329656
9393,2.3086,2.3087,2,44.817450000000015,2.3092846230629966,1.0031392077305277
9394,2.3085,2.3086,2,44.817450000000015,2.309187820167836,1.0031351492848515
9395,2.3086,2.3087,2,44.817450000000015,2.309112025558782,1.0031392077305277
9396,2.3087,2.3088,2,44.817450000000015,2.3090545385173895,1.0031432661762036
9397,2.3085,2.3086,2,44.817450000000015,2.309000776352695,1.0031351492848515
9398,2.3082,2.3083,2,44.817450000000015,2.3089342094659626,1.003122973947823
9399,2.3082,2.3083,2,44.817450000000015,2.308869386268435,1.003122973947823
9400,2.3076,2.3077,2,44.817450000000015,2.3087709537907006,1.0030986232737658
9401,2.3076,2.3077,2,44.817450000000015,2.3086719986883364,1.0030986232737658
9402,2.3069,2.307,2,44.817450000000015,2.308487417362056,1.0030702141540324
9403,2.3069,2.307,2,44.817450000000015,2.3080905630215423,1.0030702141540324
9404,2.3075,2.3076,2,44.817450000000015,2.308040143392996,1.0030945648280896
9405,2.3081,2.3082,2,44.817450000000015,2.30801314272937,1.0031189155021467
9406,2.3097,2.3098,2,44.817450000000015,2.3080891733081357,1.0031838506329656
9407,2.3098,2.3099,2,44.817450000000015,2.308944586654068,1.0031879090786417
9408,2.3103,2.3104,2,44.817450000000015,2.309622293327034,1.0032082013070227
9409,2.3103,2.3104,2,44.817450000000015,2.30989337599622,1.0032082013070227
9410,2.3103,2.3104,2,44.817450000000015,2.3100289173308135,1.0032082013070227
9411,2.3086,2.3087,2,44.817450000000015,2.3095981847034865,1.0031392077305277
9412,2.308,2.3081,2,44.817450000000015,2.3092766863828995,1.0031148570564705
9413,2.3079,2.308,2,44.817450000000015,2.309020011035123,1.0031107986107943
9414,2.3074,2.3075,2,44.817450000000015,2.30881818920966,1.0030905063824136
9415,2.3077,2.3078,2,44.817450000000015,2.3086678566925976,1.003102681719442
9416,2.307,2.3071,2,44.817450000000015,2.3085109294538357,1.0030742725997086
9417,2.307,2.3071,2,44.817450000000015,2.3081331970903767,1.0030742725997086
9418,2.3053,2.3054,2,44.817450000000015,2.307786464329946,1.0030052790232136
9419,2.3051,2.3052,2,44.817450000000015,2.3064432321649733,1.0029971621318612
9420,2.3051,2.3052,2,44.817450000000015,2.3057716160824864,1.0029971621318612
9421,2.3055,2.3056,2,44.817450000000015,2.3056940114874904,1.003013395914566
9422,2.3047,2.3048,2,44.817450000000015,2.305841097447904,1.0029809283491566
9423,2.3047,2.3048,2,44.817450000000015,2.305515069605646,1.0029809283491566
9424,2.3051,2.3052,2,44.817450000000015,2.305569684061398,1.0029971621318612
9425,2.305,2.3051,2,44.817450000000015,2.305576456226701,1.002993103686185
9426,2.3044,2.3045,2,44.817450000000015,2.30553755460404,1.002968753012128
9427,2.3041,2.3042,2,44.817450000000015,2.3054668840648023,1.0029565776750995
9428,2.3041,2.3042,2,44.817450000000015,2.305239070054002,1.0029565776750995
9429,2.3035,2.3036,2,44.817450000000015,2.305117730698929,1.0029322270010423
9430,2.3038,2.3039,2,44.817450000000015,2.3050003188610626,1.002944402338071
9431,2.3037,2.3038,2,44.817450000000015,2.30488746821833,1.0029403438923947
9432,2.3033,2.3034,2,44.817450000000015,2.3047114366849812,1.00292411010969
9433,2.3043,2.3044,2,44.817450000000015,2.3046518032649774,1.0029646945664519
9434,2.3045,2.3046,2,44.817450000000015,2.3046080773823485,1.0029728114578043
9435,2.305,2.3051,2,44.817450000000015,2.304500603822623,1.002993103686185
9436,2.3047,2.3048,2,44.817450000000015,2.304495435916416,1.0029809283491566
9437,2.3043,2.3044,2,44.817450000000015,2.304488427498792,1.0029646945664519
9438,2.3034,2.3035,2,44.817450000000015,2.304454778108435,1.0029281685553662
9439,2.3034,2.3035,2,44.817450000000015,2.304408436681699,1.0029281685553662
9440,2.3034,2.3035,2,44.817450000000015,2.3043556411389416,1.0029281685553662
9441,2.3039,2.304,2,44.817450000000015,2.3043230958195675,1.002948460783747
9442,2.3036,2.3037,2,44.817450000000015,2.3042833054708534,1.0029362854467185
9443,2.3037,2.3038,2,44.817450000000015,2.3042457739109645,1.0029403438923947
9444,2.3039,2.304,2,44.817450000000015,2.3042182526107604,1.002948460783747
9445,2.3039,2.304,2,44.817450000000015,2.304194073944018,1.002948460783747
9446,2.3036,2.3037,2,44.817450000000015,2.304165221804876,1.0029362854467185
9447,2.3038,2.3039,2,44.817450000000015,2.304139319618768,1.002944402338071
9448,2.3035,2.3036,2,44.817450000000015,2.3041120947150366,1.0029322270010423
9449,2.3027,2.3028,2,44.817450000000015,2.3040340492193656,1.002899759435633
9450,2.3026,2.3027,2,44.817450000000015,2.303942067982937,1.0028957009899568
9451,2.3022,2.3023,2,44.817450000000015,2.3037225583015606,1.0028794672072519
9452,2.3019,2.302,2,44.817450000000015,2.3034624345308305,1.0028672918702235
9453,2.3024,2.3025,2,44.817450000000015,2.303389631355057,1.0028875840986042
9454,2.3029,2.303,2,44.817450000000015,2.30333323444525,1.0029078763269852
9455,2.3033,2.3034,2,44.817450000000015,2.303295305159616,1.00292411010969
9456,2.3044,2.3045,2,44.817450000000015,2.3032483249668463,1.002968753012128
9457,2.304,2.3041,2,44.817450000000015,2.3032810682496154,1.002952519229423
9458,2.3045,2.3046,2,44.817450000000015,2.3033728028735734,1.0029728114578043
9459,2.3025,2.3026,2,44.817450000000015,2.302936401436787,1.0028916425442804
9460,2.3031,2.3032,2,44.817450000000015,2.302965615338878,1.0029159932183376
9461,2.3033,2.3034,2,44.817450000000015,2.3029913653102456,1.00292411010969
9462,2.3033,2.3034,2,44.817450000000015,2.303014184408677,1.00292411010969
9463,2.3029,2.303,2,44.817450000000015,2.3030300380820474,1.0029078763269852
9464,2.3031,2.3032,2,44.817450000000015,2.303042127800958,1.0029159932183376
9465,2.304,2.3041,2,44.817450000000015,2.303086790774735,1.002952519229423
9466,2.3032,2.3033,2,44.817450000000015,2.303101780655613,1.0029200516640138
9467,2.3031,2.3032,2,44.817450000000015,2.3031129105322368,1.0029159932183376
9468,2.3025,2.3026,2,44.817450000000015,2.30311831213099,1.0028916425442804
9469,2.3024,2.3025,2,44.817450000000015,2.3030998597141346,1.0028875840986042
9470,2.3027,2.3028,2,44.817450000000015,2.303077061417816,1.002899759435633
9471,2.3022,2.3023,2,44.817450000000015,2.3030021876904554,1.0028794672072519
9472,2.3027,2.3028,2,44.817450000000015,2.3029744418208002,1.002899759435633
9473,2.3019,2.302,2,44.817450000000015,2.302898239456832,1.0028672918702235
9474,2.3023,2.3024,2,44.817450000000015,2.3028328421226747,1.002883525652928
9475,2.3022,2.3023,2,44.817450000000015,2.3027730076057322,1.0028794672072519
9476,2.3022,2.3023,2,44.817450000000015,2.3027189271034953,1.0028794672072519
9477,2.3029,2.303,2,44.817450000000015,2.3027099596714273,1.0029078763269852
9478,2.3032,2.3033,2,44.817450000000015,2.302707339600704,1.0029200516640138
9479,2.3035,2.3036,2,44.817450000000015,2.302711303700456,1.0029322270010423
9480,2.3039,2.304,2,44.817450000000015,2.3028288905421137,1.002948460783747
9481,2.3044,2.3045,2,44.817450000000015,2.302972213005088,1.002968753012128
9482,2.3047,2.3048,2,44.817450000000015,2.3035481420033923,1.0029809283491566
9483,2.3052,2.3053,2,44.817450000000015,2.3042088852020353,1.0030012205775374
9484,2.3041,2.3042,2,44.817450000000015,2.304134902603791,1.0029565776750995
9485,2.3039,2.304,2,44.817450000000015,2.3040839888392046,1.002948460783747
9486,2.3043,2.3044,2,44.817450000000015,2.30406083391022,1.0029646945664519
9487,2.305,2.3051,2,44.817450000000015,2.3040779349566876,1.002993103686185
9488,2.3051,2.3052,2,44.817450000000015,2.304121898060149,1.0029971621318612
9489,2.3049,2.305,2,44.817450000000015,2.304172454265754,1.0029890452405088
9490,2.3053,2.3054,2,44.817450000000015,2.3042410924584917,1.0030052790232136
9491,2.3045,2.3046,2,44.817450000000015,2.304282075796631,1.0029728114578043
9492,2.3051,2.3052,2,44.817450000000015,2.304333200629473,1.0029971621318612
9493,2.3036,2.3037,3,42.513750000000016,2.3044024916050336,1.0029342562238805
9494,2.3029,2.303,3,42.513750000000016,2.3043158965348507,1.0028916425442806
9495,2.3028,2.3029,3,42.513750000000016,2.303557948267425,1.0028855548757662
9496,2.302,2.3021,4,40.21165000000001,2.3035677154672176,1.002834824304814
9497,2.3023,2.3024,3,42.513950000000015,2.303145143644812,1.0028591749788711
9498,2.3023,2.3024,3,42.513950000000015,2.3029036740320086,1.0028591749788711
9499,2.3017,2.3018,3,42.513950000000015,2.3029007020178347,1.0028226489677854
9500,2.3008,2.3009,3,42.513950000000015,2.30220046801189,1.002767859951157
9501,2.3013,2.3014,3,42.513950000000015,2.3020003640092477,1.0027982982937282
9502,2.3004,2.3005,3,42.513950000000015,2.3019794806971094,1.0027435092770998
9503,2.3008,2.3009,3,42.513950000000015,2.3017173738755297,1.002767859951157
9504,2.3009,2.301,3,42.513950000000015,2.3016912554872686,1.0027739476196713
9505,2.2998,2.2999,3,42.513950000000015,2.3015685860599455,1.0027069832660143
9506,2.3001,2.3002,3,42.513950000000015,2.30124223360218,1.002725246271557
9507,2.3001,2.3002,3,42.513950000000015,2.3011693487194673,1.002725246271557
9508,2.2988,2.2989,3,42.513950000000015,2.300901619511591,1.0026461065808714
9509,2.2982,2.2983,3,42.513950000000015,2.2995508097557957,1.0026095805697859
9510,2.2972,2.2973,3,42.513950000000015,2.298375404877898,1.0025487038846432
9511,2.2965,2.2966,3,42.513950000000015,2.297437702438949,1.002506090205043
9512,2.2976,2.2977,3,42.513950000000015,2.2974918016259664,1.0025730545587002
9513,2.2979,2.298,3,42.513950000000015,2.297806430397301,1.0025913175642431
9514,2.2975,2.2976,3,42.513950000000015,2.297953391455492,1.0025669668901858
9515,2.2976,2.2977,3,42.513950000000015,2.2980192735900413,1.0025730545587002
9516,2.2988,2.2989,3,42.513950000000015,2.29812947783423,1.0026461065808714
9517,2.2993,2.2994,3,42.513950000000015,2.29832605604909,1.0026765449234427
9518,2.3003,2.3004,3,42.513950000000015,2.2985859238597977,1.0027374216085856
9519,2.3004,2.3005,3,42.513950000000015,2.2993115543158784,1.0027435092770998
9520,2.3007,2.3008,3,42.513950000000015,2.299866932589527,1.0027617722826425
9521,2.2995,2.2996,3,42.513950000000015,2.299742020032081,1.0026887202604713
9522,2.3004,2.3005,3,42.513950000000015,2.2997080524728375,1.0027435092770998
9523,2.3005,2.3006,3,42.513950000000015,2.299723206358173,1.0027495969456142
9524,2.3022,2.3023,3,42.513950000000015,2.2999669673667054,1.0028530873103567
9525,2.302,2.3021,3,42.513950000000015,2.3007801804200234,1.0028409119733281
9526,2.302,2.3021,3,42.513950000000015,2.3011867869466824,1.0028409119733281
9527,2.302,2.3021,3,42.513950000000015,2.3014191335333445,1.0028409119733281
9528,2.3022,2.3023,3,42.513950000000015,2.3013576043756876,1.0028530873103567
9529,2.3031,2.3032,3,42.513950000000015,2.3014193515551886,1.0029078763269852
9530,2.3034,2.3035,3,42.513950000000015,2.301914513666391,1.002926139332528
9531,2.3042,2.3043,3,42.513950000000015,2.3030572568331955,1.0029748406806422
9532,2.3039,2.304,3,42.513950000000015,2.3033943540999173,1.0029565776750995
9533,2.3044,2.3045,3,42.513950000000015,2.303729569399945,1.0029870160176708
9534,2.3037,2.3038,3,42.513950000000015,2.3035657338471665,1.002944402338071
9535,2.304,2.3041,3,42.513950000000015,2.303484937764908,1.0029626653436137
9536,2.3046,2.3047,3,42.513950000000015,2.303485920194185,1.0029991913546994
9537,2.3041,2.3042,3,42.513950000000015,2.3035088130329826,1.002968753012128
9538,2.3044,2.3045,3,42.513950000000015,2.3035518959442345,1.0029870160176708
9539,2.3062,2.3063,3,42.513950000000015,2.303807934708497,1.0030965940509278
9540,2.3069,2.307,3,42.513950000000015,2.3053539673542485,1.0031392077305277
9541,2.3077,2.3078,3,42.513950000000015,2.3065269836771245,1.0031879090786417
9542,2.3077,2.3078,3,42.513950000000015,2.3069961902062746,1.0031879090786417
9543,2.3081,2.3082,3,42.513950000000015,2.3074377141237647,1.003212259752699
9544,2.3075,2.3076,3,42.513950000000015,2.3074555100884035,1.0031757337416132
9545,2.3087,2.3088,3,42.513950000000015,2.307235364271066,1.0032487857637846
9546,2.3087,2.3088,3,42.513950000000015,2.30765383162219,1.0032487857637846
9547,2.3087,2.3088,3,42.513950000000015,2.3079153737166425,1.0032487857637846
9548,2.3094,2.3095,3,42.513950000000015,2.3085092242299856,1.0032913994433845
9549,2.3087,2.3088,3,42.513950000000015,2.308397476666515,1.0032487857637846
9550,2.3093,2.3094,3,42.513950000000015,2.3083398697673467,1.0032853117748703
9551,2.3092,2.3093,3,42.513950000000015,2.3085549023255103,1.003279224106356
9552,2.3103,2.3104,3,42.513950000000015,2.3085933244975703,1.003346188460013
9553,2.3113,2.3114,3,42.513950000000015,2.309946662248785,1.0034070651451557
9554,2.3121,2.3122,3,42.513950000000015,2.3110233311243924,1.00345576649327
9555,2.3118,2.3119,3,42.513950000000015,2.3113339986746353,1.0034375034877272
9556,2.3129,2.313,3,42.513950000000015,2.3119603992047812,1.003504467841384
9557,2.313,2.3131,3,42.513950000000015,2.3123762395228686,1.0035105555098984
9558,2.3105,2.3106,3,42.513950000000015,2.3120900981379924,1.0033583637970416
9559,2.3099,2.31,3,42.513950000000015,2.311422766950195,1.0033218377859559
9560,2.3112,2.3113,3,42.513950000000015,2.3111295162869876,1.0034009774766415
9561,2.3121,2.3122,3,42.513950000000015,2.311116820131663,1.00345576649327
9562,2.3123,2.3124,3,42.513950000000015,2.3117084100658314,1.0034679418302985
9563,2.3129,2.313,3,42.513950000000015,2.3116457293153108,1.003504467841384
9564,2.3121,2.3122,3,42.513950000000015,2.311656166121817,1.00345576649327
9565,2.3105,2.3106,3,42.513950000000015,2.311559599316065,1.0033583637970416
9566,2.3112,2.3113,3,42.513950000000015,2.3114874038667974,1.0034009774766415
9567,2.3119,2.312,3,42.513950000000015,2.3114909479723122,1.0034435911562414
9568,2.3131,2.3132,3,42.513950000000015,2.3116422999440895,1.0035166431784126
9569,2.313,2.3131,3,42.513950000000015,2.312321149972045,1.0035105555098984
9570,2.3123,2.3124,3,42.513950000000015,2.31223582396259,1.0034679418302985
9571,2.312,2.3121,3,42.513950000000015,2.3122077468144027,1.0034496788247556
9572,2.3119,2.312,3,42.513950000000015,2.312181703795389,1.0034435911562414
9573,2.3121,2.3122,3,42.513950000000015,2.312162676757601,1.00345576649327
9574,2.3112,2.3113,3,42.513950000000015,2.3120706029628795,1.0034009774766415
9575,2.3104,2.3105,3,42.513950000000015,2.3119191322286143,1.0033522761285272
9576,2.3093,2.3094,3,42.513950000000015,2.311557098697978,1.0032853117748703
9577,2.3085,2.3086,3,42.513950000000015,2.310028549348989,1.003236610426756
9578,2.3099,2.31,4,40.20395000000001,2.310205259562011,1.0033198085631179
9579,2.31,2.3101,5,37.893850000000015,2.310277214489553,1.003325896231632
9580,2.3103,2.3104,4,40.20415000000001,2.310352876166398,1.0033563345742034
9581,2.3095,2.3096,4,40.20415000000001,2.310329585320007,1.0032913994433845
9582,2.3101,2.3102,4,40.20415000000001,2.310309803074688,1.0033401007914986
9583,2.3111,2.3112,4,40.20415000000001,2.310332354581678,1.0034212697050222
9584,2.3121,2.3122,4,40.20415000000001,2.310516113660947,1.003502438618546
9585,2.3117,2.3118,4,40.20415000000001,2.3109896681965685,1.0034699710531365
9586,2.311,2.3111,4,40.20415000000001,2.310972378676193,1.0034131528136698
9587,2.3094,2.3095,4,40.20415000000001,2.310801143217742,1.0032832825520321
9588,2.309,2.3091,4,40.20415000000001,2.309900571608871,1.0032508149866226
9589,2.31,2.3101,0,49.444150000000015,2.3100495083488024,1.0033319839001462
9590,2.3108,2.3109,0,49.444150000000015,2.3100951139240165,1.0033319839001462
9591,2.313,2.3131,0,49.444150000000015,2.3104711354337217,1.0033319839001462
9592,2.3131,2.3132,0,49.444150000000015,2.3117855677168606,1.0033319839001462
9593,2.3131,2.3132,0,49.444150000000015,2.3124427838584305,1.0033319839001462
9594,2.3131,2.3132,0,49.444150000000015,2.3127056703150584,1.0033319839001462
9595,2.3124,2.3125,0,49.444150000000015,2.3124935278506102,1.0033319839001462
9596,2.313,2.3131,0,49.444150000000015,2.312395858729797,1.0033319839001462
9597,2.3123,2.3124,0,49.444150000000015,2.3123475905948903,1.0033319839001462
9598,2.313,2.3131,0,49.444150000000015,2.312343234485004,1.0033319839001462
9599,2.3134,2.3135,0,49.444150000000015,2.3123791674589786,1.0033319839001462
9600,2.3129,2.313,0,49.444150000000015,2.3124177666679886,1.0033319839001462
9601,2.3138,2.3139,0,49.444150000000015,2.3124833384047907,1.0033319839001462
9602,2.3149,2.315,0,49.444150000000015,2.312766394817391,1.0033319839001462
9603,2.315,2.3151,0,49.444150000000015,2.3138831974086953,1.0033319839001462
9604,2.3148,2.3149,0,49.444150000000015,2.314249918445217,1.0033319839001462
9605,2.3136,2.3137,0,49.444150000000015,2.3141842894593485,1.0033319839001462
9606,2.3137,2.3138,0,49.444150000000015,2.314129709726424,1.0033319839001462
9607,2.313,2.3131,0,49.444150000000015,2.313859548298004,1.0033319839001462
9608,2.3135,2.3136,0,49.444150000000015,2.3138293994994226,1.0033319839001462
9609,2.3133,2.3134,0,49.444150000000015,2.3137419921724005,1.0033319839001462
9610,2.3133,2.3134,0,49.444150000000015,2.3136772046905185,1.0033319839001462
9611,2.3141,2.3142,0,49.444150000000015,2.31366625109789,1.0033319839001462
9612,2.3146,2.3147,0,49.444150000000015,2.3136834079179662,1.0033319839001462
9613,2.314,2.3141,0,49.444150000000015,2.3136992629635045,1.0033319839001462
9614,2.3142,2.3143,0,49.444150000000015,2.313720189121553,1.0033319839001462
9615,2.3131,2.3132,1,47.13095000000001,2.3137242240478626,1.0033299546773082
9616,2.3125,2.3126,1,47.13095000000001,2.313641792178342,1.0033177793402797
9617,2.3115,2.3116,1,47.13095000000001,2.3133965006058324,1.0032974871118987
9618,2.3115,2.3116,1,47.13095000000001,2.3126379003634994,1.0032974871118987
9619,2.3123,2.3124,2,44.818550000000016,2.3126755366932947,1.0033116916717655
9620,2.3142,2.3143,1,47.132750000000016,2.3128449176273733,1.003388802139613
9621,2.3144,2.3145,1,47.132750000000016,2.3136224588136867,1.003392860585289
9622,2.3138,2.3139,1,47.132750000000016,2.313518791597229,1.0033806852482605
9623,2.3142,2.3143,1,47.132750000000016,2.313517442847533,1.003388802139613
9624,2.3135,2.3136,1,47.132750000000016,2.313516063787378,1.0033745975797461
9625,2.3136,2.3137,1,47.132750000000016,2.313519173868554,1.0033766268025843
9626,2.3136,2.3137,1,47.132750000000016,2.313524135978749,1.0033766268025843
9627,2.3141,2.3142,1,47.132750000000016,2.3135505609184186,1.0033867729167747
9628,2.3147,2.3148,1,47.132750000000016,2.3136074929868324,1.0033989482538035
9629,2.3147,2.3148,1,47.132750000000016,2.3136774858544227,1.0033989482538035
9630,2.3156,2.3157,1,47.132750000000016,2.313920385470007,1.0034172112593462
9631,2.3163,2.3164,1,47.132750000000016,2.3148722312820045,1.0034314158192128
9632,2.3159,2.316,1,47.132750000000016,2.3152148208546697,1.0034232989278604
9633,2.3145,2.3146,1,47.132750000000016,2.315160770785019,1.0033948898081273
9634,2.3152,2.3153,1,47.132750000000016,2.3151098043280833,1.0034090943679936
9635,2.316,2.3161,1,47.132750000000016,2.315104072001577,1.0034253281506986
9636,2.3166,2.3167,1,47.132750000000016,2.3152318578066633,1.0034375034877272
9637,2.3178,2.3179,1,47.132750000000016,2.3155176012899563,1.0034618541617841
9638,2.3182,2.3183,1,47.132750000000016,2.316858800644978,1.0034699710531365
9639,2.3182,2.3183,1,47.132750000000016,2.317395280386987,1.0034699710531365
9640,2.3186,2.3187,1,47.132750000000016,2.317877168232192,1.003478087944489
9641,2.3186,2.3187,1,47.132750000000016,2.318118112154795,1.003478087944489
9642,2.3181,2.3182,1,47.132750000000016,2.317941403883616,1.0034679418302985
9643,2.3168,2.3169,1,47.132750000000016,2.3176207706522955,1.0034415619334032
9644,2.3163,2.3164,1,47.132750000000016,2.31736953245291,1.0034314158192128
9645,2.316,2.3161,1,47.132750000000016,2.3171422502392605,1.0034253281506986
9646,2.3162,2.3163,1,47.132750000000016,2.3169993396792106,1.0034293865963748
9647,2.3169,2.317,1,47.132750000000016,2.316944067681312,1.0034435911562414
9648,2.3172,2.3173,1,47.132750000000016,2.316935197919914,1.0034496788247556
9649,2.3179,2.318,1,47.132750000000016,2.3169993216980225,1.0034638833846223
9650,2.3181,2.3182,1,47.132750000000016,2.3171003569928197,1.0034679418302985
9651,2.3177,2.3178,1,47.132750000000016,2.3171669352394204,1.0034598249389461
9652,2.3179,2.318,1,47.132750000000016,2.3172439258905806,1.0034638833846223
9653,2.319,2.3191,1,47.132750000000016,2.3174028482502758,1.0034862048358413
9654,2.3183,2.3184,1,47.132750000000016,2.3174968867548005,1.0034720002759747
9655,2.3186,2.3187,1,47.132750000000016,2.3176012996716273,1.003478087944489
9656,2.3184,2.3185,1,47.132750000000016,2.317682066738351,1.0034740294988127
9657,2.3182,2.3183,1,47.132750000000016,2.3177473232947996,1.0034699710531365
9658,2.3176,2.3177,2,44.815050000000014,2.317766537101713,1.0034557664932697
9659,2.3177,2.3178,2,44.815050000000014,2.3177890286751928,1.003459824938946
9660,2.3174,2.3175,3,42.49755000000001,2.317792649548581,1.0034456203790794
9661,2.3167,2.3168,3,42.49755000000001,2.3177387722503706,1.0034030066994795
9662,2.317,2.3171,3,42.49755000000001,2.317694275234579,1.0034212697050222
9663,2.3172,2.3173,3,42.49755000000001,2.317651457994287,1.0034334450420508
9664,2.3157,2.3158,3,42.49755000000001,2.317446475659,1.0033421300143366
9665,2.3147,2.3148,3,42.49755000000001,2.3160732378295004,1.003281253329194
9666,2.3157,2.3158,3,42.49755000000001,2.315966598449643,1.0033421300143366
9667,2.3153,2.3154,3,42.49755000000001,2.316097444440717,1.0033177793402797
9668,2.3159,2.316,1,47.12935000000001,2.316122381386137,1.0033543053513652
9669,2.3151,2.3152,1,47.12935000000001,2.3160925883280283,1.0033380715686604
9670,2.3154,2.3155,1,47.12935000000001,2.316045871953858,1.0033441592371748
9671,2.316,2.3161,1,47.12935000000001,2.3160269476739934,1.0033563345742034
9672,2.3146,2.3147,1,47.12935000000001,2.3159580268157884,1.00332792545447
9673,2.3133,2.3134,1,47.12935000000001,2.315603608428199,1.003301545557575
9674,2.3131,2.3132,1,47.12935000000001,2.314351804214099,1.0032974871118987
9675,2.3123,2.3124,1,47.12935000000001,2.3133259021070494,1.003281253329194
9676,2.3126,2.3127,1,47.12935000000001,2.3130355412642296,1.0032873409977083
9677,2.313,2.3131,1,47.12935000000001,2.313025386617307,1.0032954578890607
9678,2.3146,2.3147,1,47.12935000000001,2.3135153552688643,1.00332792545447
9679,2.316,2.3161,1,47.12935000000001,2.3139416737836953,1.0033563345742034
9680,2.3165,2.3166,1,47.12935000000001,2.3152208368918474,1.0033664806883937
9681,2.3172,2.3173,1,47.12935000000001,2.316210418445924,1.0033806852482603
9682,2.3173,2.3174,1,47.12935000000001,2.3166462510675543,1.0033827144710985
9683,2.3171,2.3172,1,47.12935000000001,2.316797500711703,1.0033786560254223
9684,2.3158,2.3159,1,47.12935000000001,2.3165599670889923,1.0033522761285272
9685,2.3165,2.3166,1,47.12935000000001,2.3164114820437383,1.0033664806883937
9686,2.3158,2.3159,1,47.12935000000001,2.3163163536744777,1.0033522761285272
9687,2.3141,2.3142,1,47.12935000000001,2.315959202372553,1.0033177793402797
9688,2.314,2.3141,1,47.12935000000001,2.3149796011862764,1.0033157501174415
9689,2.3144,2.3145,1,47.12935000000001,2.315045830585223,1.0033238670087938
9690,2.3129,2.313,1,47.12935000000001,2.314922282793053,1.0032934286662225
9691,2.3123,2.3124,1,47.12935000000001,2.3136111413965263,1.003281253329194
9692,2.3127,2.3128,1,47.12935000000001,2.313155570698263,1.0032893702205463
9693,2.3121,2.3122,1,47.12935000000001,2.312733342418958,1.0032771948835177
9694,2.312,2.3121,1,47.12935000000001,2.3124888949459717,1.0032751656606795
9695,2.3125,2.3126,1,47.12935000000001,2.312692277186617,1.0032853117748701
9696,2.3135,2.3136,1,47.12935000000001,2.312794616790605,1.0033056040032509
9697,2.3148,2.3149,1,47.12935000000001,2.313165322262437,1.0033319839001462
9698,2.3149,2.315,1,47.12935000000001,2.3140326611312183,1.0033340131229844
9699,2.3151,2.3152,1,47.12935000000001,2.314459596678731,1.0033380715686604
9700,2.315,2.3151,1,47.12935000000001,2.3143733560172963,1.0033360423458224
9701,2.3143,2.3144,1,47.12935000000001,2.314329225005857,1.0033218377859559
9702,2.3133,2.3134,1,47.12935000000001,2.314190525107261,1.003301545557575
9703,2.3134,2.3135,1,47.12935000000001,2.314087639678102,1.0033035747804129
9704,2.3139,2.314,1,47.12935000000001,2.314058478807856,1.0033137208946032
9705,2.3137,2.3138,1,47.12935000000001,2.314029721643301,1.003309662448927
9706,2.314,2.3141,1,47.12935000000001,2.314010791353908,1.0033157501174415
9707,2.3155,2.3156,1,47.12935000000001,2.3140850229163528,1.0033461884600128
9708,2.315,2.3151,1,47.12935000000001,2.314158583442594,1.0033360423458224
9709,2.3149,2.315,1,47.12935000000001,2.3141966191390217,1.0033340131229844
9710,2.3153,2.3154,1,47.12935000000001,2.314297343001816,1.0033421300143366
9711,2.3146,2.3147,1,47.12935000000001,2.314332902983547,1.00332792545447
9712,2.3141,2.3142,1,47.12935000000001,2.314351414876367,1.0033177793402797
9713,2.315,2.3151,1,47.12935000000001,2.3143925259377007,1.0033360423458224
9714,2.3143,2.3144,1,47.12935000000001,2.314407661809379,1.0033218377859559
9715,2.3144,2.3145,1,47.12935000000001,2.314418143904506,1.0033238670087938
9716,2.3144,2.3145,1,47.12935000000001,2.314425250774955,1.0033238670087938
9717,2.3137,2.3138,1,47.12935000000001,2.314411847746699,1.003309662448927
9718,2.3132,2.3133,1,47.12935000000001,2.314321953257676,1.0032995163347367
9719,2.3136,2.3137,1,47.12935000000001,2.3142662803973533,1.003307633226089
9720,2.3119,2.312,1,47.12935000000001,2.313960062953429,1.0032731364378416
9721,2.3123,2.3124,1,47.12935000000001,2.313406708635619,1.003281253329194
9722,2.3135,2.3136,1,47.12935000000001,2.313409441936776,1.0033056040032509
9723,2.3135,2.3136,1,47.12935000000001,2.313413551216435,1.0033056040032509
9724,2.3124,2.3125,1,47.12935000000001,2.3133770825026714,1.003283282552032
9725,2.3118,2.3119,1,47.12935000000001,2.3131814947986302,1.0032711072150033
9726,2.3114,2.3115,1,47.12935000000001,2.312290747399315,1.0032629903236512
9727,2.3108,2.3109,1,47.12935000000001,2.3116944484395887,1.0032508149866226
9728,2.3102,2.3103,1,47.12935000000001,2.311096669063753,1.003238639649594
9729,2.3095,2.3096,1,47.12935000000001,2.3102983345318764,1.0032244350897273
9730,2.3096,2.3097,1,47.12935000000001,2.3100190007191257,1.0032264643125655
9731,2.3092,2.3093,1,47.12935000000001,2.309746000479417,1.003218347421213
9732,2.3095,2.3096,1,47.12935000000001,2.309675714628155,1.0032244350897273
9733,2.3117,2.3118,1,47.12935000000001,2.310687857314077,1.0032690779921654
9734,2.3111,2.3112,1,47.12935000000001,2.3107613134776193,1.0032569026551368
9735,2.3105,2.3106,1,47.12935000000001,2.3107634116369624,1.0032447273181082
9736,2.3102,2.3103,1,47.12935000000001,2.3107489723907597,1.003238639649594
9737,2.3103,2.3104,1,47.12935000000001,2.3107280283976617,1.003240668872432
9738,2.31,2.3101,1,47.12935000000001,2.310649633475764,1.0032345812039178
9739,2.3097,2.3098,1,47.12935000000001,2.3105636496953563,1.0032284935354034
9740,2.3085,2.3086,1,47.12935000000001,2.310288107220362,1.0032041428613465
9741,2.3086,2.3087,1,47.12935000000001,2.3096128643322174,1.0032061720841845
9742,2.3081,2.3082,1,47.12935000000001,2.3090077185993305,1.0031960259699941
9743,2.3082,2.3083,1,47.12935000000001,2.3087384790662204,1.0031980551928321
9744,2.3087,2.3088,1,47.12935000000001,2.3088169486418755,1.0032082013070227
9745,2.3101,2.3102,1,47.12935000000001,2.3090619944345945,1.0032366104267558
9746,2.3098,2.3099,1,47.12935000000001,2.309195864371514,1.0032305227582416
9747,2.3093,2.3094,1,47.12935000000001,2.3092220398962593,1.0032203766440513
9748,2.3086,2.3087,1,47.12935000000001,2.309224606540861,1.0032061720841845
9749,2.3084,2.3085,1,47.12935000000001,2.309168835119965,1.0032021136385083
9750,2.3082,2.3083,1,47.12935000000001,2.3090873022586917,1.0031980551928321
9751,2.3086,2.3087,1,47.12935000000001,2.309057699882688,1.0032061720841845
9752,2.3083,2.3084,1,47.12935000000001,2.3089839012744697,1.0032000844156703
9753,2.3078,2.3079,1,47.12935000000001,2.308884802070587,1.0031899383014797
9754,2.3072,2.3073,1,47.12935000000001,2.3087474092831783,1.0031777629644514
9755,2.3064,2.3065,1,47.12935000000001,2.3083653900183414,1.0031615291817466
9756,2.3066,2.3067,1,47.12935000000001,2.307659234011005,1.0031655876274228
9757,2.3086,2.3087,1,47.12935000000001,2.307681182626276,1.0032061720841845
9758,2.3092,2.3093,1,47.12935000000001,2.3079045572332375,1.003218347421213
9759,2.31,2.3101,1,47.12935000000001,2.3081864325512456,1.0032345812039178
9760,2.3107,2.3108,1,47.12935000000001,2.309443216275623,1.0032487857637844
9761,2.3106,2.3107,1,47.12935000000001,2.3099059297653737,1.0032467565409464
9762,2.3102,2.3103,1,47.12935000000001,2.30998994983241,1.003238639649594
9763,2.3097,2.3098,1,47.12935000000001,2.3098503506321135,1.0032284935354034
9764,2.3093,2.3094,1,47.12935000000001,2.309751969224594,1.0032203766440513
9765,2.3086,2.3087,1,47.12935000000001,2.3095554982141917,1.0032061720841845
9766,2.3081,2.3082,1,47.12935000000001,2.3093531943935073,1.0031960259699941
9767,2.3072,2.3073,1,47.12935000000001,2.309033308467768,1.0031777629644514
9768,2.3064,2.3065,1,47.12935000000001,2.307716654233884,1.0031615291817466
9769,2.307,2.3071,1,47.12935000000001,2.307477769489256,1.0031737045187752
9770,2.3065,2.3066,1,47.12935000000001,2.307576686053979,1.0031635584045846
9771,2.3067,2.3068,1,47.12935000000001,2.3073262043242706,1.0031676168502608
9772,2.3076,2.3077,1,47.12935000000001,2.3073832572730693,1.0031858798558035
9773,2.308,2.3081,1,47.12935000000001,2.307433350716722,1.003193996747156
9774,2.3069,2.307,1,47.12935000000001,2.3074508431355314,1.003171675295937
9775,2.3067,2.3068,1,47.12935000000001,2.307436430586871,1.0031676168502608
9776,2.3069,2.307,1,47.12935000000001,2.3074113310505915,1.003171675295937
9777,2.3085,2.3086,1,47.12935000000001,2.3074385481614024,1.0032041428613465
9778,2.3085,2.3086,1,47.12935000000001,2.307969274080701,1.0032041428613465
9779,2.3087,2.3088,1,47.12935000000001,2.3079203141726348,1.0032082013070227
9780,2.3087,2.3088,1,47.12935000000001,2.307960995353803,1.0032082013070227
9781,2.3087,2.3088,1,47.12935000000001,2.3080224258155657,1.0032082013070227
9782,2.309,2.3091,1,47.12935000000001,2.3081019296254515,1.0032142889755369
9783,2.3093,2.3094,1,47.12935000000001,2.308197042727077,1.0032203766440513
9784,2.3091,2.3092,1,47.12935000000001,2.3082854057228293,1.003216318198375
9785,2.3091,2.3092,1,47.12935000000001,2.3083656352304756,1.003216318198375
9786,2.3087,2.3088,1,47.12935000000001,2.308424428483604,1.0032082013070227
9787,2.3087,2.3088,1,47.12935000000001,2.308468856813673,1.0032082013070227
9788,2.3085,2.3086,1,47.12935000000001,2.3084956303360853,1.0032041428613465
9789,2.3081,2.3082,2,44.82115000000001,2.3085010395058214,1.003193996747156
9790,2.3074,2.3075,2,44.82115000000001,2.3084490621199008,1.0031655876274228
9791,2.3083,2.3084,1,47.12945000000001,2.308438866110096,1.0032021136385085
9792,2.3097,2.3098,1,47.12945000000001,2.3084560278950943,1.0032305227582416
9793,2.3099,2.31,1,47.12945000000001,2.3091780139475473,1.0032345812039178
9794,2.3098,2.3099,1,47.12945000000001,2.3091073506623774,1.0032325519810799
9795,2.3101,2.3102,1,47.12945000000001,2.309144854092393,1.003238639649594
9796,2.3093,2.3094,1,47.12945000000001,2.3091660641734433,1.0032224058668893
9797,2.3101,2.3102,1,47.12945000000001,2.30922697582219,1.003238639649594
9798,2.309,2.3091,2,44.82035000000001,2.3092342213593633,1.003214288975537
9799,2.309,2.3091,3,42.51125000000001,2.3092358596968188,1.003212259752699
9800,2.3084,2.3085,3,42.51125000000001,2.3091672449702036,1.0031757337416132
9801,2.3078,2.3079,3,42.51125000000001,2.3090453532436603,1.0031392077305277
9802,2.3076,2.3077,3,42.51125000000001,2.308563568829107,1.003127032393499
9803,2.3076,2.3077,3,42.51125000000001,2.308288263449362,1.003127032393499
9804,2.3076,2.3077,3,42.51125000000001,2.3082890702225685,1.003127032393499
9805,2.3077,2.3078,3,42.51125000000001,2.3082657094636074,1.0031331200620133
9806,2.3079,2.308,3,42.51125000000001,2.3082390315938897,1.0031452953990418
9807,2.3081,2.3082,3,42.51125000000001,2.3082185610732675,1.0031574707360704
9808,2.3076,2.3077,3,42.51125000000001,2.308187255342484,1.003127032393499
9809,2.3062,2.3063,3,42.51125000000001,2.307942561316564,1.003041805034299
9810,2.3061,2.3062,3,42.51125000000001,2.307021280658282,1.003035717365785
9811,2.3044,2.3045,3,42.51125000000001,2.3069409182239435,1.0029322270010421
9812,2.3041,2.3042,3,42.51125000000001,2.305520459111972,1.0029139639954994
9813,2.3048,2.3049,3,42.51125000000001,2.305280306074648,1.0029565776750993
9814,2.3037,2.3038,3,42.51125000000001,2.304648183644789,1.0028896133214422
9815,2.3037,2.3038,3,42.51125000000001,2.3043321224298596,1.0028896133214422
9816,2.3037,2.3038,3,42.51125000000001,2.3041515160213284,1.0028896133214422
9817,2.3042,2.3043,3,42.51125000000001,2.3043274663774156,1.0029200516640135
9818,2.3034,2.3035,3,42.51125000000001,2.304385965909931,1.0028713503158995
9819,2.3032,2.3033,3,42.51125000000001,2.304148772727945,1.002859174978871
9820,2.3041,2.3042,3,42.51125000000001,2.3041752886649713,1.0029139639954994
9821,2.3045,2.3046,3,42.51125000000001,2.304199391016295,1.0029383146695565
9822,2.3044,2.3045,3,42.51125000000001,2.3042216886996227,1.0029322270010421
9823,2.3032,2.3033,3,42.51125000000001,2.304209485555798,1.002859174978871
9824,2.3035,2.3036,3,42.51125000000001,2.3041842983936385,1.0028774379844136
9825,2.3028,2.3029,3,42.51125000000001,2.3040300421836895,1.002834824304814
9826,2.3028,2.3029,3,42.51125000000001,2.30362002812246,1.002834824304814
9827,2.3031,2.3032,3,42.51125000000001,2.3036071001715537,1.0028530873103567
9828,2.3027,2.3028,3,42.51125000000001,2.3035403343151604,1.0028287366362996
9829,2.3026,2.3027,3,42.51125000000001,2.303463450215179,1.0028226489677854
9830,2.304,2.3041,3,42.51125000000001,2.303454768214055,1.0029078763269852
9831,2.3027,2.3028,3,42.51125000000001,2.303413825531796,1.0028287366362996
9832,2.3033,2.3034,3,42.51125000000001,2.303400374246224,1.0028652626473853
9833,2.3031,2.3032,3,42.51125000000001,2.3033841673632884,1.0028530873103567
9834,2.3027,2.3028,3,42.51125000000001,2.30334564955605,1.0028287366362996
9835,2.3027,2.3028,3,42.51125000000001,2.3033041179902005,1.0028287366362996
9836,2.3031,2.3032,3,42.51125000000001,2.30328403510735,1.0028530873103567
9837,2.3045,2.3046,3,42.51125000000001,2.3033042043974907,1.0029383146695565
9838,2.3052,2.3053,3,42.51125000000001,2.3042521021987454,1.0029809283491564
9839,2.3042,2.3043,3,42.51125000000001,2.3042194685362936,1.0029200516640135
9840,2.3037,2.3038,3,42.51125000000001,2.3041892586914754,1.0028896133214422
9841,2.3029,2.303,3,42.51125000000001,2.3038928540491233,1.0028409119733281
9842,2.3026,2.3027,3,42.51125000000001,2.3037018231444173,1.0028226489677854
9843,2.3026,2.3027,3,42.51125000000001,2.303556896977679,1.0028226489677854
9844,2.3026,2.3027,3,42.51125000000001,2.3034394303554286,1.0028226489677854
9845,2.3021,2.3022,3,42.51125000000001,2.3033012002330517,1.002792210625214
9846,2.302,2.3021,3,42.51125000000001,2.3031528215779975,1.0027861229566997
9847,2.3019,2.302,3,42.51125000000001,2.303019999694027,1.0027800352881855
9848,2.302,2.3021,3,42.51125000000001,2.3029063392848297,1.0027861229566997
9849,2.3016,2.3017,3,42.51125000000001,2.302793739621932,1.0027617722826425
9850,2.3003,2.3004,3,42.51125000000001,2.3024649735452707,1.0026826325919571
9851,2.3007,2.3008,3,42.51125000000001,2.302023730158953,1.002706983266014
9852,2.3004,2.3005,3,42.51125000000001,2.3018920079061003,1.0026887202604713
9853,2.3,2.3001,3,42.51125000000001,2.301261338604067,1.0026643695864141
9854,2.3,2.3001,3,42.51125000000001,2.300900956145762,1.0026643695864141
9855,2.3001,2.3002,3,42.51125000000001,2.300885220714986,1.0026704572549285
9856,2.2999,2.3,3,42.51125000000001,2.3008307821226923,1.0026582819179
9857,2.299,2.2991,3,42.51125000000001,2.300697498843801,1.0026034929012715
9858,2.2998,2.2999,3,42.51125000000001,2.30061033754448,1.0026521942493856
9859,2.3011,2.3012,3,42.51125000000001,2.3005896822156333,1.0027313339400712
9860,2.3011,2.3012,3,42.51125000000001,2.3005642505298116,1.0027313339400712
9861,2.3007,2.3008,3,42.51125000000001,2.3005658001213747,1.002706983266014
9862,2.3016,2.3017,3,42.51125000000001,2.3006417753665875,1.0027617722826425
9863,2.3023,2.3024,3,42.51125000000001,2.300773354611351,1.0028043859622424
9864,2.3027,2.3028,3,42.51125000000001,2.3017366773056755,1.0028287366362996
9865,2.3027,2.3028,3,42.51125000000001,2.3021220063834056,1.0028287366362996
9866,2.3023,2.3024,3,42.51125000000001,2.3020318198159506,1.0028043859622424
9867,2.3012,2.3013,3,42.51125000000001,2.3019573649976572,1.0027374216085856
9868,2.3003,2.3004,3,42.51125000000001,2.301669630900557,1.0026826325919571
9869,2.3001,2.3002,3,42.51125000000001,2.300884815450279,1.0026704572549285
9870,2.3012,2.3013,3,42.51125000000001,2.300923860280971,1.0027374216085856
9871,2.3019,2.302,3,42.51125000000001,2.3009765966484443,1.0027800352881855
9872,2.3018,2.3019,3,42.51125000000001,2.301180895309656,1.002773947619671
9873,2.3016,2.3017,3,42.51125000000001,2.301211314597515,1.0027617722826425
9874,2.3017,2.3018,3,42.51125000000001,2.301242264179762,1.0027678599511567
9875,2.3011,2.3012,3,42.51125000000001,2.3012595327772942,1.0027313339400712
9876,2.3007,2.3008,3,42.51125000000001,2.301262593113001,1.002706983266014
9877,2.3012,2.3013,3,42.51125000000001,2.3012627015881595,1.0027374216085856
9878,2.3002,2.3003,3,42.51125000000001,2.3012146077574713,1.0026765449234427
9879,2.2999,2.3,3,42.51125000000001,2.3010955850622135,1.0026582819179
9880,2.2999,2.3,3,42.51125000000001,2.300977829772887,1.0026582819179
9881,2.2999,2.3,3,42.51125000000001,2.300868621737532,1.0026582819179
9882,2.2989,2.299,3,42.51125000000001,2.30065995930027,1.0025974052327573
9883,2.2994,2.2995,3,42.51125000000001,2.300496950404912,1.0026278435753284
9884,2.2988,2.2989,3,42.51125000000001,2.3003364594741083,1.002591317564243
9885,2.2993,2.2994,3,42.51125000000001,2.300207041815928,1.0026217559068142
9886,2.2997,2.2998,3,42.51125000000001,2.3001358426569833,1.0026461065808714
9887,2.2996,2.2997,3,42.51125000000001,2.300076153778,1.0026400189123572
9888,2.2988,2.2989,3,42.51125000000001,2.299988646095862,1.002591317564243
9889,2.2979,2.298,3,42.51125000000001,2.2996197761918653,1.0025365285476144
9890,2.2976,2.2977,3,42.51125000000001,2.2986098880959327,1.0025182655420717
9891,2.2969,2.297,3,42.51125000000001,2.2977549440479663,1.0024756518624718
9892,2.297,2.2971,3,42.51125000000001,2.2974529664287795,1.002481739530986
9893,2.2974,2.2975,3,42.51125000000001,2.297646117065854,1.002506090205043
9894,2.2974,2.2975,3,42.51125000000001,2.2977337001386378,1.002506090205043
9895,2.2974,2.2975,3,42.51125000000001,2.297767989889908,1.002506090205043
9896,2.2974,2.2975,3,42.51125000000001,2.2977742471150937,1.002506090205043
9897,2.2972,2.2973,3,42.51125000000001,2.297758987046936,1.0024939148680145
9898,2.2976,2.2977,3,42.51125000000001,2.297744805124902,1.0025182655420717
9899,2.2966,2.2967,3,42.51125000000001,2.297700444568215,1.0024573888569288
9900,2.2965,2.2966,3,42.51125000000001,2.2976389464676927,1.0024513011884146
9901,2.2973,2.2974,3,42.51125000000001,2.297593830723314,1.0025000025365287
9902,2.296,2.2961,3,42.51125000000001,2.297518156275356,1.002420862845843
9903,2.2966,2.2967,3,42.51125000000001,2.2974508524942143,1.0024573888569288
9904,2.2975,2.2976,3,42.51125000000001,2.297409015694211,1.0025121778735573
9905,2.297,2.2971,3,42.51125000000001,2.2973703259872544,1.002481739530986
9906,2.2974,2.2975,3,42.51125000000001,2.2973455413429327,1.002506090205043
9907,2.2974,2.2975,3,42.51125000000001,2.2973291029111067,1.002506090205043
9908,2.2972,2.2973,3,42.51125000000001,2.2973153533925665,1.0024939148680145
9909,2.2979,2.298,3,42.51125000000001,2.2973138042231636,1.0025365285476144
9910,2.2979,2.298,3,42.51125000000001,2.297336643899523,1.0025365285476144
9911,2.2994,2.2995,3,42.51125000000001,2.2975569239907174,1.0026278435753284
9912,2.3008,2.3009,3,42.51125000000001,2.299178461995359,1.0027130709345284
9913,2.3015,2.3016,3,42.51125000000001,2.3003392309976793,1.0027556846141283
9914,2.3015,2.3016,3,42.51125000000001,2.30091961549884,1.0027556846141283
9915,2.3018,2.3019,3,42.51125000000001,2.301271769299304,1.002773947619671
9916,2.3011,2.3012,3,42.51125000000001,2.3012145128662027,1.0027313339400712
9917,2.301,2.3011,3,42.51125000000001,2.3009665483996575,1.0027252462715568
9918,2.3012,2.3013,3,42.51125000000001,2.300824999822475,1.0027374216085856
9919,2.3016,2.3017,3,42.51125000000001,2.300779104646134,1.0027617722826425
9920,2.3019,2.302,3,42.51125000000001,2.3007935790580065,1.0027800352881855
9921,2.3024,2.3025,3,42.51125000000001,2.3008552967557154,1.0028104736307566
9922,2.3025,2.3026,3,42.51125000000001,2.3011543337092215,1.002816561299271
9923,2.3025,2.3026,3,42.51125000000001,2.3013786114243513,1.002816561299271
9924,2.3043,2.3044,3,42.51125000000001,2.3017285905514884,1.002926139332528
9925,2.3039,2.304,3,42.51125000000001,2.3024523937009924,1.002901788658471
9926,2.3032,2.3033,3,42.51125000000001,2.3024748445846446,1.002859174978871
9927,2.3024,2.3025,4,40.20875000000001,2.302500186114906,1.0028084444079186
9928,2.3024,2.3025,5,37.90625000000001,2.3025011934437254,1.0028064151850804
9929,2.3023,2.3024,5,37.90625000000001,2.302489411990744,1.00279626907089
9930,2.3019,2.302,5,37.90625000000001,2.3024472638048303,1.0027556846141281
9931,2.3016,2.3017,5,37.90625000000001,2.3023835444553207,1.0027252462715568
9932,2.3012,2.3013,5,37.90625000000001,2.302284823045591,1.002684661814795
9933,2.3009,2.301,5,37.90625000000001,2.302171394004452,1.0026542234722235
9934,2.3006,2.3007,5,37.90625000000001,2.3019833524250686,1.0026237851296522
9935,2.3005,2.3006,5,37.90625000000001,2.3018183796126257,1.0026136390154619
9936,2.3012,2.3013,5,37.90625000000001,2.3017365837860932,1.002684661814795
9937,2.3006,2.3007,5,37.90625000000001,2.3016237373508055,1.0026237851296522
9938,2.3006,2.3007,5,37.90625000000001,2.3015218803069297,1.0026237851296522
9939,2.3005,2.3006,5,37.90625000000001,2.3014274899896834,1.0026136390154619
9940,2.3006,2.3007,5,37.90625000000001,2.301344493204413,1.0026237851296522
9941,2.3006,2.3007,5,37.90625000000001,2.301271432480693,1.0026237851296522
9942,2.3002,2.3003,5,37.90625000000001,2.301190881840336,1.0025832006728903
9943,2.2988,2.2989,5,37.90625000000001,2.3007922900049564,1.002441155074224
9944,2.2987,2.2988,5,37.90625000000001,2.2997461450024783,1.0024310089600337
9945,2.2985,2.2986,5,37.90625000000001,2.2991230725012395,1.0024107167316527
9946,2.2979,2.298,5,37.90625000000001,2.2986338435007436,1.0023498400465098
9947,2.2982,2.2983,5,37.90625000000001,2.298489229000496,1.0023802783890814
9948,2.2986,2.2987,5,37.90625000000001,2.298644707177372,1.002420862845843
9949,2.2986,2.2987,5,37.90625000000001,2.2987277071050674,1.002420862845843
9950,2.2989,2.299,5,37.90625000000001,2.298781508623472,1.0024513011884146
9951,2.2986,2.2987,5,37.90625000000001,2.2988075224650526,1.002420862845843
9952,2.2992,2.2993,5,37.90625000000001,2.298827185734078,1.002481739530986
9953,2.2988,2.2989,5,37.90625000000001,2.2988449885199675,1.002441155074224
9954,2.2982,2.2983,5,37.90625000000001,2.298839271888661,1.0023802783890814
9955,2.2982,2.2983,5,37.90625000000001,2.298818992446752,1.0023802783890814
9956,2.2965,2.2966,5,37.90625000000001,2.298558398139634,1.0022077944478436
9957,2.2964,2.2965,5,37.90625000000001,2.297479199069817,1.002197648333653
9958,2.2958,2.2959,5,37.90625000000001,2.2966395995349087,1.0021367716485103
9959,2.296,2.2961,5,37.90625000000001,2.2963837597209453,1.0021570638768913
9960,2.2959,2.296,5,37.90625000000001,2.2962225064806305,1.002146917762701
9961,2.2962,2.2963,5,37.90625000000001,2.2964094036698866,1.0021773561052723
9962,2.296,2.2961,5,37.90625000000001,2.2964863668384883,1.0021570638768913
9963,2.2963,2.2964,5,37.90625000000001,2.2965208167753626,1.0021875022194626
9964,2.2965,2.2966,5,37.90625000000001,2.2965397902201046,1.0022077944478436
9965,2.2959,2.296,5,37.90625000000001,2.2965299301138318,1.002146917762701
9966,2.2959,2.296,5,37.90625000000001,2.2965047908027456,1.002146917762701
9967,2.2976,2.2977,5,37.90625000000001,2.2965288623799185,1.0023194017039385
9968,2.2971,2.2972,5,37.90625000000001,2.2965492283779163,1.0022686711329862
9969,2.2978,2.2979,5,37.90625000000001,2.2967212557014642,1.0023396939323195
9970,2.2979,2.298,5,37.90625000000001,2.2968632824108823,1.0023498400465098
9971,2.298,2.2981,5,37.90625000000001,2.296990276221652,1.0023599861607004
9972,2.298,2.2981,5,37.90625000000001,2.2971021031346526,1.0023599861607004
9973,2.2978,2.2979,5,37.90625000000001,2.2971910099363164,1.0023396939323195
9974,2.2978,2.2979,5,37.90625000000001,2.2972641102145444,1.0023396939323195
9975,2.2996,2.2997,5,37.90625000000001,2.2974754568307594,1.0025223239877477
9976,2.2999,2.3,5,37.90625000000001,2.2986877284153797,1.0025527623303192
9977,2.2993,2.2994,5,37.90625000000001,2.298810182732304,1.0024918856451763
9978,2.2995,2.2996,5,37.90625000000001,2.298742744168628,1.0025121778735573
9979,2.3001,2.3002,5,37.90625000000001,2.29879741359448,1.0025730545587
9980,2.2993,2.2994,5,37.90625000000001,2.2988252348878557,1.0024918856451763
9981,2.2988,2.2989,5,37.90625000000001,2.2988424645533936,1.002441155074224
9982,2.2975,2.2976,5,37.90625000000001,2.2987627133184954,1.0023092555897481
9983,2.2981,2.2982,5,37.90625000000001,2.2986884155820926,1.0023701322748908
9984,2.2981,2.2982,5,37.90625000000001,2.2986223595031343,1.0023701322748908
9985,2.2979,2.298,5,37.90625000000001,2.2985539509725497,1.0023498400465098
9986,2.298,2.2981,5,37.90625000000001,2.29849378974793,1.0023599861607004
9987,2.2991,2.2992,5,37.90625000000001,2.29849004490647,1.0024715934167954
9988,2.298,2.2981,5,37.90625000000001,2.2984667099615392,1.0023599861607004
9989,2.298,2.2981,5,37.90625000000001,2.2984373962765705,1.0023599861607004
9990,2.2984,2.2985,5,37.90625000000001,2.2984182751130198,1.0024005706174621
9991,2.2992,2.2993,5,37.90625000000001,2.2984310568841866,1.002481739530986
9992,2.2994,2.2995,5,37.90625000000001,2.2984706937435853,1.0025020317593667
9993,2.2995,2.2996,5,37.90625000000001,2.298526207460532,1.0025121778735573
9994,2.3012,2.3013,5,37.90625000000001,2.298882830294238,1.002684661814795
9995,2.3003,2.3004,5,37.90625000000001,2.299355220196159,1.002593346787081
9996,2.3004,2.3005,5,37.90625000000001,2.299427508412518,1.0026034929012715
9997,2.3006,2.3007,5,37.90625000000001,2.29951776904986,1.0026237851296522
9998,2.3001,2.3002,5,37.90625000000001,2.2995905266076075,1.0025730545587
9999,2.3001,2.3002,5,37.90625000000001,2.299650723150405,1.0025730545587
10000,2.3004,2.3005,5,37.90625000000001,2.2997113120634607,1.0026034929012715
10001,2.2999,2.3,5,37.90625000000001,2.299750909641808,1.0025527623303192
10002,2.2998,2.2999,5,37.90625000000001,2.2997776403021275,1.0025426162161286
10003,2.3008,2.3009,5,37.90625000000001,2.2998229412768416,1.0026440773580332
10004,2.3002,2.3003,5,37.90625000000001,2.299861733641458,1.0025832006728903
10005,2.2999,2.3,5,37.90625000000001,2.2998868233318017,1.0025527623303192
10006,2.3,2.3001,5,37.90625000000001,2.2999062163361916,1.0025629084445096
10007,2.2999,2.3,5,37.90625000000001,2.2999194590504852,1.0025527623303192
10008,2.3005,2.3006,5,37.90625000000001,2.2999402643092655,1.0026136390154619
10009,2.3009,2.301,5,37.90625000000001,2.299973863100444,1.0026542234722235
10010,2.3007,2.3008,5,37.90625000000001,2.300008690644377,1.0026339312438426
10011,2.3014,2.3015,5,37.90625000000001,2.3000638138378457,1.0027049540431758
10012,2.3026,2.3027,4,40.208850000000005,2.300486054593513,1.0028267074134614
10013,2.3021,2.3022,4,40.208850000000005,2.3009471818525093,1.0027861229566994
10014,2.3016,2.3017,4,40.208850000000005,2.3010132209416208,1.0027455384999377
10015,2.3014,2.3015,4,40.208850000000005,2.3010334313252,1.002729304717233
10016,2.3023,2.3024,4,40.208850000000005,2.3011231892766713,1.0028023567394044
10017,2.3018,2.3019,4,40.208850000000005,2.3011922966637455,1.0027617722826425
10018,2.3019,2.302,4,40.208850000000005,2.3012561490250945,1.002769889173995
10019,2.3019,2.302,4,40.208850000000005,2.3013143456434233,1.002769889173995
10020,2.3016,2.3017,4,40.208850000000005,2.3013591773488837,1.0027455384999377
10021,2.3027,2.3028,4,40.208850000000005,2.301436488824597,1.0028348243048137
10022,2.3027,2.3028,4,40.208850000000005,2.301520489366666,1.0028348243048137
10023,2.3027,2.3028,4,40.208850000000005,2.3016051263549655,1.0028348243048137
10024,2.3023,2.3024,4,40.208850000000005,2.3016688712176205,1.0028023567394044
10025,2.3021,2.3022,4,40.208850000000005,2.301718297397467,1.0027861229566994
10026,2.3013,2.3014,5,37.907450000000004,2.3017340434293563,1.0027191586030424
10027,2.3015,2.3016,4,40.20895,2.3017466262386805,1.0027394508314234
10028,2.3018,2.3019,4,40.20895,2.3017587393868593,1.0027638015054805
10029,2.3012,2.3013,4,40.20895,2.301758605256945,1.0027151001573662
10030,2.3017,2.3018,4,40.20895,2.301757557257131,1.0027556846141281
10031,2.3017,2.3018,4,40.20895,2.301755965500798,1.0027556846141281
10032,2.3036,2.3037,4,40.20895,2.3019161165107027,1.002909905549823
10033,2.3034,2.3035,4,40.20895,2.3026580582553513,1.0028936717671184
10034,2.3032,2.3033,4,40.20895,2.302597872636265,1.0028774379844136
10035,2.3032,2.3033,4,40.20895,2.302601013248834,1.0028774379844136
10036,2.3031,2.3032,4,40.20895,2.30262530045986,1.0028693210930613
10037,2.3026,2.3027,4,40.20895,2.302629230029847,1.0028287366362993
10038,2.3026,2.3027,4,40.20895,2.3026317460149803,1.0028287366362993
10039,2.302,2.3021,4,40.20895,2.3026264688808964,1.0027800352881853
10040,2.3022,2.3023,4,40.20895,2.302617713520199,1.0027962690708898
10041,2.3022,2.3023,4,40.20895,2.302606714590479,1.0027962690708898
10042,2.3029,2.303,4,40.20895,2.3025937629663153,1.0028530873103565
10043,2.3031,2.3032,4,40.20895,2.3025975579525277,1.0028693210930613
10044,2.3032,2.3033,4,40.20895,2.3026137726205773,1.0028774379844136
10045,2.3032,2.3033,4,40.20895,2.3026372376349724,1.0028774379844136
10046,2.3029,2.303,4,40.20895,2.3026585448390304,1.0028530873103565
10047,2.3032,2.3033,4,40.20895,2.3026835881788785,1.0028774379844136
10048,2.303,2.3031,4,40.20895,2.3027067576256113,1.0028612042017089
10049,2.303,2.3031,4,40.20895,2.3027280841185473,1.0028612042017089
10050,2.3032,2.3033,4,40.20895,2.3027509539277125,1.0028774379844136
10051,2.3025,2.3026,5,37.90635,2.3027576914816925,1.002818590522109
10052,2.3025,2.3026,6,35.603750000000005,2.3027606402206064,1.0028165612992708
10053,2.3024,2.3025,6,35.603750000000005,2.3027599078317156,1.0028043859622424
10054,2.302,2.3021,6,35.603750000000005,2.3027536266303374,1.0027556846141281
10055,2.3017,2.3018,6,35.603750000000005,2.3027266901722667,1.0027191586030424
10056,2.3019,2.302,6,35.603750000000005,2.3026961528949417,1.0027435092770995
10057,2.3019,2.302,6,35.603750000000005,2.3026629157341514,1.0027435092770995
10058,2.3017,2.3018,6,35.603750000000005,2.3026243461898597,1.0027191586030424
10059,2.3026,2.3027,6,35.603750000000005,2.3026090218147206,1.0028287366362996
10060,2.3051,2.3052,5,37.90885000000001,2.302685016875654,1.0031331200620133
10061,2.305,2.3051,5,37.90885000000001,2.3038425084378273,1.0031229739478227
10062,2.3057,2.3058,5,37.90885000000001,2.3047712542189136,1.003193996747156
10063,2.3052,2.3053,5,37.90885000000001,2.3049427525313484,1.0031432661762036
10064,2.304,2.3041,5,37.90885000000001,2.3046533335709825,1.0030215128059183
10065,2.304,2.3041,5,37.90885000000001,2.304297942945973,1.0030215128059183
10066,2.3037,2.3038,5,37.90885000000001,2.3041381465271717,1.0029910744633468
10067,2.3038,2.3039,5,37.90885000000001,2.304052281536016,1.0030012205775372
10068,2.3032,2.3033,5,37.90885000000001,2.303953792659869,1.0029403438923945
10069,2.3022,2.3023,5,37.90885000000001,2.3037617786565825,1.00283888275049
10070,2.3029,2.303,5,37.90885000000001,2.303663693512093,1.0029099055498232
10071,2.3021,2.3022,5,37.90885000000001,2.303453668569351,1.0028287366362996
10072,2.3023,2.3024,5,37.90885000000001,2.3033367896178576,1.0028490288646803
10073,2.3024,2.3025,5,37.90885000000001,2.303253660511642,1.002859174978871
10074,2.3024,2.3025,5,37.90885000000001,2.3031767809688386,1.002859174978871
10075,2.3018,2.3019,5,37.90885000000001,2.3030512629614885,1.0027982982937282
10076,2.3021,2.3022,5,37.90885000000001,2.302944783995043,1.0028287366362996
10077,2.3016,2.3017,5,37.90885000000001,2.302836968940793,1.0027780060653473
10078,2.3016,2.3017,5,37.90885000000001,2.302733325795661,1.0027780060653473
10079,2.3013,2.3014,5,37.90885000000001,2.3026192258998694,1.0027475677227757
10080,2.3013,2.3014,5,37.90885000000001,2.302510513352871,1.0027475677227757
10081,2.3015,2.3016,5,37.90885000000001,2.3024143796154406,1.0027678599511567
10082,2.3011,2.3012,5,37.90885000000001,2.302305009251075,1.002727275494395
10083,2.3004,2.3005,5,37.90885000000001,2.3020953762615695,1.0026562526950618
10084,2.3004,2.3005,5,37.90885000000001,2.301718625981221,1.0026562526950618
10085,2.3001,2.3002,5,37.90885000000001,2.3015867762572695,1.0026258143524904
10086,2.301,2.3011,5,37.90885000000001,2.3015234592243625,1.0027171293802046
10087,2.3008,2.3009,5,37.90885000000001,2.301465673182242,1.0026968371518235
10088,2.3012,2.3013,5,37.90885000000001,2.3014207742215036,1.0027374216085854
10089,2.301,2.3011,5,37.90885000000001,2.301381898594781,1.0027171293802046
10090,2.301,2.3011,5,37.90885000000001,2.301348022205568,1.0027171293802046
10091,2.3013,2.3014,5,37.90885000000001,2.3013253519351977,1.0027475677227757
10092,2.3016,2.3017,5,37.90885000000001,2.3013134983643098,1.0027780060653473
10093,2.3009,2.301,5,37.90885000000001,2.301297534861396,1.002706983266014
10094,2.3009,2.301,5,37.90885000000001,2.3012802588140415,1.002706983266014
10095,2.3012,2.3013,5,37.90885000000001,2.30126663232083,1.0027374216085854
10096,2.3006,2.3007,5,37.90885000000001,2.30124445899349,1.0026765449234427
10097,2.3004,2.3005,5,37.90885000000001,2.3012131838081955,1.0026562526950618
10098,2.3003,2.3004,5,37.90885000000001,2.3011764949995563,1.0026461065808714
10099,2.3005,2.3006,5,37.90885000000001,2.3011427881295177,1.0026663988092521
10100,2.3005,2.3006,5,37.90885000000001,2.3011096169630316,1.0026663988092521
10101,2.3009,2.301,5,37.90885000000001,2.301086031791692,1.002706983266014
10102,2.3013,2.3014,5,37.90885000000001,2.3010717145879815,1.0027475677227757
10103,2.3009,2.301,5,37.90885000000001,2.301058508524201,1.002706983266014
10104,2.3006,2.3007,5,37.90885000000001,2.3010419766166774,1.0026765449234427
10105,2.3008,2.3009,5,37.90885000000001,2.3010286363784695,1.0026968371518235
10106,2.3007,2.3008,5,37.90885000000001,2.301013769550906,1.002686691037633
10107,2.301,2.3011,5,37.90885000000001,2.3010037147109688,1.0027171293802046
10108,2.301,2.3011,5,37.90885000000001,2.300996086209841,1.0027171293802046
10109,2.301,2.3011,5,37.90885000000001,2.3009903484013985,1.0027171293802046
10110,2.301,2.3011,5,37.90885000000001,2.3009860829377775,1.0027171293802046
10111,2.301,2.3011,5,37.90885000000001,2.3009829627873835,1.0027171293802046
10112,2.301,2.3011,5,37.90885000000001,2.300980732120806,1.0027171293802046
10113,2.301,2.3011,5,37.90885000000001,2.300979190706652,1.0027171293802046
10114,2.301,2.3011,5,37.90885000000001,2.300978181782659,1.0027171293802046
10115,2.301,2.3011,5,37.90885000000001,2.3009775826112833,1.0027171293802046
10116,2.301,2.3011,5,37.90885000000001,2.3009772971135853,1.0027171293802046
10117,2.3,2.3001,5,37.90885000000001,2.3009685853927584,1.0026156682382998
10118,2.3003,2.3004,5,37.90885000000001,2.300956300908469,1.0026461065808714
10119,2.3005,2.3006,5,37.90885000000001,2.300943735338634,1.0026663988092521
10120,2.2978,2.2979,5,37.90885000000001,2.3005448510884237,1.0023924537261097
10121,2.2975,2.2976,5,37.90885000000001,2.2990224255442118,1.0023620153835384
10122,2.2977,2.2978,5,37.90885000000001,2.2983612127721056,1.0023823076119194
10123,2.2977,2.2978,5,37.90885000000001,2.298096727663263,1.0023823076119194
10124,2.2977,2.2978,5,37.90885000000001,2.2979644851088423,1.0023823076119194
10125,2.2977,2.2978,5,37.90885000000001,2.297888917934887,1.0023823076119194
10126,2.2977,2.2978,5,37.90885000000001,2.2980217933787497,1.0023823076119194
10127,2.2984,2.2985,5,37.90885000000001,2.29810955196919,1.0024533304112526
10128,2.298,2.2981,5,37.90885000000001,2.2981558299993807,1.002412745954491
10129,2.2981,2.2982,5,37.90885000000001,2.298181521719845,1.0024228920686813
10130,2.2991,2.2992,5,37.90885000000001,2.298216400159107,1.0025243532105859
10131,2.2994,2.2995,5,37.90885000000001,2.2983499634433078,1.0025547915531572
10132,2.2996,2.2997,5,37.90885000000001,2.2984773455791254,1.0025750837815381
10133,2.3,2.3001,5,37.90885000000001,2.298692305829949,1.0026156682382998
10134,2.3003,2.3004,5,37.90885000000001,2.298877680124683,1.0026461065808714
10135,2.3004,2.3005,5,37.90885000000001,2.2993126286604877,1.0026562526950618
10136,2.3005,2.3006,5,37.90885000000001,2.2993962953090974,1.0026663988092521
10137,2.3005,2.3006,5,37.90885000000001,2.29948652579181,1.0026663988092521
10138,2.3009,2.301,5,37.90885000000001,2.2996010552589174,1.002706983266014
10139,2.3012,2.3013,5,37.90885000000001,2.299738541474999,1.0027374216085854
10140,2.3008,2.3009,5,37.90885000000001,2.2998452147453556,1.0026968371518235
10141,2.3013,2.3014,5,37.90885000000001,2.2999766663446053,1.0027475677227757
10142,2.3019,2.302,5,37.90885000000001,2.3001326467970378,1.0028084444079186
10143,2.3021,2.3022,5,37.90885000000001,2.3005698363976963,1.0028287366362996
10144,2.3021,2.3022,5,37.90885000000001,2.300875869118157,1.0028287366362996
10145,2.3015,2.3016,5,37.90885000000001,2.300930045002891,1.0027678599511567
10146,2.3015,2.3016,5,37.90885000000001,2.300979322672829,1.0027678599511567
10147,2.3015,2.3016,5,37.90885000000001,2.301023914699484,1.0027678599511567
10148,2.3017,2.3018,5,37.90885000000001,2.3010712041117602,1.0027881521795377
10149,2.3018,2.3019,5,37.90885000000001,2.301118656782882,1.0027982982937282
10150,2.3019,2.302,5,37.90885000000001,2.3011667955882857,1.0028084444079186
10151,2.3023,2.3024,5,37.90885000000001,2.30123627925874,1.0028490288646803
10152,2.3023,2.3024,5,37.90885000000001,2.3013066455792415,1.0028490288646803
10153,2.3023,2.3024,5,37.90885000000001,2.301375306403125,1.0028490288646803
10154,2.3023,2.3024,5,37.90885000000001,2.3014408012799517,1.0028490288646803
10155,2.3023,2.3024,5,37.90885000000001,2.301502370931355,1.0028490288646803
10156,2.3027,2.3028,5,37.90885000000001,2.301578363834774,1.0028896133214422
10157,2.3032,2.3033,5,37.90885000000001,2.301716757112645,1.0029403438923945
10158,2.3032,2.3033,5,37.90885000000001,2.3018466270145916,1.0029403438923945
10159,2.3033,2.3034,5,37.90885000000001,2.301969017106318,1.002950490006585
10160,2.3032,2.3033,5,37.90885000000001,2.302079670032653,1.0029403438923945
10161,2.3035,2.3036,5,37.90885000000001,2.302202969584496,1.0029707822349658
10162,2.3033,2.3034,5,37.90885000000001,2.3022972580918513,1.002950490006585
10163,2.3035,2.3036,5,37.90885000000001,2.302398417604332,1.0029707822349658
10164,2.3042,2.3043,5,37.90885000000001,2.3025715266274496,1.003041805034299
10165,2.3037,2.3038,5,37.90885000000001,2.302667991077192,1.0029910744633468
10166,2.3033,2.3034,5,37.90885000000001,2.302734729969732,1.002950490006585
10167,2.3031,2.3032,5,37.90885000000001,2.302776052463713,1.0029301977782041
10168,2.3031,2.3032,5,37.90885000000001,2.3028104464614114,1.0029301977782041
10169,2.3031,2.3032,5,37.90885000000001,2.3028393066796427,1.0029301977782041
10170,2.3033,2.3034,5,37.90885000000001,2.3028728514005197,1.002950490006585
10171,2.3033,2.3034,5,37.90885000000001,2.3029032166700896,1.002950490006585
10172,2.3034,2.3035,5,37.90885000000001,2.3029332993759826,1.0029606361207755
10173,2.3034,2.3035,5,37.90885000000001,2.3029615998047097,1.0029606361207755
10174,2.3033,2.3034,5,37.90885000000001,2.302985841666353,1.002950490006585
10175,2.3033,2.3034,5,37.90885000000001,2.303007563387228,1.002950490006585
10176,2.304,2.3041,5,37.90885000000001,2.303045778778235,1.0030215128059183
10177,2.3038,2.3039,5,37.90885000000001,2.303077907529106,1.0030012205775372
10178,2.3044,2.3045,5,37.90885000000001,2.3031285260966454,1.00306209726268
10179,2.3042,2.3043,5,37.90885000000001,2.3031788999325666,1.003041805034299
10180,2.3037,2.3038,5,37.90885000000001,2.3032155913821426,1.0029910744633468
10181,2.3087,2.3088,5,37.90885000000001,2.3059577956910715,1.0034983801728696
10182,2.3074,2.3075,5,37.90885000000001,2.3066788978455355,1.0033664806883937
10183,2.3075,2.3076,5,37.90885000000001,2.307089448922768,1.0033766268025843
10184,2.3062,2.3063,5,37.90885000000001,2.306389438544026,1.0032447273181082
10185,2.3052,2.3053,5,37.90885000000001,2.3059949398850836,1.0031432661762036
10186,2.3043,2.3044,5,37.90885000000001,2.305679468625963,1.0030519511484894
10187,2.3043,2.3044,5,37.90885000000001,2.3049897343129815,1.0030519511484894
10188,2.3035,2.3036,5,37.90885000000001,2.3049282712338224,1.0029707822349658
10189,2.303,2.3031,5,37.90885000000001,2.3041569627402936,1.0029200516640135
10190,2.3029,2.303,5,37.90885000000001,2.303737975160196,1.0029099055498232
10191,2.3029,2.303,5,37.90885000000001,2.3034985536858543,1.0029099055498232
10192,2.3034,2.3035,6,35.60535000000001,2.30359447616021,1.0029586068979373
10193,2.3028,2.3029,7,33.30245000000001,2.303614697462981,1.002883525652928
10194,2.3028,2.3029,7,33.30245000000001,2.3035966533922783,1.002883525652928
10195,2.3018,2.3019,7,33.30245000000001,2.3035002239984177,1.0027414800542616
10196,2.3014,2.3015,7,33.30245000000001,2.3026601343990505,1.002684661814795
10197,2.3013,2.3014,7,33.30245000000001,2.3022067562660338,1.0026704572549283
10198,2.3015,2.3016,7,33.30245000000001,2.3020048259043095,1.0026988663746617
10199,2.3019,2.302,7,33.30245000000001,2.3020510280219586,1.0027556846141281
10200,2.3024,2.3025,7,33.30245000000001,2.3020897935905267,1.0028267074134614
10201,2.3037,2.3038,6,35.60615000000001,2.3023313278415083,1.0030113666917277
10202,2.3047,2.3048,6,35.60615000000001,2.3026454711404094,1.0031331200620133
10203,2.3044,2.3045,6,35.60615000000001,2.303522735570205,1.0030965940509275
10204,2.304,2.3041,6,35.60615000000001,2.3034695062743076,1.0030478927028132
10205,2.3025,2.3026,6,35.60615000000001,2.303337818098182,1.0028652626473853
10206,2.3028,2.3029,6,35.60615000000001,2.3032556061061276,1.0029017886584708
10207,2.3016,2.3017,6,35.60615000000001,2.3030546481922642,1.0027556846141281
10208,2.3018,2.3019,6,35.60615000000001,2.3025527889153588,1.0027800352881853
10209,2.3017,2.3018,6,35.60615000000001,2.3025309196420585,1.0027678599511567
10210,2.301,2.3011,6,35.60615000000001,2.302405265598294,1.0026826325919571
10211,2.3003,2.3004,6,35.60615000000001,2.3017035103988626,1.002597405232757
10212,2.3,2.3001,6,35.60615000000001,2.300851755199431,1.0025608792216714
10213,2.2985,2.2986,6,35.60615000000001,2.2996758775997157,1.0023782491662432
10214,2.2983,2.2984,6,35.60615000000001,2.2989879387998577,1.002353898492186
10215,2.2978,2.2979,6,35.60615000000001,2.298393969399929,1.0022930218070434
10216,2.2978,2.2979,6,35.60615000000001,2.2981563816399575,1.0022930218070434
10217,2.2985,2.2986,6,35.60615000000001,2.2982545583142553,1.0023782491662432
10218,2.2964,2.2965,6,35.60615000000001,2.2984949388389153,1.0021225670886436
10219,2.2957,2.2958,6,35.60615000000001,2.297097469419458,1.002037339729444
10220,2.2966,2.2967,6,35.60615000000001,2.2968487347097293,1.002146917762701
10221,2.2967,2.2968,6,35.60615000000001,2.2967892408258375,1.0021590930997293
10222,2.2973,2.2974,6,35.60615000000001,2.296948155998354,1.0022321451219007
10223,2.2972,2.2973,6,35.60615000000001,2.2970533037633567,1.0022199697848722
10224,2.2974,2.2975,6,35.60615000000001,2.2972176989724002,1.002244320458929
10225,2.2958,2.2959,6,35.60615000000001,2.2972201982818543,1.0020495150664723
10226,2.296,2.2961,6,35.60615000000001,2.2969761586254833,1.0020738657405295
10227,2.294,2.2941,6,35.60615000000001,2.2967176025154705,1.0018303589999586
10228,2.2943,2.2944,6,35.60615000000001,2.295750561509282,1.0018668850110442
10229,2.2944,2.2945,6,35.60615000000001,2.2953003743395213,1.0018790603480727
10230,2.2945,2.2946,6,35.60615000000001,2.295071695956801,1.0018912356851013
10231,2.2949,2.295,6,35.60615000000001,2.295158406273082,1.0019399370332154
10232,2.2953,2.2954,6,35.60615000000001,2.2952114237678987,1.0019886383813297
10233,2.2961,2.2962,6,35.60615000000001,2.295336776624296,1.002086041077558
10234,2.297,2.2971,6,35.60615000000001,2.295564899820331,1.002195619110815
10235,2.2972,2.2973,6,35.60615000000001,2.2963824499101655,1.0022199697848722
10236,2.2972,2.2973,6,35.60615000000001,2.2967094699460997,1.0022199697848722
10237,2.2972,2.2973,6,35.60615000000001,2.2966161088844097,1.0022199697848722
10238,2.2989,2.299,6,35.60615000000001,2.2967473490262624,1.0024269505143573
10239,2.299,2.2991,6,35.60615000000001,2.297873674513131,1.002439125851386
10240,2.2997,2.2998,6,35.60615000000001,2.2987868372565656,1.0025243532105859
10241,2.3001,2.3002,6,35.60615000000001,2.2993121023539396,1.0025730545587
10242,2.3,2.3001,6,35.60615000000001,2.299541401569293,1.0025608792216714
10243,2.2987,2.2988,6,35.60615000000001,2.299337120624315,1.0024025998403003
10244,2.2991,2.2992,6,35.60615000000001,2.2991592034591366,1.0024513011884146
10245,2.3005,2.3006,6,35.60615000000001,2.2991163313302865,1.0026217559068142
10246,2.3006,2.3007,6,35.60615000000001,2.2998581656651433,1.0026339312438428
10247,2.3015,2.3016,6,35.60615000000001,2.3006790828325716,1.0027435092770995
10248,2.3017,2.3018,6,35.60615000000001,2.301087449699543,1.0027678599511567
10249,2.3018,2.3019,6,35.60615000000001,2.301324966466362,1.0027800352881853
10250,2.3001,2.3002,6,35.60615000000001,2.3011802730171445,1.0025730545587
10251,2.3001,2.3002,6,35.60615000000001,2.301059376140877,1.0025730545587
10252,2.3023,2.3024,6,35.60615000000001,2.3009401236852045,1.0028409119733281
10253,2.3029,2.303,6,35.60615000000001,2.301920061842602,1.0029139639954994
10254,2.3029,2.303,6,35.60615000000001,2.302410030921301,1.0029139639954994
10255,2.3023,2.3024,6,35.60615000000001,2.3020676902480623,1.0028409119733281
10256,2.3021,2.3022,6,35.60615000000001,2.301929599957613,1.0028165612992708
10257,2.3027,2.3028,6,35.60615000000001,2.301905059044799,1.0028896133214422
10258,2.3024,2.3025,6,35.60615000000001,2.3019150070305283,1.0028530873103565
10259,2.302,2.3021,6,35.60615000000001,2.301923867263935,1.0028043859622424
10260,2.3035,2.3036,6,35.60615000000001,2.301986255678925,1.0029870160176708
10261,2.3039,2.304,6,35.60615000000001,2.302624170452617,1.003035717365785
10262,2.3047,2.3048,6,35.60615000000001,2.3036620852263088,1.0031331200620133
10263,2.305,2.3051,6,35.60615000000001,2.3041972511357853,1.003169646073099
10264,2.3052,2.3053,6,35.60615000000001,2.3045983506814713,1.003193996747156
10265,2.3061,2.3062,6,35.60615000000001,2.3051990104088826,1.0033035747804129
10266,2.3062,2.3063,6,35.60615000000001,2.3055326736059216,1.0033157501174415
10267,2.3055,2.3056,6,35.60615000000001,2.305524505204441,1.0032305227582416
10268,2.3049,2.305,6,35.60615000000001,2.305361113332767,1.0031574707360702
10269,2.3055,2.3056,6,35.60615000000001,2.3052592163501164,1.0032305227582416
10270,2.3076,2.3077,6,35.60615000000001,2.3053052743466766,1.003486204835841
10271,2.3082,2.3083,6,35.60615000000001,2.3067526371733384,1.0035592568580125
10272,2.307,2.3071,6,35.60615000000001,2.3068515823040032,1.0034131528136698
10273,2.3077,2.3078,6,35.60615000000001,2.3066590850032043,1.0034983801728696
10274,2.3082,2.3083,6,35.60615000000001,2.3071727233354693,1.0035592568580125
10275,2.3085,2.3086,6,35.60615000000001,2.307551945239621,1.003595782869098
10276,2.3078,2.3079,6,35.60615000000001,2.307456403927633,1.003510555509898
10277,2.3062,2.3063,6,35.60615000000001,2.3072249301422265,1.0033157501174415
10278,2.3057,2.3058,6,35.60615000000001,2.306991606307994,1.0032548734322988
10279,2.3075,2.3076,6,35.60615000000001,2.3069737033803235,1.0034740294988125
10280,2.3084,2.3085,6,35.60615000000001,2.307070409047082,1.0035836075320694
10281,2.3086,2.3087,6,35.60615000000001,2.307835204523541,1.0036079582061266
10282,2.3084,2.3085,6,35.60615000000001,2.307742895579649,1.0035836075320694
10283,2.3092,2.3093,6,35.60615000000001,2.3078035515104904,1.003681010228298
10284,2.3079,2.308,6,35.60615000000001,2.3078298307843967,1.0035227308469268
10285,2.3074,2.3075,6,35.60615000000001,2.3078237312865353,1.003461854161784
10286,2.307,2.3071,6,35.60615000000001,2.307741360876747,1.0034131528136698
10287,2.3066,2.3067,6,35.60615000000001,2.307631395224326,1.0033644514655555
10288,2.3072,2.3073,6,35.60615000000001,2.3075602641104975,1.003437503487727
10289,2.3077,2.3078,6,35.60615000000001,2.307545099136711,1.0034983801728696
10290,2.3079,2.308,6,35.60615000000001,2.30754548204449,1.0035227308469268
10291,2.3085,2.3086,6,35.60615000000001,2.307615590766165,1.003595782869098
10292,2.3091,2.3092,6,35.60615000000001,2.3077579648101754,1.0036688348912692
10293,2.3087,2.3088,6,35.60615000000001,2.3078568250692344,1.0036201335431552
10294,2.3074,2.3075,7,33.29865000000001,2.307876684246361,1.003459824938946
10295,2.3071,2.3072,7,33.29865000000001,2.307846697631724,1.003417211259346
10296,2.307,2.3071,7,33.29865000000001,2.3077574578683064,1.0034030066994795
10297,2.3087,2.3088,6,35.60735000000001,2.307928829164978,1.0036444842172123
10298,2.3093,2.3094,6,35.60735000000001,2.3080236115514805,1.0037175362393835
10299,2.3097,2.3098,6,35.60735000000001,2.30886180577574,1.0037662375874976
10300,2.3088,2.3089,6,35.60735000000001,2.3087081244868544,1.0036566595542409
10301,2.3101,2.3102,6,35.60735000000001,2.3087296109603797,1.003814938935612
10302,2.3098,2.3099,6,35.60735000000001,2.309035436400271,1.0037784129245264
10303,2.31,2.3101,6,35.60735000000001,2.309063724607025,1.0038027635985833
10304,2.3119,2.312,6,35.60735000000001,2.3093562851692213,1.0040340950021258
10305,2.3128,2.3129,6,35.60735000000001,2.311078142584611,1.0041436730353828
10306,2.312,2.3121,6,35.60735000000001,2.311539071292305,1.0040462703391544
10307,2.3114,2.3115,6,35.60735000000001,2.311329436553039,1.0039732183169832
10308,2.3117,2.3118,6,35.60735000000001,2.3111803756116363,1.0040097443280687
10309,2.3107,2.3108,6,35.60735000000001,2.311047872041872,1.0038879909577831
10310,2.31,2.3101,6,35.60735000000001,2.3109066159591243,1.0038027635985833
10311,2.3095,2.3096,6,35.60735000000001,2.3106920619120634,1.0037418869134407
10312,2.3129,2.313,6,35.60735000000001,2.3117960309560317,1.0041558483724113
10313,2.3126,2.3127,6,35.60735000000001,2.3121980154780157,1.0041193223613258
10314,2.3122,2.3123,6,35.60735000000001,2.311799647571309,1.0040706210132115
10315,2.3121,2.3122,6,35.60735000000001,2.311691116433019,1.004058445676183
10316,2.3114,2.3115,6,35.60735000000001,2.311629073910808,1.0039732183169832
10317,2.3123,2.3124,6,35.60735000000001,2.3116349203206417,1.0040827963502401
10318,2.3127,2.3128,6,35.60735000000001,2.3116863226747317,1.0041314976983542
10319,2.3146,2.3147,6,35.60735000000001,2.312014287138867,1.0043628291018967
10320,2.3148,2.3149,6,35.60735000000001,2.3134071435694334,1.0043871797759538
10321,2.3149,2.315,6,35.60735000000001,2.3141535717847166,1.0043993551129824
10322,2.3152,2.3153,6,35.60735000000001,2.31457214307083,1.004435881124068
10323,2.3152,2.3153,6,35.60735000000001,2.3147814287138866,1.004435881124068
10324,2.3129,2.313,6,35.60735000000001,2.3142264968572244,1.0041558483724113
10325,2.3125,2.3126,6,35.60735000000001,2.3138425250197514,1.004107147024297
10326,2.3127,2.3128,6,35.60735000000001,2.3135815797208075,1.0041314976983542
10327,2.3136,2.3137,6,35.60735000000001,2.3135465544612304,1.0042410757316111
10328,2.3139,2.314,6,35.60735000000001,2.3135343971800633,1.0042776017426966
10329,2.3145,2.3146,6,35.60735000000001,2.313594825371977,1.004350653764868
10330,2.3155,2.3156,6,35.60735000000001,2.3137927436893984,1.0044724071351536
10331,2.3154,2.3155,6,35.60735000000001,2.314435646213639,1.0044602317981248
10332,2.3152,2.3153,6,35.60735000000001,2.3144312316462297,1.004435881124068
10333,2.3153,2.3154,6,35.60735000000001,2.3144737825278097,1.0044480564610965
10334,2.3155,2.3156,6,35.60735000000001,2.3145421877500807,1.0044724071351536
10335,2.3149,2.315,6,35.60735000000001,2.3145887798501015,1.0043993551129824
10336,2.3144,2.3145,7,33.29285000000001,2.3146102634187056,1.0043364492050015
10337,2.3154,2.3155,6,35.608250000000005,2.3146507519755826,1.0044784948036678
10338,2.3151,2.3152,6,35.608250000000005,2.3146862524315592,1.004441968792582
10339,2.3153,2.3154,6,35.608250000000005,2.3147279974344643,1.0044663194666392
10340,2.316,2.3161,6,35.608250000000005,2.3147924783124347,1.004551546825839
10341,2.3163,2.3164,6,35.608250000000005,2.3149805645801522,1.0045880728369245
10342,2.3161,2.3162,6,35.608250000000005,2.3151266535063497,1.0045637221628676
10343,2.3176,2.3177,6,35.608250000000005,2.315426060554595,1.0047463522182958
10344,2.3177,2.3178,6,35.608250000000005,2.316335636332757,1.0047585275553244
10345,2.3174,2.3175,6,35.608250000000005,2.316639740237684,1.0047220015442389
10346,2.318,2.3181,6,35.608250000000005,2.3166680213782396,1.00479505356641
10347,2.3186,2.3187,6,35.608250000000005,2.3173120142521597,1.0048681055885813
10348,2.3184,2.3185,6,35.608250000000005,2.3176228673229713,1.0048437549145242
10349,2.3189,2.319,6,35.608250000000005,2.31761461724879,1.004904631599667
10350,2.318,2.3181,6,35.608250000000005,2.3176256882285786,1.00479505356641
10351,2.3177,2.3178,6,35.608250000000005,2.317633223977157,1.0047585275553244
10352,2.3184,2.3185,6,35.608250000000005,2.3176641770471025,1.0048437549145242
10353,2.3189,2.319,6,35.608250000000005,2.317720620156778,1.004904631599667
10354,2.3186,2.3187,6,35.608250000000005,2.317780741829811,1.0048681055885813
10355,2.3185,2.3186,6,35.608250000000005,2.317838073507155,1.0048559302515525
10356,2.3175,2.3176,7,33.29065000000001,2.3178625155633394,1.0047321476584292
10357,2.3175,2.3176,8,30.973050000000008,2.317872417926197,1.004730118435591
10358,2.3171,2.3172,8,30.973050000000008,2.317848560196082,1.0046651833047722
10359,2.3166,2.3167,8,30.973050000000008,2.3177421398493827,1.0045840143912486
10360,2.3168,2.3169,8,30.973050000000008,2.3176415048681944,1.0046164819566579
10361,2.3171,2.3172,8,30.973050000000008,2.317583031345007,1.0046651833047722
10362,2.3163,2.3164,8,30.973050000000008,2.3174828500115883,1.0045353130431343
10363,2.3176,2.3177,8,30.973050000000008,2.317464882040494,1.0047463522182958
10364,2.3179,2.318,7,33.29095000000001,2.3174570603085636,1.00479505356641
10365,2.3179,2.318,7,33.29095000000001,2.3174581718670137,1.00479505356641
10366,2.3178,2.3179,7,33.29095000000001,2.3174639442346683,1.0047808490065435
10367,2.3198,2.3199,7,33.29095000000001,2.317703469306619,1.0050649402038763
10368,2.3196,2.3197,7,33.29095000000001,2.3186517346533098,1.005036531084143
10369,2.319,2.3191,7,33.29095000000001,2.3185842194706936,1.0049513037249431
10370,2.319,2.3191,7,33.29095000000001,2.3185641922207534,1.0049513037249431
10371,2.3189,2.319,7,33.29095000000001,2.318564933260488,1.0049370991650766
10372,2.3184,2.3185,7,33.29095000000001,2.3185599218705613,1.0048660763657433
10373,2.3181,2.3182,7,33.29095000000001,2.3185307581034666,1.0048234626861432
10374,2.3188,2.3189,7,33.29095000000001,2.318529111936102,1.0049228946052098
10375,2.3189,2.319,7,33.29095000000001,2.3185376871418586,1.0049370991650766
10376,2.3201,2.3202,7,33.29095000000001,2.3187007638158192,1.0051075538834762
10377,2.3193,2.3194,7,33.29095000000001,2.3187330809362314,1.004993917404543
10378,2.3191,2.3192,7,33.29095000000001,2.3187611492749656,1.0049655082848097
10379,2.3192,2.3193,7,33.29095000000001,2.3187891524498605,1.0049797128446765
10380,2.3182,2.3183,8,30.97265000000001,2.318819622402324,1.004835638023172
10381,2.3179,2.318,8,30.97265000000001,2.318776352691827,1.0047869366750577
10382,2.3166,2.3167,8,30.97265000000001,2.3185430999567087,1.0045758974998962
10383,2.3167,2.3168,8,30.97265000000001,2.317805859974025,1.004592131282601
10384,2.3169,2.317,8,30.97265000000001,2.3175039066493506,1.0046245988480103
10385,2.3175,2.3176,1,47.19515000000001,2.317576200064453,1.0047220015442389
10386,2.3164,2.3165,1,47.19515000000001,2.3175573481608396,1.00469968009302
10387,2.3159,2.316,1,47.19515000000001,2.3170838201148856,1.0046895339788293
10388,2.3153,2.3154,1,47.19515000000001,2.3161919100574426,1.0046773586418007
10389,2.3145,2.3146,1,47.19515000000001,2.315345955028721,1.0046611248590962
10390,2.3147,2.3148,1,47.19515000000001,2.315087573017233,1.0046651833047724
10391,2.3147,2.3148,1,47.19515000000001,2.314958382011489,1.0046651833047724
10392,2.3133,2.3134,1,47.19515000000001,2.315134006149301,1.004636774185039
10393,2.3136,2.3137,1,47.19515000000001,2.3146226707662008,1.0046428618535532
10394,2.314,2.3141,1,47.19515000000001,2.3144670030746504,1.0046509787449056
10395,2.3161,2.3162,1,47.19515000000001,2.3152835015373254,1.0046935924245055
10396,2.3169,2.317,1,47.19515000000001,2.3153547833244255,1.0047098262072103
10397,2.3171,2.3172,1,47.19515000000001,2.3162273916622125,1.0047138846528865
10398,2.3173,2.3174,1,47.19515000000001,2.316656434997327,1.0047179430985627
10399,2.3189,2.319,0,49.51405000000001,2.3165983157204146,1.0047504106639722
10400,2.3184,2.3185,0,49.51405000000001,2.317198877146943,1.0047504106639722
10401,2.3184,2.3185,0,49.51405000000001,2.3175420551049593,1.0047504106639722
10402,2.3182,2.3183,0,49.51405000000001,2.3177065413287194,1.0047504106639722
10403,2.3174,2.3175,0,49.51405000000001,2.3176362340720025,1.0047504106639722
10404,2.3176,2.3177,0,49.51405000000001,2.317593200528435,1.0047504106639722
10405,2.317,2.3171,0,49.51405000000001,2.3175171158642445,1.0047504106639722
10406,2.317,2.3171,0,49.51405000000001,2.317454703667136,1.0047504106639722
10407,2.3177,2.3178,0,49.51405000000001,2.3174391902040683,1.0047504106639722
10408,2.3172,2.3173,0,49.51405000000001,2.317415260978363,1.0047504106639722
10409,2.3163,2.3164,0,49.51405000000001,2.3173449888401327,1.0047504106639722
10410,2.3148,2.3149,0,49.51405000000001,2.317027383139566,1.0047504106639722
10411,2.3147,2.3148,0,49.51405000000001,2.315863691569783,1.0047504106639722
10412,2.3143,2.3144,0,49.51405000000001,2.315081845784891,1.0047504106639722
10413,2.3157,2.3158,0,49.51405000000001,2.3153222001936795,1.0047504106639722
10414,2.3155,2.3156,0,49.51405000000001,2.3154719034095335,1.0047504106639722
10415,2.3152,2.3153,0,49.51405000000001,2.31553609694448,1.0047504106639722
10416,2.3153,2.3154,0,49.51405000000001,2.315561572329421,1.0047504106639722
10417,2.3147,2.3148,0,49.51405000000001,2.3155448328742723,1.0047504106639722
10418,2.3146,2.3147,0,49.51405000000001,2.3154995185809284,1.0047504106639722
10419,2.3147,2.3148,0,49.51405000000001,2.3154505738578646,1.0047504106639722
10420,2.3142,2.3143,0,49.51405000000001,2.3153793062782646,1.0047504106639722
10421,2.3137,2.3138,0,49.51405000000001,2.3152300868773885,1.0047504106639722
10422,2.3133,2.3134,0,49.51405000000001,2.3150251752519746,1.0047504106639722
10423,2.3121,2.3122,0,49.51405000000001,2.3145496815212585,1.0047504106639722
10424,2.3121,2.3122,0,49.51405000000001,2.313569808912755,1.0047504106639722
10425,2.313,2.3131,0,49.51405000000001,2.3135742063923077,1.0047504106639722
10426,2.3138,2.3139,0,49.51405000000001,2.3135992305061857,1.0047504106639722
10427,2.3128,2.3129,0,49.51405000000001,2.3135714882034084,1.0047504106639722
10428,2.3141,2.3142,0,49.51405000000001,2.313578147878161,1.0047504106639722
10429,2.3137,2.3138,0,49.51405000000001,2.313581938899216,1.0047504106639722
10430,2.3131,2.3132,0,49.51405000000001,2.3135731504934953,1.0047504106639722
10431,2.3142,2.3143,0,49.51405000000001,2.313589959068003,1.0047504106639722
10432,2.316,2.3161,0,49.51405000000001,2.313829682403262,1.0047504106639722
10433,2.317,2.3171,0,49.51405000000001,2.315414841201631,1.0047504106639722
10434,2.3182,2.3183,0,49.51405000000001,2.3168074206008153,1.0047504106639722
10435,2.317,2.3171,0,49.51405000000001,2.3168844523604895,1.0047504106639722
10436,2.3178,2.3179,0,49.51405000000001,2.3172506714162937,1.0047504106639722
10437,2.3188,2.3189,0,49.51405000000001,2.3178704028497763,1.0047504106639722
10438,2.3199,2.32,0,49.51405000000001,2.318885201424888,1.0047504106639722
10439,2.3199,2.32,0,49.51405000000001,2.319392600712444,1.0047504106639722
10440,2.32,2.3201,0,49.51405000000001,2.319635560427466,1.0047504106639722
10441,2.3211,2.3212,0,49.51405000000001,2.3202213362564796,1.0047504106639722
10442,2.3213,2.3214,0,49.51405000000001,2.320580890837653,1.0047504106639722
10443,2.3205,2.3206,0,49.51405000000001,2.3205577791697523,1.0047504106639722
10444,2.3204,2.3205,0,49.51405000000001,2.3205227171320297,1.0047504106639722
10445,2.3202,2.3203,0,49.51405000000001,2.3203504305550497,1.0047504106639722
10446,2.3206,2.3207,0,49.51405000000001,2.320246736411752,1.0047504106639722
10447,2.3201,2.3202,0,49.51405000000001,2.3201857294120214,1.0047504106639722
10448,2.3199,2.32,0,49.51405000000001,2.320139340967099,1.0047504106639722
10449,2.32,2.3201,0,49.51405000000001,2.3201059005780365,1.0047504106639722
10450,2.3199,2.32,0,49.51405000000001,2.320079020794213,1.0047504106639722
10451,2.321,2.3211,0,49.51405000000001,2.32008228735249,1.0047504106639722
10452,2.3209,2.321,0,49.51405000000001,2.320103043249697,1.0047504106639722
10453,2.321,2.3211,0,49.51405000000001,2.320136214747287,1.0047504106639722
10454,2.3201,2.3202,0,49.51405000000001,2.3201569482075044,1.0047504106639722
10455,2.32,2.3201,1,47.193950000000015,2.320168513782883,1.004748381441134
10456,2.319,2.3191,1,47.193950000000015,2.320104867602878,1.0047280892127533
10457,2.3174,2.3175,1,47.193950000000015,2.3198329334744328,1.0046956216473437
10458,2.3167,2.3168,1,47.193950000000015,2.3182664667372164,1.004681417087477
10459,2.3171,2.3172,1,47.193950000000015,2.317683233368608,1.0046895339788293
10460,2.3178,2.3179,2,44.87605000000001,2.31796432150024,1.0047017093158581
10461,2.3191,2.3192,1,47.19515000000001,2.318297546198826,1.0047544691096484
10462,2.3193,2.3194,1,47.19515000000001,2.318524997557445,1.0047585275553244
10463,2.3204,2.3205,1,47.19515000000001,2.3187885006080213,1.0047808490065435
10464,2.321,2.3211,1,47.19515000000001,2.319894250304011,1.004793024343572
10465,2.3216,2.3217,1,47.19515000000001,2.3207471251520055,1.0048051996806007
10466,2.3211,2.3212,1,47.19515000000001,2.320888275091203,1.00479505356641
10467,2.3206,2.3207,1,47.19515000000001,2.3207017639306566,1.0047849074522197
10468,2.3213,2.3214,1,47.19515000000001,2.320602041094395,1.0047991120120863
10469,2.3215,2.3216,1,47.19515000000001,2.320591862776107,1.0048031704577625
10470,2.3211,2.3212,1,47.19515000000001,2.3206068417630563,1.00479505356641
10471,2.3196,2.3197,1,47.19515000000001,2.3205367578795473,1.0047646152238388
10472,2.3201,2.3202,1,47.19515000000001,2.3205157191283488,1.0047747613380291
10473,2.3193,2.3194,1,47.19515000000001,2.320357862017394,1.0047585275553244
10474,2.3181,2.3182,1,47.19515000000001,2.3201419915434522,1.0047341768812674
10475,2.3181,2.3182,1,47.19515000000001,2.3191209957717263,1.0047341768812674
10476,2.3179,2.318,1,47.19515000000001,2.3186325974630355,1.0047301184355912
10477,2.3178,2.3179,1,47.19515000000001,2.318355064975357,1.004728089212753
10478,2.3189,2.319,1,47.19515000000001,2.318486483001495,1.0047504106639722
10479,2.3183,2.3184,1,47.19515000000001,2.3185720898610485,1.0047382353269436
10480,2.3177,2.3178,1,47.19515000000001,2.318583548557732,1.004726059989915
10481,2.3167,2.3168,1,47.19515000000001,2.318428723640917,1.004705767761534
10482,2.3156,2.3157,1,47.19515000000001,2.3170143618204584,1.0046834463103151
10483,2.3162,2.3163,1,47.19515000000001,2.316688617092275,1.0046956216473437
10484,2.3156,2.3157,1,47.19515000000001,2.316253170255365,1.0046834463103151
10485,2.3147,2.3148,1,47.19515000000001,2.315631902153219,1.0046651833047724
10486,2.3153,2.3154,1,47.19515000000001,2.3155370729665847,1.0046773586418007
10487,2.3149,2.315,1,47.19515000000001,2.3153550521189894,1.0046692417504486
10488,2.3156,2.3157,1,47.19515000000001,2.3155130435751214,1.0046834463103151
10489,2.3149,2.315,1,47.19515000000001,2.3155888141552814,1.0046692417504486
10490,2.3141,2.3142,1,47.19515000000001,2.315575385631747,1.0046530079677436
10491,2.3139,2.314,1,47.19515000000001,2.314737692815873,1.0046489495220674
10492,2.3144,2.3145,1,47.19515000000001,2.3148072502939425,1.004659095636258
10493,2.3144,2.3145,1,47.19515000000001,2.314835177048035,1.004659095636258
10494,2.3154,2.3155,1,47.19515000000001,2.314862579223122,1.004679387864639
10495,2.3155,2.3156,1,47.19515000000001,2.314895282277626,1.004681417087477
10496,2.3165,2.3166,1,47.19515000000001,2.3151348153630122,1.004701709315858
10497,2.3166,2.3167,1,47.19515000000001,2.3157208892178076,1.004703738538696
10498,2.3164,2.3165,1,47.19515000000001,2.3157283124380985,1.00469968009302
10499,2.3171,2.3172,1,47.19515000000001,2.3158154940468574,1.0047138846528865
10500,2.3175,2.3176,1,47.19515000000001,2.3163769960312384,1.0047220015442389
10501,2.3179,2.318,1,47.19515000000001,2.316812140022313,1.0047301184355912
10502,2.3178,2.3179,1,47.19515000000001,2.317059105016735,1.004728089212753
10503,2.3183,2.3184,1,47.19515000000001,2.317060081656799,1.0047382353269436
10504,2.3187,2.3188,1,47.19515000000001,2.3175286297548565,1.004746352218296
10505,2.3194,2.3195,1,47.19515000000001,2.3181524198365713,1.0047605567781626
10506,2.3189,2.319,1,47.19515000000001,2.3183393148774285,1.0047504106639722
10507,2.3187,2.3188,1,47.19515000000001,2.318287639474119,1.004746352218296
10508,2.3183,2.3184,1,47.19515000000001,2.3182572990862282,1.0047382353269436
10509,2.3183,2.3184,1,47.19515000000001,2.318239975088016,1.0047382353269436
10510,2.3191,2.3192,1,47.19515000000001,2.3182542246320224,1.0047544691096484
10511,2.3191,2.3192,1,47.19515000000001,2.318286850928753,1.0047544691096484
10512,2.3178,2.3179,2,44.87725000000001,2.31829332870482,1.004726059989915
10513,2.3173,2.3174,2,44.87725000000001,2.3182242260896926,1.004705767761534
10514,2.3178,2.3179,2,44.87725000000001,2.318210859037733,1.004726059989915
10515,2.318,2.3181,1,47.19525000000001,2.318197833502805,1.0047341768812672
10516,2.3195,2.3196,1,47.19525000000001,2.318265590309989,1.0047646152238385
10517,2.3195,2.3196,1,47.19525000000001,2.3188827951549946,1.0047646152238385
10518,2.3187,2.3188,1,47.19525000000001,2.3188533444684434,1.004748381441134
10519,2.3179,2.318,1,47.19525000000001,2.318821164667447,1.0047321476584292
10520,2.3169,2.317,1,47.19525000000001,2.3184951219975365,1.0047118554300483
10521,2.317,2.3171,1,47.19525000000001,2.317747560998768,1.0047138846528865
10522,2.3176,2.3177,2,44.87755000000001,2.317795606576418,1.0047240307670768
10523,2.3177,2.3178,3,42.55975000000001,2.3178131028684916,1.0047260599899148
10524,2.3181,2.3182,2,44.87785000000001,2.317819617756267,1.0047504106639722
10525,2.3183,2.3184,2,44.87785000000001,2.3178306157391386,1.0047585275553244
10526,2.3181,2.3182,2,44.87785000000001,2.3178420610840775,1.0047504106639722
10527,2.3188,2.3189,2,44.87785000000001,2.317927943869581,1.0047788197837053
10528,2.3181,2.3182,2,44.87785000000001,2.317941295628729,1.0047504106639722
10529,2.3188,2.3189,2,44.87785000000001,2.318011190847139,1.0047788197837053
10530,2.3189,2.319,2,44.87785000000001,2.3180835420777868,1.0047828782293815
10531,2.3191,2.3192,2,44.87785000000001,2.318160195964526,1.0047909951207339
10532,2.3199,2.32,2,44.87785000000001,2.3183996174366683,1.0048234626861434
10533,2.3199,2.32,2,44.87785000000001,2.318899744957779,1.0048234626861434
10534,2.3193,2.3194,2,44.87785000000001,2.318919312130499,1.0047991120120863
10535,2.3189,2.319,2,44.87785000000001,2.3189305842612704,1.0047828782293815
10536,2.3184,2.3185,2,44.87785000000001,2.318928711306154,1.0047625860010005
10537,2.318,2.3181,2,44.87785000000001,2.318849828773821,1.004746352218296
10538,2.3181,2.3182,2,44.87785000000001,2.318772114478847,1.0047504106639722
10539,2.3175,2.3176,2,44.87785000000001,2.318652627016204,1.0047260599899148
10540,2.3176,2.3177,2,44.87785000000001,2.3185420808250354,1.004730118435591
10541,2.318,2.3181,2,44.87785000000001,2.3184699303007656,1.004746352218296
10542,2.3174,2.3175,2,44.87785000000001,2.318380786823674,1.0047220015442389
10543,2.3171,2.3172,2,44.87785000000001,2.318272310193861,1.0047098262072103
10544,2.3173,2.3174,2,44.87785000000001,2.3181836881405253,1.0047179430985627
10545,2.3164,2.3165,2,44.87785000000001,2.3180210388350444,1.004681417087477
10546,2.3163,2.3164,2,44.87785000000001,2.317447359223363,1.0046773586418007
10547,2.3163,2.3164,2,44.87785000000001,2.317119542302402,1.0046773586418007
10548,2.3163,2.3164,2,44.87785000000001,2.3170835003180223,1.0046773586418007
10549,2.3177,2.3178,2,44.87785000000001,2.3170862796312384,1.0047341768812672
10550,2.3178,2.3179,2,44.87785000000001,2.3171025932108305,1.0047382353269434
10551,2.3184,2.3185,2,44.87785000000001,2.3172739291794198,1.0047625860010005
10552,2.3191,2.3192,0,49.51605000000001,2.3174628079197275,1.0047909951207339
10553,2.3183,2.3184,0,49.51605000000001,2.3175908154092637,1.0047909951207339
10554,2.3173,2.3174,0,49.51605000000001,2.3176057288637497,1.0047909951207339
10555,2.3171,2.3172,0,49.51605000000001,2.3176177126197066,1.0047909951207339
10556,2.317,2.3171,0,49.51605000000001,2.317576710022041,1.0047909951207339
10557,2.3184,2.3185,0,49.51605000000001,2.3175965835654493,1.0047909951207339
10558,2.3184,2.3185,0,49.51605000000001,2.3176349683659745,1.0047909951207339
10559,2.3194,2.3195,0,49.51605000000001,2.317866088715489,1.0047909951207339
10560,2.3204,2.3205,0,49.51605000000001,2.3191330443577445,1.0047909951207339
10561,2.3203,2.3204,0,49.51605000000001,2.3197165221788723,1.0047909951207339
10562,2.3214,2.3215,0,49.51605000000001,2.3205582610894364,1.0047909951207339
10563,2.3216,2.3217,0,49.51605000000001,2.3209749566536617,1.0047909951207339
10564,2.3219,2.322,0,49.51605000000001,2.3212833044357746,1.0047909951207339
10565,2.322,2.3221,0,49.51605000000001,2.321569982661465,1.0047909951207339
10566,2.3216,2.3217,0,49.51605000000001,2.3215774869960986,1.0047909951207339
10567,2.3216,2.3217,0,49.51605000000001,2.3214130130461657,1.0047909951207339
10568,2.3219,2.322,0,49.51605000000001,2.321336522945889,1.0047909951207339
10569,2.3232,2.3233,0,49.51605000000001,2.321358643639031,1.0047909951207339
10570,2.323,2.3231,0,49.51605000000001,2.3216869149112247,1.0047909951207339
10571,2.3228,2.3229,0,49.51605000000001,2.3218892940182747,1.0047909951207339
10572,2.3223,2.3224,0,49.51605000000001,2.321904467926418,1.0047909951207339
10573,2.3231,2.3232,0,49.51605000000001,2.3219510420175333,1.0047909951207339
10574,2.3229,2.323,0,49.51605000000001,2.322002908901496,1.0047909951207339
10575,2.3229,2.323,0,49.51605000000001,2.322058605797629,1.0047909951207339
10576,2.3228,2.3229,0,49.51605000000001,2.322112481443408,1.0047909951207339
10577,2.3229,2.323,0,49.51605000000001,2.3221656279973892,1.0047909951207339
10578,2.323,2.3231,0,49.51605000000001,2.3222187202842473,1.0047909951207339
10579,2.3233,2.3234,0,49.51605000000001,2.322302429432293,1.0047909951207339
10580,2.3227,2.3228,0,49.51605000000001,2.3223473271046906,1.0047909951207339
10581,2.3238,2.3239,0,49.51605000000001,2.3224322888872204,1.0047909951207339
10582,2.324,2.3241,0,49.51605000000001,2.3225599477051073,1.0047909951207339
10583,2.324,2.3241,0,49.51605000000001,2.3226819217462316,1.0047909951207339
10584,2.3238,2.3239,0,49.51605000000001,2.322764541942575,1.0047909951207339
10585,2.3232,2.3233,0,49.51605000000001,2.3228133887559697,1.0047909951207339
10586,2.3222,2.3223,1,47.19375000000001,2.3229774368020646,1.004788965897896
10587,2.3228,2.3229,0,49.51655000000001,2.3229849893866485,1.0048011412349243
10588,2.3238,2.3239,0,49.51655000000001,2.323006458538098,1.0048011412349243
10589,2.3244,2.3245,0,49.51655000000001,2.32321658105504,1.0048011412349243
10590,2.3243,2.3244,0,49.51655000000001,2.323364142529309,1.0048011412349243
10591,2.3244,2.3245,0,49.51655000000001,2.3234872878276125,1.0048011412349243
10592,2.3247,2.3248,0,49.51655000000001,2.3236279556977406,1.0048011412349243
10593,2.3246,2.3247,0,49.51655000000001,2.323744218302074,1.0048011412349243
10594,2.3243,2.3244,0,49.51655000000001,2.3238195207665857,1.0048011412349243
10595,2.324,2.3241,0,49.51655000000001,2.3238692114229305,1.0048011412349243
10596,2.323,2.3231,1,47.19345000000001,2.323871045633205,1.0047991120120863
10597,2.3218,2.3219,1,47.19345000000001,2.3236838942955815,1.0047747613380293
10598,2.3213,2.3214,1,47.19345000000001,2.3224919471477907,1.0047646152238388
10599,2.3214,2.3215,1,47.19345000000001,2.3220551682886743,1.0047666444466767
10600,2.3219,2.322,2,44.87145000000001,2.3222458260958687,1.0047747613380291
10601,2.3215,2.3216,3,42.549850000000006,2.3222962205981483,1.0047564983324864
10602,2.3211,2.3212,3,42.549850000000006,2.322263530600875,1.0047321476584292
10603,2.3214,2.3215,3,42.549850000000006,2.3222137813859174,1.004750410663972
10604,2.3214,2.3215,3,42.549850000000006,2.3221556966033177,1.004750410663972
10605,2.3212,2.3213,3,42.549850000000006,2.3220829248691315,1.0047382353269434
10606,2.321,2.3211,3,42.549850000000006,2.3220038235109666,1.0047260599899148
10607,2.3217,2.3218,2,44.871550000000006,2.3219505192868044,1.0047686736695147
10608,2.3217,2.3218,2,44.871550000000006,2.321909745291095,1.0047686736695147
10609,2.3228,2.3229,2,44.871550000000006,2.321890595911526,1.0048133165719528
10610,2.3225,2.3226,2,44.871550000000006,2.3219017880373105,1.0048011412349243
10611,2.3221,2.3222,2,44.871550000000006,2.3219141077422925,1.0047849074522195
10612,2.3215,2.3216,2,44.871550000000006,2.321914141728168,1.0047605567781626
10613,2.3212,2.3213,2,44.871550000000006,2.321899739339549,1.004748381441134
10614,2.3222,2.3223,2,44.871550000000006,2.3218957716062794,1.0047889658978957
10615,2.3232,2.3233,0,49.517950000000006,2.321999729351397,1.0048295503546576
10616,2.3225,2.3226,0,49.517950000000006,2.3220150349719764,1.0048295503546576
10617,2.3226,2.3227,0,49.517950000000006,2.322034855511376,1.0048295503546576
10618,2.3215,2.3216,0,49.517950000000006,2.322075424710368,1.0048295503546576
10619,2.3207,2.3208,0,49.517950000000006,2.3219669825908316,1.0048295503546576
10620,2.3205,2.3206,0,49.517950000000006,2.321233491295416,1.0048295503546576
10621,2.3197,2.3198,0,49.517950000000006,2.321248736466612,1.0048295503546576
10622,2.3199,2.32,0,49.517950000000006,2.3207991576444083,1.0048295503546576
10623,2.3202,2.3203,0,49.517950000000006,2.320818719480746,1.0048295503546576
10624,2.3203,2.3204,0,49.517950000000006,2.320805144534294,1.0048295503546576
10625,2.3195,2.3196,0,49.517950000000006,2.3207374897019575,1.0048295503546576
10626,2.318,2.3181,0,49.517950000000006,2.320405596071185,1.0048295503546576
10627,2.318,2.3181,0,49.517950000000006,2.3192027980355925,1.0048295503546576
10628,2.3184,2.3185,0,49.517950000000006,2.3188816788213553,1.0048295503546576
10629,2.3183,2.3184,0,49.517950000000006,2.3186877858809036,1.0048295503546576
10630,2.318,2.3181,0,49.517950000000006,2.3187834446206312,1.0048295503546576
10631,2.3186,2.3187,0,49.517950000000006,2.3188240226297814,1.0048295503546576
10632,2.3183,2.3184,0,49.517950000000006,2.3188249834578114,1.0048295503546576
10633,2.3183,2.3184,0,49.517950000000006,2.318806443442672,1.0048295503546576
10634,2.3183,2.3184,0,49.517950000000006,2.318778669435558,1.0048295503546576
10635,2.3177,2.3178,0,49.517950000000006,2.3187244184246616,1.0048295503546576
10636,2.3173,2.3174,0,49.517950000000006,2.3186479638369253,1.0048295503546576
10637,2.3176,2.3177,0,49.517950000000006,2.318570531891163,1.0048295503546576
10638,2.3175,2.3176,0,49.517950000000006,2.3184929481885974,1.0048295503546576
10639,2.3162,2.3163,0,49.517950000000006,2.3182270264820595,1.0048295503546576
10640,2.3165,2.3166,0,49.517950000000006,2.317733590344328,1.0048295503546576
10641,2.3167,2.3168,0,49.517950000000006,2.317661382075243,1.0048295503546576
10642,2.3161,2.3162,0,49.517950000000006,2.3175392164379014,1.0048295503546576
10643,2.3144,2.3145,0,49.517950000000006,2.3170789141446253,1.0048295503546576
10644,2.3147,2.3148,0,49.517950000000006,2.3158894570723128,1.0048295503546576
10645,2.3144,2.3145,0,49.517950000000006,2.3151447285361564,1.0048295503546576
10646,2.3151,2.3152,0,49.517950000000006,2.3152856642332944,1.0048295503546576
10647,2.3152,2.3153,0,49.517950000000006,2.3153632668877173,1.0048295503546576
10648,2.3155,2.3156,0,49.517950000000006,2.3154139637767055,1.0048295503546576
10649,2.3157,2.3158,0,49.517950000000006,2.3154537409956544,1.0048295503546576
10650,2.315,2.3151,0,49.517950000000006,2.315469786320407,1.0048295503546576
10651,2.3142,2.3143,0,49.517950000000006,2.3154341146667754,1.0048295503546576
10652,2.3141,2.3142,0,49.517950000000006,2.315191548363725,1.0048295503546576
10653,2.314,2.3141,0,49.517950000000006,2.315066683306606,1.0048295503546576
10654,2.3138,2.3139,0,49.517950000000006,2.3149388334616265,1.0048295503546576
10655,2.3141,2.3142,0,49.517950000000006,2.314887158602758,1.0048295503546576
10656,2.3145,2.3146,0,49.517950000000006,2.314846649971117,1.0048295503546576
10657,2.3142,2.3143,0,49.517950000000006,2.314802952883212,1.0048295503546576
10658,2.3137,2.3138,0,49.517950000000006,2.314712792477677,1.0048295503546576
10659,2.3141,2.3142,0,49.517950000000006,2.3146676272296505,1.0048295503546576
10660,2.3149,2.315,0,49.517950000000006,2.3146422894813123,1.0048295503546576
10661,2.3165,2.3166,0,49.517950000000006,2.3147178832732203,1.0048295503546576
10662,2.3158,2.3159,0,49.517950000000006,2.31525894163661,1.0048295503546576
10663,2.3166,2.3167,0,49.517950000000006,2.3152653040508477,1.0048295503546576
10664,2.3169,2.317,0,49.517950000000006,2.3159191824305085,1.0048295503546576
10665,2.317,2.3171,0,49.517950000000006,2.3162794549536727,1.0048295503546576
10666,2.3172,2.3173,0,49.517950000000006,2.316542467824052,1.0048295503546576
10667,2.3171,2.3172,0,49.517950000000006,2.316681850868039,1.0048295503546576
10668,2.3178,2.3179,0,49.517950000000006,2.316642132249976,1.0048295503546576
10669,2.3182,2.3183,0,49.517950000000006,2.317031599187482,1.0048295503546576
10670,2.3174,2.3175,0,49.517950000000006,2.3170158909837326,1.0048295503546576
10671,2.3173,2.3174,0,49.517950000000006,2.3170148612228343,1.0048295503546576
10672,2.3173,2.3174,0,49.517950000000006,2.31702218903142,1.0048295503546576
10673,2.3173,2.3174,0,49.517950000000006,2.317034115634825,1.0048295503546576
10674,2.3183,2.3184,0,49.517950000000006,2.3170822338971613,1.0048295503546576
10675,2.3181,2.3182,0,49.517950000000006,2.3171367904427562,1.0048295503546576
10676,2.3176,2.3177,0,49.517950000000006,2.317183729504291,1.0048295503546576
10677,2.3179,2.318,0,49.517950000000006,2.3172312121871457,1.0048295503546576
10678,2.3179,2.318,0,49.517950000000006,2.317277511488167,1.0048295503546576
10679,2.3176,2.3177,0,49.517950000000006,2.31731559411284,1.0048295503546576
10680,2.3176,2.3177,0,49.517950000000006,2.3173472760339,1.0048295503546576
10681,2.3177,2.3178,0,49.517950000000006,2.31737572253293,1.0048295503546576
10682,2.3181,2.3182,0,49.517950000000006,2.317408213626918,1.0048295503546576
10683,2.3178,2.3179,0,49.517950000000006,2.317437648017679,1.0048295503546576
10684,2.3177,2.3178,0,49.517950000000006,2.31746273733889,1.0048295503546576
10685,2.3178,2.3179,0,49.517950000000006,2.317485809052349,1.0048295503546576
10686,2.3173,2.3174,1,47.20055000000001,2.317498687715836,1.0048275211318196
10687,2.3172,2.3173,2,44.883250000000004,2.3175042167691515,1.0048234626861432
10688,2.3173,2.3174,3,42.565850000000005,2.317505711851908,1.0048254919089814
10689,2.3164,2.3165,3,42.565850000000005,2.3174595806894316,1.004770702892353
10690,2.3154,2.3155,3,42.565850000000005,2.317215730563717,1.00470982620721
10691,2.3146,2.3147,3,42.565850000000005,2.3159078652818588,1.004661124859096
10692,2.315,2.3151,3,42.565850000000005,2.3155447191691154,1.0046854755331531
10693,2.3146,2.3147,3,42.565850000000005,2.315166831501469,1.004661124859096
10694,2.3145,2.3146,3,42.565850000000005,2.314944554334313,1.0046550371905816
10695,2.3142,2.3143,3,42.565850000000005,2.314731824524509,1.0046367741850388
10696,2.3152,2.3153,3,42.565850000000005,2.3148762044025926,1.0046976508701815
10697,2.3154,2.3155,3,42.565850000000005,2.3149779418090373,1.00470982620721
10698,2.3157,2.3158,3,42.565850000000005,2.3150442621079197,1.004728089212753
10699,2.3155,2.3156,3,42.565850000000005,2.315112334409795,1.0047159138757245
10700,2.3167,2.3168,3,42.565850000000005,2.3153013824329713,1.0047889658978957
10701,2.318,2.3181,0,49.519850000000005,2.3157013869580267,1.0048681055885813
10702,2.3183,2.3184,0,49.519850000000005,2.317000693479013,1.0048681055885813
10703,2.3179,2.318,0,49.519850000000005,2.317360416087408,1.0048681055885813
10704,2.3165,2.3166,0,49.519850000000005,2.3172301381879077,1.0048681055885813
10705,2.3157,2.3158,0,49.519850000000005,2.3168778526989158,1.0048681055885813
10706,2.3157,2.3158,0,49.519850000000005,2.316626658389881,1.0048681055885813
10707,2.3161,2.3162,0,49.519850000000005,2.316506146914933,1.0048681055885813
10708,2.3165,2.3166,0,49.519850000000005,2.3164635703242404,1.0048681055885813
10709,2.3158,2.3159,0,49.519850000000005,2.3164042167154335,1.0048681055885813
10710,2.3157,2.3158,0,49.519850000000005,2.316341855587501,1.0048681055885813
10711,2.3159,2.316,0,49.519850000000005,2.3162899876758,1.0048681055885813
10712,2.3159,2.316,0,49.519850000000005,2.316246100138161,1.0048681055885813
10713,2.3154,2.3155,0,49.519850000000005,2.3161920149872293,1.0048681055885813
10714,2.3144,2.3145,0,49.519850000000005,2.3160420285304193,1.0048681055885813
10715,2.3147,2.3148,0,49.519850000000005,2.3159043296136224,1.0048681055885813
10716,2.3146,2.3147,0,49.519850000000005,2.3157765209271424,1.0048681055885813
10717,2.3146,2.3147,0,49.519850000000005,2.3156605388275353,1.0048681055885813
10718,2.314,2.3141,0,49.519850000000005,2.3154658262758225,1.0048681055885813
10719,2.314,2.3141,0,49.519850000000005,2.31529962889025,1.0048681055885813
10720,2.3134,2.3135,0,49.519850000000005,2.315111297363183,1.0048681055885813
10721,2.3124,2.3125,0,49.519850000000005,2.314729204782922,1.0048681055885813
10722,2.3122,2.3123,0,49.519850000000005,2.313464602391461,1.0048681055885813
10723,2.3121,2.3122,0,49.519850000000005,2.3129187614348767,1.0048681055885813
10724,2.3126,2.3127,0,49.519850000000005,2.313021372362828,1.0048681055885813
10725,2.3124,2.3125,0,49.519850000000005,2.3130522360058388,1.0048681055885813
10726,2.3124,2.3125,0,49.519850000000005,2.313046194782987,1.0048681055885813
10727,2.3116,2.3117,0,49.519850000000005,2.312975515837791,1.0048681055885813
10728,2.3116,2.3117,0,49.519850000000005,2.312669845651615,1.0048681055885813
10729,2.3117,2.3118,0,49.519850000000005,2.3126152844538184,1.0048681055885813
10730,2.3111,2.3112,0,49.519850000000005,2.312532726238474,1.0048681055885813
10731,2.3109,2.311,0,49.519850000000005,2.3121245446788556,1.0048681055885813
10732,2.3109,2.311,0,49.519850000000005,2.31185242363911,1.0048681055885813
10733,2.3109,2.311,0,49.519850000000005,2.311800094463867,1.0048681055885813
